hash,n,target,matrix_bits
7972835758581646750,20,meet_semilattice,1111000000101010100101100000000000000000001000000000000000000111000000001010100111111111111111111111111101101111101010111111001010101010101111110111111110111011111100001010101010111111001011111010101101100000001010101001111100101011101010110110000000001000000011110110111111111011011000000000101010011111011011111011101101100000000010001000111101101111111111110110000000101010101101100000000000000001
6522129509532989072,20,meet_semilattice,1110101111111011111101101011111110111111001000111111000111111111101111111011111100101011111110111111011011111111101111110000001000000000101000000011111100011111000000101010000110100000001011110001101100000000001000001010000000101011000110110010001111111001111111111011111111111111001000111111001111110000001000100001101000000000000000001010000000101111000111110000000000000000001000000010101000011011
-8055289522014465280,20,meet_semilattice,1000000000000000000011111110110001101010101110101100011010101001101011000010101010001010100000001010101111101100011010101000001000000000100010111111110001101010100000101000000010001000101011000010101011111110111111111011111111101101111110111011101011001110101010011010110001101010100010101000001010101111111011001111101010000000000000001000111111111111111111111000001010000000101011111110110011111011
1084905023418799084,20,meet_semilattice,1000000000000000000011000000000000000000111100010101000001111101000000000000000011111011010100011111111101110101001111111101001101010001011111010001000000000100111111111111111111111101000101010000011011111111011111111111110100010001000001001111001101011111111111110011010101111111111100110101001111111101000101010001011111110011010100011111110100000000000001001101000100000000011011010001010100000111
-8828771766134019944,20,meet_semilattice,1000000100010000000011111111101111110111101101111011001100111001001110010000000010111111101110110011100101111011000000011000001100010000000000000001000000000000100000111001000000001011111111111111011110010011101100000000000000010001000000001011011110111011001110111111101111110111100101111011001000011001011110110011001110111111101111111111101111111011101101111001011110110010001110000011000100000001
233089583079896317,20,meet_semilattice,1110111000110100100001100010001001001000001000100000010010001111111000110110100000101010000001001000011011100011010010000000001000000000100011111111111111111011111111101011011010001111111011110111101000100010001001001000011010100011010010001111111011111111101000000010000001001000011011100011011010001111111010110111101000000000000000001000111111111111111111111111111010110110101011111110111111111011
-2005278202505271815,20,meet_semilattice,1110110000100100101001101100001001001010001000000000000000001111110000100110101000101000001000001000001011000010000010101111111111111111111111111101001001101110111111011111111111111111110101111111111100100000001000001000111111010011111111111111110100101110111000101100001001001010111011000010011010101111110100101111111000100000000000001000111111000010011011100010100000100000101011111101001011111111
2463066578844460020,20,meet_semilattice,1101100101110001110001001001011100001100111110111111101111100101100101110001110000001000001000001000111111111111111111101101101101111001110000001001001100001000110110111111100111000000100101110000110000000000001000001000000000000011000010001101100101111001110011111011111111111110110110111111101111100000100101110001110000000000000000001000000010010011000011001101101111111001111011011011111110011111
6119101944220506991,20,meet_semilattice,1011111111111111111111111111111111111111001010000000000000000011111101111111111100001000000000000000001011100111001010010010101001010000000100101111011111111111001111111111111111110000100001000000000000101000011100000001001010000101000000010010111001111110111100101110011101101001001010100111001010010010111001111111111100101010010100001001001011100111011011010010111001110110111100001000010000000001
5117382476719945233,20,meet_semilattice,1010010110000011000111111101111111111111001001001000001100001011110111110011011110101101111100110111000001001000001000001111111111111111111100100101100000110001000000001000001000001010010111010011011110100101111100110111101001011001001101011011110111111111111110111101111101111111000000000000001000000000010010000011000010111101111100111111101001011000001101011010010110010011011100100100100000110001
7070942095992240749,20,meet_semilattice,1101010010000101000001010100000001010000111111111111111111000001000000000001000011011110100101010000000101000000010100001101011010010101000011011111101111011000010101001000010100001101111111111111110011011110101101010000110101001001010100001101111010111101000000010000000001010000110111101011111111000000000000000001000011011110101111011000110111101011110111001101111111111111111011111111111111111111
-4577384060089800935,20,meet_semilattice,1011001111001100000111111111111111111101001100000000000000000001000000000000000010111111111011110001101101111100111100010011001101001100000100110001010001000001001100111100110000010011000001000100000010110111111011110001101101111111111100010011000001001100000100110000000001000000101100111100111000011011001111001101000110111111111011111001101111111110111111011011111111101111111100110000010001000001
-6957660453772001088,20,meet_semilattice,1000000010000010000011111111101111111111101111111011001111110001000010000010000010011000100100101001100111101011001111111001101010010010100110011111101100111111000000001000001000001111111111111111111110011010101100101011100100001001001010011011111110111011111110111111101111111111000000000000001000001001101010110011111110010000100000101000100110101011001011111001100010010010101110000000100000100001
6108476157883617970,20,meet_semilattice,1100000011011101010001000000000011010100111111111111111111111101011111111101111111011111111111011111110001111101110101111100001011011101011111000011110111010111010000001100110101000100000001001101010011000000111111010100010000000001110101000000000000001001010000000000000011010100110111111111111111110000000000000001010011000111111111011111000000000000000001001100000011011101011111000000110111010101
-2660068811339922200,20,meet_semilattice,1000100111110000101011111011111111111111101010011111000110101011101111110011111100001000100000001000111111111111111111111010101111110001101100001001100100001010000000001000000010000000100111010000101000001001111100001010000010001001000010101011101111111111111110111011111101111111101010111111001111111000100111110001101000000000000000001000101010111111000111110000100010000000101010101001111100011011
761520616141836331,20,meet_semilattice,1111110110101101110101100101001000011100001000000000000000000111010110100101110001111101101001011100001001000000000100001111111111111101110100100101001000011000001001011010000111001111110111111101110100100100001000010000111111011011110111010010010110101101110000100101101001011100111111111111111111110010000000000001000000100000000000011000001001010010000111001111111111111101111101111101101001011101
368853784365608393,20,meet_semilattice,1110111101111101111101000100000000000000011001000000000101001111111101111111111101101100001000010100000001000000000000000110111100101101110101101101001000011100111011111111111111110110111101101101110101000100001000000100011011110111110111010110110100101101110001101101001001011100111011110111111111110100010000000001010001101100001000011100010001000000000001000110111101111101111101101101001011011101
-7482195065066851719,20,meet_semilattice,1001000011110001011111111111111100010111001100001101000101110001000000000000000010111111111100010111101101111111000101111011001011110001011110110011111100010111000100001001000000100001000011010000001000010000111100010111000100000001000000101111111111111011011111111111111111110111111111111111001101110001000011010001001011111111111111111111000100001101000101100001000000000000001000010000110100010111
-256771854484085185,20,meet_semilattice,1010101000110010001011111111111111111111001000100000000000001011111010111111111100101010001000000000101011101011101111110000001000000000000010101111101111111111101010101011001000111011111011111111111100100010001000000000001010100011000000101010101010111011111110101110101111111111001010100011001000101010101010110011001110101010101100111111101010101011001101110010101000100000001010101010001100100011
-414892269607170545,20,meet_semilattice,1000100010000000100011101000100000001100101010001000000011001111101111001000110000001000100000001000111111111111111011101110101010000000110011101011110010001100000000001000000000001110101011001000110011111011111010001110111110111111100011101110101010001000110011111011111111101110111110111111101011101111111111111111111000000000100000001000100010001000000011001111101111001000111011111111111111111111
-4783352069976311762,20,meet_semilattice,1111111011111111111101100000110111100001001000000000000000000111111011111111001101101110111111110011011001001111111100110110011011111111001101111111111111111111001000001101111000000010000001010110000001100000111111110001001000000001010000000010000001011110000000100000000001000000001000000001011000000110000011011111000101111110111111111111011111101111111101110110000011111111001100100000110111100001
7198173597627893147,20,meet_semilattice,1111011110000111001101110111100001110011001000000000000000000011000000000001000111111111110011111111001101111000011100010011001010000001000100110011100001110001001100001000000100011111011111001111111111111111111111111111111111111101111111111111011110001111001100110000100001010001001100101000011100010010000000000001000011110111100011111011111101111000111111110011001110000111001100100000000000010001
-54818732862785649,20,meet_semilattice,1111111111111111111101111111111111111111001010101011000111100011111110111111111000001010001100000000001011111011011111100000001000100000000000101011101100011110000010101011000000000011111111111111111100000000001000000000000000100011000000000010101110111111111000101011101101111110001010111011001111100000101010110001111000001010101100001110000010101011000001000000101000110000001000111111101111111111
-590889082721327162,20,meet_semilattice,1011110001000001110111111100010000011101001011000000000011010011110000000001110100001000000000000001000011000000000001011111111001000001110111111111010000011101111111111110011111110011110001000001110111111111011000011101111111111111111111111111111111101111111111111111011001011101111111110110011111010000110000000001010100001100000000001101000010000000000001011111111101100111111100000000000000000001
-5389971499704321482,20,meet_semilattice,1010100010110000101011101000101100001011001000000000000000001111101111111011101100101000001100001010111111111111111110111110101111111000101110101001101100001010001010001011000010101110100111111000101100100000001000000000001000000011000010101010100010111000101111111011111111111011111010111111101010111110101111111011101100100000001000001010111111111111111111110010000000100000001010101000101100001011
-3424003117948064976,20,meet_semilattice,1101111010110000011101011000000000000111111111111111001011110001100000000000011100001000000000000110010111000000000001110101111000000000011111011111101100001111010111001000000001111101111111110010111101011100101100000111010111001001000001111111111111111111111111111111111101111111110111111011001011111111111111110011111111011110101100001111000000000000000001000000000000000000011000001000000000000111
-1355323153620195350,20,meet_semilattice,1010110111011001111111111101111111111111001010011001000111111011110111111111111100001000000100000000001011011001000111111010111111111101111100001001000100001010000010011001000010110010110111010001111110101101111110011111000000000001000000000010110111011001111110101101111111011111101011011111111111110000100110010001111100001000000100001000000010011001000011110000100000010000101000001001000100001011
4046113425574190435,20,meet_semilattice,1010011110101111111111110111111011111111001001111000100001101011011110101111111111111111111011111111000001110000100001100000001100000000010000000001000000000100000001111000100001101011011111101111111100100111101011110111111111111111111111110000001100001000010000100111100011010111001001111000111101110010011110001001011000100111101011111111000000000000000001000000001100001000011000000111100010000111
-1469875200911544646,20,meet_semilattice,1111111111101111001101011001010000000000011110011100110000110001100100000000000000001001000000000000010111011100110000110111111111001101001100000001000000000000010110011100000000010001100101000000000001111111111011110011111111111111111111110101100111001000001101011001110011000011011111111100111100110101110111001101001111111111111011111011111111111110111111110101100111000000001101011001010000000001
8179169577834130129,20,meet_semilattice,1010000010000001000011100001111000111101001000001000000100001111000111100011110111111001111000111101111111011110111111111111111111101111111110100001100000110000000000001000000100001010000111000011000110100001111000110101111111111111111111111111100111101011111111111001111011111111101000001000001100000000000000000001000010100001100000111101101000011000001101011111000111100011111110100001100000110001
-5243750038870844519,20,meet_semilattice,1101100100111110110001001001000110100000111111111011111011000101100100011010010000001000000000000000110111111011111011000101101110111110110000001001000110100000010110011011111011001111111111111111111101011001001111101100000010000001000000000000100000011000000001011001000111101100000010000001101000001111111110111111110001011001000110101100010010010001101001001111111110111111111011111111101111111111
-1331259595326164228,20,meet_semilattice,1000000001010000011011111000011100001110101110000111000011101001000001110000011010011000011100001110111111011111000111101111111111111111111111111001011100001110111110011111000011100000000001010000001010000000011100000110000000000001000000001111110111111001111111111101111111111111111111011111101111111111100101110001111010010000011100001110000000000101000001100000000000010000001011111001111100001111
2250339025566440576,20,meet_semilattice,1010000010111110110011111110111111111111001000000000001000001011000010111110111010111110101111111111101101101011111011111011001010111110111111111111111111111111001000001011111011001011111011111111111100100000001010100000001000000011101000000000000000001010000000100000001111100000000000000000001000001011011010111111111100100000001010101000001000000011111011001010000010111110111010110000101111101111
-4193543488870233789,20,meet_semilattice,1111000000100000100001000000000000001000011000000000000010000111000000000000100011111000101000001000111111001010000010001111101010100000100011111111111111111011111100001010000010001111111011101000101101110000001000001000111111101111100010111111111010101000101011111110111111011011111111101111111110111111111011111001101100000000000000001000111111111111111111111111111010100000101011111110101010001011
-5488348097270887026,20,meet_semilattice,1001111000001110010011011110000011110101111111100110111111110001000000000000000000011000000011100000000111100000111000000001101000001110000011111111011011111111111111101110111111111101111001001111111111011110001011111111111111101111111111110001000000001110000000010000000001100000000100000000001000001001111000001111010011011110000011111111000111100000111001001101111000001111011110011110000011110101
-1151581869790155664,20,meet_semilattice,1000001001101000000011111011011011110010101110110110111100101001001101101010000010001011011011110010111111111110111111100000001000001000000010000011011010100000111110111110111110100000000001001000000000000010011010000000111111111111111111100000000000001000000010000011011011100000100000100110101000001000001101101111001011111011011011111010111110111110111111101000001101101010001011111111111111111111
4385770266324330296,20,meet_semilattice,1111111101111111111101010001010110101001011100010101111010110001000101011010100001111111011111101011011101110111111010110111001101111110101100000001010000001000111111111111111111110000000001000000000001110001011111101011000000010101000010000000000101011000100001010001010111101011000000010101101010000111111101111111101100000000010000001000011111110111111111110101000101011010101100000001010110101001
-3557000105746244275,20,meet_semilattice,1100010101000110111001000000000001101000111011110101011111101111111111111111111011001101010001101110010001010000011010001100111101000110111001000001000001101000111011111111111111100100010101000110101011101111011101111110110001010101011111101110111101011111111000000000000001001000000000000000011010001100010101000111111000000000000000001000010001010100011011100100000000000110101011111111111111111111
-3054185617686870790,20,meet_semilattice,1111111001101110101001010000001011000010011110100110110000100001000000000000000001011010001011000010011111100110110010100101001000101100001011111111011011101110111111101110111010100101101001101100001000010000001000000010111111111111111111110001000000101000001000010000001011000010011110100110111010101111111001101111111001111010011011001010111111100110111011100001000000000000001011111111111011111111
-323068043445306446,20,meet_semilattice,1100000010100000000001000000000000000000111101101011101000101101011010111010001011111110111111110010110001001011100000101100011010111000001011111111111111110111010000001010000000001111011011111111001001000000001000000000110000001011000000101100000010111000001011010110101111100010110001101011101000101101011010111111001011111111111111111111111111101111111101111100000010100000001011110110111111110011
8289390732229477033,20,meet_semilattice,1000000100000111100011001001100001111110111111111111011111111101100111010111111000001001100001111100110111011101011111101100101111010111111000000001000000000000000000011000011010001100100111010111111011011011111101111110110010011001011111101111111111111111111100000001000001001000000000010000011010000000000100000111100000000001000000001000000000010000011111001000100110000111111011011111111101111111
-2083462573793432518,20,meet_semilattice,1101110100001011111001000000000000000000111111011111111111100101100000000011111001001000000000111110010111010000101111101111111111111111111101011001000000111110110111011101101111101101110101011011111011011101011110111110110111010001101111100100000000001011111011011101111111111110010000000000001000100100000000000011111001000000000000101010010000000000001011100100000000000000001011111101111111111111
-1141291244590499307,20,meet_semilattice,1101111101111111101001000000000000000000011111111111111110110101010000000000000001011110001100001000010001000000000000000101011000000000100001011111011101111010010111111111111110110101111001110000100001010110001000001000010101100011000010000101111101111111101001011110011101001010010111100111011110100101111001110101101001010100000000001000111111111111111111110101111001110000101001011111011111111011
6719447395032310961,20,meet_semilattice,1100100010000100000101000000100000000001111011001011010000011111110110111111111101001000100000000001110011001000010000011111111111111111111111101101101111011001000000001000000000011111110111111111111111001100101001000001110011001011010000011110110010111101100100000000100001000001111011011011111110011110110010110101000111101100101101011001111011011011111111011110110110111111111100000000000000000001
-306081382222887124,20,meet_semilattice,1000100000100000000011111111111111111111101111111011111111111001101110110111101000001000001000000000100111111011011110101000101000100000000010001011101100110010100010101010000000001011111111111111111100000000001000000000000000000011000000001001111110111111101010001011101101110010100010101011001100101000101010110001001010001010101100111010100111111011111111111000101010110000001010011111101101111011
3430926600889318009,20,meet_semilattice,1111111111111111111001111101111111001110001010001001100000000011100010011000101000001000000000000000001111001001100010100111111111111100111000111101101111001010000010001000100000000011110111111100111000111100101111001010000010001001100000000000100000001000000000111100100111001010011111111111111111100111111111111101111000101000100110001010001111001011110011100010100010011000001011111111111111111111
7944629081515226983,20,meet_semilattice,1000011010000011110011111111101111111101101011101000001111001011111110111011110100001110100000110100000001101000000101000000001010000001000010101111100000111101000000001000000000001011111111111111110110101111101000111101101011111011001111011010111110111011110110111111101111111101000001101000001101000000000010000001000000000110100000111100000000101000000101001111111111111111111110101110100000111101
-4449617250988233089,20,meet_semilattice,1111111111111111111101001001111000000111011110111111110111110101100111100100011100001000101000000011011111111111111111110101101111110100111100001001111000000011000000001010000000110000100011100000001100000000001000000011010110011111010011110101101111111101111101001001111001000111011110111111111111110101101111110101111101011001111001001111000010011110000001110000000000000000001000000000000000000011
468981246150646034,20,meet_semilattice,1001000000001101100011111111011111111111101101100000110110000001000000001101000010111110010011011000000101100000110110000001001000001101000010111111011011011000101111111111111111111011011001001101100010111110011011011000101111110111111110010000000000001100000000000000000001000000101111110110111110000000000000001101000000010000000011011000101111110110111111011011111101111111111110111111011011111001
-6089124783319606826,20,meet_semilattice,1110010110000011110101100000000000000000001000000000000000001111010111101111110111101111111111111101011001011000001101011110011111111111110101100001000000000101011000011000001101011110010111100111110111100101101001111101111001011011011111011110010111101111110111100101100001111101011000010000001101010110000100000001010101100101100000111101011000000000000001011111111111111111111100100000000000000001
7197498242923438856,20,meet_semilattice,1000000111100010100111011111111100111111111111111111101111111001011111110010111110001101111100101011000001011110001010011000011111110010101100000001111000101001000000001010000010010000000011100000100100000000001000000001100001011111001010111001111111111011111111111111111111111111000000001110001010011001111111110011111100000000000000001001100001011111001011110000000011100010101100000000000000000001
7443194373312939494,20,meet_semilattice,1110110111101001101101000000000000001000011000010100100010001111110111101011101101101001011010001011011001010100100010111111111111101011101100000001000000001000011000011110100010110100000101000000100001100001011010001011111111111111111111110100000101001000100011111111111011111111011010011110101110110110100111101001101100000000000000001000111111111110101111110110000101001000101101100001010010001001
3934800696863658941,20,meet_semilattice,1000000000011000000111010110000111100011111101100001111001111001010000011010000111011110000111100011000001000000000000011001011000011110001111111111011111111111111111111111111111111111111001011110011111111110011111110111000000000001100000010000000000001000000110010100000111100011100001000001101000011111111001011111011111111110010111101111100101100001111001111001010000011010001100000000000000000001
-5032060669724519219,20,meet_semilattice,1000000000010000001111111111111111111111101010100011100001111011111110111011111110001000000100000011101011111011101111111000101000111000001110101011101110111111101010101011100001111011111111111011111110001000001100000011000000000001000000111000100000111000001110111111111111111111101010101011101101111010101010111001011110101010101110111111100010100011100001110000000000000000001100000000000000000001
-2152406016162816438,20,meet_semilattice,1111101111100111110101000000000000010000011110000100010100000101000001000101000001011000010001010000111111111111111111010111101011100111010101111011111001110101011110001110011101010100000001000001000001111000011001110101111110111111011111011111101111111111110101000000000001010000011110000100011101010000000000000001000001111011111001111101011110000100010101001111111111111111111101111000010001010101
413762766384303051,20,meet_semilattice,1111111111111111111001000000000000000100011010111111001011100111101111110010111001001011111100101110011111111111011111100100001000000000110001000011000100001100010000111011001011100100001111110010111001000011001100101110010000100001000011000111111111111111111001111011111101111110010000110001001011100111101111110011111001000000000000001100000000000000000001000100001100010000111011111111111111111111
8153157836661361402,20,meet_semilattice,1000000000100000000111011110011111110111111111111111111101111001001000100100010110011010001001110101100101100010011001011000001000100000010111011111111111110111110111101111111101111001111001100111010100000000001000000000100111100111011101011001111001111111010110000010001001000101100100100010011001011001001000100111010111111111111111111111100000000010000001011001111001111111011100000000001000000001
-6739533193553111794,20,meet_semilattice,1100001010100011000001000000000000000000111110111111011101111101001010110111000011011010101101110010111111111111111111110100001010000000000011011011101101110111010000001000000000001101101111110111011101000010101000000000110000101011011100001111101111111111111111000010101001110000010000101010001100000100001010000001000011011011111101111111110110101011011101101101001010110111001011011010101101110011
1431140348904217170,20,meet_semilattice,1110000100111111101101000000000000000001011000010010001000111111100100111111111111101001001111111111111111110011111111111111101100111111111101000001001000100011111111111111111111111111101101111111111101000000001000000011011000010011101100110110000100101011001101100001001111111011010000000010001000110110000100100011001101100001001010111011111000010011111111110100000000000000001100000000000000000001
-1056376691505405899,20,meet_semilattice,1100100000001001000001001000000010010000111111110001111111000101110000001001000000001000000010010000010011000000100100001101111000011101000011011111000111110000111111111001111111001111111111011111110011111111111111111100110111000001110100000000000000001000000011011100000011010000110111100001111100000000000000001001000011011111000111111000110111110001111111001111111111011111111111111111110111111101
7389097960275562570,20,meet_semilattice,1111101010011110001001000000000001000000011000000000010000000111100000011100001001101000000001000000111111101011111110100111101000011110001011111111111111111011011110101001111000101111101011111111101011111010101111110010011010000001010000100110100000011100001000000000000001000000011010000001011000101111101010011111001011111010101111111010111111111111111111110110100000000100001011111010111111111011
-2796428573899547615,20,meet_semilattice,1110100001111000000001000000000000000000011000000000000000001111111101111110101101101000011110000000111011100111111010001110101001111100000011101111011111101011111111111111111010110110000001000000000001000000001000000000011000000111100000000110000001001000000011101000011111000000111010100111111000001111111101111111101111101010011111101000111111111111111111111110111001111110101011101110011111101011
6673111589382242618,20,meet_semilattice,1100010111010110000001000101100101100000111001011101111111011111110111011111111111101101110111111101000001011000011000001111111111111111111100000001100001100000000000001000011000000100010111010110000011111101111111111111000001011001011000001100010111011110010100000000000001000000000000000000011000001100010111010111000011000101110111111101110001011101011001001110110111011111111111000101110101100101
-524038799790164503,20,meet_semilattice,1111111101111111111101111100010111101010001111000101111010100001000000001000100000011100010111101010000101000000100010000111111001111111111101111101011111111110111111111111111111110001010001001010100001111100011111111110000101000101101010000000000000001000100000010100010111101000000100000000101010000011110001011111101000000000000000001000001111000101111011100001010001011110101001111100011111111111
3490223429843768145,20,meet_semilattice,1100100100110000000001000001000000000000111111111111011111111101101100110110000001001001001100000000110011111011011000001100101100110110000000000001000000000000110010011011001000001101111111110111101101000001001100000000000000010001000000001111111111111111111111001001001101100000110010010011001000001101111110110111101011011111101101101000110111111111011111111101111110110110101011011111101101111011
8993914304458873910,20,meet_semilattice,1001111101011010000111111111111110111111101111111111101111110001101101011010000100001010010000000001000111110101101000010000001001000000000100001011010100100001000010111101101000010000000001000000000110011111111110100001000010100101000000010000101101011010000111111111111111111111000010100101001000011001111111111011111110011111111110101101100111111111101001011001111111111010111100000000000000000001
909342208310583852,20,meet_semilattice,1101111111011110111101000010010000000001111111111101111011110101101111000000011101001010010000000001010111111100011011110000001000000000000001001011110000000111010000101100000000010000001001000000000111111111111111101111010111111101011011110101111111011110111101011011110001000111010110111100011001111111111111111111111101011011110001101111010010100100000001010100101011000000011100000010000000000001
-186929540853074747,20,meet_semilattice,1110110011110110110101100100010001101001001000000000000010001111110011110111111101101100010001101101001001000000011010001111111111111111111111111101111111111111011011001111011011010010010001000110100101100100011001101001001001000101011010011111110011111111111100100000000001001000001000000000011010001110110011110111110100000000000000001000011001000100011011011110110011110111111100100100000001101001
-6064306396271603000,20,meet_semilattice,1000000001000001010111000000010000110101111000010101101111011111101101111111111111101001010110111101111111110111111111111110101101111111111110000001010000110101111110111111111111110000000001000000010011101001011111111111110000010101101111011100000101001011010111101001010111111101100000000100001101010000000001000001010111000001010010111101000000000000000001001110100101011011111100000000000000000101
-7658359474530446098,20,meet_semilattice,1010010010100111000011101111101001111010001001000010011000001111111111110111101010101110101001111010000001000000000000001010011010100111101010101111101001111010000001001010001000001110111111110111101000000100001000100000111011111011011110101111111111111111101100000100001001100000000001000000001000000010010000100111000010100100101001111000111111111111111111111010010010100111101011111111111101111011
-196254674410039729,20,meet_semilattice,1011110000010001111011111101101110011111001101000000000011100001010000000000100000111100000000001110000001000000000000001011111110111001111110111101100100011110101111001001000111101111111111111001111110111101101110011111001111000001000011101011110110011001111011111111111111011111111111111111101111110011110000000001111000000100000000001000000101000000000011100001010000000000101010111101100110011111
2648491622469960359,20,meet_semilattice,1010000010000001001011111000111100111111001000001000000000001011000011000001011110111000111000010111111111001111001111111111111111111111111111111101111111111111000000001000000000001010000011000001001110110000111000010111101110001111000101111111110011111111111111111000111101111111101110001111001101110010000010000001000010111000111100111111101000001100000101110010000010000000001010100000100000010011
6129652445296671859,20,meet_semilattice,1100000010000110100001000000100001101000111101111111011011101101010111000110101011111111111111111110110001001100011010101101011111010110111011000101110001101010000000001000000000001100000011000110101011010111111101101110110101011101011011101111011111111110111000000000100001001000000000001000011010001111011111111111111000000000100000001000110101011100011011101100000010000110101011111111111111111111
7681303221911327378,20,meet_semilattice,1000010011011011101111001100110111111111111011011101111111111001110011011111111110001100110110111111000001001101101110111111111111011111111111001101110111111111000000001000001000000000000011000010100010001100111111111111000000001101001010000000000011011010101010001100110111111111000000000000001000000000000011010011101000000000100000101000100001001101101111110000000011010010101000000000110110101011
-4289799030454843672,20,meet_semilattice,1110111111111011110101000001111110000001011011111111100111010111111111111001110101001001111110000001010011111111100100010100101111111000000100000001110010000000000000001000000000000000000011000000000000000001111110000000000000011101100000000000000011001000000011111111111111111111011011111111101111010100101111111001000101001111111110011101010011111111100101011110111111111011111100000001111110000001
1220930896559446729,20,meet_semilattice,1100010101100000000001000100001000000000111111011111111111111101110111110111100111001101011101101001000001000010000000001111111111111111111101000101011000000000110011011111011010010100010001100000000000000000001000000000110001010111010010001100110111111111100111000101011001001000110001010111011010011100110111110111100101000100011000001000110111011111111111111100110111111111101111000101011101001001
-5998246447448437699,20,meet_semilattice,1100101001000110000001000010000001000000111010100110011000101111101001101110001001001010000001000000111111100110111000110000001000000100000011111111111111111111111111101111111011110100101001000110000001001010011001100000111111100111111001111110101001101110001000000000000001000000010010100000011000001111111011111111111111111110011111101111111111100110111001111100101001100110001011111010011011100011
2499495252637459583,20,meet_semilattice,1000000000000001001011000100110000010010111001001100010100101101010011000101001011111110110011010111100001001100000100101111011011000101011011111111111011010111100000001100000100101000000001000001001011111110111011010111111111111111110111111111010011001101011011000100110001010010111111111110111111110000000000000001000011111111111011011111111101001100010101100000000000000001001011110100110011010111
3641269652108416168,20,meet_semilattice,1011000011010100111011111001110101001110001100000000010001100001000000000000000010111001110101001110111111111111110011111111101111010100111010110001110101001110001100001000010001100011000011010100011011111011111101001110001100001001010001101111101111111100111100010000000001000110111110111111011011111111101111111111111100110000100101001110000100000000000001100001000000000000001011111011111101001111
6498572801801188237,20,meet_semilattice,1011000000001101001011110111010111111111001100000000110100000001000000001101000011111111011111111111101101110100111111101011001000001101011010110011010011011110111111111111111111111011001001001101111010110111011011111111101101110101111111100000000000001101000000000000000001000000101100100100111111100000000000000101000010110000000011011110101100000000110101100011000000001101001010110111010011111111
7464570485712560836,20,meet_semilattice,1000000000000001000011001111100101110111111111111111011111111001111110110111011110001011100101010000100011111001011101111000001110010101000010000001000100010000100000001001000100001101111111110111011110001111101101110111100000000001000100001111111111111111111110000001100101010000100010111001011100010000000000000001000011011111111101111111100010111001011101111000101110010111001110001011100101010001
4274410489569233454,20,meet_semilattice,1000100000100100010011111011111111101111101110001010010001011001100000100100010000001000000000000000111111111111111111111011101111111110111110111001111111101111100110001010010001001011100011100100010100001000001000000000101110001011010001011011100011101100010100001000001001000000101110001110111001111111101111111111111110111000111111101111000010000010010001001011100011100100011110011000101001000101
-8603194466918027822,20,meet_semilattice,1111111111111111111101101110111110001011001001001001100010110111111011111101111100101100110110001011000001001001000010010010111011111000101101111111111111011111000000001001000010000010010011011000101100101100111110001011000000000001000010000000000010011000100100101100111111001011011111111111111111110110111011111001111100000000000000001000001011001101100011110000000000010000101000000000100100001001
6397904873948231901,20,meet_semilattice,1000000101000000100011101001010001011110101010010100010010101111111101001101111010001001010000001000101011010100010011101110111101000101111000000001010000001000111111111111110111110000000001000000000011101111011001011110111111110111110111111110111101001101111010000001010001001000111111110111111111111010100101000101111000000000010000001000101010010100010011101000100101000100101011111111011011011111
-7512974753788043677,20,meet_semilattice,1111111111101111111101101110101010110011001011100010101100110111111011101111011100001000000010000000000011100000100000000000101000001000000001111111111011111111000011101010101100110110111011101111011100001110001010100000111111111111111111110000000000001000000001101110101011110011000011100000101000000000111000101011001101111110111011111111011011101010111101110000111000101010001100001110001010100001
3559808258928949260,20,meet_semilattice,1000000000000000000011001100100010100001111011111101111110011101111111011111100110001000100010100001100001001000101000011100111111011110100111001101100010100001100000001000000000001100110111001010000111101111111111111001110011011101111010011000000000001000000011001101110011101001100000000000101000001100111111011111100111001101110010101001111111111111111111011111111111111111111110000000100010100001
4127206439074597482,20,meet_semilattice,1111111111111111111101111111111111111111001111101110011101010001010011000100010000011110111001110101000001000100010000000001011011100111010100111111111001110111000001001100010001000000000001000000000000010100111001010101001111111111111111110011111111101111011100000000010001000000000101001110011101010001010011000101010100111111111011111111000001000100010001000011111011100111011100010100110001000101
4600106066930844005,20,meet_semilattice,1011101000000110000011111111010111101011001100100000001000000001001000000010000000011010000000100000101111110101111010110000001000000010000010111011000111101011111111111111111111111011101101011110101111111111011111111011101110100001011010101011101000011110101000011010000001100000000000000000001000001111111101011111101110111010000001101010111111110111111111111011101000000110001010111010000111101011
-1652075190868515013,20,meet_semilattice,1011101111111000101111111111111111111111001000000000000000000011001000010000000000111010100110000001101111111111110111110010001000000000000000111011100110001001001100101001100000010011101111111000101100111011101110001011001000100001000000000011001000011000000010111011111111011011101111111111111111111011101111111001101100111010100110001001101110111111110111110011101110011000101100110010000110000001
-2626154660012234949,20,meet_semilattice,1111111110111110111101000001000000001000011111011011111011010101110100110100100101001101000001001000010001010000000010000111111110111110110100000001000000001000010111011011010010010111111111111110110101001101001101001001010011010001010010010101110110111110110101000101000001001000010111010011011010011111111110111111111100000000000000001000010111011011010011010111111110111110111101001101000001001001
-426232491007796584,20,meet_semilattice,1011111001110111011011111111111101110111001000100000000000100011001000000100001000111110011001100110001101100110011001100000001000000000000010111111111101110111101111101111011101110011001001000100001000110010011001100010001111100111011001101111111111111111011100000010000001000010001100100000011000100011111001110111011011111111111111111111001100100110011001100000001000000000001000111110011101110111
-8359322375842804298,20,meet_semilattice,1000000100000000000011111101010111011011101000010000000100001011100100011001000110101001000110010000101111010001110110111111111111011101101100000001000000000000111111011101110110111011100101011001101111111111111111111111101000010001100100001010000100001001000010111001000111011011111111111101111111111000000100000001000010111001000110011011111111111101110111111011100100011001001110101001000110010001
-8967511261783706712,20,meet_semilattice,1111001001100111111001110010011001110110001100100110000101100001000000000000000011111011011111111110111111110111111111100001001000000001010011110011011111111110111111111111111111100001001001000001011000010010011000010110111100100111011111101111001001111111111000110010011001110110001100100110001101100001000000000001000000110010011001111110000100000000000101000001001000000001011011111111111111111111
-6823379638702444763,20,meet_semilattice,1101111110011011010101000000000000000000111111111011101111110101111110011011010001001001000010010000010001010001100100000100111110011011010001000001000000000000010011011001100101001111111111111111111101011111101110110100010000010001100100000100000100001001000011111111101111111111010011011001101101000100000100000001000011011111101110111101010011010001100101001101111110111011111101001111100110110101
-2774943802283753279,20,meet_semilattice,1000000000001000000011100000000011010011101000000000100100111111111110101111111111101110101011111111111001000000110111111110011000101111111111101111101011111111111001101010111111111111111111101111111111100100001011111111111111111111111111110000000000001000000010100000000011010011111001000000111111110000000000001001000010100000000011011011111000000000110111111000000000001000001010000000000010000001
-5476551522695037413,20,meet_semilattice,1000000000010000000011011111111100000000111111111111011101001001000000110000000010011111111100000000100101100011000000001001001000110000000010010111011100000000100101101111000000001001011001110000000010000000001100000000000000000001000000001101111111111111110011011111111101110100110111111111001001001101111111110011010011011111111101111100110111111111000001001101111111111111111011111111111111111101
-7557965290145978493,20,meet_semilattice,1111101111111111101101000000000010110001011000100010111100110111101111101111101101101011011011111011111111111111111111110100001000101011000101100011001011110011011010111110111110110110001101101111001101000000001010110001011110111111111110110000000000001001000101000010001011110001000000000000101100010000000000000001000001100011011011111011011010111110111111110100001000101011001100000000000000010001
2005405385159393091,20,meet_semilattice,1001000000000000000111111010101000001001101110001000000000010001000000000000000110011000100000000001111111101110000010011001101010000000000111111111111111001011100100001000000000011011101011000000100110111010101000001001111111101111100010011111111011101000100111111110111111001001111111111111111010111111111111111111111110111010100000001001111111101111110011011111111011101000101100000000000000000001
-1493012110765897358,20,meet_semilattice,1001100010000001000111111111101111111011101111101011100100110001100000000000000100001000000000000000100111101001000100111001101010010001000110111111101111010011000110001000000100011111111111111111101110011110101100010011100110001001000100011001111010111001001110111110101111010011101111111011111110110001100000000001000110111111101111011011111111111111111111111001101010010001001100001000000000000001
393171779277037239,20,meet_semilattice,1000000000000000000011010000000010010110101000000000000101001001000000000001010011111001010010010110111111111101111111101111101111001011111011010001000010010110111110011100100101101111000101001001011011111111111111111110111110111101111111101001000000001001010011111011110011111110111110011100101111101000000000000001010011110001010010011110100000000000000001001001000000000001011011111111111111111111
3257515999009779982,20,meet_semilattice,1100010111111100110001000001011101001100111001011111110111001111011111111111111111111111111111111111010001011111010011001110011111111111111100000001010101000100010000011111010011000000000001000000010000000001011101001100000000000001000001000100010111111100110000000000010101000100111001011111111111001100010111111101110000000001010101001100000000000000000001001110010111111111111111100101111111111101
3454826911416666304,20,meet_semilattice,1111111111110111111101100000110100110000001000001101001000000111111111010011101101101111110100111010011001001101001100000110011011010011001001100111110100110010000000001000000000000000000011000000000001111111111101111111000000001001000000000111111111011111111101111111110101111011000000001001001000000010000011010011000001100111110100111010011111111101011111110110010011010011001001101111110100111011
6355376723684301621,20,meet_semilattice,1101010111110111111001010001111101111010111111111111011111100001000100000001001011011111111101111110010101011111011110101101011111110111111000000001000000010010000100011001000100100001000111010011101000010001111100111010000000010001000100101101111111111111111000010001111101111010000100011001001110100000000000000001000000010001100100011010010101011111011111100000000000000001001011011111111101111111
8323723741323228890,20,meet_semilattice,1111100100101000000001100001001010000000001000000000000000000111000100101000000001111001001010000000111111011111110111011111111111111101110100100001000000000000111110011111110111011111100101111101110000100001001010000000111110010011110111000010000100001000000011111001001011010100111111111111111111011111100100101001000011111001001011011100111110010010100101001111110111111101111111111001011111011101
-2658004283928922218,20,meet_semilattice,1010001000101100001011100010001011010010001000100010100000001111011110101111001011111111111111111011111001100010110100100000001000100000000011100111101011010010001000101010110000001111011111111111101000000000001000000000111101111011111100100000000000101000000000100010001011000000111001111010111100101010001000101101001011110111101011111010111111111111111111110010001000101100001011110111111111111011
2705241437284764044,20,meet_semilattice,1010010001100000000011100100011000011000001000000000000000001111010001100001100011111101111111111111001001000010000000001111111111111111111111110101011010011100111101011110111111110010010001100000000000100000001000000000111101011111111111111111010001101001110011110101011011111110111101010110101111001010010001100001000010100100011000011000101001000110000111001111010101101011111011110101011011111111
580401005098405080,20,meet_semilattice,1100000000100000000001000000000000000000111001101111010000001111011011110110010011111110111111111111110001000110000000001100011011110100000011110111111111111111110001001111010000001100000001100000000001000000001000000000110001000111010000001111011011111111110111000100011001000000111001101111011000001111011011110111110111100110111101101101111001101111011001001111011011111111111111100110111101100101
4597210903533820063,20,meet_semilattice,1000010101001000000011011101110110011001111111011101101110011001010101011001100010001101010010011000000001010100000000001111111111011011111100000001000000000000100111011101100110000000000101000000000011111101111110111101100001010101100110000000010101001000000011111101110111111101110111011101101110011000010101001001000010000101010010011000111111011101101111011111110111011011111110011101110110011001
5933426536670070069,20,meet_semilattice,1000000000000011010011000000000000110100111111111111011111111101000000000011010111011110101100110111110101000000001101011101011010100011010111011111101100110111110101001000001101011101111111110111011111010100101000110101110101101011001101011101111110111111111111011111101101110111000000000000001001000000000000000011010011011111101101111111000000000000000001001101011010110011011110000000000000110101
5840368691820977896,20,meet_semilattice,1111101111111111110101010000000001100000011110011111111011010001000000000000000001011000100101100100111111111111111111110111101111111110110101011001100111101101010100001000011000000101100111011110110101011001101111101101010100001001011000000101100010011110110100010000000001000000000100000000011000000111101111111111110101011000100101101101010100001001011001001111101111111111111101011000100101100101
5136220125585209225,20,meet_semilattice,1101010010111001101001000000000000000000011101001011100110100101000000000000000011111100111110011010010101000001000000101111111111111001111011111101111110011110010100001001000000101111010011111001101001010100101110011010010100000001000000100101000010011000001011111111111111111111111111111111101111100101000010011001001001010100100110011010111111001111100111100101000000000000001011111111111110111111
3776355519325067860,20,meet_semilattice,1111111111111111111101000000000000000000011000101001111000000111111111111111111101101010101111100000011011111111111011110100001010011000000001101011111111101101010000001000100000000110101011111110110101100010101111100000010000001001100000000100000000001000000001000010100111100000010000001000101000000110111111111111111101101010101111101000011010101011111011000110101111111110111101101010101111101001
843266225237563583,20,meet_semilattice,1100101110111111111101001001001011101101111010111011111111111111111111111111111100001000001000000000111011111111111111110100101100101110111100001001001001001101010010111010111011111110101111111111111100000000001000000000010010111011111011110000100100101100110100001000001001001101000010010010111011010100101110111111111100001000001000001100000010000010000001000100100100101110111100001000001000001101
-4925921214379472509,20,meet_semilattice,1111111111111111111101001101111000000110011111111110111011110101110111100000011000001000010000000010000011011110000001100101111111101010011100001001010000000010000010011100000001100000000001000000001000001001011000000110011111111111111011110101110111101000011001011111111011100111010111011110101001100111111111111111111101011111111011101111000010010100000001100000000000000000001001011101111010100111
-248493787147117470,20,meet_semilattice,1110111011101110111101000000000000000000011000000000000000001111111011111111111101001000000000000000011011001010111010010110111011101110100111101111111111111111011010001000101010010110110011101110100101101000101011101001111011101111111111110110100000001010000001101000000011100000011000000000001000001110111011101111111101101000000010101001011011101110111011010110111011101110111101100000000000100001
1592597762495121535,20,meet_semilattice,1011110111001011111111111111111111111111001001000100001110010011010111000011111100111101110000111111000001000100001110010011111111001011111100100101010000111011001001001100001110110000000001000011100110111111111111111111101111111101111111110011110111001011111100111111110011111111000000000000001110010000000000000001100100000000000000001000001001011100001111110010010001000011101100000000000000001001
8887417764158584478,20,meet_semilattice,1011111100111010111011111111101110111110001000000000000000000011100000111000011000101000001100000110001111000011100011100011111100111000111000111101001110001110101111111011101111101111111111111011111000100000001000000000001000000011000001000010100000111000011011111111111111111110001111000011101011101011111100111011111000111000001110001110001000000010000001000010000000110000011011111111111110111111
-5586826547238468344,20,meet_semilattice,1111110110110111111101011001000101110111011111010011011111110001000000000110000000011001000101110111010111010011011111111111111111111111111100010001000101100000010111011011011111110101110111110111111101011001001101110111000000000001011000001111110111111111111100000000000001000000000000000000011000000001000100010111001101011001001101111111000100010001011101110001000100010110001000010001000101100011
4156254487549692279,20,meet_semilattice,1000001000000010000011000010000100110100111001100001011111011111111100111111110111101110001101111101110001100001001111000000001000000010000011101111001111111101111111111111111111011111111101111111110111100110001101111101100000100001001100001110111000111111110111000110000101111101000000000000001000001000001000000011000011000010000100111100100000100000001101001111111111111111111111000110000100111101
-8957959163325408869,20,meet_semilattice,1100101110111111011101001010101011110111011010111011111101111111101111111111011100001010101001010111111011111111111101110000001010100100010001001011101111110111000000001010010001001110101111111111011100000000001001000100010010101011111101110000101010101111011100000000000001000100000010101010011101110000001010100101011111111111111111111111000000000000000001000000001010100100011000000010101001000111
-4949332402418998853,20,meet_semilattice,1101100110111011101101011001101010100011111111111111111111110001000100001010000100011001000010100011110111111011101110111101101110111011101100000001000000100001000100011000101000111101111111111011101100010001101010100011010110011011101000110000000100001010000111011111111111111011000000000000001000010101100110111011001101011001101110101011110111111111111111110001000100001010001100000000000000000001
1351720811805698075,20,meet_semilattice,1010100000011001011111111111101111011111001000000001000000000011100100011001011100101000000110010101101111110001100111110011101100011001111100101001000110010111101111111001100111111011111111111001111110111111101110011111000000000001000000000010000000011001010010111111000111011111111111111011111111110010000000010001010000111001000110011111001000000001000001000010100000011001011100100000000110010101
-1455710480370856107,20,meet_semilattice,1000000000000000010011001100110011000100111111001100110011001101110011001100010010001000000000000100100011001000110001001111111111011110110011111101110011001100100010001000000001001000110011001100010011111111111111101100111111011101110011001000100010001000010010001000100001000100111111011101111011001111111111111111110011011100110011001100000000000000000001001111111111111110111011111111111111101111
245039743548540251,20,meet_semilattice,1101111101011110110001010010000001001100111111110101111111110001000000000000000001011111010111101100010101100001010011000001001000000000000001010111010111001100111111111111111111110101011001010100110011111111011111111111010100100001010011000101011001011100110000010010000001000100010101100101111011001101111101011111111100010010000001001100000100100000000001001101111101011110111011011111010111101111
5088531078543221730,20,meet_semilattice,1111100101111111111101010000010000000000011110010101110111010001000000000000000001011000010000001000011111111111111111110111101101111101110101011001010000001000011110011111111111110001000001000000000001111001011111011101010110010101100111010101100101001000100001011001010111011101011110010111111111110101100101001001100101010000010000001000010110010100100111010111100101011101111101011001010010001001
2263705384812224721,20,meet_semilattice,1000000010000000000011111101101101001011101011011000010000111011110110010100101110001100100001000000100001001000000000001111111111110111111110001101100001000001000000001000000000001111110111110100101110111101101101001011100011011001010000011111111111111111111110000100100001000000111111011111011010111111110111110111101110101101100101001011111111011111011111111000110110000100001110001100100001000001
-4775502571499926214,20,meet_semilattice,1110111110011111100101000010100000000000011011111000100110011111111111111111111101001010100010010000010011101000100100010000001000000000000001001111100010010001000000101000000000001110111111011111100111101111111111111101011011111001111110010100001010001001000001101111100011111001010011101000101100010100001010000001000001001110100010011001111011111001111111011110111111111111111101001010100010010001
6857065437387988511,20,meet_semilattice,1110100001001001100001101000000010011000001000000000000000001111110101011011110000101000000010011000011011000100100110001111111101011011110111101101010110011100111111111111111111110110100001001001100011111111011111111111111011000101100111000010000000001000100011111111010111111101111011010101101111000010000000001001100000100000000000001000011011000100100111001111111101011111111111101101010110111101
5419833031869374749,20,meet_semilattice,1111111111111111111101010000000000010000011100000100000101000001000000000000000001111111111111111111011101000100000101010111011111100101011101110101011001010101011101011110010101110101000001000001000001110100011001010101011101111111010101110111011111111111111101110100010001010101011101111111011101110001000000000001000001110111111101011111000100000000000001000111010101100101011101110000010000010101
3316203271025263335,20,meet_semilattice,1101001001111010101001000000001000000000111111111111111110110101001001111010101011011010011110101010110111110111101010110100001001101010001011011011011110101010110111111111111010110100000001100000000000000000001000000000010000100111101000100100000001101010000011011111011111101011010000000110001000001101111111111111101101000010011110101010111111111111111111110100000001101010001011010010011110101011
7011347824557422426,20,meet_semilattice,1111111111111011111101000000000000000000011011111111101101110111111111111011111101001110110110010111010001000101000000010100011011011001011101001111110110010111010001001101000000010100000001010000000101001111111110010111010000000001000000010100010011011001001101111111111111111111010011111111101101110100010011010001001101101111111110111111010001001101100101110100010011010000001101000000000000000001
-8985922783550830016,20,meet_semilattice,1000111101010000001011001111010110001010111111110101100011111101111101011000111000001111010100000010000001100101000000100000001000000000000000000111010100000010110111111101100011100000001001000000000011111111111110101111000000100101000000001000111101011000001011111111111111101111111111110101101011111111111111111111111110001111010110001010110011110101100011100000001001010000001011011111010110001111
5757152735112260310,20,meet_semilattice,1100101110100110010101000000100000000100111111111111111101111101101111101111010101001001101000000100110111111110111101110100101110100000010001000001101000000100000000001000000001001100101111101110010101000000101000000100110111111111111101111100101110101110010101001011101001100100010010111010001001001100101111101111010111111111111111111111000000000000000001001100101111101111011101001011101001100101
6419580280857525000,20,meet_semilattice,1000000000000000100011110111111101111101101101111010010111011001000000000000100111111111111111111111100101100000010010011001001000000000100110010111001001001001100101111010010010011011011111110111110110010110001001001001101101111011010111011111011111111111111110010010000001001001101101111011011111011001011110100101110100000000000000001000100101111010010011011111011111110111111110000000000000001001
-2161572919686655359,20,meet_semilattice,1000000000010000000011001000000110101000111111101001101111111101100000011010111010001000000110100000110111100001101011111101101000011010111011111111111111111111110111101001101011111111111011011011111111111110101110111111000000000001000000001000000000011000000011111110111111111111100000000001101000001101111010011011111110001000000110101000110010000001101011001100100000011010111011011010000110101111
1629984282732172991,20,meet_semilattice,1110000011010011001101100000010000000000001000000000000000001111101011011011101111101010110100110011111111111101101111111110001011010011001111101011110110111111011000001100000000100010000001000000000011111111111111111111011000001101000000101110101011011011101111111111110111111111011000001101001000100110000011010011001011100010110100111011111010101101101111110110000001000000001001100000110100110011
6774437407957948266,20,meet_semilattice,1101010111110010100101000000100000000000111101011111001010010101010010000000000111111101111110101111010001001000000000011111111111111011111101010101111000000001000000001000000000000101010011100000000101010100101000000001010101011111001000011111010111111010111111111101111111111111010101011110001000011111110111111011111101010101111100101001111101011111001011011111010111110010111101000000100000000001
-3508819639063886960,20,meet_semilattice,1000000100101010000011101111011110111011101010110111101010101111111111111111101110001001001010101000101011110111101010101000101100101010100000000001001000000000111011111111101110111000101101111010101000000000001000000000100010110011101010000000000100101010000011101111111111111011000000010010001000001000101100111011100010000001001010101000111111111111111111111000101100111010101010101011011110101011
-6818804739203380085,20,meet_semilattice,1000000001000000000011011100010110001101111111011111110111111001000001000000000010001000010000000000100111000101100011001101111111111101110111011101111111011101110111001101100011010000000001000000000011011100111111011101100110000101000011001001100001011000110011011100110111011101111111111111111111111101110011011001110110001000010000001000100110000100000001001101110111111101111110011100010110001101
-2716772153913894472,20,meet_semilattice,1010010000000000000011100100001000000000001000000000000000001111011110110001001011111111101110010110001001000000000000001110011100110001001011100101001000010010111001111011000100101111111111111101011010100100001000000000111001010011000100101111011110111001001011111111101111010110111111111111111101101110010000100001000011111111111111111111111101111011100101101110010000100001001011111111111111110111
-4752042371458621565,20,meet_semilattice,1110111111111111111101101100111011100100001010001000110000000111111111111111111100001000100000000000001011001000110000000110111111101111010001101101111011110100000000001000000000000010100011001100000000101100111011000100011011111111111101000000100010001100000000001000100001000000001011001110111001000110110011101111010001101111111111111101001010001100110001000110111111111111111101101111111011110101
6919583722532377485,20,meet_semilattice,1111111001101011011101111110011010110011001111100010101000110001000000000000001000011110001010100011000101000000000000100001011000101010001111111111011010110111111111111111111111110011111001101010001100000000001000000010111111110111101101110000000000101000001011111111011111111111000101000010101000100011111000101011001111111111011110111111000111100010101001110000000000000000001000010100001010100011
5832667472133693001,20,meet_semilattice,1000100000000000010011111111111111101111101110111011100001101001100110100000011000001000000000000000101111111011100001101001101110111000011010001001001000000100100010011010000001001011111111111000011010001000001000000100100110011011000001101001100110111000011010111111101111000111101111111111111011111111111111111111111110111111111111001111000010000000000001001000100110100000011010111111101110000111
7174973452898091556,20,meet_semilattice,1001111000010001100111011111001100111001111111110011101111110001001000010000000000011010000100010000000101100001000000000000001000010000000010011111000100011001111111111111111111111001111101110001100110011111001100011001000000000001000000001101111100111011110111111111011111111111100111110011001110010001001000010001000000010110000100011001110111110011001111011101111100111011111100000010000100000001
-5140823894518339164,20,meet_semilattice,1010111001000100100111101110010001001001001001100000010000011111111011001100110100101110010001000001000001000000000000000000011000000100000011101111110011011111111011101100110011010010011001000100000111111111111111011111111011111101110111111110111001001100110100000100000001000000111111111111111111111010111001000101100100101110010001001001101011100100010011011110111001001101111100000110000001000001
-7313545486223843833,20,meet_semilattice,1000000000000000000011111010100001001000101110101000000010001001100010000000100010001000100000001000111111101111111010111001101010000000100011111111111111111111100000001000000010001111101011110110100011111010101101001000111110101001010010001111101011111110100010111010100001001000111110101011011010001111101011111111101110000000000000001000111111101111111011111111101011111110101111111010111101101001
-5043483448065463758,20,meet_semilattice,1001110111010001010111111111110110011101101111111101000111010001010001000000000000011100010000010101000001000000000000001001111111010001110100011101110100010101000111001101000101010000010001000000000011111111111111011111000111000101000101011011111111011001110111111111110111011101111111111111111111110001010001000001000110011101110100011101000101000100000101011111111111011101111100000100000000000001
-8131511618049530091,20,meet_semilattice,1000000000000000000011111110111111111100101111001111111110001001110011110111100010001000000101000000100011001111011110001001111011111111100011111111111111111111100010001001011100001000100011110111000010001000001101010000100000000001010000001001110011111111100010000000000001000000100010000001011000001000100000010101000010001000111101111000101111001111111111001011110011111111101011111110111111111111
4929860434533879840,20,meet_semilattice,1111110111011111111101010001010100100000011110011101101101110001000100010000000001011001110110100011011111011101111111111111111111011111111100000001000000000000010100011101101000110001000101010000000011111111111111111111000000010001000000000101000101011010000101111001110111110111000100010101001000000101100111011011001101111001110111111111010110011101101101110101000101011010001101010001010100100001
2712783965620363098,20,meet_semilattice,1010000000000000000011110000000000000000001000000000000000001011000000000000000011111100000000100001111101000000000000001111111010001111001111111111111111111111111111001000011100111111111011101111011111111110101011110011111111101111111101111111110010001111001110110000000001000000111101000000001000001111110000000011000111111110111111111111111111101010111101111111110000000111001111110100000000100001
-5454963723769387109,20,meet_semilattice,1100101000100100100101001000001000000001011010100010110010011111111101111110101100001000001000000001011011100010110010010100101000100000100111101111011111001001111111111111111010111110111001101100100100000000001000000000111011100111110010010100101000101100100101001010001001001001111011110111111010011111111101111111101100001000001000001001111011110111110011111110111101111100101100000000001000000001
-5072078498728637333,20,meet_semilattice,1000111010100000000011111111101110111110101011101010000000001011111010100010010000001110101000000000000001001010000000000000011010100000000010101111101000000000000000001000000000001111111111111011111000000000101000000000101111111011101001001011111110101010010011111111111111111110101011101010001001001011111110111011010010111111101110111110101011101010000001001011111110101010011011111111111110111111
2061328663575457638,20,meet_semilattice,1101000100110000000101000001001100000001111101111111101011110101000100110000000111111111111110101111110101010111000000011101011101111000100100000001000100000000110101111111101011111101000101110000000100000001001100000001000000000001000000001101010101111000100111111111111111101111110101110111101010111111111111111011111111010001011100001001110101110111101011111101011101111000101100000001000100000001
999029517185066413,20,meet_semilattice,1111111111011111111101011101110111111110011111011101111111100001000011000000010000011000110000000100000101001100000001000111111111011111111000011101110111111110000000001100000001000000000001000000000011111111111111111111000111001101111011100001110011001000111000011100110001001110000111001100011011100001110011011111111000011100110000001110000000000100000001000001110011000000011001111111110111111111
-1148557265689172685,20,meet_semilattice,1000100000000001000111111111110011111111101010010000011101111011100101001111111100001000000000010000101111011100111111111011111111001111111110001001000000010001101110011100111111111010100101000111111111111111111011111111111111111111111111111010100101001111111110001001000001010011100010010000011100110000000000000001000010101001000001111111100010010000011101111000100100000001001100001000000000010001
3758018452170043136,20,meet_semilattice,1010101100000000001111101111000010100011001000110000000000011111111100001010001100101011000000000011101011110000001000110000001100000000000100000001000000000001111111111000101000111111111111101010001111111111101010100011111111111111111111111010111100001010001111111111111011101111001010110000001000111111111111101111111111111111111010101111111111111010101001110010001100000000001100000000000000000001
5303725575582039040,20,meet_semilattice,1001100011011001000001011000110110010000111110001101101100000001100011011001000000001000100000000000111111101101111100011111101011011011000111111011111111111101000000001000000000000000100011011001000011111010111111110001000010001001000100000000100010011001000011111010110111110001100110001101101100000000100010000001000011111010111111111101111110101111111101011111101111111111111111111000110110110001
9130881189810325731,20,meet_semilattice,1000000000000000000011101000011111011010101000000010000000001111101011111111101110101000001000000000111111111111111110111110101001111101101011101011111111111011111010101111111110111010100001100000000010000000001000000000101010000111110000101010100001101100001010101000011001000010111010100111111110101010100001111101001010101000011111011010111110101111111111111010100000100000001011101010011111111011
2006665441899647120,20,meet_semilattice,1001011000110100000011111111001111001111101101110011110001110001000000100000000010111111001111000111000101000011000000000001011000110100000010010111001111000010111111111111111111111111111101111111111100000000001000000000000100000011000000000001010000111000000000010000001101000000111111110011111111111111111100111101111110111111001111001111100101110011110001111001011000111100001010010111001111000011
-2210987997644766419,20,meet_semilattice,1000000000000000000011001000000000000000111111000000101001001101100000000000000010001000000000000000110111000000101001001111111101111111110011011101000010100100111111111111111111101111110101101111110011111101001010100100111111010111111111001101100000001010000011111101001011100100110110000000001000001111110100101111110011111101001011101100110110000000101001001111110101111111111011111111011111111101
1810189973264890509,20,meet_semilattice,1001101000101000001111111111001010100111001100100010100000110001000000000000001100011010001010000011101111100010100000110001001000100000001110111111001010100111111111111011111011111111111101111111111100000000001000000011111111110011101001110001001000101000001111111111001111100111101111100010101000111111111100111111111111111111001111101111101111100010101001110000000000000000001000000000000000000011
-4700870856310079202,20,meet_semilattice,1000010000100000000011001100101010000100111011001011110001001111110110111110110110001100001000000000000001000010000000001111111111111111111111101101101111000101100011001010100001001111110111111111111100000000001000000000110011001011100001001000110000101000000011001100101111000100111011011011111011011111110110111111110111101101101111001101100011000010100001001111110110111110111111101100101111000101
2240552737683343044,20,meet_semilattice,1000001000101000000011001110101010101011111111111011111111111101111010101010101100001010001010001001100011100010100010010000001000000000000011011111101010111111100011101010101010011111111111111111111100000010001000000000110111111011111111110000001000101000000011011111101011111111100011100010101010011101111010101011101100000010001000001000110111101010101111111000111010101010101100000010001000001001
2009256531777857366,20,meet_semilattice,1111111111111111111101010000010000000000011111101110111011100001000001000000000001011100111001101010010101000100010000100101111011101110111001111111111011101111010101001100011010100000000001000000000001010100111001101010011111111111111011110101110011101110111001010000010001000000010100000100011000100111111111111111111101010100010001101010010111001110011011100101000001000100001001111110111011101111
-3660405879524853543,20,meet_semilattice,1111111111111011111101001100000100000001011111101011101010010101110000110010000100001100000100000001000001000001000000010101111010111010100101111111111110111111010011001011001010010111111011111011101101001100001100000001000000000001000000010101110010111010100111111111111111111111010011000011001000010111111010111011101101001100001100101001011111101111101111110111111010111010101100000000000000000001
4156920748384121914,20,meet_semilattice,1001000000001011010111111111111010110111101111011100101101010001000000001010010110011001100010110101100111011100101101011011111111001011011110010001100010110101100100001000101101011001100111001011010110111111111010110111111111111111111111110000000000001010010010111111110011110111000000000000001000000001000000001011010111111111111011111111000000000000001001001011110111001011011100000000000000100101
5929165658928568824,20,meet_semilattice,1100110111001110100001001101100000101000111011011101111010001111110111011110100000001101100000101000000001001000001010001111111111011111111100000101100000101000000000001000000000000000110111000010100011111111111111111111110011011101111010000000110111001010100001001101110011101000000000001000001000001111110111011111100000000000100000101000111111011101111111001111110111011111111011111101110111111111
-3048892515862746094,20,meet_semilattice,1010000001010100000111111100010101001011001000000101010000011011010001010100101110111100010101001011101001000101010000011111111101110100101110111101010101001011111111111111011010110000000001000100000011111101011101001011000000000101010000001111111111111111111100000000000001000000111111110111011010111111111111110111111110100100010101001001111111110111011011111010010001010100101100000000010001000001
6435475594676042190,20,meet_semilattice,1100000000101000100101000000000000000001111000001110100110111111111111111111111111101101111011111011110001001110100110111110011011101101101111000101111010011011110000001110100110111100000001101000100101000000001010001001111011111111111111110100000000001000000111100100111011011011111001001110111110111100000001101001100101000000000010001001111011111110111111111100000001101001101100000000000000000001
-6421554983200344238,20,meet_semilattice,1111011111111111111101100110111111110011001001101111101100110111011011111111101101101110111111111111000001101100001000010000001011000010000101110111111111111011000000001100001000010000000001000010000000000010111000110001000001101111001100010000011011111011000100100110111111110011000000000000001000000000000011000011000101100110111111111011011001101111111111110000011011111011001100000000010000100001
6997562587030866130,20,meet_semilattice,1101111011011111100001011110000010001000111111101111111110000001011000000000000000001110000000000000000001000000000000000000011000000000000011111111111111111100010111101000110010000101111011011100100011011110111111111000010111101001110010000001111000001000100001011110000011001000010111101101111010000101111011011111100000011110000000001000111111101111111111001111111011111111111011111110111111111101
-8456938279406132113,20,meet_semilattice,1100111010011111111101000010100001100101011011101001111111110111111110011111111101001110100011111101010001101000111001010000001010000010010101101111100111111111000000001000001000011111111111111111111111111111101111111111010011101001111111010100001010001110010100000010100001100101000000000000001000000100001010000111010101000010100011111101000000001000001001010100111010011111111100000000000000100001
3998831418068790521,20,meet_semilattice,1001110000101011000011011110101011110110111111111110111111110001100000001010000000001000000000100000000111000000101000001001111010101011011011011111111011111111100111001010101100001101111011101111011100011100001010100000110111111111111111110000000000001010000010011110101011110110000000000000001000000001110000101011000011011110111011111111100111001010101101101001110010101011001011011110101011110111
576339596233639662,20,meet_semilattice,1010111100001110001011111111101111111111001000100000000000001011111110111111111100101010000010100000001011100000101000000000001000000000000000101111000011100000101011111000111101101011111111111111111100101111001011100010101011110011111000100010001000001000000000101110000011100000001000100000001000001010111100001111011010101111101111111111101011110000111001100010111100001110001010101111101111110111
-3324953168450725351,20,meet_semilattice,1000000000000001000011001101111010011001111011111111111110011101111111111111101100001000000000010000100011011100100110011100111111111111100100001001000000010001100010011000100100011000100111001001100110001101111010011001100011011111100110010000000000001001000110001101111111011001110011011111111110010000000000000001000010001001100010011001110111111111111111111100110111111111101100000000000000010001
3468405353827918378,20,meet_semilattice,1000000000000000000111111111110001111101101000011100010000011011110111000111110110101101110001111101101001011100010000011011111111000111110110000001110000000001100000001100000000011000000001000000000111111111111101111101101111111101011111011111111111111111111110000001110001000001101001011100011010011010010111000111110110100101110001001001101001011100011011011111111111110111111100000000000000000001
646361028301519087,20,meet_semilattice,1000110010110000001111011101111100100111101111011111101111111001110111110010001100001000000000000000000011001000000000101011111111111011111100001101101100000011000010001000000000101000110111110000001100001000101000000010000011001011000000101001110111111010011111111111111111111111100011011111001000111001110111111011011110011101111110111111100111011111001001110000100000000000001000001100101100000011
2724031648518233352,20,meet_semilattice,1000000000000000000011000000000000000000111011111100100101111111111111111011111111001111110000000011110001011100000000011100011111000000000111000001100000000001110000001000000000001100000111000000000111101111111110010111111011111101100101111100111111001001011111111111111111111111111011111111101111111100111111000001001111001111110000011011110011111100000101111100011111000000001111000000100000000001
8409106680007872067,20,meet_semilattice,1111111111111111111101110001111001001010001100011100010000100001000000000100000001111011111101101010011111111111011010110111001111100100101000010001000001000000000000001000010000000001000111000100001000110001111001001010001100011111010010100111111111111110101100000000000001000000011100111111011010100111111111111111111100110001110001001010011111111111111011110001000110000100001001111011111101101011
900219200762267555,20,meet_semilattice,1110011100100101000001000010000001000000001000100000010000001111111111101111101111101111001001010000010001100010010000000000001000000100000001000111001001000000111011111010010100001110111111100101001001000010001001000000111111111111111110111110111111101101101100000000000001000000111011111110011100100110011100100101000011101111111001011011111111111110111111111110111110100101001011101111101001010011
2590888377863408574,20,meet_semilattice,1111111111111111111101111111001001111110001000000000000000000011000100000000001000111111001001111110001101110000011010100011001100000010001000100001000000000010011111111011111111100111111111111111111000110111001001111110011111110011011111100111111100111111111000110011000001100010001100010000001000100011001100000111101000110011000001101010001100110000011111100010000000000000001001111111111111111111
3435812707945723906,20,meet_semilattice,1000000100000100000011111111111111111111101100010000110110001001000100000100000010111101111111011111101101010000110110001011011111111111111100000001000001000000101101011011110111101011010111111101111010110001001011011000101101010011110111001001000100001100000000000000000001000000101101011111111111111001000100001101000010010001000011011000101101010010110111001011010100111101111010110101111111011111
-2359428410058080073,20,meet_semilattice,1100000000000001010001000000000000000000011000000000000001001111001000000111011011111011000001110110111111111000011101111110001000000001010011110011000001110110111110111000011101111111111111111111111111111111101011111111111111111011111111111111111110001111011111100010000001010110111000100000011101100100000000000001010011111111100011111111010000000000000001001110001000000001011011111011000001110111
-654511164336751523,20,meet_semilattice,1111111110111111111101111111101001101011001101100010011010100001010000000000001000111111101001101011000001000000000000000001011000000100101000110111001001101010001101111010011010110111111111111111111100010110001001101010011111111011011111110111111110111111111100010100000001001010000101100000011010100111111110100111111100000100000000001000001111111010011011110000010000000000001000110111001001101011
8494191465278865393,20,meet_semilattice,1000011101000110111111001111010101101111111111111111111111111101111101011110111110001111010001101111000001110100000011110000001100000000100000000001000000000000110111111101111011110000001101000000101011001111011101101111100011110101011011111100111101011110111100000111010001101111000001110100001011111101111111011111111100000001000000001000000000110100000011100000001100000000101000000011010000001111
2478732557563149077,20,meet_semilattice,1101000000000001100001010000000000011000111110111001110111100001000000000001000011011000000000011100111111111111110111101101101000001001110011011011000010011100110110111000110111101101101111011101111011011011111111011110110110111001110111101101100000001001110011011011000011011100111111111111111111100000000000000001000000010000000000011000110100000000000111001101101100001101111011111111111111111111
5944825150997629181,20,meet_semilattice,1001001111001000111011010011110010001110111100111100110111110001001010001000110011111111111011111111111101111110110111110000001000001000010000010011100010001110000000101000100011000001001011001000111011110011111011011111111111111111111111110000000000001000010011010011110011011111111101111110111111111101001111001001111000000010000010001100000000000000000001000001001010001000111011010011110010011111
8126879658501749804,20,meet_semilattice,1011111111011101110111111111111111011111001101111000010000000001011110000100000000111111110111011001000001110000010000000000001000000000000000000011000000000000000001111000010000000011011111000101100110111111111111011111001101111101010110010011011111011101100100000011000001000000101111111101111111110011011110000101100100000111100001001000001101111101110111011011111111011101111100110111100001000001
688923154462859497,20,meet_semilattice,1010100000100010001011111111111111111111001010000010000000101011101101111110101100001000000000000000101111111111111111111010101000101010001110101011001010100011101010111111111010111010101101111010001100001000001000000010101010110011101000111010100000101010001110101011011111100011001010000010001000101011101111111111111110101011011111101011101110111111111011110000100000000000001010101000001000100011
38283079022669472,20,meet_semilattice,1001000001000100000011011111010111000100111111110101110101000001000001000000000010011100010101000000100101000100010000001001111101010100000010011101010101000000111111111111110111110000000001000000000011111111011111010100100101000101010000001001111101011100000000010000010001000000111111110111111111111101111101011101010011111111011111011101100111110101110001001111111101111101111111111111011111010101
-8758190198896489737,20,meet_semilattice,1111111111011111110101100000010000010001001000000100000100000111101111011001000100101000010000010001011111111101100100010110101111011001000100100001010000010001011010011101100100010000000001000000000011111111111111111111011010000101100100010110000001001001000101111111110111111001011111111101101110010000000001000001000001111011110110011001011111111101111111010111111111011111101100100000010000010001
9049083705262055977,20,meet_semilattice,1111001110101000101101010011100010000010011100111000100000100001001010001000001011111011101010001011111101111010100010110000001000001000000000010011100010000010000000101000100000101111111111111111111101110011101010001011111111111011100010110000000000001000000011111111101111001111111111111011111011111111111110111111111101110011100010001010111111111011100011110000000000001000001001110011100010001011
-4426110667843121260,20,meet_semilattice,1101111101110010001001000000000000000000111111111111111101110101111001100010001001001000011000000000010011100110001000100100101001100000001001011111011100100010110111111111001000100100000001000000000001000000011000000000010111100111001000101101111111111010011011011111111111110110010010100110001000101101111111111011011011111111111111111111110111110111001001100100100001100000001011011111111111110111
3755241483726468920,20,meet_semilattice,1000100000010010000111111110111110111101101110001001101010011001100000010010100100001000000100100001101111101101101110011011101011011010100111111111111111111111100110001001101010011011100011011010100110111110111110111101000000000001001000011001100000011010100111111110111111111101000000000000001000001011101011011011100110001000000100101001101110101101101011011111111011111111111100000000000000100001
1393250109356648500,20,meet_semilattice,1000000000000110001011100100011001110010101001000100011100101111111001100111011111101110011001110111000001000000000000101110011001100111011011111111111111111111111111101110011101111000010001000110001010100100011001110010111111101111111111111111111011101111011100000000000001000010000000000000011000101000010001000111001011111110111011111111111001000110011101100000000000000000001010100100011001110011
1006150972599787110,20,meet_semilattice,1110100010101111101101100000100010101001001000000000001010001111100110101111101101101000101010101001111111011010111111111111101110101111101101101001101011111001000000001000001010011111110111101111111100100000001010101001111111011111111111110010000000001010100101101000101011111001000000000000001000000110100010101011100100000000000000101000111110011010111111110110100010101111101100000000000000101001
-1165557286639483441,20,meet_semilattice,1000000000000000000011010110011111100101111111101111111101111001010000111010010111011110011111100101100001000000000000001001011001111110010111111111111111110111110111101111111101011001010001111110010110000100001000100101100001000011001001011000010000111010010110010100001111100101100001000000001001001101111001111111010111111111111111111111100001000000000001001101111011111111011110000100000000100101
782514923120007136,20,meet_semilattice,1111110111111011111101000000010100000000011000000101000000000111110011111011101101101000110110110010011001001111101100101111111111111111111101111101111110111111011000001101000100000000000001010000000001100000111110010010000000000001000000000110000011011001001011111101111111111111011000001101101100100000000001010001000001101100111110111011011111001111101111110110000011010001001001101000110110110011
-6070188299026458913,20,meet_semilattice,1010001111011001000111110011111111110011001000111001100100011011001111111001000111111111111111110111111101111111111101110000001100011000000100000001000110000001000000111001100100010010001111011001000110100011111110010001000000000001100000010000000000001000000110100011110111010001101100111111111100110000001100011001000111110011111111111111111100111111111101111011001111111101001100000000000000000001
5869559526363575326,20,meet_semilattice,1000000000010000000011000000000100000000111010110001010100001111111111111101001011001001000100000000111011111111110100101100101100010000000011000001000100000000111010111101110100101110101101011101001011101011111111010010000000000001000000001110101100011101001011001011000101000000111111111111111111111100101100010101000011111111111111011010111111111111110111111110101100010101001011111111111111011011
515274791009293480,20,meet_semilattice,1010000000000000000001101000000001000000001000000000000000001111110110111110101100101000000000000000011011000010010000001111111111111111111111101101101101100010111011001010010000001111110111111111101101101000001001000000111011001011011000101110110110111110101100101000000001000000111011001010011000001110110110110111001011101101101101101010111111011111111111111110110010100110001011101101101101101011
-3663030888847876652,20,meet_semilattice,1111011011111111111101110110010010101111001101100100101011110001000000001000000011111111111111111111000101100100100011010001001000001000000001110111111111111111001101101100101011110001001001001000110100010110011010101111011101101111101111110000000000001000000001110110111111111111000100100100101011010111011011101011111100010010000010001101000100100000100001000001011001001010111100010010000010000101
8120424147354485506,20,meet_semilattice,1010100110110001001011101111111111011110001010010010000000001111111111111111111100001000001000000000001011011011000100101010111110110101011000001001001000000000001010011011000100101010111111111101011000000000001000000000001010010011000000001010111110111101011010101001101101010010111011111111111111100010100100110001001010101111111111011110101011011011010101100010100100110000001011101111111111111111
2245730058076024086,20,meet_semilattice,1111000011001001001001000000000000000000011100001100100100100101000000000000000011111000110010010010111111111111111111111111101111011011111111111001110010010011010000001000000100100101000011000001001011111011111111111111111110011101101110110101000011001001001011111011110111111111111110011100101110110100000000000001001011111001110010011011111110011101101111110100000000000000001001010000110010010011
-6313917320517146735,20,meet_semilattice,1101000000100100101001010000001000001010111100000110010010100001000000000000101011111101111111111110111101001110010010101111011111111110111011110101111101101110111100001110010010100001000001100000101000010000001000001010111101001111011011101111010111111110111001010000001001001010111101001110011011101111010111111111111000000000000000001000111101001110010011100000000000000000101011110111111111111111
-5036801468704920316,20,meet_semilattice,1000000000000000000011011101011100111011111111010111001110111001000101000011101010011001011000111011100111010111001110111111111101110011101110000001000000001000111111111111101111111000000101000000100010010001011000111011100110010111001110111111111101111011101111111111111111111111100000010100001110101000000101000001101010000000000000001000111111110111101111111000000101000000101010010001010000111011
-4535779379122098345,20,meet_semilattice,1000001000000000000011110111111111111111101100111111110111111001001011101000000110011111111111011111100101111111110111110000001000000000000010010011111111010101100000101100100000011000001001001000000110000010111010000001100000101111110100011000001000001000000110000010110011000001101101111111111111111000001011101101000110010011111111011111100100101111110101011001001111111101011110000010000000000001
-7537571560460429946,20,meet_semilattice,1111110000111100001001011000000100000010011111000011110000100001100000010000000000001000000000000000010111000011000000100111111001111100001011111111011111101011111111101111111111110101110001111100001001011000001100000010000010000001000000000101110000111100001001011100001101000010111111100111111000111111111001111111101111111110011111101011111111100111111011110001100000010000001011111110011111000011
-5564768284465810135,20,meet_semilattice,1001000010100100000011111110111111001000101100101010010000000001000000100000000010111110101111000000101101101010110000001001001010100100000011111111111111111000000100001010010000001011111011111100000000000000001000000000101101101011110000001011001010101100000000010000001001000000111111101111111010001111111011111111100010111110111111001000111111101111110011101111111011111100101011111110111111111001
-590528147900190669,20,meet_semilattice,1001000101100100100011011001111101111110111111111111011111100001000100000000100010011001011101011110110111011111011111101101111111110111111000000001000000001000100110011111011111100001000101000000100000010001011000001000100100010111010111001111111111111111111000010001010001001000100110010111011111101001000101100101100000000000000000001000100100010110010111001001000101110101111011111111111111111111
951240754566285773,20,meet_semilattice,1101011000110111010101010110001101010101111101100011011101010001011000000101000111111111101111111111000001100000000000000000001000000000000011110111101101111101111101101011011111011111011111110111110100010110001001010101000101100011010101011111011110111111111100000110000001000001010101100011011101010000011000000101000111010110001101111101000101100000010101011111011110110111111100000110000000000001
-3603295695733910198,20,meet_semilattice,1000000000001001000011011000000111110000111110000001111110101001000000001101000010011000000011110000111111111101111110111111101111011111101111111001000111111010111110011101111110101111100101011111101011111011111111111011100110000001111100000000000000001001000010000000000011010000100100000000111100000000000000000001000010011000000111111010111110111111111111111001100000001111001011111001110111111011
-2470742710898598681,20,meet_semilattice,1111111111111110111101010000001101000110011111110011010001100001000000000000000001011111001101000110010101000011010001100001001000110100001001010111001101000110011111111011011001110111111111110110111100010000001101000010000100000001010000000111111111111110111100010000000001000000010111110011011001101111111111111111111101111111101101101111000100000011010001100001000000010100001001011111001101100111
965877669434123560,20,meet_semilattice,1111010010111100111001000000101111001100011000001011110011000111010010111100110011111111101111111111011001001011110011001111011110111111111111110101101111001110000000001011110011001111011111111111111100000000001001001000000000000011110011000000000000101100110000000000000001000000111101011011111011101111010110111111111000000000000001001000000000000010010011000111010010111100111011110101101111111111
-7658139508086683886,20,meet_semilattice,1111011111111110110101000011101111001101011101111011110011010001001110111100110111111111111111111101010101111011110011010000001100110100100100000001001100001000000000011011010010010001001111111100110100000000001000001000000000000011000010000000001100111100100100000001001101001001011101111111111011011111011111111111110100000000000000001000000000111011110011011111011111111111111100000001001100001001
3342040638464646202,20,meet_semilattice,1100000010100100010001000000100001000000111001001010010101001111110011110111110111101100101001011100110001001010010101001111111011111111111111101101111101111100000000001000010000001110110011100101110001000000101001000100111011001111011111001111110011111111111100000000000001000000111011001110011111001100000010100101010011100100101001011100010000001000010001001111110011110111111111101100111001011101
7207030570443555633,20,meet_semilattice,1101000000010100010001010000000100000100111101010001010001000001000000010000010011111101000101001110110101000001010001001111111110110110111111010101000101000100111111011001011011101111110111110110111111111101101101101110000000000001000000001111111111111111111101010000000101000100111111010001011011101111111111110111111111110101000101001100000000000001000001001111010100010100111011111101101101101111
-56498658550892027,20,meet_semilattice,1111110110000010100001010001000000001000001100010000000010000001000100000000100001111101000000001000011101010000000010001111111110111111111000000001000000000000011111011000000010001111110111111111111011111101101000101000111111011011001010001111110110111110111011111101101101101100011111011000001010001111110110111111111000000001000000001000111111011011001011001111110110110110111011111111111111111111
-3965803903586066809,20,meet_semilattice,1111111111110110111101100000101001000010001000000010000000000111000010100100001001111111111101001111011101001011010010100111011011110100111101110101111101001111001000001010010000000111010011110100101000000000001000000000011100001011010000101111111111111110111100100000001001000000011101011111011011111111111111111111111100100000101001001000011100001011010001100010000010100100001001110100111101001111
-2105921134971811234,20,meet_semilattice,1010100011111111110001101001111111111100001010001111011111000111100111111111110000001000101000000000011111011111111111001111111111111111110100101001111111111100000000001000000000000000100011110011010000000000101000000000000010001011001000000010100011111111110000001000111101110100000010001010001000000000100010110011000000001000111101111100000010001011001001001111111111111111111101111101111111111101
4838409063002209588,20,meet_semilattice,1000001010001101110011000110100011011100101001101000110111001111111111111111110011101111111111111100100001101000110111000000001010000000000011100111111111111100000000001000000000001110011011111111110011100110101011111100111001101011111111000000001010001101110000000010100001000000101001101000111111000000001010000101000000000010100001011100000000001000000001001111111111111111111011111111111111111111
-6614726435025344494,20,meet_semilattice,1000001000010000000111100010000100000101001000100000000000011111101010110101110111101010101100000101111111111111111111010000001000000000000011111011111101011101111000101011000001011111101011110101110111100010001100000101000000100001000000011111101111111111110111101010101101011101111110111111011111011110101010110001010111101010101100001101101000100001000001011111101111111111111100000010000000000001
3636842566130207852,20,meet_semilattice,1101100010010000010101011000100000000100111110101001010011010001100010000000010000001000100000000000111111101001010011011101101010010000010111111111101111111101000000001000000000001111111111111111110111111110101111111101010110001001000001011111111010011100110111011010100101000101111111101001111011011111111010011111110111011010100101001101000010001000000001001111111111111111111101011000100000000101
4337066932379886823,20,meet_semilattice,1111111000010001111001010000000000000110011101000000000011100001000000000000001001111110000000011110010101000000000001100111011000000000111011111111010110011111111111111101100111111111111001011001111111111111011110011111011111100001000111101111111000011001111111111111111111111111111111110111101111110111011000000001111001010100000000001110000100000000000001100000000000000000001001111110000000011111
-949201406534491150,20,meet_semilattice,1111011111101011011101000000000000000000011001110110001101100111011111101011011011111111111111111111010001110100001101100100001000000000000001000011000000110000010001111100001101100100001101000011000001000011011000110110011101111111111111110110011111101011011001110111111011110111010000100000001100000100001000000001000001110111111011111111010000110100001101000100001101000011011001110111111010110111
-6867708787377286200,20,meet_semilattice,1100000110101011010001000000000000110000111101011010111101111101000110101111010011111111111111111111110101011010111101111111011111111111111101000001101010110000010000001010001100001111010111101111011101000000001000110000111101011011111101110100000010101011000011000001101011110100000000000000001100000000000000000001000011110101111111111111010000011010101101001101000110101111011011010001101011110111
7786003157118069201,20,meet_semilattice,1011111111111111110101111111111111111111001111111111111111010001001110101111000100011111111111111101000101111111111100010000001100000111000100000001000000110000000000011000011100010001001111101111000100000011001011110001000100111111111100010000000100001111000100000001000001110000000000000000001000000000000000000011000000010111111111111001000101111111111111010011111111111111111100000001000001110001
3257101299294255920,20,meet_semilattice,1000000011110011000011010100111101111011111111111111011111111001010011110111100011011100111101111011000001001101001110001001011011110111111111011111111101111111000000001101001100000000000001000010000000000000111100110000000000000101001100001111111111111111111110000100111101111000000000000000001000000000000001000011000000000000010100111000100101001111011111111001010011110111101010010100111101111011
6435598960464233402,20,meet_semilattice,1000100000000000000011111000000000110101101110000000001101011001100000000000000100001000000000000000111111111110101111111111101000000011010111111011000000110101111110111100101101011111101101001011010111111011111010110101111111111111111111111111101100001011010111111111111011111111100110000000001000011001100000000011010111111011111010111101100110000000001001011111101111101011111110001000000000000001
-3928510510452080729,20,meet_semilattice,1000100011010010101111001111110111111011111011111101111111111001100011010111101100001000110000001010100011001101111110111000111111011111101110001001110111111011000000001000000000000000000011000000100011011111111111111111000010001101000010101000100011011111101110001000110101101011000010001101001010101000100011010111101100000000100000001000110011111101111111110000000010000000101000001000110100101011
6298780703887084683,20,meet_semilattice,1111111011110111110101101000000000101100001010000000001011000111101011110011110000001000000000100000011111101111011111010110101000010010110001111111111101111101011010101001001011000110101011010010110001101010111100101100011010000001001011000111111011111111110101111010111101111101000000000000001000000110101010010011110000000000000000101000000000000000001011000111111011111111111101111010111100111101
-1587359958773421967,20,meet_semilattice,1101101001101010111101001010010010000001111111111111101011110001101001001000110100001000000000000001110111101111101011110000101001001000000111011111111110101111110110101110101011110000100001000000000100011010011010101101110110101111101011110000100001001000000111111111111111101111000110100100101011011111111111111111111100001010010010001001000010100100100011010001101001101010111100000000000000000001
2186397278819601916,20,meet_semilattice,1000000110100000000011000001101000000010111000011010000000101111001111101011111011111011111010111110111111111111101111101110001111100011001000000001001000000000000000011010000000001110000111100010001000000000001000000000111110111111101111101110000111101010001011111111111111111110111000011010001000101110000110100001001011100011111010111110111000111110101101101000000110100000001011111111111111111111
-960453774342550913,20,meet_semilattice,1111101111111011110101111011111110111101001000100000000010000011001000000000100000111010101110111001111111111111101111010000001000000000100000110011101110111001001100101011101110010011101111111011100100110010001110011001001100100001000010000011001000011001100111111111111111111111001100100001101110010011001000010001100000000000000000001000001110111111101111011111101111111011111100110010000000001001
2326107711326406393,20,meet_semilattice,1001001111101000000111010011111110010011101100111111101100110001000000000000000010111011111110110011110101111111100100110001001001001000000000010011010010000000000100111100100000000001000001000000000000010011111010000000100100111111100000010001000001001000000011010111111111010011100100111111101100111001001111111001000110111011111110111011101110111111101111111001001111111001001100010011111010000001
4526724128706886348,20,meet_semilattice,1011101101111111111111111011011111111111001000000000000000010011101101111111111100101000000000000001111111110111111111110010101101001011001100101001000000000011111111111111111111110010100101000000001100101011011111111111001010110101101100110010100101001010001100101011010111110111001010010100001000110010100101001011001100101011010111111111001010110101101101110010100000000000001100000000000000000001
-56435500215768493,20,meet_semilattice,1000000000000000000011011011110101110010111110111101011101101001100101010010001010001001000100100010111111111101111101111001101111010110001010000001000000000010100010011101001000101000100101010010001011111011111111110111100000010001001000101111101111011111011010011001010101100010100000010000001000101001101111010111001011111111110111111111110110111101011101101000000000000000001011111011110111110111
4859422874212854518,20,meet_semilattice,1110111100111111111101100110001011101010001000100000000000000111111111111111111101101111001011111010001001100010111010100000001000000000000001100111001011101010011011111111111111110110111101111111111100100010001001000000011011110011111110100010001000101100000000000010000001000000001000100010111010000110011100101111101000100010001011001000011011110011111111100010001000101110101001101111001111111111
-9164299355712151342,20,meet_semilattice,1110101000100101111001000000000000000000011000100010010101001111101000100101111101101010001001010100111111100010010111110100001000100100000011111111111011111111111111101010010111111111111011100111111101000000001000000000111111111111111111111111111011101111111101000000001001000000111111101010011111110100001000100101010001101010001001011100010000000010010001000110101000100101111001101010001001010101
-5644936172050058105,20,meet_semilattice,1000000000000000000011111010010001011111101110100100010010111001000000000000000010011000000000001000111111111111111111111001001000000100100011111011010001011111111110111101111111111001101001000100100111111011011111111111111110110101110111111111101101001101111110010000000001001000111110110101111111111011101001000101111110010000000000001000101110100100010011111001101001000100101110011010000001001001
262544375566235701,20,meet_semilattice,1111100110010111110101000001100000000000011110011001011111010101000110000100110101011001100001001101111111111001111111010111101110010111110100000001100000000000000000001000000000001111111111011111111111111111111111111111010110011001010011010111100110011111110101000001100001000101010110011001011011010101100110010111110101000001100001001101010000011000000001001111111110011111111101000001100000000101
7980930047545684295,20,meet_semilattice,1110111111111110111001000000000000000000011000010011010000001111111111111111111001101001001101001010011011011011010010100110111111110110111001000001000000000000011000011011010010100110110111110100111001000001001100000000010000010001000000000110111111111110111001000001001101000000011011011111011011101110111111111111111001100001001101001000011000010011010011100110000100110100101011101111111111101111
-5091780113995548966,20,meet_semilattice,1100000100000010000001000001000000000000111111010110101100001101000101101010000011011001011010100000110111010110101000001111111101101011010000000001000000000000111111011111111101001100000101000010000011000001001010100000111111010111101101001100000100001010000011111101011011110100010000010000001000001101110101101011000011111111111111111101111111010110101101001111110111111111011011111111011011110101
-4923558976109160512,20,meet_semilattice,1101111011101111111101011110111010010111111111111110111111110001111011101001011100001010000010010010000011100000100101110000001000000000001011011111111011111111000010101000100101110000111011001001011100001010101010010111110111111111111111110000001000001000001001011110111011110111010111101110101101110000001000001001001001011110111011111111000010100000100101100000000000000000001000001010000010010111
-302509606564493748,20,meet_semilattice,1010000000001010000111110111111111111111001000000000000000001011000011001011111110111111111011111111101101001100101111111011011111101111111110110101111011111111001000001000100000001010000011001010001110110100111011111111101101111111111111110010000000001000000010110100110011111111001000000000101000001010000011001011011110100000110010111111101000001100101001111010000010001010001100100000000010100001
-945743218353750482,20,meet_semilattice,1101011011001100001001000000110000000000111111111101110111100101011011000100001001001110110001000010000001001100000000000000001011000000001011011111110111011110000000001100000000000000000001000000000011111111111111111111110111101101110100100101011011001100001001000110110001000010111111111101111111101101111011001101001011011110110011011010110111101100110111100000000011000000001011111111110111111111
-6244581180065835259,20,meet_semilattice,1010010100011010000111110111111111111011001000000000000000011011011111011111000110111111111111111111001001000000000000011010011110011111000100100101000100100001101001011001101000011010011111011111000110100111111111110011001001000001001000010010010100011010000110100101100111100001001001000000001000011010010110011111000110110111111111111011101101111111111111111010011111011111001100000000000000000001
6355699628733264312,20,meet_semilattice,1111111111111111111101001001000000000000011010011001010000010111110111110101110100001001000000000000011011011001010000010111111111110101111100000001000000000000010010011001010000010110110111010100000101101101111101010101010010010001000000000111111111111101111100000001000001000000011111111111111111110110110111010101010101101101111101011101011011011101010001010111110111110101111101001001000101000001
-6808490221878882983,20,meet_semilattice,1100100110110101000101000000000000000000111010011011010110011111100110110101100101001001100100000000111111111111111111011111101110111101100101000001100000000000010000001000000000001111101111111111110101001001101101000000010000011001000000001111100110111101100101001001100101000000111110111011111110010100100110110101000111001001101101011001111110111011111111011111101111111111111101001001101101000001
8977474454390165101,20,meet_semilattice,1111011100110000111001000010000100000110011001100001000001100111011100110000011011111111101111011110010001100001000001100000001000000000011001100111001100000110011101111011000011101111111111111111111101100110001100000110000000100001000001101111011110111101111011110111101101001110111111111011111111101111011110110101111001110111001100001110000000000000000001100000000000000000001011111111101111111111
-3214805208818022359,20,meet_semilattice,1111111111111101111101000000100000000000011111111101110111110101101011001101001001001000100000000010010111101100110111100100101010001101001001011111110111011111000000001000000000000100101011001101001001111111111111011111010111101101110111110100100010001101001001001000100001010010011111111111111111110100100010000001001001011010110011011010010110101100110111100100000010000000001001011110110011011111
-6977408354195552173,20,meet_semilattice,1000101000101010000111001010001010110001111110100010101100011101101000101011000100001000000000000000111111110011101100010000101000100000000011111011001010110001111111111111111101111111111101111011010100001000001000000000111110110011101100010000101000101010000111111111011111110111000010100010001000011000101000101011000111111111111111111111111111110011101101011111111101111011011100001010001000000001
2352033645452377068,20,meet_semilattice,1010001100000000001011111011100000010010001000000000000000001011001100000001001010101011000000010010111111111111000111100010001100000000000000100001000000000000101110111000000100101111101111110001111011111011101100010010111110111001000100101111111111111001111111111111111111011111111111111111001111101010001100000001001011111011101100011010111110111011000111100010001100000000001011111111111100011111
7252377058866294422,20,meet_semilattice,1000000000110000010111000000001100000111111111111111111011111101110011110110111111001000111100101111110011001111011011111101111111111110111111011101111101101111110000001011000001111100000011110010111100000000001000000000000000000011000000001101110111111110111111001000111101101111110000001011001011111111111111111111111111000000101100001111000000000010000001001000000000110000011100000000001100000001
1665681485121464683,20,meet_semilattice,1101010111110110101101010101111101101000111101011111011010110001010011000010000011111101111101111011000001000000000000001101011111111111101100010101110001100000000001001000001000000000010011000010000000010101111101100000000101011101011000001101010111111111101100010100110001100000000001000000001000001101010111110111101100010101111101101000111111111111111111110101010111110110101000010101111101101001
-8579951021863843991,20,meet_semilattice,1100100000000011010001001000000000000000111010000000001101001111100100001011011000001000000000000000111111010000101111111111111101111011111111101001000010110110111111111111111111111111110101111011111111111101001110111111111111010001101111111110100000001011010011111101011111111111010010000000001000000100100000000011010011111001000010111111010010000000000001001110100000001011011011111001000010110111
2674900174072081952,20,meet_semilattice,1010000000000000001011100000000000000010001000000000000000001111110011111111111111101000100000000010111011001011110101101110111111111111111111101101111111111111111000001000000000101110110011111111011111101000101011010110111010001011110101101110100010001100001011101000100001000010111011001011111101101110100010001101011011101100111111111111111010001000110001100010000000000000001011101100101111110111
-7468623698878954769,20,meet_semilattice,1111111001111110001101111110010111100011001001100000001000000011011000010010001000111110010111100011000001100000001000000000001000000000000011111111011111100011111111101111111000110011011001010010001001111110011111100011000001100001001000000011011001011110001100110110010101100010000000100000001000001111111011111111001111111111111111111111111111101111111101110010011000010010001000110110010101100011
4187639497820381508,20,meet_semilattice,1001000000000110000011011011111101100111111110111111011001110001000000000000000010011011110001100111111111111111011101110001001011000110000110010011110001100111000100001100011000010001000001000110000010011011111001100111100110111111011001111111101111111111011100010000000001100000000100000000001000001111101111110111011111111111111101111111100100101100011001010001000001000110001100010000010001100001
4155797086682846589,20,meet_semilattice,1000010000000010000011001100000000100100111111001000001001101101110010000010011000001100000000100000000001000000000000001111111111111111111011111101101111101110100011001000001001001111110111111111111011111100101011101110111111001011111011101111110010001010011011111100100001101110000001000000001000001111110010111111111011011100100000101110100011000000001001001100110010000010011011111111111111111111
4974575549806031422,20,meet_semilattice,1000111000110010101111001110101110111011111011111011101111111111111110111111111100001010001100101011000011100011001010110000001000110010001111001111101110111011100011101011101110111111111111111111111100000000001000100010000000000011001000101000111000111010101111101111101111111111000000000000001000001000111000111011101100000000001100101011110011111011101111110000000000000010001000000000001100100011
8587190150928448850,20,meet_semilattice,1000001010000000010011100011110110000111101000111000000001101111101111111100011111101011110111000111111111111111110001110000001000000000000010000011100000000110000000101000000000001010001111000000011011101011111111000111101000111101100001111010001111001000011111100011110111000111111111111111111101111111111111111101011111111111111111111111000000101000000001001000001010000000011010100011100000000111
-4223000969766773237,20,meet_semilattice,1001000000000010111011111110101111111110101111101010111111100001000000000010110010011010100010101110100111101010111011101001001010001010111011111111101111111110100100001000101011101111111111111111111010011010101011101110101111101011111111101001000000001010111010011010100011101110000000000000001001001001111010101111111000000000000000101100000000000000000001000001000000000010111011111111101111111111
7863927468464104653,20,meet_semilattice,1010000011001111110011110000110011111110001000001100111111001011000011001111110011111000110011111111111111111111111111111111001011001111111111111001110011111111000000001100111111000000000001001111100011111011111111111111111110111101111111110000000000001000100000000000000011111000000000000000001010000000000000001011100000000000000000001000000000000100111111001011000011001111111011110000110011111111
-7638338398677843550,20,meet_semilattice,1111101111000000011101111011110000000111001110000000000000010001100000000000000100001000000000000001111111111100011101110001101000000000000100111011110000000111001110001100000000010011100001000000000111111111111001111111111111111111011111111111111111111111111111111011110001100111111110111100001001111111101111000111011111111111110001111111001110101100000001110011101000000000001100000000000000000001
-2623620849674206171,20,meet_semilattice,1000000000000010000011000000000000100000111000000100001000001111000101000110000011111111111011110110111101010100011000101111011111001111011011100001010001100000111100011100011100101100000001000010000011110101111011110110111101011111111101101111010111001111011011100000010001100000000000000000001000001111000101000111001011111111111111111111111100011100011101101111000101000110001011111111111111110111
-6866599309729720831,20,meet_semilattice,1000001000000000010111000010000000000101111000100000000001011111101111010111110111101011100101111101111111111101011111110000001000000000010011100011100101111101111000101000011101011110101111010111110111111111111101111111111000101001011111011111111111111111111111100010000001100101111000100000001001011110001000000111010111100010100001111101000000000000000001001111101111010111111100000000000000000101
-2898625587704406225,20,meet_semilattice,1000000000001011000011101001100011110110001000000000101100001111111111111111111110101001000011110110111011111101111101111110101110001111011110100001000011110110101000011000111101101110101111001111011111101011111111110111111010111101111101110000000000001000000010100000000011110110000000000000101000000000000000001011000011101011111111111111101000000000101101001010000000001011011011101001100011110111
3402201809098653907,20,meet_semilattice,1100000000000000000101000000000000000000111111001111010111111101000000000000011111011100111101011111110101001101000101111111111011110101111111111111111101011111110100001101000001111101000001010000011111010100111101010111110100000001000001111101010011111101011111010100110101010111111111111111011111111101000011010001011111010100110100011111010000000000000001011100000000000000011101000000000000000001
3474835935508381308,20,meet_semilattice,1000000000001000000011111111111111101111101101010000100000101001010000001000001010111111010111001111100001000000100000101011011101011000101110000101000010000010101101111101110011111011010101011000001010111111111111101111101101010001100000100000000000001000000010110111010111001011101111111101111011111011111111111111111110110101000110001010101101110101110011111000000000001000001010110101010110001011
1348999289986985248,20,meet_semilattice,1001000010001111000011010100110011111000111101001100111110100001000000000010000011111101110111111110100101001000111100001111111111011111111011010101110011111000000100001000001000001001010011001111100011111101111111111110111101001101111110100001000010001011000000010000100011110000000000000000001000000001000010000011000010010100100011111000111101011101111111101101010011001111101011111111110111111111
571099659222381770,20,meet_semilattice,1111111111111111111101111111111111111111001000100000010000000001001000000100000000111011001101111000001111110111111110100000001000000000000000110011001101000000001111111111111110110011101101111111100000110010001101000000001100100001010000000011101100111111100000000010000001000000001100110011011110000011001100110101100000110011001101001000001111111111111111110011101101111111101000111111011111111011
-4015237658171091875,20,meet_semilattice,1111111110111101111101010010100001010000011100101011110100110001001000000001000001111110101111010011011101101011110100110000001000000000000001111111101111011111000100101000000100001111111111111111111101010010101111010010010100101001110100100101001010001101000000010010100001010000111111111011111111110000001000000001000001111110101111011111011111101011110101110101001010000101001001010010101111010011
7756482893217126944,20,meet_semilattice,1111111111111110101001111111111111101010001101101011100010000001000010000000100000111111101111001010000101101011100010000001001010000000100000110111101110001010000000001000000010000011111111111110101000010010101010001000000100101011100010000000000000001000100000110111101111001010001111111011111010101111111111111111101000000000000000001000111111111111111111100011011010111000101011111111111111111111
-519545601625853129,20,meet_semilattice,1101010001110111011101010100001100000000111101100111011101110001000000010000000011111111111111111111000101000011000000001101011001110111011111010111011101110111111101111111111101110101010001110011010100010000001100000000000000000001000000001101011101111111011101010100011101110111010101000011001101010101010000110001000011110111111111111111010101000011000101000101010001110011011101010100001100010101
262345013680792579,20,meet_semilattice,1000110011001001110111111110111110011111101111101111100111111001111011101001110100001000000000000000000011001100100000011000111011001001110110111111111110011111000010001000000000000000100011000000000110001110111010011101100111101111100111010000100011001000000110111110111111011111111111111111101111110000100011001001010100001100110010001001000010001100100001011000111011101001111100001000000000000001
-2328014129230668226,20,meet_semilattice,1110000001000010101001000000000000001000011000000100001010101111100001000110101001001000010000101010111111100111111110101111101001000110101011111111011111111010111111111111111110100100000001000000101011111010011101111010111110100101011010101111101001111111101011100000010001101010010000000100001010101111101001000111101000000000000000001000111111111111111111100100000000000000101011111111111111111011
4407989570295739041,20,meet_semilattice,1110111110111110111101000000000000000000011000111011101011001111111111111110111101101111101111101111011001111011101011000100001110101000110001000001101010001100010000001000100001000110111111111110111101000000101010001100010000111011101011000100000000001000000001100111101111101111010000001010101011001111111111111111111101000000100010001100010000000000100001000110011110111010111001100111101110101111
-8163336699543060069,20,meet_semilattice,1111111111011111111101011000010111011010011111000101111111110001100001010101001000001000000000010000010111000101111111110111111001011111111101111111110111111111011111101101111111110000100001010101001001111111111111111111000000000001000100000001100001011101001000001000000001010000010110000101111111100000000000000001000000011000010111011010010110000101110111100000100000010101001001011000010111011111
7849691353866202778,20,meet_semilattice,1111111110001111100101100001000000100000001000010000001000000111111110001011100101101011000010101000011011110000101110010110001100001010000000000001000000000000011011111000101110010111111111011111101101111111111111111111011111111001101110010110000100001010000001111111100011111001000000010000001000000110101100001011100101100011000010101000011111111101111111110111111110011111101101101011000010101001
-7282755305326068200,20,meet_semilattice,1010100001000000010111111011011111010111001010000000000000011011100101000001011100001000000000000000111111111111110111111011101101001001011110101001010000000111111110111111110101110010100001000000010110111011011011010111101110110111110101111011100101001001011110111011010011010111111111111111111111111010100101000001011111111011011111011111001010000000000001011010100001000000011100001000000000000001
5101382353647339741,20,meet_semilattice,1000000011100100011011000001111001000110111110111111111011101101000111100100011011011001111011000110111111111111111011101101101111101100011010000001111001000110000000001000000001000000000011100100011000000000101001000110110110111111111001101101000111101100011000000000100001000110110110111110111001101111111111111111111011011011111111101110000000000000000001000000000010000000011011111111111111111111
-8592328572975180389,20,meet_semilattice,1111110111111111111101000000101000101110011111011111111111110101110010100111111101001000101000101110010011001010001011101111111111111111111101011101111111111111000000001000001010000101110011101111111100000000101000101110010111001011011111110101110010101111111101001100101001101110000000000000001010000100110010100011111000000000000000001000000000001000001011100000000010000010101001001100101000111111
9100830190878367296,20,meet_semilattice,1100100001000100100101000000010001001000111110011111011111111101100111100111111101001000010001001000110011011110010111111111111111110111111111001001111001001111110010001110010010110000000001000000000011001000011001001011110110011111011111111111111111111111111100000000010001000000110010011110011111111100100111100101111100000000010001001000110010001110010011111100100001000100101101001000010001001001
3052644515116486000,20,meet_semilattice,1111010111111101111101000001000000011000011101011010110111110101000110001001101001111111111111011111010101011010110110110111011111111101111100000001000000001000000000011000000110000111010111101101111101010001101011011011011101011111110111110100000100001001100001010001100011011011011111111111111111110000000100000001100000000000000000001000010101011010110111110100000110001001101001010001100010011011
389511148028748653,20,meet_semilattice,1111110111110011111101111101111100110101001111011110001101010001000101100011010100011101111000110101000101011110001101011111111111110111111100000001000000110001000100011110001101010000000001000011000100000001011000110001001111011111001101011111111111111111111100111101111001110101000000000000001000000000000000000011000001111101111100111101000000010110001101010111110111110011111100000000000000110001
-6456408961811292430,20,meet_semilattice,1110001001000001001101000000010000010011011000100100000100111111001001011001011111111010110111011111111111111101110111110100001001000001001111111011110111011111111100101101110111110000000001000000000011111011111111011111111000100101100101111110001001001001001111110010010111011111111110111101111111110000000001000001001111110010010110011111111000100100100101110000000001000000001100000000010000000001
2355644033387011533,20,meet_semilattice,1010011110101110101011100111101011111011001000000000000000001111011110101111101111111111101011111011001001011000011000100010011110101110101000100001000000100000001000011000011000101111111111101111111100100101101011100010111111111011111110110010010110001110001000100001000001100010001000000000001000001010011110101111101100100101101011101010111101111010111111110010000100000010001010100111101011101011
-919820763463176498,20,meet_semilattice,1001011011011000001011110111111111110110101101101111100000100001010010001000001011111111111111110110000001001000100000100001011011011000001010110111111111000110000000001000100000100001010011011000001010010110111110000010000101001001100000100000000000001000000010110110111111000010101101111111111001101011011111111111011011111111111111111111101101101111110001100000000000001000001011111111111111110111
1561723576956371070,20,meet_semilattice,1111111010101101111101000010000001001000011011100000010010000111111000100101100000001010000001001000010011100000010010000000001000000100000011111111111111111111011111101010010111001111111011101101111101101110001001011000111111101111110111110111111010101101110000000000000001000000111111101111111111110100111000000101100000000010000001001000011011100010010111000110111000100101101001111110101011011101
-5689899750317661406,20,meet_semilattice,1101100111111111110101011001111111101100111111111111111111010001100111110110110000001001011100101000110111011111111111011101111111111111110100000001001000101000000010011111011011000000000101110010100000000000001000101000000000010011001010000001100111111110110000001001011101101000000000000000001000000101100111111111110000000000000000101000000010010111011011001101111111111111111101011001111111111101
1580500532814400703,20,meet_semilattice,1110011010100000011001000000000000000000011000101000000001001111111011110111111011101110101101101110011001101000000001000100001010000000000011111111111101111110010000001000000000001110111011110110111001100110101000000100111001101011011011101111111111111111111111100110101001000110111001101010011001101110011010100111111011100110101001101110010000101000000001000110011010100000011011111111111101111111
-8328075317851929949,20,meet_semilattice,1111101111111111011101111001111111110011001000010000100000000011000100001000000000111001111111110011011111111111111101110111101111111111011100000001000000000000001100011101110100010011000101001000000100110001111111010011001100010101110100010000000100001000000000110001000011000000001100011111111100110011000101001001000101111011111111111111011110011111111101110011000101011101001100110001000010000001
7104575730203309091,20,meet_semilattice,1100110001101101111101001100011011010111111111011110111111111101110111101111111100001100011000010000000001000000000000001111111111101111111111001101111011111111110011001110111111110000010001100001000000000100001000010000111111011111111111110000110001101001000000001100011011010010110011000110111111110000010000000001000001001100011011011111000011000110110101110000110001101001001000001100011011010011
-7999844664279457324,20,meet_semilattice,1111101111011110101001011001110111101010011110111101111010100001000100000000000000011001000001101000111111111101111011110101101111011110101000000001000000000000000110011101111010000001100101010110100011111111111111111111000100010001011010000001100101011110100000010001000001101000000100010000001010001111111111011111111100000001000000001000111110111101111011110001100111011110101011111011110111101011
4333896497546928621,20,meet_semilattice,1111011111111011111101000000010000000000011000000101001000100111011111111011111001111111111111111111011001101111001101100110001011010010001001100011111100110110011000001101001000100000000001000000000001100010111100100010010000000101001000000110011111111011111001110111111111111111010000000100001000000110001011110011001001100111111100111110011000101111001101100100000001010010001001110111111110111111
-1167495031690991667,20,meet_semilattice,1000000100000000000011011011111100111010111111111111001111101001000111100001000010011011111000111000110111111111001111101000001110000001000000000001000000000000100000011000000000001000000111100001000010000001101000010000100100011111000100001101111111111011111011111111111101111110100100111110001100001000000110000001000010010011111000111000110110111111001111101001101111110011101011111111111111111111
6966243868582892398,20,meet_semilattice,1110100110011100101101000000000000001010001000000000000010101111101110111101111101101000000101001010111111111111111111111110101110011101111101101001000101001010011010011001010010101111101111111101111111101011101111011111001000000001000010100110100110011100101001100000000101001010111110111111111111111110100110011101101100000000000000001000011010011001110011110000000000000000101001101001100111001011
3733865697167930813,20,meet_semilattice,1001101111110110100111011011111101101101111110111111011011010001100001100000000000001000011000000000111111111111111011110001101011100010000100011011111000101001000110001110000000010000000001100000000000000000001000000000000110111111001010011111101111111110111100011011111101101001000110001110001000011111101111111111111100011000111000101001100110111111011011011101101111110110111100011000011000000001
-2097629181605060297,20,meet_semilattice,1011011111010110010111110111110111101101001000100100010000000011001101010100000011111111110111101111001101111101011000010000001001000000000000000011010001000000001100111101010000000000000001000000000011111111111111101111001000100101010000001011011111011110010100000010010001000000001100111101011000001111111111011111111110110111110111101101001100111101011001011011011111011110111100110011110101100001
-4402280354622952997,20,meet_semilattice,1000001001000000010001000010010000000000111000100100001001011111001011001010010111111011111011101111111111111110111011110000001001000000000011110011111011100111111000101100001001010000000001000000000011110010111010100101111111111111111011111110001011001010010111110010110011100101110000100100001001001111111111111111111111110011111011101111000000100100000001001111001011101110011111000010010000100101
6284868310803266146,20,meet_semilattice,1000010100000010000111000101000001100101111111110101111011011101110100010110110111001101000001101101000001010000000000001101111101011110110100000001000000000000111111111101111011011101110101010110110111111111011111101101110001010001011011011101110101011110110110000101000001100001000001010000001000001111111111111111111111000101000001101101100001010000011001011111111111111110111100000101000000100001
6213284703438691977,20,meet_semilattice,1110000001000000000001100000010000000000001000000000000000001111111101110101011011101000010000000100111011110111010101001110101001110101010011101001010100010100111111111111010101100010000001000000000011101000011101010100111010000101000001001111111111111111011011101000010101000100111111111111011101101110100001010001010011111111111101011110111000000100000001001110111101110101011011111111011101010111
-4901891052119858310,20,meet_semilattice,1100101010111011010001000010100000100000111110101011101101010101101010111011010001001010100000100000111111111111111111110000001010000010000011111011101110111111000000001000001000001111101011111011111101001010101100100000010010101001001000000100101010111011010011111011111111111111000000000000001000000100101010110011000011111010101110111111010010101011001101001111101010111011011111011010101110110101
-646681800602468016,20,meet_semilattice,1000000000000000000011111111111111111111101000000000000000001011001000101011011110111011101011110111101111111011111111111010001000000011001110110011101011110111101100101010101101111011111111111111111110100010001000110011101110111011111111111010001000101011011110110010101011110111101000000000001000001010000000000001000010110010101011111111101000100010001101111010000000000010001010100000000000110011
5227120692923618964,20,meet_semilattice,1000100000100011010011111111111101111101101011011111011111011011110111110111110100001000000000110100100011011010011101001011111111110111110110001001001000110100100010011010001101001000110111110111110000001000001000110100100011011011011111001011110111111111110110001001101001110100000000000000001100000000000000000001000010001001101001111100000000000000001101001111111111110111111110001101111101111101
5969166671301571698,20,meet_semilattice,1011010011010100000011111110111111111111001000000000000000000011010010010100000010111100111111111111001001000001000000001011011011110111111111111111111111111111001001001001010000000011010011010100000010110100111101100100001000000001000000001011010011111111111100100100000101000000101101001101011001001011010011110111010110110100111101111111101101001101010001001011010011110111011110110100110101100101
-4242694231898236528,20,meet_semilattice,1011100011010111110111111010111101111101001010001100001111000011100011000011110000001000000000000000111111111111111111111011101011110111110111111011111111111111000010001000000011000000100011000011110010111000111101111101001110001101011111001111101011111111111100101000110001111100000010001000001111000000100010000001110000001000000000001100000010000000000001001011101011110111111100111000110101111101
4774056723113154624,20,meet_semilattice,1101001010010001000101000000000000010000111100101101000100010101001010000001000111111111110111011111111101101101110111110100001000000001000011110111110111011111010000101000000100000101001011010001000111111111111111111111010100101001000100011111001011011101111111110010110101011111111111111101111111110000000000000001000011110010110100011101111100101101000101011111001011010001111101000010100000010001
-3255445438158646682,20,meet_semilattice,1100110001011010100101000000010000001001111111100101101010010101110001011010100101001000010000001001010011000101101010010101111001011010100111111111111111111111111111101111111111110000000001000000000011111110011110101001010010000101000010010100100001011000100111111110011111111111010010000101101010011111111001111011110100000000010000001000111111100111101011011111111001111011111100000000010000000001
-4658155997968129833,20,meet_semilattice,1000010000010000000011101110111101111011101011101101011000111111111111110111111110001110110101000000000001000001000000001000011000010000000011101111111101111011100001101001000000001000011001010100000010101110111101110011000000000001000000001110111111111111101110000110000101000000100011101101011000001010111011010111001110101110111101111011101011101111011111111000111011010110001010001110110101100001
-4938487546592228465,20,meet_semilattice,1101000100111011011101000000000000000000111110010111101101110101000000000000000001011001001110110111111111111111101111111111101111111011111101010001001110000110111110011111101111110101100101111011011101010000001010000000010100000011100001100100000000001000000011111111111111111111010100010011101101100101000100111001011011111001011110111111010100000010100001100101000000101000001001010001001110110111
-4163042922756906352,20,meet_semilattice,1000000000010010011011000000000100100110111011111111111011101101111111111110111011001111111111101110110001001011101001101100011110111010011011000101101110100110110000001011101001101100011111111110111011000000001110100110000000000001000000001000000000011010011011000111101111100110000000000001001000001111111111111111111111000111101111101110000000000001001001000000000000010010011011101111111111101111
2040726661914877662,20,meet_semilattice,1110000001000010000101000000000000100001011000000000001000011111000001000110000111111010010101100011111111100101011001111111001001000110001111111111010101100111111111111111111011110110000001000010000111111111011111100111111100100101011000111111111101011110011111100000010001100001000000000000001000001111111111111111111111111111011111101111111100100100011001111111000001000110001100000000000000100001
1177465511365452935,20,meet_semilattice,1000001000011111000111001010000111110101111011110101111111011101101100011111010110001010000111110101110011110001111101010000001000010011000111001011000111110101111111111101111111111100111101011111110111111111111111111111000000000001000000000000001000011111000100000010000101110001000000000001001000010000000000010001000111001111000111111101000000100001111101011111111101011111111100000000000100000001
-861430064084013201,20,meet_semilattice,1001010010110011100011110110111111111110101101101111011111000001000000100000100010111111111111111110000101000011000010001001011010110011100010110111111111111110000101001011001010001001011011110011110000000000001000000000000100000011000010001011011011111111110010010110111101111100000101000011001010000001010010110011100000000000001000001000100101101011001111001011011011111111111010111111111111111111
3312628685632234671,20,meet_semilattice,1010000101011001000011100011111111111111001000010101100100001111111111111111111111101011111111111111111011111111111111111010001111111111111100000001000110010000000000011001100100000000000101011001000010100001111111011001000000000001100000000000000000001000000010100001110111011001101000011111111111110000000000011001000010100001110110011001101000011111110111111010000111111101101100100001110110010001
4466317071514031462,20,meet_semilattice,1111111111101111111101111000010000011111001110000000000101110001100000000001010000001000000000010100011111100110111111110111101001101111111101111111011011111111011111111110111111110011100001000001011101111000011000011111111111111111111111110111100001101001111101111000011011111111011110000110001111110000000000000001010000111000010000011111000000000000000001000001100000000001011100011000000000010101
5074119881134962465,20,meet_semilattice,1110010000010001010001100100000100010100001001000001000101001111111111111101111111101111101110011111000001000000000001001110011000111001010011100111001110010100111001101011100101111110111111111001111111100100001100010100000001000001000001001110010000111001010011101111111111011111111011111111111111110000010000000001010011100111101110011111000000000000000001001110010000110001011011100110001110010101
8362504093117275971,20,meet_semilattice,1101011000111111011001010100000000000110111101110011111101110001000000000000000011111111011111111111000101000000000000100101011000001000011011010111001111110110111111111111111111111111011101111111111101010110001010100110010101100011101001100101010000001000011001010110001111110110010101100000101001100101011000111011011011010111001111111111000100000000000001100001000000000000001011010111001111110111
-3931627805441526940,20,meet_semilattice,1110001101001001010001000011000000010100011000110000100101001111111111111111111011101111010010011100111001110100100101000000001000000000000000000011000000010100111011111100100111000110001101001001010011101111111011011100111011110101100111000000001100001001010011101111110011011100111011111110111111000000001000000001010011100111010010011100000000100000000001001110111111101111111011111111111111111111
7674437844289285152,20,meet_semilattice,1110100111001101101001001000000000010000011010000100110100001111100111001111111100001000000000000000111111011100111111111111111111101111111101101001110011011010011010001100110100100100100001000101000011101001111011111111111111111111111111110100100000001001000000001000000001000000111010011100111110110000100000000001000001101000110011011010111010011100111111110110100001001101001011101001110011011011
-1690531720541032652,20,meet_semilattice,1100111111001011011101001100010000000000111011111100111101111111111111001111011100001000000000000000000011000100000000000100111001000001000001001111010000110101010011111100001101110000100001000000000011101111111011110111111011111101111101110100111111001011011111001111110011110111010011100100001100010000110001000001000011111111111111111111010011100100001101010100111101000011011101001110010000010001
7247533704195382939,20,meet_semilattice,1110110111111000010001101000000010000100001000000000100001001111111111111100010100101000000010000100011011000010100001001110111111111000010001101101001110000100011011011011100001000110110111111000010000101000001010000100011011000011100001000000000000001000000011101111111111000100111111111111111011111111111111111111111111111111111111001101000000000000100001001111111111111100011111101111111111000101
-4485197691018940796,20,meet_semilattice,1000000000000100000011110111001001011001101000000000010000001001010000100100000011111111011101011011100001000010010000001011011000100101100110110111001001011001111111111111011111111011011101100101100110000000001001000000111101110111010110011111111111111111111100000000000001000000111111110111011111111011010000100101000110110100001001011001111111110111010111111111011101110101101110100000000001000001
7117632934137130405,20,meet_semilattice,1000010000000100010111010110000001110101111101100011111101011001011000000100010111111110101111110101000001000000000000001000011000000100010111111111101111111111111101101011111101011111111111111111111111010110001001110101110101100011011101011101011000111111010100000100000001000101100101100000011001011001011000000111010111111110101111111101000001000000000001001111111010111111111100000100000000000101
884878373991407442,20,meet_semilattice,1011111011111011010101110110111110110101001000001100000101010011000011000011010100111110111110110101001101101111101101010011001011000011010111111111111111110101000000001100000000000000000001000000000000110010111100110101001100101101001101010011001011111011010111111110111111110101000000001100001101010000000001000001000011111111111111111111000000001100000001001111111111111111011100000000110000010101
-6379180042006153054,20,meet_semilattice,1100101100100010101101000010000000000000111010111010101011111111101110101010111101001010000000000000111011111010111011110000001000000000000001001011001000101011110010111010001011111111111111111110111101000010001000000000111111111011111011111100101110101010111111001011101001101111010010100010001010101111111111111111111101000010001000001000010010110010001011110100101000000000001001001010001000101011
-8809726252699099928,20,meet_semilattice,1111001111111111111101010000000100000000011100001011100001000001000000000000000001111011111111111111011111111111111111110111001111111111111101010001001100000100010100001011100001000111000111111100111101010000001100000100000100000001000000000101000000111000010001110001101111000101011100011111111011110111000111111111111101110001101111001101010100000001000001000111000110111100111101110001101110000101
-7705524950273786907,20,meet_semilattice,1111101111111111111101100001111101001111001000001010000001010111100111110111111101101001111101011111111111111111111111110111101111110111111100100001101000000101000000001010000001010010000111100000010100000000001000000001001000011011000001010111100111111111111100100001111101001111011010011111011111110110000111110101111100100001101100001101000000000010000001010010000111110000011100000000000000000001
7020463943890568983,20,meet_semilattice,1111111111111111110001000000000000000000011000000010100000000101000001111000100001111011111111111100011111111111111111000101001111111010100001010001011110101000010100011111101010000100000001101000100001000000001010000000010000000111100010000100000000001000000001010011111111101000010100000111101010000111001111111111100001000000001010001000011100111111111111001111111111111111111011111111111111111111
4405758975062449015,20,meet_semilattice,1000100111001111101011111111110111111111101110111101111111111001101111001111101000001001010000110000100111111100111111111000101111001111101000000001000000010000000010011100001100000000000101000011000011111111111111111111100110111101111111110000100111001111101000001001110001110000000000010000001100000000000000000001000000001001110001111000100110111100111111110000100111000111101010011011110011111011
8739821598547149474,20,meet_semilattice,1000010000100010000011100100111001110000101001000110001000001111110111101111111111101100111011111111000001000000000000001110111111101111111111101101111011111111101001001110001000000000010001000000000000000100001000000000111111111111111111111110010011101111000010100100111001100000000001000000001000001010010011100111000011100100111011111111111001001110111101011110010011101111011111100100111011110001
7187907281981219482,20,meet_semilattice,1010111100101110101111111111111111111111001001010010110010001011111100101110111100001101001011001000000001010000000000000010111100101110101100000001000000000000101111111111111011111011111101111110111100000101001000000000101111110011111011110000010100101100000000000101001001000000001011010010111010111011111111111111111100000101001011001000101011110010111011110010110100101100101100101101001011001001
2377936596806121364,20,meet_semilattice,1000000000000000000011010101110101011110111111111111110111111001000101010000110011011111111111011111100101011101010111001101011111010101111110000001000000001100100100011101010011001000000001010000110011010101111101011111100000000001000011001101011111111101111110010001010101001100111111111111111111111001000111010101110010000000000000001100100000000000000001001001000111010101111011010101110101011111
4398821970315028576,20,meet_semilattice,1001001000000000000001010000000000000000111111111111111111110001000000000000000011011110001001011110110101100010010011000001001000000000000011010111001001011110110111111111111111111101011101100101111011010010001001000100110101110111010111101101111101101101111011010010000001000100110111110111111111101101011000100101111011010010001001001100110100100000000001001101011000100100111011011111011111111111
-544166912318989361,20,meet_semilattice,1110101111101110100001101011111011101000001000101110111000001111101111101110100000101010111011100000111111111110111111010000001001101110000000100011111011100000000000101110111000000000000001000000000000000000011000000000111110111111111011010000000001001000000000000000011011100000000000000100101000001111101111101111110100101011111011101000111110111110111011011111111111101111111111111011111011101001
-1117216614260806236,20,meet_semilattice,1000000000000000000011000000000000000000111111111111111111111101000010100100001011011111101001011111110101001010010000101101011010100100001011010111101001000111110000001010010000101101011111100101011111000000001000000000110111111111110111111101111110101101111111000000001001000000110111111111111111111101011110100101011111010111101001011111110101101010010001111100000000100100001011010110101001000011
-3179790479064281943,20,meet_semilattice,1111101111001110110101111000100011001000001100000000000000000001000000000000000000111000100011001000111111111111111011110111101111001110110101111001110011001101001100001000000010000111100011001100100111111011111011101101111110111111111011010011000010001100100000110000100001001000011110011100111011011111111111111111111100110000000000001000011110001000110011011111101111111110111101111000100011001001
-4234732177363211082,20,meet_semilattice,1000000000100101010011001100001001011101111011110111011111111111111101110111111110001000001001010101100011000010010101011100111001110101111111001101001101011111111111111111111111111100110001110101111100000000001000000000110011000011010111111111111101111111111100000000001001000000110011110111011111110000000000100101000010001100001001011101000000000010010101001000110000100101011100000000001001010101
5664713717133616324,20,meet_semilattice,1100001000000000000001000000000000000000111000100000000000011111001100000010001111111011010000100111111111110111111001110100001000000000000011100011000000000011111111111111111111111111001101000010001111111011011011100111111110110111111001111111101101001010011111111011010011100111111000110000001000111111111101111111011111111111011111111111111100110100001001111110001000000000001111000010000000000001
-5312276481858626690,20,meet_semilattice,1011100111010111111111111111111111111111001110011101011111110001000111000010111000011001110000111110101111111111111111111011101111111111111100000001000000100100000000011000001011100000000111000010111000111001111101111111000110011101011111111011100111111111111100011001110001111111000000000000001000000000000110000011111000000000000000101100000000000000001001000000000100000010111000011001110000111111
5339918760820283872,20,meet_semilattice,1111110110011101011101010000100100010000001100001001000100000001000010000001000001111100100100010110011101001001000100001111111110011111111101111101100100010110000000001000000000001111111111011111111111111111101111111111000100001001000100000111110110011001011001111101100111010111111111011001111111110000000010000001000011111101100111011111001100001001000101000111010010010001011001111101100110010111
-168501312576105885,20,meet_semilattice,1001011011010110111111111111111111111111101101101111011111110001000000000010010000011110110101101111000101001000001001000001011011000010111110111111111111111111000100001000001001000001010011000010111110010110111101111111000101101101001011111011111011111111111100010110110101101111000000000000001001001001011011010111111100010100100000101110000000000000000001000001000010000010011000010100100000101111
-8082767152626664391,20,meet_semilattice,1000000000100100000111101000001001000001101010000010010000011111101111111110110110001000001001000001111111111111111011111000001000100100000111101011101111100101111010101011111001011110101111111110110100000000001001000001111010100011111001011110101000101110000100000000000001000000111010100010011000011111111111111111111111101011101111101101111010100010111001011111101111111110111100000000000001000001
3689231949036130805,20,meet_semilattice,1101000001000011000001000000010000110000111110000100001100010101000001000011000011011000010000110000111111110111101100011111101101111011000111011001010000110001111111111111101100010000000001000010000011111000011000110001110110010101001100011111100101101011000111111111111111110111000000000000001000000000000001000011000011111111111111111111111111111111101101011111111111111011001111011000010000110001
-2545530038631346199,20,meet_semilattice,1010010011111111111011111101111111111110001001000110101011101011110011111111111010101100111111111110000001000000101011101011111111111111111010111101111111111110001001001110101111100000010001001010111000000100011010101110001001001111101111100000000000001010010000100100111011111110000000000000001001000010010001101011111000000000000010101110000000000000000001000000000000001010011010111111111111111111
-8328456508653888368,20,meet_semilattice,1101011110010011001001000110000000010000111111111101001100110101011000000001000011011111110100110011000001100000000000000000001000000000000001010111000100010010010101111001000100101101011111010011001111111111111100110011010101100001000100001111111111111011001111111111111111110111010101111001001100100000011000000001000011111111111111111111111111111111101101110101011000010001001001010110000100010011
1431480296668774094,20,meet_semilattice,1101010011010100001001000000000101000010111101001111010000100001000000010100001011111110111111000010010101001101010000101111011011111100001011111111111111100011000100001001010000100001000011010100001001010100111101000010000000000001000000001111010011111100001000000000000101000000111111101111111000111111111111111111001111111111111111111011111111101111111001110000000000010100001011111110111111000011
283745845128206920,20,meet_semilattice,1110010110010001101001000001000000000010011001011001000110101111111110010001101011101111100100011010010001010001000000101110011110010001101000000001000000000000010001011001000000101111111111111111111011111111101111111110010000010001000000101111111110011111111011111111100101011010111111111001011111100100000100010001001001000101100100011010111111111001010111100000000100000000001011111111111111111111
-2148988036392105182,20,meet_semilattice,1001001000000000000011110011111111001101101100110111010010010001001000000000000010111011111111001101111111111111110111010000001000000000000010010011011100001001101100111111010011010001001001010000000000010010011100000000000100100001000000001011001111111100110110010011011101001001111111111111111111011111001111111101110100010010011100001000101100110111010011011111111111111111111100010010011100001001
-9118869328979033235,20,meet_semilattice,1000000000010000000111010010000101000001111111110111111110111001000000010100000111011111011111111011110101110001111010011001001000010100000111010011000101000001110101111111111110111101011101111111100111010111001111101001000000000001000000011101001100011100100110000000000101000001110100110001111010011101011100111111100111010010000101001001110111110111111111111101011101111111101100000000000000000001
8321754144981616375,20,meet_semilattice,1011000110010000100011111001110110011000001100011001000010000001000010000000000000111001100100001000111111011101100111001111111111111011111000010001100100001000000000001000000000001011100111011000100011111101111110111110000100001001000000001011000110011000100011111111111111111110111110011101101110001011100111011001100000010000100100001000111110011101100111001111100111011011111011111001110110111111
7354556013547364097,20,meet_semilattice,1111111100000011111001010000000000111000011101110000001110100001000000000011000001111111000000111010000101000000001100000101011100000011101001010001000000111000011101111000001110100111111111000011101011111111111000111110111111111111011111101111111111111111111011111111111001111110000000000000001100000000000000000001000000010000000000111000011111110000001111100101010000000011101011111111111000111111
-6593499758959930068,20,meet_semilattice,1000001011000000000011000010110000000000111110101100010000101101101011000100001000001010110000000000111111111111111111110000001011000000000011111011111111110010000000001100000000000000000001000000000011111010111101110010111110101101010000101111101011011110001011001010110001000010111110101101011000101111101011010111001011111011111111111111111110111111111101111000001011000000001011111011111111110011
-2904876265705651843,20,meet_semilattice,1111110110111100111101111101100010001101001000000000000000000011100000000000000100101000000000000001001111001000000011011111111110111100111100111101100000001101001110001000000000011111111111111101111101111101101110001111011111011001100011110011100000001000110101111101101111001111111111111111111111111111111110111101111100111000000000001101001110000000000001010111110110001000111100100000000000000001
4317928390193291718,20,meet_semilattice,1111111111111111111001111111111111111110001000000000000000000011100000000000010000101000000000000100001111100001101111000011101000011010110000111111111111111110001111101011111111100011111011111111111000111110001111111110001110000001000001000011100000011000110000111110000111111110001110000001101011000011101000011011110000111000000100001100001000000000000001000011111000011011111011111111111111111111
-8699692685784982967,20,meet_semilattice,1010000001110101000011101101011101010101001000000110010100001111111111111111111110101101011101010001101001010111010100011110111111111101011110100001011101010000111011011111110101110000000001100100000000000000001000000000001000000111010100001110110101111101011100000000001001000000111011111111111101110000000001100101000011101111111111111111101011010111010101011110110101110101011110100001011101010001
-6687603501326037670,20,meet_semilattice,1010100100001100000111101101111111011111001010010000110000011111111111111111111100001000000000000000101011011100110100011110111111111111111100001001000011000001101010011000110000011010100111001100000110101101111111011111101010011101110100110000100000001000000100001000000011000001111011011111111111111010100111001101000110101101110111011111101011011101110101111010100111001101001100001000000000000001
-6354610963537909877,20,meet_semilattice,1110111110010000111101100011100000000010001000100000000000001111111110011111111101101011100000000110011011111000000001100000001000000000000000000011000000000000000000101000000000001110111111011111111111101111101111111111011011111001000001111110111110011000111111101111100111011111111011111001111111111110111110011001111101101111100100001111011000111000000001100000001110000000001001101111100000000111
-6949222883013886850,20,meet_semilattice,1111111011011111111001111000100000000010001000000000000000000011100000000000000000101000000000000000011111101101111111100111101010000000001011111111110111111110001010001000000000000111101011000100001011111111111111111111011110101101010011100111101011011100111001111010100001000010011110101101111111100111101011011101111001111010110001001110011110101100010001100010100010000000001011111111110111111111
-8688726494259671445,20,meet_semilattice,1011111111111110111101111111111111101111001000000000010001100011101001000110011000101000000001000110001111110101011001100010001001000100011000111011010001100110001111111101011001100000000001000100011000111111111101101110001110110101011001100011111111111110111100000000000001000110001000100100011001101111111111111111111100111111110101101110000000000000000001100000000000000000001000111111111101101111
-9067660775079488533,20,meet_semilattice,1000000000000000000111111011110111101101101110111101110011011001001000000000100110011011110101001101111111111101111111011000001000000000100110010011110101001001100000101000000010011001001011010100100111111111111111111101100100101001010010011001101111011100110110010010100001001001101110111101111011011111101111011111110100000000000000001001100100111101010011011111111111111111111100000000000000000001
3160494134588057697,20,meet_semilattice,1010000000101000110011110111101110011101001000000000000000001011001000101001110010111110101110011101101101101011100111011010001000101001110010110111101110011101101100101010100111001011111111111001110100100000001010001100101100101011100111010010000000001000110010111111111111011101101111111111101111111010000000101001110000100000000000001100001000000000000001001011111111111001111110110010101010011101
5842447708253010524,20,meet_semilattice,1001010001000000001011011111111111011010101111111111110111100001010001000000001010011110010101000010000001000000000000001001011001010100001010011111111111011010100101101101010100100000010001000000001010011110111111011010100101000101010000101001111001011100001010010100010001000010111111111111111111111001011001010101001010011110110111011010100111111111110111100000010000000000001010111111111111011111
-4384641235987588781,20,meet_semilattice,1000100100000000000011001001001000001000111111111111101111111101111111101001101100001000000000000000110011010110000110011100111101100001100100001001000000000000110011011110000110011100100101100000100010001001001000000000110111111111100111111100111111101001100111011111111111111111110111111111101111111100100101100001100110001001001000001000110011111110100111111100111111101001101111001001011000001001
2724528498233720874,20,meet_semilattice,1010110010000101000111111111111111010111001011001000010000011011111010111101010100001000100001000000000011001000010000000010111010010100000110101111101111010101000000001000010000001010111111111101010110101110101101010001001011001001010000011010111010111101000100000000000001000000111111111111111111110010110010000101000111111111111111011111101011101011110101011011111110111101011100001100100001000001
-6397706758872997604,20,meet_semilattice,1011111101100000001011111111011010101010001000010010000000000011000100100000000000111001001000000010001111010010000000100011111101100000001000000001001000000000111111111111111111110011110101100000001000000000001000000000111111110111101011111011111101101010001011111111011111101111101111110110001000101111111101111111111110111111011010101010111111110110101011110011000100100000001010111111011010101011
8206467011083529497,20,meet_semilattice,1111111111111100111101000001000000000000011010010010100000000111110110101100100101001001001010000000011011010010100000000111111110111100110100000001000000000000011011011010100000000111111111111100110101000001001000000000011111011011110010010100000100101000000001101101101011000001011111111111111011010111111111111111111101101101101011001001011111011011110011010111111111111100111101101101001010000001
3096654869500700602,20,meet_semilattice,1111100100110001010101111001001100000101001000010000000001000011000100110000010100111001001100000101111111110111011101111111101100110001010100000001000000000100111111111111011101111111101101110001010100100001001000000100001000010011000001011111111111111111011111111011011101010101111110110111011101110111100100110001010111111111011101111111000000000000000001001111101101110101011100100001001000000101
937270275855085113,20,meet_semilattice,1000000010000000000011000011111000101101111000111110001011011111001111101010110111101011111010101101111011111110101011011000001110100000110110000001100000000000000000001000000000001000001111100000110110000001101000000000111111111111101011011110001111101010110111111111111111111101100000111110001011011111111111111011110110000001101000001000100000011010000011001111111111111111111110000001101000001101
1986694742090559419,20,meet_semilattice,1100100101101100111001000000011001001100111010010110110011101111111111101101111101001001011001001100110011110110110111111100101101101100111100000001011001001100110011111110110111110000000001100000000000000000001000000000111111111111111111110100100101101100110000000000011001000000111111111110111111111100101101101101111100000000011001001100000000000110010001000100100101101100111001001001011011001111
7106059318994568505,20,meet_semilattice,1011111100111101110111111111101111111111001000000000000000010011001000000100000100111011001111001101001111110011110011010010001000000000000100110011000101000101101111111011110111011011111111111111110100110011001101000101001100100001010000010011001100111100110100100010000001000001101111111011111111010011111100111101110100110011001101001101001100100001010001011011111110111111111100000000000000000001
-5679370251312752657,20,meet_semilattice,1000000000000000000011010011000000000000111101111101011100011001001000000000000011111111110111111101110101110101010100001000001000000000000010010011000000000000110101111101010100001101001101000100000011111111111111111101110100110101010100001111011111011111110110010011000001000000110101111101011100011101001101000101000011110111110101111001111101111101011101011111111111011111111111010111110101010001
1631734544748450328,20,meet_semilattice,1110001110011110110101100011100001101101001000000000000010001111011111111111111111111111111111111111011001111001011011010010001100000000100100100001000000001000001000111000000010011110011111011111111111100111111111111111011000111001011011010110001110011110110100100011100001101101001000111000001011011110001110011111110100000000000000001000001000111000000011010110011110010110111100100001000000001001
-4341566461187411543,20,meet_semilattice,1000001010010000000011000010100100010000111011111011100100101111111111111001111011001111101110010010110001111011100100100000001010000000000010000011100100010000000000001000000000001110111111111001001011000011101100010000000000101001000000001100001110111001000011111111111111111111111111111111101111101000001010010001000011101111111110011010111011111111100111101100001110111001001011111111111110011111
8089118376679693150,20,meet_semilattice,1100010010111110101001000000000000000000111001001011111010101111010010111110101011101100101111101010010001000001000000101111111010111111101111111111111111111111010001001011110010101111111011111111111101000100001110000010010000000001000000100100010000011000001001000100000111000010010001001011111010101110110010111111101001000100001111001010111111101011111111110100000000000000001011111100101111101011
-3557309841336172152,20,meet_semilattice,1000000000000001000011000000000000010010111100000110100100101101000001000001001011111010011010010010111111100110111101111111001001101001001011111111011011110111111111101110111101111100000001000001001011010000011000010010111111111111111101111101000001101001001011111010011011110110111110100110101101100000000000000001000011111110111011111111111110100110100101101000000000000001001011111010011011110111
5631209836876980440,20,meet_semilattice,1111110111011111011001111101110111110110001111010001100000100001000000011000000000011101000110000010000101010001100000101111111111011111011000010001000110000010000101011001100000100011110111011000011011111111111111111111000000000001000000000000000000011000000000111101110111110110001111011101101001100011110111011011011011111111110111111111000111011001100001100001000000011000001011111111110111110111
-5696143861705105254,20,meet_semilattice,1110011111000001000101000100000000000001011001111100000100011111011111101001010111111111111111111111000001000000000000000100011111000001000101000101010000010001010001011100000100010100010001000001000111100111111010010001111101111111111111011110011111001001000111110111111011110101111101111110101101010100010000000001000111110111111010111101111001111110100101011111011111111111111100000100000000000001
2335080947132305142,20,meet_semilattice,1000000100000100000111000001000101110001111011011011111111111111111111111111111111001001000111110011110011010001111100111110111110111111111100000001000000000000110011011001111100111110110111111111111111001101101111110011100000010001011000011100000100011111001100000001000001000001100000010000011000011000000100010111000111001101100111111011110011011001111111111100000100010111001100000001000000000001
-8249542305189161538,20,meet_semilattice,1000101110111101101011101111111111111011101010111011110110101111111111111111101100001001000110001010101011111111111110110000101110111001101000000001000000000000000010011001100010101010101111111111101100001001101110001010000000010001000000000000000100011000000000001011101111011010101010111011111110100000100110111001101000000001000100001000111111111111111111110000000100010000101010101011101111011011
4992009784485768688,20,meet_semilattice,1011110011111101111111111100111111011111001111001111110111110001000000101100101000011100111111011111000101001011110010101111111011111101111111111111111111011111000100001010110010100001000011111101101000000000001011001000000100001011110010100000000000001000000000000000000011001000111111111111111111110001000010111101101000000000000010001000000101001111110111110000000000101100101000010100111111011011
-8258844511636917885,20,meet_semilattice,1111101101000010011001110000000000000000001000000000000000000011000000000000000001111000000000000100111111111111111111110111101101000010010001111001000000000100111110111101001101100111100101000000010011111011111100110111111110110101001001101111101111111111111111111011111101110111011110010100001001001111101101010011011011111011111101111111011100000000000001000111101101000010011011111011010100110111
6565628124222116924,20,meet_semilattice,1011111111111111111111111111111111111111001001000010000000000011111000100101100000101100001000000000000001000010000000000010111000100000000000111111111111011011001111101011010110000011111011111101101100000000001000000000001111100011010110000011111010111101100000101110001001011000001111111111111110110010111000100001100000101110001000001000001111111111111111110011111010110101101000111110101111011011
-727608956810048480,20,meet_semilattice,1101010110110111110101010000101100001000111111111111111111110001000010110000100011011111111111111111010101001011000010001101011111110111111101010101101100001000000000001010000010001101010111110111111100000000001000001000000000001011000010001101010111111111111101010100101101001000010101011011011011000101010110110111110000000000000000001000010101001011010011001101010110110111111101010101101101111101
-9135337374203408568,20,meet_semilattice,1000000010111001010111000100101111011101111101111011110111011101011110111101110111111111101111011101100001001011110111011100011010111101110111000111101111011101000000001010100000011111111111111111111100000000001000000000000000001011100100010000000000101000000110000000101111011101111101111011111111010000000010101001000110000000101110011101000000001010100101011111011110111101111100000000001000000001
3478065800622879564,20,meet_semilattice,1101101010111001111101000000000100000000111111101111111111110101000000011000100001011000001110011100110111101011110111110101101000111001111111011111111111111111010110101011100111111101111011111101111101010000001110011000000000000001000000000100000000011000000011011010101111011111110111101111111111110101000000011001100001000000000110001000010100000011100111000101100000111001111101011000001110011101
-8942219051899028350,20,meet_semilattice,1111111011111101111101000000000000000001011000000000000000010111100000101001101101101000000000001001011111101110100111110111101001101001101101111111111111011111011110101110100111110110100001101001101101101000001000001001011111101111100111110110100000101000100101111110111111011111011111111111111111110110100000101001101101000000000000001001011010000110100111110110100000000000101100000000000000000001
-1430814538441594321,20,meet_semilattice,1010010000000000000011111111111010111111001001000000000000001011010000000000100010111111111010101111000001000000000000001011011001001010111110110111111010101111101101101100101011111011010001001000111110110110111010101111111111111111101111111011010000001000110111111111111011111111101101000100101011111011111111101011111110100100000000001000101001000000000011001011010000001000111110110100000000001101
1828396757893602482,20,meet_semilattice,1001101100100110100011011111111011101111111111111110111011110001001100100010100000011011001000101000100111110010011010000000001100100010100000000001001000101000100111111010011010001001111111100110101000000000001000000000111111111111111111111001111110101110101000011011001001101000000000000010001000001111111111101111111100000000001000001000100111111110011011101001111110100110101010011111111011101111
-185600830099445188,20,meet_semilattice,1001100100000000001111011001000101100111111111111101011001110001100100000000001000001001000000000000110111010001011001111101111111010110011100000001000000000000110111011101011001111101110101010110011111111111111111100111000110010001000000101111111111011110011110011001000101000111100110010001001001111111111111010111011111111111111111101111100110010001000001110000100100000000001000011001000000000011
-6762683677104653243,20,meet_semilattice,1101000101000000100101010000000000001001111101110110101111010001000000000000000011111111011010111101110101110110100111011101001101000000100100010001000000001001111111111111111111110101000101000000100101010001011010001001111111110111111111010101000101001000100111111111011011111101110100110110101111011101001101101001100100010000000000001000110100110110100111011111111101111111111100010000000000001001
8233820015738386486,20,meet_semilattice,1100000001001101000001000000010000010000111111111111111111011101100101001101010011001001010011010100110111111111111111011101101111111111010111000001010011010000110110011100110101000000000001000000000011011001111011010100110110011111110101000100000001001101000000000000010001000000110110011100111101000000000001000001000011011011111111111101110000010100110101001101100111111101011111011001111111010101
1090406206129642009,20,meet_semilattice,1000000000010010110011001001000100101100111110110001001011101101100100010010110000001000000100101100111111111011011111111101101100010010111010001001000100101100111110111001011111111111101111110111111111111011101101111111000000000001000000001111111111111111111111111011000101101111000000000001001000001111101100010111111100000000000100101000000000000001001011001101100100010010111011111011000100101111
-8813501644394307486,20,meet_semilattice,1000101011110110001111101010111111100011101010101111011000111111101111111110101100001010000100000010111111111111111110110000001000000000000011101011111111100011000010101111001000100000101001110000001000001010001100000010000000100001000000000000101011111110001100001010111101100010000010100111001000101111101111111111101111101011111111101011111111111111111111110000001000010000001000001010111101100011
3498551416168644292,20,meet_semilattice,1111001111111111101001100011111111111010001000000110000000100111001111111111101011111111111111111010111101111111111110100010001111111111101000100001011000000010001000001110000000100000000001100000000000000000001000000000001000011111001000100010000111111111001000100001111101110010001000011110001000100010000111110011001000100001111111111010111111111111111111110000000001100000001001110011111111111011
539915479970629444,20,meet_semilattice,1000010011001000000011011101110011011010111111111111111111111001010011001100000010011100110011011010000001001100100000001101111111101111101110011101110011011010000000001000100000000000000011001000000011011101111011011010110111111111111111110000000000001000000000000100110011000000110111011110111110111001010011001101000010010100110011011000110111011110111111111001010011001101101011011101111011011011
-3831317691788649073,20,meet_semilattice,1000001000000100110011110111111101111111101001111010011111001011011111110111111011111111111101111111100001110000010011000000001000000000110010000011000001001100100001111000010111001010011111100111110010000111001001101100101001111111011111001111111111111111111100000010000001001100100001110000011011001000011100000101110000000000000000001000000000000000000011001010011111100111111010110111111101111111
-999879999519731874,20,meet_semilattice,1001001000000000110011111110101110111111101111101011101111110001000000000000100010011110101100111101100101100001000111000000001000000000100011111111111110111111100101101011001111011011111011111011111110010110001100111101100100100001000111001001011010111011110111111111111111111111100101100001001111001001001000000001110000000000000000001000000100100000000011001001111010111011111110010110000100111101
6178241782808519463,20,meet_semilattice,1101100111110011011001001001111000110110111111111111111111110101100111110011011000001000110000000010110111111111111111111101101111111111011100001001111000100010000000001100000000000000000001000000000000001000111000000010000010011111001101101101100111111111011111011001111101110110000010001110001000100000100011100011001011011011111111111111000010011110001101100000000011000000001011011001111101110111
6540809789689686882,20,meet_semilattice,1010010001011001111111111101011110011111001000000100000000001011110001011001111110101100010110011111001001000101100111111111111101111001111110111101011110011111111111111111101111110000000001000000000010111100011110011111001000000101000000110010000001011000011111111111111111111111111111110111101111110010000001011001111100100000010100001111001000000101000001110010000001000000001000100000010000000011
6993327367786442387,20,meet_semilattice,1000100000000000000011111011001111001111101110000000000000101001100000000000001000001000000000000000111111111011110011111011101100111100111110111001000000001010111110111011110011111111111111111110111110111001001111001011101110010001110010101011100100001000101010111001000011001010111111111011111011111111111110111111111100001000000000001010101110010011110011110000100000000000001010111001000111001011
-193417287720431295,20,meet_semilattice,1111111011011111111101111010110111110111001010000000000000000011101011011111011100001000000000000000011111101101111101110010101000010011000011111111110111111111001010101101001101110010101001010011011111111110111111111111001010000001000100000010101011011111011100101010010101110111001010000001001100000010100000000001000001111110110111111111001010100001001101100010100000010001001000101010000100110111
6039108181731795314,20,meet_semilattice,1000000001100000000011110010011000001000101000000110000000001011000001100000100011111010011000001000111101100110000010001011001001100000100011111111011101001100111111111111110011000000000001000000000000000000011000000000111110100111010010001111111001111100110011111010011001001000111111111111111011001111111111111101110110100000011000001000111111100111010011001111111111111110111111111111111111001101
-7878591495575079770,20,meet_semilattice,1000000100111000000011110011111111111111101100111011111011111001000100111000100011111111111111111111101101111111111011111001001110111110100000000001001110000000100100011011111010001011001111111110111100000000001010000000000000000001100000000000000000001000000010010001001111001000100100010011111010001011001111111111111110000001001110001000100100111011111011001001001110111110111010010011101111101111
-537260624730773622,20,meet_semilattice,1010000000100000100011110111011010111101001000000000000000001011001101100001110111111111011010111101101101110110100111011010001101100001110110100001011000001000111111111111111111110010000001000000100000100000001000001000111111110111101111111011001101101001110111111111011111111111101101110110101111011010000101100001100000100000000000001000101000010110000111011111111101101011111110100001011000011001
9044870628643253812,20,meet_semilattice,1000011000110000000111010110001100001001111101100011011010011001011000110000100111111111001101111101000001000011000000000000011000110000000111110111001101101101111111111111111111111111111101111111111100000000001000000000000000000011000000001111111100111111110111010110001101101001110101100011001010011111011100110111110110000110001100001001111101100011011011011111111100111111111100000000001100000001
-7164377192770969808,20,meet_semilattice,1101011000000111000001010110000001010000111111111101111101100001010000000100000011011111110111110000000001000000010000000001011000000101000011010111000001110000110101111000011100001101011111000111000011011111111111110110110101111101011100001101011111011111000000000000000001000000010101100000011100000001010000000101000011111111110111111111110111111101111101001101111111011111011011111111110111110111
-6026474638680453442,20,meet_semilattice,1011100100111010101011111001101110111111001110010001001000100001000000000000000000011000000000000010111111111011101111111111101110111011111100011001000100100010101110011011101110101111111111111111111100111001001110101010000110000001001000100011100100011010001011111111101111111111000110000000001000101011100100111011101000111001000110101010101110011011101111110001000000000000001010111001101110111011
-8960583171092854918,20,meet_semilattice,1101110001000111111101000000000000110000111111000110011111110101000000000011000001001000000000110000010101000000011110001111111111101111111111111101011001111111111111011110111111110101110001000111111011011100011001111111111111111111111111110101110001001111111101010000000001110000000000000000001100000000000000000001000001010000000000111000010111000000011111000101110000000111111001011100010001111111
-666609956815891565,20,meet_semilattice,1111111111111101111101101000100011011011001000000000000100100111110011001101101100101000000000010010011011001100110110110111111011001101101101111111110111011111001010001000000110110110100011001101101101111111111111011111011111101101110111110010100010001101101100101000000001010010011111111111111111110000000000000001000000101000000000011011011111101100110111110000000000000001001000100000000000010011
-5874660620603234260,20,meet_semilattice,1111101111111101111101001001110011000010011010011110110000100111101111111101011100001001110011000010011111111111110101110110101111101100001000000001110011000010000000001000000000000000000011000000000000001001111011000010011010011111110100100000000011001100001000000000110001000010111111111111111111110110100111101101001001111011111111011111011010111111110101100000000011000000001001101011111111010111
394510772163012277,20,meet_semilattice,1110110110100110101001101101001001101010001011010010000010001111111110111111111000001001000000000000000011010010000010001110111110111111111000000001000000000000011011011010011010101110111111111111111000001001001000000000111011011011011011101110110110101110101000101101001001001000001011010010011010001110110110101111101000001001001000001000111011011010011011100010110100100110101011111111111111111111
8894889100148811111,20,meet_semilattice,1011110110000001110111111101110010111111001011011000000110010011110110000001100100001000100000000001000011011000000110011111111111001011111100001001100000010001000000001000000000011011110111001011111111111111111111111111111111111101101111111011110110001011111111111111110111111111101111011000001111010000100010000001000100001001100000011001001111011000000111011011110110000011111100000000000000000001
-2780435428956912991,20,meet_semilattice,1000000000000000000011001010110101011000111111101101111110101101111011011111101010001000000000001000110011101101110110001000101011010001100011011111110111111010100010001101000110001000100001010001100011001110111111011000100010000001000110001100101011011101100010001010110101011000110011101101111110101000100000000001100010000000000000001000111111101101111111101100111011011101101011111110111111111111
151221821121983851,20,meet_semilattice,1111010111101011111001110101111000110110001000000100000001000011000101000001011011111101111010111110001101010110001101101111111111101011111100100001010000010100001101011110001101100000000001000000010000100000011000000100111111111111111111110111010111101011011011111101111011111110001100010110001101100010000001000001010001110101111010111110000000000000000001000000000001000000011011111101111010111111
-5809125381302756171,20,meet_semilattice,1000101000000010101011111110110111111110101010101100001010101011101011011111111000001000000000000000101011101101111111100000101000000010101011111111111111111110100010101100001010101000101001000010101011111110111111111110101010101101001111101010101011011111111010101010110101111110000010000000001000001010101011000011101000001000000000101000101010101100001111100000100000000010101011111111111111111111
-6727576094813895954,20,meet_semilattice,1111101011111111111101011000000010010011001010000000100000100001100000001001001100001000000010000010111111101111111111110111101000001101001101111011111111111111011110101000110100110111101011011101011101111010111111111111011110101001110100110000000000001000001001111000000011010011011110101101111101110000000000001001001001111010110111111111011110101001110101110000000000000000001000001000000010010011
6613589949535765704,20,meet_semilattice,1111111001111110111101100000010001000000001000000100010000000111000001100100001001111000011001100010011111100111011000100111101001110110001011111111011111101111111111111111111111110000000001000100000000100000011001000000011110000111011000100111111001111110001000000000000001000000011100000110011000101111111101111111111101111110011111101010011111100111111001110110000001000100001001111110011111100011
4770980149598016847,20,meet_semilattice,1111111101111111111101100100000110100010001001000000000000100111111101111111111101101111011111111111000001000000000000000110011001111111111101100111011111111111111111111111111111110110010001111010101001100100001110100010001001000001100000100010010000001000001001100100011111111011001001000001101000100010010000011001001001100100001110101010011001000111111111110000010000000000001001100100001110111011
4065118807859568894,20,meet_semilattice,1011110100101110100111111111111111101111001100000000000000000001000000000000000000111101001011100000001101000010110000001011111111111110111100110101001011100000101111011011111011011011110111111110110100110000001011000000101111010011111011010011000000001000000000110000000011000000001100000000111000001011111111111111111100111101001011101001101111010010111011011011110111111110111100111101001011100001
5075897425875924632,20,meet_semilattice,1111011101110001011001000010000000010110011000100000000101100111011101110001011011111111011100010110011001100110000101100000001000000001011001100111011100010110111101111111010101100110001001000001011001100010001000010110011000100011000101101111111111111101011011110111011101010110111111111111111101100000000000000001001011111111111111111111000000000000000101100000000000000000001011111111111111110111
7288768617995708599,20,meet_semilattice,1111111101101111111101100111000010000001001001110000100000010111011100001110101101111111000011101011000001110000000000010000001000000000000100000011000000000001111111111110111111110111111101001110101101111111011011101111111111111111111111110000011100001000000101100111000011100011011001110000101000010111111101101111111101100111000011101011011111110100111011110110011100001010001100000000000000000001
7057060488814354050,20,meet_semilattice,1000100000000000000011001000000000000010111011111010111111111101111110101111111100001000000000000000110011000000000000101100111010101111111011001111101011111111110011001010011111101111111111101111111111001100001000000010110111111011111111111100110000101111101011001100001001000010110011000010011010101100110000100111101011001100001001001010110011000010011111101000100000000000001011001110101011111111
-4743633028208205509,20,meet_semilattice,1001000000000000001011111111111011001011101110011110000010110001000000000000000010011001101000001011101111011110000010111001101111100000101110010001100000000010100100001000000000101001100111100000101110010001101000000010101111111111111010111011111111101000101110111111111011001011101111111110111010111111111111111111111110010001101000001010111111111111111011110001000000000000001010010001101000001011
558454774767043800,20,meet_semilattice,1010100001101101100111111111111011011101001000000000000000001011100111101101100100101000000010010000101011011110110110011011101111101101100110101001111011011001001010001110100110010010100001001001000000101000011010010000111111111111111111110010000000001000000000101000011011011001111111111110111111010010000000001001000000101000011010011000101111111110110111011111111111101111111100101000011010011001
7414913986358210930,20,meet_semilattice,1000010100101110001011000101001011100111101001010010111001111111010100101110111111111101001011101111000001000010000000001111111111101110111100000101001000000000111111011010111011111111110111101110111100000000001000000000111111111111111011110000010100101010001000000101001011100010000001010010001000001111111111111111111110100101001011101111100001010010111001100000010100100010001010000101001011100111
-2432019274722083165,20,meet_semilattice,1101111101010011100101001000000100000000111111111101111111110101100000010000000000001000000100000000010111000101000010000101111101010000100101011001010100001001110111111101001110010101100001010000100011111111111111111111000000000001000000001101111111011011100111011111110111111111010111110101001010010101111101010011100101011000000100001000110111111101101111011101111111011011101101011000010100001001
-4872513707639162014,20,meet_semilattice,1110111111110011010001101011110100100000001000000000000000001111111111111011110100101011110000000000011011111101001101000010001000000000000000100011000000000000001000111000000000000010001111000000000001101111111100110100001010111101001000001110111111111011010011101111111111110100001010111100001000000110101111010011010011101111111110111101011010111101001001001111111111111011111111101111111110110101
-827198457034516622,20,meet_semilattice,1111111110001111101101100111100011111011001000000000000000000111111110001111101101101111100011111011001001111000100100110010001100000000000100100001000000000001001000111000000000011111111111101111111111111111101011111111111111111111111111110010001110001001001100100111100011111011001001111000101110110010001110000001001100100111100010011011111111111000111111110010001110000000001100100000000000000001
-5421753982120627005,20,meet_semilattice,1001000100000001000011110001000010010010101100010000000100000001000100000001000011111001110111110010111111011101111100101111001111001111001000000001000000000000111100011000111100101111000111001111001011111011111111110110111100011101111100101011000100001001000011110001000011110010111100010000101100100000000100000001000011111111111111111111111100010000111101101011000100001001001011111111111111110111
2672635365089433106,20,meet_semilattice,1101111111110111111101000001110100101010111111111111011111110101110111010110111001001101110101101110010001011101011011100101111111010110111000000001010100001010000000011101000010100000000001010000000001011101111101101111000000000001000000000101111111111111111101000001110101101110000000011101001010100101111111110111111100000000010100001000010000011101001011100000000001010000001001011101110101101111
137644252162566013,20,meet_semilattice,1110111011101000111101001110001000000110011011101110000011101111111111101000111100001010001000000110000011100010000001100000001000100000001011101111111010001111010011101010000001100100111011100000111000000000001000000000111111111111101011110100111011101000111111111111111111101111111111111110101011111111111111111111111101001110101000001110000000000010000001100000000000100000001001001110111000001111
-2161321731317684199,20,meet_semilattice,1011100100100011101011111101001000111010001000000000000000000011100000000001000000101000000000000000101111010010001110101111111111101111111000111001001000110000111111011010001111101111110111101111111000111000001000010000111111111111111111101111110110101011111011111101101011111110001110000010001100000010100000000001000000111001001000111000111111010010001111100011100100100011101011111111111011111111
-3364821369918106644,20,meet_semilattice,1111000001011000100101110000010110001001001000000100100010010011000001011000100111111101111111001111111101011111110011111111111111111101111111110001111111001111111100001101100010010000000001001000100111110000111111001111001000000101100010010000000000001000000011110000110111001001111111111111111111111111000011111101111100000000000010001000111100001101110011011111000011011100111100000000000010001001
-3550486663956358697,20,meet_semilattice,1011110110100001100111111101111111111011001111011010000010010001010010100000000100001100100000000001000001000000000000001011111111111111101100011101101000000001000001001000000000001011110111101111100100000100001000000000101111011111111110111011110110101001100110111101101001011001101111011010101110010001110110100001000100011101101000001001111111111111111111111011110111101111101100000100100000000001
1825240897150263269,20,meet_semilattice,1000000000000000000011010101000001000000111101010100010000001001000000000000000011111111110111000111100101000000000000001111011111011100001110000001000000000000111101011100010000001101010101000100000011111111111111000111111101011101110000111111010111001100001110010001000001000000111111111111111001111111111111111101011111111111111111101111111101011100110001111111010111000100001011110101110001000011
7935175359582716839,20,meet_semilattice,1100010111011000011001000101010010000100011001010100100001001111010111011000011011111111111111010111000001010100100001001111011111111101011000000001000000000100010001011100100001000000000101000000010011110101111110000110010001011101100001000000000101001000010011110101111111010110111111111111111101111111010111111001011011111111111111011111000000000000000001000100010111011000011011110111111111010111
-132021989760835560,20,meet_semilattice,1000001010000000110011000010100000001100111111101111111111101101011010000011110011001110100000101100000001101000000001000000001000000000000011111111111111111110000000101000000001001101111011011111110011011110111111111100110111101001111111001101011010001011110011010110100011111100110001101000001011001100011010000011110000000010100000001100000000100000000001001101111011111111111011011110111111111101
8790761741640264867,20,meet_semilattice,1100110111100011001001001101101000110010111111111111111111111101111111110011011000001001101000100010000011011010001000101100111111110011011000000001001000000010000000011010000000100100110111100011001000000000001000000000110011011111001101101101111111111111111111011111111101110110000000011010001000100000110110100011001011011111111101111111110011011110001101100000000000100000001011011111111101110111
-6267551218048459950,20,meet_semilattice,1111111110100111111101111111100001111111001000100000010000100011111110000111111100101111000001001111001001110000010011110000001000000000000000100011000001000011001011111000010111111111111111100111111101111111101001111111111111111111111111111111111111101111111100000010000001000010001011111000011111110010111100000101111100100011000001001011001000110000010011110000001000000000001000100010000001000011
3239711558931361734,20,meet_semilattice,1111110110110111011101101100001101100011001011000010001000010111110000110110011100001000000000000000000011000000000000001111111110110111011101111101001101100111011111011011011101111111111111111111011100001100001000100000001011000011001000111111111110111111011100101100001101100011000011000000001000000111110000110111011111111111111111111111001011000011011001110010110000100010001100001100001000100001
-6612122149183024909,20,meet_semilattice,1001010111011001001101010101110110010011111111111111101100110001010001011000001011011111111110010011000001000000000000001001011111011001001100010101010110010010000101011101100100110000010001000000000010010111111110010011000001000101000000000000010001011000000011111111111111110111110111111111101100110001010001011001001011111111111111111111111111111111101101110000010001011000001000010101010110010011
8423811164207918432,20,meet_semilattice,1100000010001000000001000000000000000000011000001000100000001111101110111110010011101011100111100000111111111111111111101100001010001000000011100011100110000000010000001000100000001111101111111110010011101011101111100100111000101001100000000100000000001000000011100011100111000000111000111001111000001111101111111111111011111011111111101110111010111001111001001111101111111110011011111011111111111111
-7208637312458499079,20,meet_semilattice,1000001010010001000001000000100100000000111101111111110110111101011010010101100011111111111111011011110001101001000100000000001010010001000011010111101111011011000000001000000000001101011111111101101111010110101111011010000000001001000000001101011010011101100011000110100101010000111111111111111110110000000010000001000011000110100101011000111111111111110111111101011010011101101011010110101111011011
4549383496865187142,20,meet_semilattice,1110011111111101100101100111111111011001001001111101110110011111111111111111100111101111111111111001000001111101110110010000001011011101000100000011110111011001000000001101110100010000000001001100000000000111111111011001000000000101110000000000000000001000000000000000000011000000111001111111111110010000000001011101000100000010110111011001111111111111111111111111111111111111101100000000010111000001
-5821483012267886123,20,meet_semilattice,1111110111110111111101000101101100001001011101011111010010110001010111110000100101111101111101011011000001000000000000011111111111111111111100000101101100000001000001001000000000010000010111110000000100000100101000000001000001001011000000011111110111111111111101010101111101001011011111011111011110110111010111110101101100000101101100001001011101011111010111110101010111110000101100000000000000000001
6035641309739888403,20,meet_semilattice,1110010000000000000001100000000000000000001000000000000000001111111000100011010011101110001000110000011001000000000000001110011000100010000011111111011000110100111111111110001101001111111001100011010001100100001000000000111111111111001101011111111111111011010111111111111111110111111001000000001000001110010000000011000011111111111111111111111011100010001101001111111111111011011111111111111000110101
8073729347436182318,20,meet_semilattice,1000000000000000010011000111110111010100111101111101110101001101011111011101010011011111110111011100100001001000000001001000011111010100010010000101110001000100100000001000000001001000000011000100010011111111111111111111100001011101010001001000011111011101010010000000100001000100111111111101111111111000000010000101010010000111110111011100000000000000000001001111111111011101111111110111110111010101
921698904167777562,20,meet_semilattice,1000000000000100010011000000000101000101111000000001010001011111010110110100011111111101101101010111111001000011010001111111111111111111111111100101001101000111111001011011010001111111110111110101111111100000001101000111100000000001010001011111110111111101111100000000000001000100111111011111111111111111010110110101011111111101101101011111000000000000000001001110000000010100011110000000000001000101
-6407015407034515088,20,meet_semilattice,1011101111011011101111111111111110111011001000001100001100110011101011000011001100101000110000110011101111111101101110110010101011000011001100111011110100110011000000001000000000100000000011000011001010111111111110111011001110101101001100110011101111011011101110111111110111111011000000000000001000100000000010000011001000111011110100111011111111111111111111110000000000000000001000000000110000110011
-1688790854858905996,20,meet_semilattice,1101011101011100010101010111000110000001011101110101110000010001000000000000000011111111111111010111000101100000000000000001001000000000000000010111000000000001111101111101110001010101011101011000000111110111111111000111000101110001000000010001011100011000000101010111010111000001111111111111111111111111011111111101011111111111111111011111010101110101110001011111011111011100011100010000000000000001
-8300393820594880020,20,meet_semilattice,1001000111011001101011111111111111111111101111111111101110110001000000000000000010011111111110111011100101011101100110101001011111111001101100010001110110010010000100001000000000000001000011011001001010010101111110011011000100001001000100100001000010011001001010111111111111111111100101011111101110110001000010000001001000010001110110011010101111111111101111110001000010000000001010010101110110011011
4509088717116711006,20,meet_semilattice,1011111111110011110111111111111101111111001111111111001111010001100000000000000000001000000000000000000111100111001111010001101000010010000000011111111100111101000111101111001111010001101001110010010100011010001100100100000110000001001000001111111111111111111110111111111101111111000110000000001000000001101001110011010100011010011100111101000110100001001001001011111111110011111100011010001100100101
4972820641970405334,20,meet_semilattice,1110111011010001110101101110110000011101001001001000000110011111111111110111111100101110100000011001000001001000000110010010011010000001100101101111110100011101000000001000000000010010111011000001110111101110111100011101011011101101000111011111111111111111111111101111111101011101111011111111011111010000000010000001000100000000100000011001001001101000000111011110111111110111111100000000000000000001
-7763726566744039083,20,meet_semilattice,1000111001011111010111001110111111110111111111101111111111111101111011111111011100001110010110110101000001000000000000000000011001011000000110001111111111110111100011101101111101010000010001000000000010001110111111110101000001000101100000010000010001001000000000001110010111110101000001100101101000010000011001011011000111011110111111111111000001100101101101011000111011111111011100000100010010000001
8289784296056394979,20,meet_semilattice,1101001000111011110001010010001110111000111100110011111111000001000000011000100011111111011111111100111101110011111111000001001000111010100011010011001110111100111111111111111111111111011101111111110000010000001110101000000000000001100010000000000000001000100011010011001111111100000100000001101010000001000000011011100000000000000000001000010100100011101111001111011101111111111011111111011111111111
2214045343416230060,20,meet_semilattice,1111011010010110000101010010000101100001011100100001011000010001000000000010000011111110100101100001011101101001011000010001001000000010000011111111111111111101011100101001011000011111111011111111100111111110101111100001000100100001001000011111111010011110000100010010000101100001000000000000001000001111111010111111100101110110100101101001111111101111111111011111111111111111111100010010000000100001
-6953758315580247337,20,meet_semilattice,1000100000000000000011101011110111010101101010000000010000001111111111111111011100001000000000000000111011111101110101011010101111001100010110101001110001000100100010001000010000001010100001000100010011101111111111010111101010111101110101011010100111001100010010001000000001000000111011111111111101111010100111001101010011111111111111111111101010000000010001001110111111011101011110101001110011000101
-5368187880770317799,20,meet_semilattice,1011111110011111101111111111111111111111001101010000111010110001000000000000000000111111000111111011000101010000111010110011011100001110101100010001000001100010001111111001111110110011111111011111111100111111111111111111001101110001111010110001000100001110101000010000000001000000000100000000011000000011011100011111101100010000000000001000001111111001111111110001000000000110001000010001000011101011
-1069781254648633237,20,meet_semilattice,1011100111000110101011111011110001101011001100011000001000100001000000000010000000111001110001100010001111011100011000101011101111000110101100010001100000100000000100001000001000000011000111000110001011111111111011101011111111111111111111111111111111001110101100110001100001100010000000000000001000001011101111000111101100111001110001101010111111111110111011110001000110000010001010111001110001101011
8398465936530748019,20,meet_semilattice,1000000000000000000011100010111110011111101000101101000100111111111111111111111111101010111110011111111011111111111111111000001001000000001011101011111110011111100000101101000100111000000001000000001010100010111110011111100000100101000000111010001011011001011111101011111111111111111010101111101111111000001001010001001110100010110110011111101000101101000101111000000000000000001010000010010000000011
-753003962352239451,20,meet_semilattice,1000000100001000000011111101101111001100001000000000100000001011000100101000000010111001001010000000101111011011100011001111111111111100111000000001000010000000101110011010100011001111110111111100111010100001001010000000101110011011100011000000000000001000000010111101101111001100111111011111111011101111110111111111111010110001001010001000101110010010100011001111110110111100111011111101111111111111
-1227174611322140920,20,meet_semilattice,1000000001000000001011100110010010101110101000100100001011101111111111011011111111101111010110101111101001100100001011101000001001000010111011100111010110101111111011111101101011110000000001000000001011111111111110111111111001100101101011111010011001001010111011111111111111111111100000000100001001101110111111011011111110000000010000101110100000000100000001100000000000000000001010100110010010101111
4459584125904128249,20,meet_semilattice,1111010001111011000101000100001000100000011101000111101000010101010000101010000111111111011111110101000001000010001000001111011001111111010111110111011111110101111111111111111101010101010001101010000100000000001000100000010101000011101000010100010000101010000101110100011111110001000000000000001000000111010001111011000111111111111111111101111101000111101101011111111111111111111101000100001000100001
9128064068600982375,20,meet_semilattice,1111101111010111011101000010100001100000011010111001011100010111101111010111001101001011100001110000111111111101011101110000001010000110000001000011100001100000000000001000000000000100101111010111000111111111111101110111010010111001011100011111111111011111111100000000100001000000000000001000011000000100001110000111000011111111110101111111011110111101011101110100101110010111001101001011100001110001
5390498963933376767,20,meet_semilattice,1111111111100111011101101111111001110111001001110110011100100111111111100111011100101111111001110110000001110010010000100000001000100000001000000011001000000010001001111110011101100000011101100111001000000000001000000000011111111111111101110110111111101111011100000011001001000010000001110010011100100000011100100101001011111111111111111111001001110110011101100000000000100000001000101111111001110111
-3970096740108223681,20,meet_semilattice,1111001000001000001001100010000000000000001000000000000000000111001000001000000011111011100010110110111101101000111101100010001000000000000011110011100010110110111100101000101001101111111111111111111111111111101111111111111111111001111111100110001000001000000011110010100011110110111100100000101001101111001010001011011011111111100011111110111100100000100001100110001000001000001011111111100111111111
9189913960852158822,20,meet_semilattice,1000000000100001000111000000001000010001111000100010100100011111001001101001010111111010111110011101111111111111100111011100001000101001000111111011111110011101111100101111100111011110001001101001010100000000001000010001111000100111100101011100000000101001000111111111111111111111111110111111101111010000000000000001000011110010011110011101111000100010100101011111111111111001111100000000000000010001
-5978706988900979830,20,meet_semilattice,1111111111111111111101100000010010000000001000000100100000000111111111111110111101101111111110101001011001111111101000010110001111111010000101100001010010000001011000011100101000010000000001000000000001100001111010100001011000011111101000010000000001001000000001101111111111101111011000010100101000010110111111111011100101100011111110101001011011111111101011010110111111111010111101100000010010000001
6863484207638072703,20,meet_semilattice,1010011101100110010011110111011101100100001000110100010000001011011101100110010011111111111101110100001001110110010000000000001100000100000000000001000001000000111101111111011101000000001101000100000000100011011001000000101101110111011001001111111111111111010000000000000001000000001001110110011000001111011101110111010011111111111111111110001001110110011001001111111111111111011011111111111101110101
-2011664813623592148,20,meet_semilattice,1110000011000000011001000000100000000110011000001000000001101111111111111011111111101010111010100111111011111111101101111110001011100010011011101011111110110111000000001000000000100110000011000000011001100000111000000110111010101111101101111110001011101010011011101111111111110111011000001100001001101110001011100011011011101111111110111111000000001000000001100000000000000000001011100010111010100111
7773091372939542004,20,meet_semilattice,1010111111111111111111111111111111111111001011100111101110111011111111111111111100001000010000111010000011000101101110110000111001111011101100001001010000111010001011101111101111110000000001000011001000001000011110111011000010000101101110110000100001001011101000101111111111111111000000000000001100100000000000000001001000000000010000111010001011100111101111110000000000000000001000001000010010111011
7948417312475670282,20,meet_semilattice,1001001001101010010011010010011011100100111100100111111101100001000000000000000011111010011111110110111111101111111101110001001000100000000011111011111111110111111110101111111101100001001001100000000000010000001000000000110100100111111001000001001001101000000010010010011011100100000100100110001000001101001001111111010011111111111111111111000100100110101001001101001001111111011011111010111111110111
2466955403990576075,20,meet_semilattice,1111000011000000111001100000000000000000001000000000000000000111000000000000000011111110111111111110111101001101000011101111011011011111111011111111111111111110011100001100000011100111000001000000111011110110111111111110111100001101000011101111010011011001111011110100110111111110111101001101101111101111000011010001111001110000000000001000011100000000000011100111000000000000101011111110111111111111
8184626952731724285,20,meet_semilattice,1000000000010011011011000010001100110110111000100111001101101111111011110111111111101110011101110110111001100111001101101000001000110011011011111111111111111111111011101111011101101100001001110011011010000000001100110110000000000001001101101111111011111111111111100110011101110110000000000000001000000000000000000011001011101110111101111111000000000000001101100000000000000010001011101110111101110111
-5361485578184952178,20,meet_semilattice,1101000000000000000001010000000000000000111111110111111010100001000000000000000011011111000100000010110101000000000000001101011000000000000011010111000100000000111111111111111111111101111101110010001011011111001100100010110101100001000000001101111101111010001011011111011111100010110111110001001000101111111101111111101111011111011111101010111111110111111111111101011100010000001011111111011111101011
6508633899840508336,20,meet_semilattice,1011011010001010100111110111111010111111001000101000000000000011001010000000000011111111111010111111001101101000000000010000001000000000000010110111100010111111000000101000000000001011011111001011111110110111111010111111111111111111101111110011011010001010000111111111111011111111001101101000001000011011011010001011100100110110100010101001101101101000101111011011011010001010101100000010100000000001
-8794009247841146101,20,meet_semilattice,1000000000000000000011010010101100101101111101111111101011111001000000010000000011111111111111101111110101101011101011011001001000010010000010010011101100101101100100101001001000001101011011111010111110010010101100101101100000000001000000001101001010111010110111110111111111101111100100000001001000001111111111111111111110010010000100101000100100101001001001001101011010111010111110010010100100100101
8462384138711300122,20,meet_semilattice,1100000000000000000001000000000000000000111001000000000000001111111111111111111111101100000000000000110001000000000000001110111011010001011011101111110111111111111011001101000101101110010001000000000011101111111111111111111011000101000100101110110011011001011011101110110111110111111011101101101101111110110001000001001011101110110111111111111011000100000101100100000000000000001011101100110110010111
-173737941932785252,20,meet_semilattice,1011011111110010010111111111111101111111001100011111001001010001000111110010010110111111111101111111001101111111001001010001001111110010010100000001000000100000000000001001001000000000000111010010000100000001111100100001000000000001001000001111111111111111111110110111111101111101000000000000001000001011011111110011010110110111111100111101000000011111001001011011011111110011111100000000100100100001
-4126414581044697257,20,meet_semilattice,1000000010100000110011110100111111111110101001001011111111101011010011111111111011111100111111111110100001001011101011001111111011111111111011111111111111111111000000001000000000001010010011111111111000000000101000001000100000001011000011001000000010111010110010000100101111111110100000001011001011001000010010111011111000000000100000001000000000001010000011001000010010111010111011111110111111111111
-4524763409723789447,20,meet_semilattice,1110111111111111011101000001011000000101011000010110000001010111111111111111111101101111111011000101011001111110000001010110001101100000010100000001011000000100011000111110000001010000000001000000010000000000011000000100011011111111111101110110001111101000010101100111111011000101011011111110111001010110111111101111011101101111111111111111000000000000000001000110111111101110011100000001011000000101
659734219361917637,20,meet_semilattice,1000100000000010000011001001111111111111111011111111111111111111111111111111111100001000000000100000110011011111111111111100111111111111111110001001000101101000100010011001011010001000100111111111111110001001101111101111100010000001001010001000100110011110100010001000000101101000000000000000001000001000100110011111111110001000000000101000100010011001011011001000100110011110111010001001100111101111
6936264018346625510,20,meet_semilattice,1110111111111111011101101011011101100101001010110110011001001111111111111111011100001001011001100100011011110111011001010000101101100110010000000001010000000100011011111111011001010000000001000000010000000001011001100100001010110111011001000110111111111111010100000001010001000100000000000100001001000110111111110111010111111111111111111111000000000000000001000110111111110111011100101011011101100101
8240784818858199855,20,meet_semilattice,1010111000000011100111111111101111111111001001000000000110011011111010000011100100001010000000011001000001000000000100010000001000000001100110111111101101111101101011101000001110011111111111111111111110111110101001111101101111101011011111011011111110111111111110111110100001111001001011100000001110010000000000000001000000000000000000011001101111101000011111011011111010110111111100000000000000010001
7221304426302114870,20,meet_semilattice,1110111011111101111101101110110111011111001001001100110110100011111011011101111100101110110011011010000001000100010110000000011011001101101011111111111111111111000001001100110110100000000001000000000001101110111111011111001011101101110111110000010001001101100000000000010001001000011111101111111111110000000001000101100000000000010000001000000001001100110111100000010001001101101000101110110011011111
-7908249597053001599,20,meet_semilattice,1000000000011100000011101001001111100011101000000001110000001111111111111111111110101001001111100010111011010011111000111110111100111110001110100001001111100010111011111011111000111110111111111110001110100000001111000000000000000001010000000000000000011100000000000000000001000000101000000011111000001110111111111111111111101111111111101011111011111011111001111010000000011100001010101001001111100011
-2612996894099669550,20,meet_semilattice,1101111011111101011101010010101010000100111111111111111111110001000000000000000001011010101010000111010111101111110101110001001000001000000001011111111111010111000100101000100000000101101011111101011100010010101010000000010110101011110001110001000000001000000001011010101011000111110111111111111111110101101010111101011111011111111111011111000100101010100001000101001010101000011001010010101010000111
-6437072310518252910,20,meet_semilattice,1100111011111111111101001000001101001000011011101111111111110101111011111111111100001000001100001000010011100111010010010100101000110100100001001111111111111111010011101111111111110100101001110100100100000000001100001000000000000001000010000100101001111100110100001000001101001000010010100111011011010100111001111111111100000000000000001000010010100111010011010100111001111110111101001010001101001001
5500553944555064793,20,meet_semilattice,1000010010000000011011101111110111111110101011001000001011101111111111011111111110001100100000101110000001000000000001001010111010010011111010101111100110111110000000001000000001001010111111011011111011111111111111111111101011001001001011101010111010011011111010101111110111111110100001001000001001101010110010010011111010000100100000101110000000000000000001000000000010000000011011101111110111111111
-6641197957573602863,20,meet_semilattice,1000101010101110111111011010111011101111111110111111111011111001101010101110111100001000001000000011111111111111111011110000101010100110111111011011111111101111000010001010010001111001101011101110111100000000001000000001110110101111111011110000101010101110111100001000001001000011000010001010011011111101101111111111111100001000101001001111000010000010010001110000000000000000001100000000000000000001
1828843020101446366,20,meet_semilattice,1010100010100110110011101000101001101100001010001000001001001111100010100110110000001000100000000000111111101111011111001111101011110111110011111111111111111111000000001000000000001111100011110110110000000000101000100100111110001011011011001111111011111111111100101000101001100100000000001000001001001111100011110111110000101000101001101100000000001000000001001111111011110111111111111010111101111101
-1008370510248520271,20,meet_semilattice,1000000000000000100011111111101101011010101011111011000110101011111110110001101010001011101100011010100011111011000110101000001000100001100010000011001000011000100000111011000110101111111111111101111110000000001000001000100000110011000110001111111110111101111110101111101101011010111111111111111111111000000000100001100000000000000000001000111111111011010111101000001100110001101011111111101101011111
9063520740700736016,20,meet_semilattice,1100100110100111100101001001100001011001111110111111111111111101101111110111100100001001000001001000111111111111111111111100101111100111100100000001000001000000000010011000010010011100100111100111100101001001101001111001110010111111011110011101101111111111101100000000000001000000000010011000011110010000100110000101100100000001000001001000110110111111111111111101101111110111101100001001000001001001
7880507202788377952,20,meet_semilattice,1111111011010000010001111010100000000100001100101000000001000001000000000000000000111010100000000100011111101101000001000001001010000000000011111111111110110110000100001000000000000111101011000000010011111110111100000100011110101101000001001111111011111010010011111111111111110110111111101111001001001111111011111011011011111111111111111110000100001000000001001111111011111010011011111111111111111111
2444323627192000542,20,meet_semilattice,1111110011101110011101010100100010000000011111001100111001110001000000001000000001011100100011000001000101001000100000001111111011101110011111111111111011100111000000001000100000000101110011001110011101111100111011100111111111111111111001110000000000001000000001010100100011000001010101001000111000011111111111111111011111111111111111111111010111001000111001110101110010001110001101010100100010000001
-576012087454420113,20,meet_semilattice,1000000010010000000011110011110111010101101100111101110101011001000010010000000011111011110111010101111111111111111111111001001111011001010110010001110110010101000000001001000000001001000011010000010111111011111111011101000000000001000000001000000010011000000010010001110111010101111110111111111111011001000011010001010111111011110111011101100100001001000001001111101111111111111110010000100100000101
-6174360547035853944,20,meet_semilattice,1111111111011011111001001001000100001100011111110001001111100101110100010010111000001001000100001100010011010001000011000000001100010000110000000001000000001100011111111101101111100111111101010011111001111111011111111111000000010001000011000111111101011011111001111111010111111110010011010001001011000101111100010011111000000000000000001000000000000000000011000100110100010010111001111111010111111111
8445963209137978005,20,meet_semilattice,1111111101110010010101000110000100100001011111100001001001010001011000010010000101011110000100100001000001100001001000010000001000000010000101111111001100100101111111111111101011010111111101110010010101111110001100100101000000000001001000000111111101111010010111111111011101101101000000000000001000001111111101110111110111111111011100101101010111100001001001011111111111111110111100000000000000100001
7424497711205485333,20,meet_semilattice,1011110110101101111111111101111011011111001111001000110111110001010010000000000100011100100000011111000001000000000000011011111111111111111100011101100011011111000001001000000000011011110111101101111100111100101011011111101111011111111111110001110010001001111100011100100011011111101111011110111111110001010010000001001100010100100000011111000101001000000101110001010010000000001100000000000000000001
7099655299770303300,20,meet_semilattice,1111110111111111101101000001011011111011011110011111111110110001000101101111101101001001111011111011011111011111111110111111111111111111101100000001011011111011010000011110111110110000000001001011001100000000011011110011010100011111111110110000000000001000001100000000000011100011000000000000101000110000000000001011001100000000011011111011011111011111111111110000000000000000001000000000000000000011
-3563166369929018986,20,meet_semilattice,1000000000000000000111110111111011111111101100111110111111111001000000001011100111111111111011111111101101111110111111111001001001101011101110010011111010111011100100101110101110111001000001101011101110010000001010111011111111111111111111111000000000001000000110010010111011111011100000000000101000011000000000001011100110000000000010101001100100111110111111111001000000001011101100000000000000000001
3859449261798480209,20,meet_semilattice,1100001101100011010001000011001000110100111000110110101101101111101111111011011011101011011110110110111111111111111111100000001000000000000000000011000000010000111010111111101101100000001101100011010000000010001000010000111000110111101101101100001101101011011011111011111111111110000000110010001101000000001000000001000011111011111110111110000000110010000101001100001101100011011011111011111111111111
-1642048499230284770,20,meet_semilattice,1000110010010000001111001101100100001011111111011001000010111101110110010000101100001000100100000011000011001001000000111111111110010000101110001101100100001011000000001000000000111111111111111111111111111111101110101011000000000001000000111111111110011000101111111111101111111111111111111001101010111111111110011011101110001100100100001011111111111001101111110000000000000000001000000000000000000011
587052520362900882,20,meet_semilattice,1111111111111111111101010100111000010010011111111110111111110001010010100001001001011101111000010110000001000000000100100101111111100101011001010101111000010010000000001000000100000001010011100001001000000000101000010010011111111111111111110101111111101111011001010101111001010110010111111110011101100000000000000001000001011111111011111111010101011110000101100000000000000001001001011111111011110111
-444042255646585439,20,meet_semilattice,1111101110111111111101100010100111000001001000101001110000010111001010011100000101111011100111011111111111111011111111110000001010010100000101110011100111011111000000001001000000011111101111111111111101111011101111111111000000000001000000000000001010011100000100000000100101000001011110111001111111110111001010011101000101110010100111011111011100101001110001110111001010011100001100000000000100000001
-6756130503318885276,20,meet_semilattice,1111001001110110000001010010011101100000011100100111011000000001001001110110000011111011111111111111111111111111111111110000001001000110000001010011011101100000111100111111111010110000000001000100000000000010011001100000000000100111011000001111001101111110001100000000000001000000000000000100011000001111001111111111101111110011011101101011111100111111111111110111001101110110001011110011011101100011
-4367788341941404882,20,meet_semilattice,1010000001000010000011111111111110110111001000000100001000001011101101111011010110101010010100100001101011110111101100011010001001000010000010101011011100110001101111111111101101110000000001000000000010101010011100110001101000100101001000011010101101111011000111111111111111110111000000000100001000001010101001010011000111111111111111111111101010110111101101011011101101111011011110100010010000100001
8390843021881408582,20,meet_semilattice,1011111001010110000001111110010001100000001000100000010000000011001000000100000000111010000001000000001111100100011000000000001000000100000011111111010101100100111111111101011001000011101001000100000011111111111101100100001110100101011000001111111111111110010000000000000001000000001110100100011000001111111111111111010111111111111111111111101111100101011001001111111111111111011111111111111111100101
-4228915505754263116,20,meet_semilattice,1110001110111101101101100011101111011011001000110011000010101111101111111101111101101011101111011011111111111111111111110000001000010000000000000011001100000000001000111011000010101110001111111101101100000010001100000000000000000001000000000010001110111000101000100011101111011011111110111111111111110010001110111001101100000011001100001010111000111111110111110000001100110000001000100011101110001011
-6567160757640822118,20,meet_semilattice,1101011000011001011101010010000110010111111101100001100101110001000000000000000011111111011110011111010101100001100101110001001000000000001011110111010110011111111101111111100111111111011001011001011111110111011110011111000100100001000000100001001000011001001111111111111111111111111111111111101111110001000000000001000011110110000110011111000100100001100101110001000000000000001000010010000100000011
-2822030849214599545,20,meet_semilattice,1001010001001111011101010100010011110110111111011110111111110001000000000001000011011100010011111111000101000000010101101111111111101111111111011101011011111111110111011110111111110001010001001111011011011100011011111111111111011111111111110001010000001101011000010000000001010000000101000000111101100000000000000001000011010100010011111111000100000000010101100001000000000001001000010100000011110111
2747971757170607719,20,meet_semilattice,1000000010101000000111100001101010011111101000001010100001011111000110101001111111111111111011111111111101111010100111111111001110101001111110100001101010000101000000001000000000001111011111101101111100000000101000000000111101111011110111110000000010101000000011110111101011011111111101111110111111111010000110101001111110100001101010001111000000001010100001011010000110101000011100000000101010000001
-9171847267230512251,20,meet_semilattice,1000001011010001111111111110110111111111101100101101000111111001001011010001111110111110110100011111101101101101000111110000001001000000111110111111111111111111000000001100000010110000000001000000000010111110111111111111000000001101000010111011111011011001111110111110110111111111101111101101001111110000000001000001111100000000010000001001000000000100000011110000000001000000101100000000010000000001
-8750491151482427831,20,meet_semilattice,1111111111111111111101010001001000000100011100010010000001000001000000100000000001111101111110011111011101010111100111100111111111111001111100000001001000000000011101011111100111110111000101111001110000000000001000000000011100010011100001000111000100101000010001111111111111011111011111111111111111110111000100111001110001110001001110001100000100010010000001000111000100111001111001110101011110011111
-5928177905711577169,20,meet_semilattice,1101011000100010101001000110001000101010111111111111111111110101011000100010101011011110111001101011000001000010000000000000001000100000000011011111111101101011110101101110011010111101011001100010101100000000001000000000110111101111011010111101111111111111111111010110011001101011000001100010001010101101111111110111101100000110001000001010110111111111011011110000010000100000001001010110001000101011
572850141902104774,20,meet_semilattice,1111011010011011100101000000000000000000011000000000000000000101000000000000000011111110100110111001011101001001001110000111001010010001100111111111111111111111011100001000000000001111111011111111101111111110101110111001010000000001000000000111001010011011100111111110101111111011011100001001001110000111000010000001000001110000100100011000111111101111111111111111111010011011101101110000100100011001
-2910844395754595031,20,meet_semilattice,1001100100111110010011011001101111100100111111011111111011010001100100111010000000001001000100100000110111011011111011011101111111111111111100000001000000100000100110011011111001001101110111111110110100001001001110100000000000010001001000000000100100011010000000011001001111100100000000000000001000001101110111111111111111011001101111101101000010010011101001001101110110111110111111011001101111100101
221593036915851697,20,meet_semilattice,1000000000000010000011000101110101110010111111111111011111111101010111010111011011011111111101110111100001000000001100101101011111010111011010000101110101110010100001001001011100101000010001010111001011010111111101110111100001000001001100101111111111111111111110000100000101110010000000000000001000001000000000000011000011011111111101111111110001011101011101101000000000000011001011010111110101110111
-8513309130670452834,20,meet_semilattice,1110101011111110001101001000100000000000011010001111100000101111101011111110001100001000000000000000111111111111111111110110101011111100001111111011111111111111000010001000000000000100100011000000000001001000111100000010010010001101000000000100100011111000001001101000111111000011011010101111111000111111101011111111101111111010111111101011111110101111111001110100100011010000001001001000111110000011
-7483399644539448575,20,meet_semilattice,1111111110111111111101101011101111101011001000100011001000110111111110111111111100101010001111101011001011101011111010110000001000110010001100101011101111101011001010101011111010110111111111111111111100000000001000000000000000000011000000100010001000111010001100100010001111101011000000000011001000100010101110111111101100100010001110101011001011111011111111110000000000100000001000000000001100100011
5828878620266097892,20,meet_semilattice,1000000001100000011011110011011010100111101100110110100001101001000001100000011011111011111111101111111111111111111011111001001001100000011010010011011010000110111100111110101001110000000001000000010000000000011000000100111100111111111011111001001001101000011011110011111011101111100100100110101001101111111111111111111111110011111010101111000000000000000001000000000001100000011010110011011010100111
-2987995116014979752,20,meet_semilattice,1111110110111011011101100000001100110000001000000001001000000111010110110011000101111101101100110001001001000011001100001111111110111011011101100101001100110000011001011011001100011111111111111011011100100000001100100000000000000001000000000111110110111011011111111111111111110111000000000001001000000010000000110011000011111111111111111111011101011011001101010111110110110011011101100101001100110001
-4681430751953235888,20,meet_semilattice,1111110111001011110101111101110010111101001001010000000010010011110101000001110100101101000000001001000001010000000010011111111111001111110100000001000000001001001111011100101111010010110101000000110111111111111111111111111111111101111111010010110101001001110100111101110011111101001111010100001111010010110101000001110100000000000000001000001011010000000011011111111111001111111100000000000000001001
5346072204624214783,20,meet_semilattice,1111011111111111110101000010000000000000011101111011010101000101001000000000000011111111111111111101010101111000000000000000001000000000000001010011100000000000010100101000000000000111011111111111110101010111101000000000010101111011010001000111011110111101010001010111101001000000011101111011111111010101011110110101010001110111101111011101010101111010010001001111111111111111111101110111101111010101
1184649532487519109,20,meet_semilattice,1101001110100100100001010000101001001000111100111110010111000001000000100000100011111011111001011100111111111110011111010101001110100100100001010001101001001000000100001010010010001101001111100101100000000000001000000000111110111111011111011111111111101111110100010000001001001000111100111110011111001101001110100101100000000000001000001000110100111110010111001111111111100111111111111011111001111101
-4520208762189943646,20,meet_semilattice,1111000010000100000001110000100001000000001100001000010000000001000000000000000011111101101011010001111101011010110100011111111111111101111111110001100011000001000100001000000000001111110111111101111111110000101011000001111111011011110101111111000010001100000000010000100001000000111111111111111111111111000010101101000111111101101111011111111111011010110101111111110110101101001111110000100011000001
3649876347962148425,20,meet_semilattice,1000000000000001000011000011110001011011111000111100111110111111111111001111111111101011110011111111111011111100111111111000001110000001100110000001100000011001100000001000000110011000001111000101101111111111111111111111111111111101111111111100001111001111101110000011100001011001110000111100011110110000000000000001000010000000000000011000111000111100111111111000001110000101101110000000000000011001
-6593933522210979325,20,meet_semilattice,1111110011011011111101111100110110111111001001001100001101100011010011000011011000111100110010110110000001000000001001001111111011111111111111111111111111111111000001001100001001100000010001000010011011111100111110111111001111001101101101110010010011001011011011111100111111111111000000000000001000000000010011000011011000111100110110111111000000000000001001000000000000000010011000111100110010110111
3125444056288529355,20,meet_semilattice,1001001001000011000011111010110011110000101110101100101100000001000000000000000010011010110000110000111111111100111110010001001000000000000011111011110011111000100100101100001100000001001001000000000011111111111011111101111111111111111111011001101011001011000010111010110011110000000100100100001100000001000000000001000011111010110011111000111111111100111111011111111111001111101111111011110011111001
4958176618669021689,20,meet_semilattice,1010001001100001011011100010011000010110001000000000000000001111001001100001111011111010011000011110111111100111101111110010001000100001010011111111111110111111111111101111101111110010000001100001010000100000001000000100111110100111101111111110001001101011111011111111111111111111111000100110001111100010000000100001010011100010011000011110001000000000000001000010001001100001011011111010011000111111
1889323228845630245,20,meet_semilattice,1011010010001100001011111101111111111111001100000000010000000001000000000000000010111101101111010011001101001000110000001111111111111111111110110101100011010010001100001000110000001011110111111101011110110101101011010010101101011011110100100011000000001100000000010000000001000000101111011111111111111011010010001101001010111101111111011111101111011011110101110011010010001100001010110101101111010011
6683190555356710994,20,meet_semilattice,1111110111111111111001100000110001000100001000000000010000000111110111100111111001101000110001000110011011011110011111100111111111111111111001101001110001110110001000001000010000000010000011000100000001101000111001100110011111011111011111100111110111111111111000000000000001000000011010001100011001100110100011000111011001101001111001111110001000001100010001000110000011000100011001111111111111111111
-7881486153364675439,20,meet_semilattice,1000100010010000010011001001100110100100111111111011101011111101101110011010011000001000000000000000110111111011101001111100101110011010011010001001100110000100000010001001000001001111111111111010111111001011101110100110000010000001000001001000100010011000010011111111111111101111100010011001101001001111111111111111111111011111101110101111000010000000000001001100100110011010011011001011100110100111
-2532115042859069231,20,meet_semilattice,1010000001000000010011111111111111111111001000000100000001001011100101001100111110101001010011001111101111010100110011111011111111111100111110100001010010000100101111011110110011110000000001000000010010111101011011001111101111011111110011111010000001001000010010100000010011000100101111011111111011111011111111111111111110100001010011001101000000000000000001001010000101001100111100100000010000000101
-7615486919272499568,20,meet_semilattice,1000101000000010101111111111111000111011101010100000001010111011111110100011101100001010000000100011101011111010001110110000001000000010001110101011001000101011101010111010001110111010111111100011101110101010001000101011111111111111001110111111111111111011111111111111111111111111000000000000001000011010101100100011101100000010000000101011111111111111001111110000000000000010001100000000000000000001
7034321617045656406,20,meet_semilattice,1010010010100001001011110100101000010010001001001010000100100011010010100001001011111100101000010110000001001010000100101111111010100001011011111111111111111111000000001000000100101111111011110011111100000000001000010010111111001011001101101111111011111111111111111110111101111111111111001010001101100000000000000001000011111110101100111111111101001010000101100000000000000001001011111110101100110111
-308327727313343779,20,meet_semilattice,1101001000000000010001010000000000000100111100101110000001000001000000000000010011111011111111111111111101111111111111110101001000000000010011110011111111110111010100001000000001001101001011000000010011010010111000000100111100101111001001111111001011111010011111110010111111100111111100101110001001011111001011111111011111110011111111111111000000000000000001001111001011100010011111110010111000000101
-8826512841501768067,20,meet_semilattice,1001000000000000000011010101010000000000111101010100000000000001000000000000000011111111010111110100000101000000000000001111011101011111010010010101000000000000111111111111111111111001000001000000000011111111011111110110111101010101111101001111010101001111010011110101010001000000111101010100011000001111010101000111010011111111011111111111111101010100011001001111111101011111011011111111011111110111
687332681605298109,20,meet_semilattice,1100001000001000010001000010000010000100111000100000100001001111111001001100111111001010000010000100111011100100110011000000001000000000000011111111010111001111111111111101111111111110101001001000110011111111111111111111111111100101110011110000001000001000000011101010010011001100111111110101111011111111111001011101111111100010000010001100000000100000100001001110111001001100111011101110010011001111
4444521167870976868,20,meet_semilattice,1000000100100000000011001001001000000010111110011111111011111101100111111110111100001001001000000000110111111111111111111101101111111110111100000001001000000000110010011010101001101100100111111110111100000000001000000000110010011011101001101100100100101000011011001001101011100110110010010010101001101101101111111111111111001001101111101111110010010010000001101000100100100000001011001001101111100111
2819045888302842857,20,meet_semilattice,1010111111111111101111101111111111111011001011010110000000001111111111111111101100001000000000000000000011010010000000000010111111101101101100001001000000000000001011011110100110100000110101100000000000001001001000000000001011111111110110110010110101101000100000101101111011011010001011111111111110110010110101101001101000101101011000001000111011111111111111110010110101100000101000101101111011011011
4107841730935464886,20,meet_semilattice,1011110011010100100111111100110101001001001000000100000000000011110011010100100100001000010000000000001011001100010010011111111011011100110111111111110111111111001010001100010010010000000001000000000011111111111111111111001010001101010010011111110011011100110100101000010001000000111111001101111011011111111011011111111100101000010001001001111111001101010011011111111011011100111100101000010001000001
-637122060241311924,20,meet_semilattice,1000000100101000100111111111011110111011101010010011100010011011101101111001100110001001001110001001101111110111100110011010101101111000100100000001001000001001101111111111101110111010100101111000100100000000001000000000100000010011100010010000000100101000100111111111111111111111101111110111101110111010101101111001100100000000001000001001111111111111101111111011111101111001101100000000001000000001
-3849882165173841812,20,meet_semilattice,1000000000001010000011101101100111111111101000001001101111001111111111011111111110101000100110111100101011011001111111111010111110011111111110100001100110111100100000001001101101001110111111011111111110101111101111111111100000000001101000000000000000001010000010101001100111111111000000000000001000001000000000001011000010000000100110111100100000000001101101001010100110011011111110101001100110111101
-8002462706415495164,20,meet_semilattice,1000000100101000000011111111011111011000101011010111110000001011110101111100100010001001001111000000100011010111110000001011111101111100100000000001001000000000111111111111111111111000000101111100000000000000001000000000100000010011110000000000000100101000000000000001001001000000111111110111111110111011111101111101100010101101011111001000111111110111111111111111111101111101101111111111011111011001
4820703845894598409,20,meet_semilattice,1000000110001010100011101001111111111111101010011010111011111011100111111111111110001001101011101111111111011111111111111111111111111111111100000001000010100000000000011000101010001010100111101110111110000001101011101100101010011111111011110000000000001010000000000001100011101000000000000000001000001010100111111111111100000001000010101000100000011000111011001000000110101110111110000001101011101101
5040215263972341617,20,meet_semilattice,1111111111011111101001111111110011101000001111100100111010000001111000000110100000001000000001001000000011100000010010000000001000000100100000111111010011101000001111111100111010000001111001000110100011111111111111111010011111111101111110100001111001001110100000000000000001000000000011100000011010000111111111001111101000000000000001001000111111111111111111100011111111001110101011111111111111111011
3673422261701927001,20,meet_semilattice,1000110110111101111111001101101111111111111011111111111111111101110110111111111100001000001000011011000011011011100111111000111110111101111100001001101100011111000010001011000111111100110111111111111100000000001000000000000010000011000110110000100110111001111100001101101111011111100011011011111111110000000000100001001100000000001000011011000010000011000111110000000000100000001100000000001000000001
-3821324632208434489,20,meet_semilattice,1111111000000110110101000000000000000001011101100000011011010101011000000000100101111110000001101101010001000000000000010100011000000000000111111111101101101101111111101011011011011111111011110111110111111110001101101101111111100001011011011111111111111111110101010110000001101101010001100000001010011111111010110111110101000110000000001001010001100000001011011111111111111111111100000000000000000001
-8218333208056789871,20,meet_semilattice,1000101100010011001011011111010110110010101111110101101100101001101101011011001000001010000000100000100111110101101100100000001000000000000000000011000000100000111111111111101111111000101101011011001011011111011110110010000000110001001100101000101100011011001010111111010111110010000000100000001000000000001000000011000011011111011110111111110111110111101101100000001100000011001011011111011110110111
3375900396224882909,20,meet_semilattice,1000000000000000000011011001101101101111111111011011011011111001000000000000000110011001101100101111110111011011011011111101111110110110111110010001000000000001100100011010001000011111111111111111111110010001001000100001100100011011001011111111111110111111111110011001101101101111100100000000001000011101111110110111111110010001101000101101100100011010001001011001000110100010111110000000000000000001
7732947860722917046,20,meet_semilattice,1001100000001010101011011110000010101010111111100111101011110001000000000000101000011000000010101010100111100000101010101001101000001010101011111111011111111111111111111111111111111101111001011010101010011110001010101010110111100001101010100001000000001010101011111110011111111111000100000000001010101101111001011011101000000000000000001000110111100111101011110000000000000000101011011110001110101011
6280839545346242735,20,meet_semilattice,1000000000000000000011011001011111001101111110010111111011011001100000001000000010001000000000000000110111010111111011011111111111111111111110011001001010001000111111011111111111011001100101111100110110001000001010001000100110010011100010011000100000001000000010011001001111001001110110010111111011011111110101111111110110001000000010001000100110010011110011011111110111111111111110001000001010001001
1230815169393123970,20,meet_semilattice,1101110110101110110101001000100000001001111111111110111011110101110110000010100100001000100000000001010011001000001010011101111111101110111101001101100000101001000000001000000000011101110111101110110101011101101011101101111111111111111111110101110110001110110101011101100001101101010010001000001010011111111111101111111100001000100000001001010111011000001011011101110111101110111100000000000000000001
-6596876307592725598,20,meet_semilattice,1111111111011111111001000000000000000000011010000101001001000111100101011110010001001000010100100100011111010101111101100111101111011111011001101001010101100100011110011101111101100100000001010010010011111111111111111110010000000001000000000110100001011110010001101000010101100100010000000001001000000111100101011111011001111111110111111110010000000001001001000111100101011110011011111111111111111111
-4044641752225890984,20,meet_semilattice,1110010101101011100001100101010010111000001000000000000000001111110101101011100011101101011010111000001001010100101000001111111101101011100100100001000000100000111111111111111111110010000101001010000000100101011010101000111111110111101110010010000100001010000011111111011111111011001000000000001000000010010101001011000000100101010010101000111111110111111111111111111101111011101111111101011010111001
-7790458707892686034,20,meet_semilattice,1010010100011100011111110101001111000111001000000000000000111011010100111100011111111101101111111111001001010001010001111111111110111111111100100001000001000011111101011011110011111111010111111111111100100101001111000111001000010001010001110010010100011100011100100000000001000011111101011011111111111111010110111101111111110101001111001111001000000000010001110000000000000000001000000000000000000011
-4990128098554806902,20,meet_semilattice,1110011101111011100001100111001110110000001001110011101100001111111101111011100011101111011110111000000001100010000000000000001000000000000000000111001110110000111111111111111111000110011101111011000000000010001000000000000001100011101100000000011000101000000011111111011111111100000001100010001000000000011000101011000001100111011110111000111111110111101111001111111111111111111111111111011111111101
-1725707796727133946,20,meet_semilattice,1101100101111010000001000000000000000000111110010111101000000101000000000000000001011001010110100000111111010111111000111111101101111110010101010001000100100000111110111111111001010101000001010010000001011001011110100000010100000001001000000101000101011010000011111001011111100000010100000000001000001111111111111111011111111111111111111111111110010111111001011111100101111110001111111001011111100001
-8666948089306986146,20,meet_semilattice,1010101001000011100111111110011110111111001000100100001010011011111001111011111100101010010000111001101011100101001111110000001000000000100011111111111111111111111111101111101111110000001001000010100010101110011110111111101010100101001110011010111001011011111111111110111111111111000000100000001010000010001001000011100100000000000000001000101010100101001111011010101001010011111100000010010000101001
-3969370086371693018,20,meet_semilattice,1101111111100011101001001001111000100000111111111110101110100101101111100010000000001000111000100000010111111110001110100000101111100010000000001001111000100000000000001110001000000000000001000000000000000000011000000000111111111111111110101101111111101011101011111111111011111010000000000100001000000101101111100011001001011011111000101000111111111110111111110101101111100010001011111111111011111011
5473467121653793477,20,meet_semilattice,1000000000000000000011111111101111111111101000110001110000011011001100011100000110111011100111001101101111111011110011011000001000001000000110000011000111000001100000101001110000011111111111111111111110111011101111001101100000100001110000011000000000001000000010000010000011000001101111111011111011011011111110111111111110110011100111001101101100111001110001011011111110111100111110000000000010000001
-3790060904785326538,20,meet_semilattice,1111001000000100111101100010000000001001001000100000000010000111001000000000101111111111100011101111111101111000110011110000001000000000000001110011000000001111011100111000010011111111111111011110111111110111101111101111111101111001111011111111001110001100111101110010000001001111111101111000111011111111111111011111111100000010000000001000011100100000000011110110001000000000101100100010000000001001
-8823542651664955117,20,meet_semilattice,1110000000100000001001000000000000000000011000000010000000101111101010111100101111101000001100001011111111111111111111111110101010110100101111111011101111001011111010001011010010111111101111111100101101000000001000000000111000000011000010101110101010111100101111101000001101001011111110111111111011111111101111111111111111100000001000001010111110101011110011110100000000100000001011100000001100001011
1218046594881057724,20,meet_semilattice,1001000100010100001111111111010111110111101111010001111001110001000100010100001100011001000101000111100111010001110001111011111100011110011100000001000101000011101111111001111001111011111101011110011110111111111111110111000000000001000000111001100100011100011100000000000101000011100111010001111001111011111101011111011110111111111111111111000100010001010001110000000000000000001100000000000000000001
-2508191190491548241,20,meet_semilattice,1111011010111101110101000100000011000001011101101000110001010101011000001100010111111110111111011101000001000000100000010100011000001100000111111111111111011101010101101000110001011111011011111101110101010110001011000101011101101011110001010000000000001000000000000100000011000001111111111111111111010111011010111101010101110110101111011101010001100000110001011111111011111101111100000000000010000001
-653629009875802829,20,meet_semilattice,1011011101111001110111110111011111011101001101100000000000000001000000000000000011111111111111011101000101100000000000000001001000000000000000110111010100011100111101111111110111010011011001000001000000110111011100011100001101100101000101000011011101111001110010110111011111011101111111111111111111010011011000000001000000110110010100011100001101100000000101001011011101111101111100110111011110011101
-737441197252150207,20,meet_semilattice,1000000000000011001011001000100100110011111110101101111100111101101010010111001100001000000000110011111111101101111111111100101010010011001111111111111111111111100010001000001100111101101011011111001111111110111111111111100010001001001100111100101010011111001111001010100101110011000000000000001100000000000000000001000011111010110111111011111110101101111111110000000000000011001000000000000000110011
1203533062792519161,20,meet_semilattice,1111111111110111111101111111111101111111001000110000001111010011001100000011110100111011011101111111001111111111011111110000001000000000000000000011000000000001001110111111011111110011001101110111111100110011001001111111001100110011011111111111111111111111111100110011000001111111000000110000001000010000001100000011000100000011000000111101000000110000001101010010001100000011111100000010000000000001
-7898044240929362660,20,meet_semilattice,1001011100000110010011110111110011111100001101110000011001000001000000000000000010111111110011111100000101000000011000000001001000000110000000010111000001100100101101111000111101001011011111001111110011111111111111111111111111111101111111101011011100001110010000010000000001000000000100000000011000001011011100001111010010110111100011111100000100100000011001001011111111001111111011111111110111111111
7523754976063014607,20,meet_semilattice,1110111111111111111101000000000000000010011011110111111001110111111101111111111101001011001011000111010001110010110001110100001000001000001101000011001011000111011011111111111111110100101101101100011101000010001010000111010010110111110001110100000000001000001001000010001011000111010011110111111001110110111101111111011101101111011111111111010000100000100001110000000000000000001001000000000010000011
-3760408271845960071,20,meet_semilattice,1111111111111111110101011111001101001001011111110011011010010001110100000000100000001100000000000000000001000000000000000001111100110000100000001101000000000000011111111111111111010111111101110111100100011101001000001000000111010011000010000111111101111111100100011111001101001001010111110011011010010101111100110111100100001101000000001000011111110111011111011111111111111111111100011111001100001001
2457283948514859027,20,meet_semilattice,1110011111000111100101000101010000011001011001110100011110011111011111000111100111111111111001111111000001010100000110010000001100000001100000000001000000011000011001111100011110010000000101000001100011110111111001111011111111111111111111111111111111101111111101000111010001011001010001110100011110010000000000000001000000000000000000011000111101111110011111111111011111000111101100000001010000011001
-8529918179671100013,20,meet_semilattice,1000011001100100010101000110011001001101111111111111011111111101011001110110111111011111011101101111000001000000000000010000011000000000010111010111011101101111110111111111011011110000011001100100010100000110001001000101010001100111010011011111111111111111111100000110000001000101110001100111011011011101111111110111111100000110001001001101000001000000000001011100011001110110111100000000000000000001
7339927035862047660,20,meet_semilattice,1111111011101111111101000110000001101111011011101000011011110111111010000110111100001110000001101011000001000000001010110000011000000010101111111111111111111111010011101000011011110111111011101111111101111110101011111111011111101111111111110111111010001110111100000110000001101011000000000000001000000111111010001111111100000000000000101010000001100000011011110000000000000010001000000000000000101011
4713642095919482302,20,meet_semilattice,1010101011100100101011101011111011111110001010100110010010001111101111111111111100001000001001001000111111111111111111110000001000100000000010101011111011111110001010101110010010000000101001100100100000000000001000000000111010111111111111100010101011101100100000000000001001000000101010101110111111101010101011101101101000000000001001001000101010101110110111100010101011100100101011101011111111111111
-6238471124496879443,20,meet_semilattice,1010001000100100001011111111111111111111001000100000000000001011011001100100001010111110011111111111101001100110010000100000001000000000000010111111011111111111101111101111111111111010001001100100001000100010001001000000101101100111010000101011011001111110101100100010000001000000101101100111011000101011011001111111101110110110011101101011101101100111111111110010001000100100001010100110011001000011
839747720990188741,20,meet_semilattice,1000000000000000000011111111111111110111101111101111011000111001000000000000001010011100111101100011100101000100000000101001111011110110001110111111111111110111100101001100010000101001000001000000001010010100111001000010100101001111011000101001111011111111001110010100010001000010100101001110011000101001111011110111001111111111111111111111101111101111011001111000000000000000001010010100111101100011
5654887149045509374,20,meet_semilattice,1011011001110101011101110110011101010111001000000000000000010011010001100101011111111110011111011111001001000100000001010011011001100101011111111111011111111111111111101111111111110010000001000000010100100000011000000101001101100111010101111111011001111101011100100100011001000101111111100111111111110010010001100101011111110110011111011111001000000000000001010010010001100100011100000000000000000001
7616485730324140688,20,meet_semilattice,1010000000001100000011111011111011111101001000000000110000001011101111101111110110101000100011010000111111111111111111011010101010001101100010101011100011011100101000001000110100001010101111101111110110101011101011111100111110111111111111010000000000001000000000000000000011000000101010111000111111001010000000001101000010101000100011011000101010101000110111001111111111111111111110101011100011111101
6254663598494318175,20,meet_semilattice,1101000010110000010001000000001100000000111100001011000001000101000010110000010011111001111101001110111111011111010011101111111111110100111111110001111101001110010000001011000000001111000011110100011000000000001100000000000000000001000000001111111111111111111111110000101101000110111111111111011111111111111111110101111111110000111101001110010000000011000001001111000010110000011011111001111101001111
29556716073281237,20,meet_semilattice,1101000001001000001101000000000010000001111111111110111111110101000000001000001111011011110010111111110101111100101111111101001011001011001111010011110010111011110100001100100000110101000001001000001111011111111010111111110111111111111111110000000000001000000011011111111011111111110100001100101100111101000011001001001111010010110010111011110100111100101111110100000000001000001100000000000010000001
-7661103098915396639,20,meet_semilattice,1100011010000001000001000100100000000000111111111110111111011101111110101101100001001110101001010000000001000000000000000100011010000001000011001111101001011000000001001000000000001101111111101101100101000110101001010000111111111111111111111100111110101101100001000110100001010000110111111110111111010100010010000001000011001110101001011000110111111010110111001111111111101111111111001111101001011001
-4350201892044349901,20,meet_semilattice,1000100000000000000011101101100010000101101010000000000000001111111110011001010100001000000000000000100011001000100000001110111110011001010110101101100010000100100010001000100000001111111111111111010111111111101111010101111011011001100001010000100000001000000011111111100111010101111111111011111101011110110110011001010111111111111111111111101010001000100001001111111110111101011110101101100010000101
1648838852297789819,20,meet_semilattice,1110111011111110001001001100100100000000011011101111111000101111111111111111011100001100000000000000000001000000000000000100111011011000001011101111111111110010000011001000000000000100110011011000001001001110111111000010000011001001000000000100110010011000000001001100110111000010010011001101111000101110111011111111001011111111111111111111111011111111111101110100110010011000001011101111111111110011
5697232681571767201,20,meet_semilattice,1011011101111111101101100111011011111011001000000100101000100011011101111111101110111111011111111011001001000110111000100010011101101110001100100101011011100011111101111111111111110000000001000000000000100000011010100010001001110111111110110000000001001000000000100000011011100010000000000100001000000010011101101111101100100111011011101011101101110111111111110000000001001010001000100100011011100011
6182645960298836720,20,meet_semilattice,1111111111110111111101001111111101111111011011111111011111110111111111110111111100001010101001110101000011111111011111110000001000100010000000001011101101111101000000101010001001010000101111110111110100000000001000000000000010101011011111010111111111111111111100000010101001110101000000000010001000000000001010100011010100001010101001111101000000100010001001000000101111110111111100000010001000100101
477420403091202521,20,meet_semilattice,1000000010000000000011100000101001010110101000001010000000001111111111101111111111101001101001110110111011111110111111111110101111101111011010100001101001010110000000001000000000001110100111101111011010000000101000000000111111111111111111111110100110101111011010100000101001010010111000001010011101101000000010000001000011101001101011111110101000001010010101101010000010100000001011101011111011110111
4258678803946210576,20,meet_semilattice,1000010010011101100111000100100111011001111111011111111111111101010010011101100111011100100111011101000001000001110110011101111010111111111111011101111111111111000001001001110110011101110011111111111111011100101111111101000000000001010000000000000000011100100000000000000001000000110111001001111111010000000000011101100100000000000101001000000001001001110111011101110010111111111100000000000101001001
-5617342014943579678,20,meet_semilattice,1111000111100100110001010000101001000000011100001010010000000001000010100000000011111101111111111110111101011110111111101111111111111111111001110001101001000000000000001000000000000111000111100100110000000000101000000000111101011111111111101111000111101100110000010000101001000000111100011110111111101111000111101101110001110001101001001000011100011010010011001111000111101101111011111111111111111111
6697948057076890916,20,meet_semilattice,1111111111111111111101000000000000000000011000100001101000000111101100011110000001101011000111100000011111110101111101100100001000001000000001000011000110100000011111111101111101100111101101011110010001111111111111110110010000000001100000000100000000001000000001100010000111100000010000100001101000000111101101011111011001111111111111111111011110110001111001000111101101011110011001111111111111110111
-6389983993089349251,20,meet_semilattice,1100100010011000110001000000100010000000111010011001110011011111101111111111110101001000100110001100111111111111111111011110101110011111110101001001100110001100000000001000000000001110100111011111110111101011111111111101000000001001100000000000000010001000000011001001100111001101111010011001111111011110100110011101110101000000100110001000010000001001100011001111101111111111111111001000100110001101
7140174698201270657,20,meet_semilattice,1100011001111101010101000110010111010101111011111111111111111111111111111111111111001110011111010101000001100101110101010000001001010101010111001111111111010101110011101111110101010000000001010101010001000110011111010101000000000001010101000000001001011101010100000000000001010100110011111111111101010000000000000001010011001111111111111111000000000000000001001100111111111101011100000000010101010101
1264163587423295401,20,meet_semilattice,1000000000000000000011101000000001100001101010000000011000011111111100111111111110001000000001000000111011000001111000011110111100111111011111101101001111110111111011011011111101111111111111111111111111101100001111100111111010000001011000011110100000011110000110000000000001000000100000000000001000001110110000111111011111101111001111111111111011000001111001011110110000011110001110001000000001100001
6722480709166570138,20,meet_semilattice,1000101001000011010111101110011010110101101010100110001101011111111001111111110100001010010000110000101011100110001101010000001000000010000011111111011111111101111111111111111111010000001001000010000010001010011000110101111011100111111101011000101001001011010111101110011011110101000000000000001000000000001001000011000011101110011111111101000010100100001101011111111111111111111100001010010000110001
7675245087746909467,20,meet_semilattice,1001000000000011000011010011111000111110111111111111111111100001000000000011000011011111111100111110110101111110001111101001001111000011101010010001000000110010100100011000001100101001000111000011101010010011111000111110110101111111001111101101111111111111111011011111111101111110000000000000001000000000000000000011000010010001100000111010100100111100001111100000000000000010001011011111111111111111
-4805831489333294194,20,meet_semilattice,1110110110011111111101101101100110111110001000011000001111000011110110011011111100001001100000111100001011011001001111100110111110011111111100000001000000001000000000011000000011000110111111011111111111111101101111111111001000011001001111000010110110011011111001101101100111111111000000011000001111000000000110000001110000000000000000001000000000010000000011000010100110010011111000101101100110111111
4298191835285817533,20,meet_semilattice,1000010000000010001001100100001010100010001001000010101000101111110000111110101011101100001111100010000001000000001000101111111111111111111011111101001111101110111111011011111111101111110111111111111000000100001010100010011001000011101000100000010000001010001011100100001111100010000000000000001000001111110100111111111011101100001111101010111111000011111011100000000000000010001011111111111111111111
-3596658473337976023,20,meet_semilattice,1000000000000000000011000000000000000000111000100100001010101111001101000010111011111011011000101110111111110110001011111100001001000010101011100011010000101110111111111111011011111100000001000000001011110011011000101110111111110111001011111111111111111111111111111111011101101111110000000100001000101111111101110111111110000000000000001000111000100100001011101100000000000000001011111011011000101111
5507547967699610840,20,meet_semilattice,1101011111100111101101000111111001111011111101111111111111110101011111100111101111111111111111111111000001111110011110110000001110100011100100000001000000000000000000011010001110010000001111100111101100000001001000010000110101111111011111111101011111111111111100000011101001111011000000010010001100000000000100000001000000000001000000001000110101111110011111110000001110100011101100000001001000111001
6061072221090154659,20,meet_semilattice,1000000000000000000011011110111001111101111111111110011111111001001011000101110010011010111001111101100111101110011111011000001011000000100011011111111001111101100000001100000010001000000001000000100010010010111001011101111111111111111111111111111111101111111110000010110001011100100100101110011111011000001011000001110010000000000000001000100000101100000011001101111111100111111110010010110001011101
-1093072054454381763,20,meet_semilattice,1010110101100011100111111111011111111111001000000000000000001011110101111111111100101101001000111000001001010010001100001011111101111111111100100001000000000000111111111111111111110010110101100011100100100001001000000000101011010111001111111010110101111111111110101101011001111111001000010000001000000010000100000011000000100101001000111000101011010110001111110010110101100011101100101101001000111001
5872704842342221218,20,meet_semilattice,1110110111001111111101001000100000101000001010001000001010001111110111001111111100001000100000101000011011011000101010110110111111001111101101101001100000101000000000001000000010000110110111001011101111111111111111111111111111111101111111110110100110001010101101101101110011111011000000001000001010000110110110001011101100000000000000001000011011011100111111110110100110000010101001101001100000101011
-8514227739898385178,20,meet_semilattice,1111000010000111000101100000000000000000001000000000000000000111000000000011000011111000100111110101111111011101111101111111111111011111011111111001100111110101011100001000011100011111100111011111011111111101111111110111111100001001111101011111000010001111000101110000000001110000011000000000001100000110000000000001000011111001110111111111111100001000111101011111100110011111011101110000000001110001
5561406292240899788,20,meet_semilattice,1101110011111111011101011100111111110111111111101111111111110001110011011111011100001000100000010000000011001101011101100001111011111111011111111111111111111111000000001000000000000000100011010101001000011100111111110111000010001001000100000000110011011111011000001000100101010000000010001101011100100000000010000001000011011110111111111111000010001101010101100000100010010101001000001100110111110111
1049402402296377169,20,meet_semilattice,1110110000111010011101101100001110100101001010000001000000001111111011111111011100001000000100000000001011000011101000011110111001111010011111111111111111110111111011101111101101111110110001111010011100101000001100000001000000000001000000000010100000111010000111101110011111110111001010000011001000011110111001111011011111111111111111111111001011000011101001010010110000111010001100101000000100000001
640774486340528983,20,meet_semilattice,1111100111101101100101000000110001010001011010011100010110010111100111101101100101001001110001011001111111111111111111111111101111111111110101000001110001011001000000001100010000000000000001000100000001101001111011011001111110011111111111010110100111001101100100000000000001000000111110011110111111010000000001000101000001000000110001011001111110011110110111011111101111111111111100000000110001010001
-6455794964828956200,20,meet_semilattice,1111111110100111111101000100000000000000011001110000010110000111111100100111111101001111000001011110000001000000000000000100011000000101100001000111000001011000011111111010011111111111111111101111111101101111001001111111111111111111111111110111111110101111111101000100000001011000011011110000011111110100010000000001100001000100000000001000010001110000010111100100011100000101101001101111000001011111
-6155708484871015740,20,meet_semilattice,1110111110110111111001100111101001011010001001111010010100101111111111110111111101101111101001011010000001001010010100000000011010100101000000000111101001010010000000001000000100001110111111110111111000000000101001010000011011111011011110101110111111111111111100000000100001010000011011111010011110100000000000000001000000100111101001011010011011111011011111100000011010100101001011101111111101111111
632475648380643917,20,meet_semilattice,1000000000000000000011110110011001000010101001100010010000101011011001100100001011111111011011001011100001100010010000001000001000000000000011110111011011001011111111111110110011111010011001100100001010000010001001000000111111111111110011111111011001101100101110000010000001000000111111111111111111111111111111111101111111110110011001001011111101110110110011111000011000100100001011110110011001000011
-5744092643871150745,20,meet_semilattice,1100011000100100011001000100000000000100111001100010010001101111111111111110011011001110001001000110000001000000000001000100011000000000010011101111101011100110110001101010010001101110111111111110011001000110001000000110111011111011111001101110111010101100011001000110001001000110111011101010111001101111111111111111111011111111111111101110000000000000000001000000000000000000011011111111111111101111
-1589967376496726837,20,meet_semilattice,1011010111111111111111110101111111111111001101011101100011010001010101001000000011111111111111111111000001000000000000001111011111111111111100000101010010000000000101011101100011010000010001000000000000110101111110001111000001000101100001010000010001001000000000110101111111011111001101011111101111110011010111111001111100010101010110001101000001000100100001000011010111011000111100000100010010000101
-9184899661116286710,20,meet_semilattice,1001100101110011111111111111111111111111101110010111001111110001100101100011111100001000000000000001101111111111111111111011101111111011111100001001001000101111101110011111001111110000100101100011111100001000001000000001000110010111001111111011100111111011111110111011111111111111000010000010001011010000100100100011111100001000001000001101000010000010000001010000100000100010111100000000000000000001
-1898550514018011367,20,meet_semilattice,1000101111101111011011101011111011110110101010111110111101101011101111101111011000001001111010110110111111111111111101110000101111101111011000000001000000010000000000011110101101100000000101101011001000000001001000010010111010111111111101100000000100001011001000001001111011110110000000010000001100000000000000000001000011111011111111111111000000010010000101100000000100000001001011111011111111110111
-5621936479322829325,20,meet_semilattice,1110100101011011011001000000000000010000011000000000000100001111101111111111111001001000000000010000111111111111111111111110101101111011111001101001000000010000111010111111111111100110100101000001000011101001011110111110011010010101101101100110100101001011011011101001011111111110011010010100001101100000000000000001000011101001010110111110011010010100000101100110100101000001001011101001011111111111
-7229337620694399256,20,meet_semilattice,1001011011011010111011011111111111111111111111111111111111110001000010000010000010011111111111101111000101101100101000100001001010000010000010010111111111101111000000001000001000000001001011001010001010010110111110101111000101101101101010100001001010001010000010010110111111101111000000000000001000001001111111111111111100010110110010101010000101101101101011100001001010001010001010010110110110101111
-132456447943418849,20,meet_semilattice,1111111111111111011101001100100101000001011111001001010000010101110010010100000100001000000000000000000011000000000000000111111010011111010101111111110111110111000011001000000000000111111011011111011101111111111111110111000011001001010000010111110010011111000100001100100001000000011111001001011100010111110010010101000111111111111111111111011111001001111101010111111010011111011100001100100001000001
8190313441271310309,20,meet_semilattice,1110110111011101100001100100110111011000001001000100010010001111110111011111111100101100110111011000000001000000000000001110111111111111111101101101110111011000001001001101110110000000010001000100100011101101111111111111001001000101110110000010010001001100100000000100000001000000111011011101111110100010010001001101100000000100000001001000111011011101111111101110110111011101101011101101110111111111
-4695868394327489038,20,meet_semilattice,1000000000010000000011000100000100100110101001000011001000101111010000111010011011111100001110110110100001000001001000101111111011111011011011111101011110110110111111001011101101101111110001111011011010000100001100100010000000000001000000001110010000111010011011111111111111110111100000000001001000001111010000111011011011111111111111111111100000000001001001101000000000010010001011111111111110110111
4196797646998140671,20,meet_semilattice,1001011000110010111011111111111111111111101101110011011111110001000000000000000010111111111111111111000101000000000000000001011000110010111010010111001101101111101101111011011111111011011111111111111100010000001000000010000101000011001011101011011110111111111110010110001101101111000101000010001011101001011100110111111100010100001000001010000101000010000011100001000000000000001010010110001100101111
1022806124176491976,20,meet_semilattice,1111100111111100111101000000000100000000011100011101110011110101000000010000000001011001110111001110111111111111111111111111101111111111111101010001000111000000010100011101110011100101000101011100001001111001111111001111000000000001000000000101000000011000000001010000000111000000111110011111111011111111100111111111111101010001010111001010010100010101110011100101000100011100001001010001010111001111
-105381771797451487,20,meet_semilattice,1111111111010111111101000010000101110001011100100001011101110101001000010111000101111110110101110111011101101101011101110000001000000100000001111111110101111111011100101101011101110111001001010111011111111111111101111111000000100001011100011111111111111111111100000000000001000000000000000000011000010000001000000111000101110110110101111111010100100001011101110101001000010111001100000000000001000001
5922109657920246712,20,meet_semilattice,1000000110000110111111101111101111111111101011111011111111111111111110111111111110001001101101111111100011011011111111111000001110110110111100000001100000100001000000001000000000001010111111111111111110000001101101101111100000011001011011111000100110111111111100000001100001100001000000001000001000011000000110010111111100000001100000101001000000011000011011110000000110000110101100000000100000000001
-4349538356305137197,20,meet_semilattice,1000001111000110111111000011110101101111111111111111111011111101001111010110111111011111110101101111110101111101011011110000001000000000000100000011010001101111000000101100011011010000001001000100110111011111111101101111100000111101011011111101011111011110111100000010000001000101000000100100011011011101111111010111111100000010000000001101000000100000000001010000001001000110111100000000000000000001
-2279896266800969819,20,meet_semilattice,1100110101000011010001001100010000000000111111011111111111101101110101110011011000001000000000000000000011000100000000001101111101111111011001001101010000000100110111011111111101100000100001000000000011001101011100110100010011010101000001001101110101111011011011011101011111110110010011010100001101000100110101000001010011011101011111111110010011000100000001001100110101110011011011111101111111111111
-131259675629983850,20,meet_semilattice,1110101111111111111101101011000011011001001010110000110100011111101111111111111100001000000000000000111111111111111111110000101100001101000100001001000010000000011010111010110110010110101111111111111101101011001011011001011010111011110110010000100000001000000000001001000011010000011010111011111110110000100100001001000000101011000011011001011010111011111111110110101110111101101100001001000011010001
7640666078537027373,20,meet_semilattice,1001011111011110110011010111110111101101111111111101111111110001011111011110110011011111110111111101000001100100010010000000001000000000000000000111110101001100000001101100010010000000001001000000000011010111111111111111000001101101010011000000011111011100110000000010010001000000000001111101011011001101011111011111110100000010010001001000000001101100010011001101011111011111111100000111110101101101
-7263044959834724811,20,meet_semilattice,1111110111111111101101111101111111111011001000010100000000000011000101000010000000111001010000100000001111010111111100110111111111111111101100000001010000000000001111011111111110110000000001000000000000111001011010110001001110010101101000010011100101001010000000111001010111100001000000000100001000000011100101001011000100111001010111101001111111011111111111110011100101111111001100111001010010100001
-4512085022718733652,20,meet_semilattice,1001101010001010000111011110111110111011101111101110101110110001000000000010000000011010100010100001000111101100101000010001001010000010000010011111111010111011000100001000001000000001101011001010000110011110111010111011100111101111101110110001001010001010000111111111111111111011000000000000001000001001111011001011101110011110110010101011111111111111111111111001111011001010001100010010100000100001
2868647717206666172,20,meet_semilattice,1110111111111111111101100000100111101110001000001001100011001111111111111111111101101111110111111111011001111101111111100110001111011111111001100001100111101110000000001000000001000110000111011111111001101111111111111111000000001001100011000000000010001000110000000000100111001100001000001001111011100110000110011111111000000000100000001100000000000000000001000010000010011100111001100111110111111111
-3646736526485920783,20,meet_semilattice,1100110110100111111101001001101001111111111111111111111111111101110110100111111100001000000000000000010011011010011111111101111110100111111100001001101001000101000010001010010000011101111111100111111100001000001001000000110111111111011111111101111111111111111100001000000001000000000010001010011111010000100010100101100100001000101001001001000010001010010001010000100110100111111100001000001001000001
2941234380922770440,20,meet_semilattice,1111111101111111111101000000000000000000011011110010100000110111111100111011111101001101001010000001010001000010000000010100111100101000000101000101001010000001011111111111101111110111111101111011111101000000001000000000011011110011101111110100010000101000000101111111011111111111010011010010101000010100111100101001001101101111001010111111011011110010101101110100111100101000001101000000001000000001
-6630023012448504371,20,meet_semilattice,1010000000110100000111100100001101000001001000000011000000001111111111111111111111101101001111000011101001000011010000011110111100111100001111100101001111000011111011111111111111111110111101111100001100000000001000000000000000000011000000001010010000111100000100100000001101000001111011110111111111111110111101111101111111101111011111001111111011110111110001111010010000111100001100100000001100000001
-3184213731091597484,20,meet_semilattice,1000000001000000000011000000011001000100111100101111110111111101001001111101111011111010111111011111111111101111110111111100001001111101111011111111111111111111110100101111110111100000000001000000000000000000011000000100110000000111110001101100000001101100011010000000011001000100111111101111111111111100000001111101011011000000011111011110000000000100000001001000000001100100011011010010111111011111
1607949933879007654,20,meet_semilattice,1000010011000000000011101100110101101010101001001100001000101111110011010110101110001100110000100010000001001100000000001111111111111111111111111101110101101011000000001100000000000000000001000000000011111101111111111111101011001101011010101111110111011110101110001100110001101010100001001100001000101111110111011111101110001100110000101010111111011101111111111000010011000000001011101100110101101011
6926950717637938017,20,meet_semilattice,1111111111111111111101000000000000000000011100001000000000000101000010000000000001111111110011110100011101101100010001000111001011000000010001110111110011000100010000001000000000000111000011000000000001111111111111110101011111111101111101010111011011001100010001110010110001000100011101111100111101000111011111001101010001111111111111111111011100001100000001000111111111111111011101111111110011110101
-2602281092541967853,20,meet_semilattice,1000000000000000000011000000001000000000111011010011100000101111111111111110111011001101001110000010110001010011100000101110111100111110001011000001001100000000111011111111111001101110111101111110011010000000001000000000110000000011000000001100000100111000000011001101001111000010111011010011101000101110111111111111111111101111111111101110111011110011111001101100000100111000001011101111111111101111
-3213125314297377638,20,meet_semilattice,1001000010010000001011111100111111111111101100001001001000100001000010000000000010111000100111101111101111001001111011111111111111111111111111111101111111111111000000001000000000001011110011011110111110111100111111111111000100001001000000101011000010011010001010110000100111101110100100001001001000101011110011011111111110110000100110101110101100001001101001100001000010000000001010110000100111101111
-6076078705978193746,20,meet_semilattice,1111101101111111111101111010010011111110001000000000000000000011100001001011011000101000000000000100111111111111111111110011101001001011011001111011011111111111111110111111111111110010100001001011011001111010011111111111011110100101111111100010100000001000010000111010010011111110001010000000101001000010100000001011011000111010010010111110001000000000000001000010100000001010011001111010010111111111
-8438752293237966814,20,meet_semilattice,1010000000000001100011100111100111111011001000000000000110001111111110011111111111101111100111111011101001111001111110111010001110011111101110100001000101111010101000001001011110001111111111011111111111111111111111111111101000000001011110001010000110011111101110100000000001111000101000000000001110000000000000000001100000000000000000001000111011111001111111111010000000010111101010100001100101111011
-2595774635998686246,20,meet_semilattice,1010000001100000000011111100111111111111001000000000000000001011000001110101100010111100111111111111101101001111111111111111111111111111111110110101111111111111101100001111111110100010000001000000000000100000011000000000101000000111000000001011000001111111100010100000011101011000101100000111011110001010000001110001100010100000011100001000101100001111111111111011000001111111101010110000111111111011
-6505402012227363269,20,meet_semilattice,1110010111111111000101000000000000010000001000000000000100001111011111111111011111101111111111111111010001000000000100000110011111111111000101100101111001110001011001001000000100000110010011000001000101100100111000010001011001011111111100010110010011101111000101100100111001110001011001001110001100010000000000000001000011100111111111111111111001111111111101011110011111111111011101100100100000010001
8823353505901802284,20,meet_semilattice,1011111110110001111101111111101100011101001010000001000010000011111110010000110100001000000100001000001011011001000011010010111110010000110100101001100100001000001010001001000010001011111111110101111100111111101100011101000000000001000010000011111110111001110110111111101101011111101111111111011111110011111110010001110100000000000000001000001010011001000011010011111110110001111100101000100100001001
-5158837236757075881,20,meet_semilattice,1111111111100101111101111101101001001010001111011010010010100001000000000100001000011001100001001010000111011000010010100111111110100101101000010001000001000010000100011000010010100111111111100101111100011101101001001010111111111111111111111111111111101101111100000000000001000000111111111110011111110011110110100101101000010001000001001010011111111010010111100000000000000100001001111111101001011011
-2346986903584332478,20,meet_semilattice,1111111111110101111101111111111101011111001110111111010110010001001110100001100000011011111101011001001111111111010110010000001100100001100000000001000000010000000000111010000110000001001111100001100100000001001000010000000100111011010110010011111111111101111100010011101001011000111111111111011111110000000000000001000000000001001000011000001111111111010111110011101111110101101100010011101000011001
8292458561470387986,20,meet_semilattice,1111011000101111001101000000000000000000011001000010000100110101010000100001001011111110001011110011010001000010000000000111011000101111001101110111001011110011111111111011111110111111111101111111111101000000001000000000011101110011111100110111010000101111001101110100001001110011011001000010001100110100010000100001001011111111001111111011111111110011111111110100010000100000001001000100001000000001
619815139597426488,20,meet_semilattice,1110101111100111010101001011010000110000011010110100011100001111111111101111011100001010010000000000111011111110111101110000001000000000000000001011010000010000011010111110011100000000001001000000000001101011011001110000111111111111111101111110101111101111010101001011010001110000000010100100001000000000001001000001000011101111111011111111011010111110011101000110101111100111011101101011111001110101
8346259620507355240,20,meet_semilattice,1111011110001111101001110111100011111010001000010000000000000011011110000111101001111111100011111010001001110000011100100010001100000000000000000001000000000000001001111000011100101111111111111111111111111111101011111010111101111001111110100011011110001111101000000001000001000000001000110000011100100010001100000101001000100111100001111010111111111011111111110010001100000100001011111111101111111011
-1418743390661473573,20,meet_semilattice,1111111111111111111001100100101010100010001001001010000000000111011110101010101000101100101010000010000001000000000000000110011110101010101001100101101010101010000001001000000000000111111111101010101000000100101000000000011111111111101011100010010010101000000001111111111111101110001001001010101000100111111111101011111001100100101010101010011111111110101011100010010010101000001011111111111111111111
-8859881915387275919,20,meet_semilattice,1111111111110011101001100111100000011000001001011000000110000111011110000001100001111111101100011010000001011000000010000000011110000000100000000001000000000000000000011000000000000111111111110001101001110111101000011010011101111011000110101111111111111111101011111111111101111010011111111111001110100000010110000001100000000001100000001000111111111111111111110111011110000001101011111111111111111011
3921601672945418349,20,meet_semilattice,1100010000010000101001000000000100001010111111111111011111111101111110110111111111001100100101001010000001000001000010101100111010010100101011001111101101111111110001001001010010101101111111110111111111001110101101111111000000000001000000001111111111111111111111000100000101001010110011101001011111111100111010010101111100000000000100001000110011101001010011110000000000010000101011001110100101001011
357903151678360747,20,meet_semilattice,1100000000000000001101000000000000000000111001010000001100111111111110111111111111101111101111111111110001010000001100111110011110101111011111000001000000110011110001011000001100111110111111111111111111100101101001110111111001111011111111111110010110101111011111100101100001110111110000000000001000111100000000000011001111100111101011111111110001011000001101110100000000000000001001000000000000000011
5126296470428989382,20,meet_semilattice,1111111111010011110101111111110100111101001010000001000000000011110011010001100000001000000100000000001011000101000100000011111011010001100000111111110100011001001010001001000100000010100001010001000011111111111111111101000000000001000000001111111111011111110111111111110101111101001111101101001110010010100000010001000000101000100100011000001111111101001111011111111111111111111100111110110100011001
-3205105939666341515,20,meet_semilattice,1011110111111111110111111101111111111101001111011011010110000001110100110101000000001000001001010000000011000011010100000011111111111111110100001101001101010000000011011011010100000011110111110101100000000000001000010000000010000011010100000011110111111101110100000000001001010000001111011111111111010000000000000001000000011101101101011000001111011111010111001111110111111111111100111101111101011101
975412569903202202,20,meet_semilattice,1000010001000011110011110111111111111111101001010111101111011011011111111111110110111111111111111111000001000000000000001010011111111011110110000101011110111101101001011111101111010000010001000000110010000100011110111101100001000101101111011000010001001011110110100111111111111101000001000100001111000000010000000001110000000100000000001100000001000000000001001011011111111111111110000100010000111101
-4176722200257573948,20,meet_semilattice,1101001101010011000101000000000000000000111110111111001100010101000100000000000011011011010100110001111111111111101110110101001101010010000101000001000000000000110110111111001100010101000101010010000111011011011100110001010000010001000000001111101111111011101111111111111111111011010100010001001000000101001101010011000111111011111100111011111111111111111111111111101111110011001101010001000100100001
8215394960210153944,20,meet_semilattice,1101011101100101111101000011000000001110111101111110011111110101001101000000111111111111111001111111010101110110010011110000001100000000111000000001000000000010110101111110010111110100001101000000111001000011011000001111111111111111011111111101011111101111111101010011011001001111110101111110011111110101011101100101111100000001000000001110000000010000000001100000000000000000001001000011010000001111
-2780020626132093115,20,meet_semilattice,1010001000011001000011111111000111111111001000100001000000001011001000011001001010111011000111111010101101100001111110100000001000010000000010110011000111111010111111111001111111111111111111111111111110111011001111111110000000000001000000000010001000011000000010110010000111010010101100100001111110100010001000011001000010110010000111011010101110110001111111101010001000011001001010111111000111111111
-8165940041258400195,20,meet_semilattice,1000100100000000000011001001001000000100111110110110111111111101101100100101010000001001000000000000111111111111111111111100101100100100010000000001000000000000111110111110111111111101101101101111111110001001001000000000111110111111111111111101101100101101111011001001001001000100110110110010111111101100101100100101010011011011001001011110100010010010000001001100101100100101011011011011001011111111
471919604396574595,20,meet_semilattice,1000110001011010101111001100010110111011111011100101101111111101111011111111111100001100010110001011000001000100100010100000111001011010101111011111111111111111110011101111111111110000000001000000000011001110011111111111000001000101100010100000000001001000001011001110010111111111000011000101101010110000110001011011101100000000010010001010110011100101101111110000000001000000001000000100010110001011
1272133285635700970,20,meet_semilattice,1000000000000000001011001000000010010110111011010100100111111111110101001001111110001000000010010110110011010100100111101111111101001101111111001001000010011110111111111100111111111100100101001001111011111101011011011111111111110111111111110000000000001000001011111101010011011111111111110100111111110000000000001001011011001000000010011110000000000000100001100000000000000000001011001101010010011111
-7517766900754657561,20,meet_semilattice,1000000000010010010011111011111111111111101110011111111111101001000100011111011010011001010111110110101111111111111111111011101111111111111110000001000101110110100110011111111111101001000101011111011010011001011111110110000000000001000000001000000100011111011010000000000101110110000000000001001001001000000000010011010010011001011111111110000000000001000001001000000000010010011010111001111111111111
-8307748150685817636,20,meet_semilattice,1000000000000010000011001010000000110000111010100000001110011111111111100111101110001010000000110000111011101010001110011000001000000010000011101111101001111011111010101000001110011110111111100111101111101010101000111001111111111111111110111111111111101111101111101110101001111001000000000000001000001000000000000011000010001010000000111000111111111111111111111110111010100111101111001010000000110001
4717675409094995036,20,meet_semilattice,1100110000100100110001000100001001001000111111111111111111111101111111111111111101001100001001001100000001000000000000001100111000100101111011001111111111011111110011101111110111111100111001100101111100000100001001001000110011100111110111111100111001101101111100000100000001000000110011100111111111111100110000100101111000000100000001001000010001000010010011001100110000100100111011001110001001011111
8724764487485075371,20,meet_semilattice,1000000000000100000011101111011011111010101011000010111110001111111111101111101000001100000001010000000001000000010000001010111000101111100010101111011011111000111011111110111110101010111001101111100010001100001011111000111111111111111111110000110000001101100000000000000001000000100011000000111110000000010000000101000000001100000001011000111111111110111111101010111101101111101011101111011011111011
3810578346577989441,20,meet_semilattice,1000000000010000101011000110010100011011111111101101000110111001011000010001101111011110010100011011100001000001000010101000011000010001101011111111110101011111110111101101000110111000011001010001101111111111111111011111000000000001000010001111111111011101111111111110110101011011111111111111111111111000000000010001101000000000000000001000111111101101010111110000000000000000101010000110000100011011
465586081998129742,20,meet_semilattice,1000000000010000000011000000000100000001111000000001000000011111000000010000100111111001010100001001111111011111111111111111111111111111111111110001000100001001111110011111000011111111000101010000100111110001001100001001000000000001000000001111100111111111111111111001111101011111111110011111001111111111100111110001111111000000000100001001111110010111000011111111100101010000101110000000000100000001
-1153681448412911034,20,meet_semilattice,1000010000101001000011000100001010010000111001000010100100001111110001101001101011101100001010010000000001000000100000001111111001101111101111111111011011111111111111111110111111111110110001101001101000000100001010010000111111110111111111110000000000001000000011111100011011111011111111000110101110110000010000001001000011101100001010011010111111000110111111111110110000101001001011111100011010011011
3751000814137963198,20,meet_semilattice,1100101101100101011001001011011001010110111110110110110111110001101101100101011000001000001000000000111111111110111111110000101000100000011000001011011000000110111110111110111111110000101001100000011000000000001000000000111111111111111111111101101101101101111000001011011001000110111110110110111111110000101101100101011011001011011001011110000010000010000001000000100000100000001011011011011011011111
9162414076038748697,20,meet_semilattice,1000000000000000000011100011101111101111101000110011110011111111001111111110111111111111111111101111111101111111111011111000001000000000010010000011000111001100101000111011111011111110001111111110111110000011001111001111100000100001100011001000001000001000010010000010000111001100101000110011111011111111011111111111111110000010000000001100100000000000000001001000001100011100111110000011000111001101
-371602763314774534,20,meet_semilattice,1000000000000001100011100011011000011110101000010110000110101111111101111101111111101011011111011111111011110111110111111010001101100001101000000001000000010000111111111111111111110000000101000001000010000001011000011000111000110111100111111110001101101001111111100011011111011111111011110111111111110000000000000001000000000000000000011000100000010110000111101000000101100001101011100011011000011111
7160996972693122042,20,meet_semilattice,1101111111111111111101011111011111111111001111010111101111110001110101111011111100001000011010111111000011000110101111110000111101111011111100001101011110111111010111111111111111110000000001101001111100000000001010011101000011000111101111110000000000001001110100011111011111111111000000000110101111110000000000000001000100000000000000011101000000000000000101010000000000000001111100000000000000000001
-2062563464009308641,20,meet_semilattice,1010110101011111111111101101010111111111001001000001110111011111111111111111111100101100010111111111000001000000110100001110111101011111111100101101010111111111111011111101111111110010010001011101111111101111111111111111000001000001110100000000000000001101000000000000000001000000001001000101111111110000000000000101000000000100000111011001000000000000010101000010010000011101111100000100000111010001
8715986585135345996,20,meet_semilattice,1100111111110111011101001111000001110101111011111111011101111101111111110111011100001101000001010000000001000000010000000000111100000111010100000101000001010000010011111000011101010100111111010111011101001111111101110111000011010001011101011111111111111111111100000000000001000000000011010000011100000000010000000101000011101111111101111111000011010000011101010100111110010111011100001101000001110001
-5915085776450995824,20,meet_semilattice,1001001110001100110111111111100111001111101111111000110011010001001010000000000010011111100011001101100101111000110011010000001010000000000000010011100011000000000000001000000000001111111111011100111111111111111111111111101111111001110011110001001010001000000000010010100011000000111111111101111011111111111111011111111100010011100011001000000100111000110011011011111110001100111100010011100011001001
-6320296251563318324,20,meet_semilattice,1101000000001100101101000000000000000011111100010010110110110101000000000000001111011001001011011011111111110010111111111111101100101101111111010001001011011011111111111011111111111111111101111111111111010000001011001011111111110011111111110101000000001100101101010000000001001011111110110010111111111101000000101101101101000000000000001011111110010010110111110000000000000000001000000000000000000011
-9037728185500511753,20,meet_semilattice,1000001010110011101011000011101100111110111110111011111111111101001110110111111111011011101111111111111111111011111111110000001010110011101010000011101100111110000000001000000000001111101111111111111100000000101100111010000000001001000100101101001110111111111111000011101101111111000000001001001110100000000010000001000000000000100100011010100000101011001111100000000010000001001011000011101100111111
14277806757003390,20,meet_semilattice,1000110100111001010011111111001110111110101011110011101101101011111100111011011000001101001100010100000001010011000101001000111100111011011000000001001100010100101111111011101111101011111101111011111000000000001100010100000000000001000001000000110100111001010010111111011111111110100011010011101101000000000000010001010010111111001110111110000000000000000001000000110100111001011010111111111110111111
-4064333076087887379,20,meet_semilattice,1100010110000010001001000101000000100010111101111000001000101101011110000010001011111111100000100010000001010000000000000100011110000010001000000001000000000000010001011000001000101111111111100111001111111111101001110011111111111111111100111111111111101111001111111111100001100010000000010000001000001111111110000111001111111111111111111011111111111111111111110000010100000010001011111111100001100011
-547208484880330106,20,meet_semilattice,1000000101101101000111000001111011010001111110111110111111111001000111101101000111001001111011010101111111111111111111111101001111101101111100000001011011010001100000011110110100010000000001100101000000000000001000010000111110111111111111110000000001101101000100000000001001010000110100011110111111110000000000000001000011010001111011011111110000011110110101011100000111101101001100000000011001010001
-1212262387513030238,20,meet_semilattice,1001010101000010011001010101010000100011111101111110111111110001000000000010001011011111011011111111000101000100001000101101011101001110011100010101010000100010110101111110111011110001000001000010001011010111011011100111111101111111111111111001010101001010011110010101010011100111000000000000001000101101011101101111111111010111011011101111000101010100001001100000000000000000001000010101010000100011
-4326985038317186171,20,meet_semilattice,1111111111111111111101000001000111111111011100010001111111110101000100011111111101111011111111111111011111111111111111110111001111111111111100000001000100100000010000011001111111110101000101011111111101110001111111111111000000000001000000000000000100011111111100000001000101111111000000000001001000000000000100010011111000000001000100101100000000010001001001000000000100010010111000000001000100111111
58071312531036645,20,meet_semilattice,1000000000000000000111000000000101000001111111111111110101011101010100110101010111011101001101010101110001010011010001011101111111111101010111000001001101000101110111011111110101011101110101110101010111000000001101000001100000000001010000011101110100111101010110000000000001000001111111111111111101011100010100110101010111111111111111111111110000000011010001011111111111111111011100000000000000000001
-5953090360859530755,20,meet_semilattice,1000000000000000000011000001000100001110111011111111111111111111111111111111111111001111111111111111110001111011111111111100001110111011111110000001000100001110110000011011101011111100011111111111111110000001001100001110100000000001000011101100000100111010111111000011101111111111100000010011001011101100000110111011111110000000000000001000100000000000000001101000000000000000001011000001001100101111
7936864131533392360,20,meet_semilattice,1010111111110001000011101111111110110110001000111111000000001111111111111011111100101011111100010000001011111111000100000000001000010000000000000011111100000000000000101111000000000000001001110000000000000010001100000000000000000001000000001010111111111011011011111111111111111111101011111111001101100010001111110001000011101111111110111110101011111111000101001010111111110001011011101111111110111111
1489412346847509614,20,meet_semilattice,1111001011101111101001100010000000000000001000000000000000000111001010100011101011111010111011111010111111111111111111110010001000000000000011111011111111111111001000101000001000000111001011101011101000100010101000110000111100101111111111100111001010101011101001110010111011111010001000100000001000000010001010000011000001100010101000111010111100101110111111100010001010000011001011110010111111111111
-6781417801801563902,20,meet_semilattice,1011110111110001101011111111111101111111001010011100000110100011100111110001101000001001110000011010001111011111000110101011111111110001101000000001000000001000000000011000000110000000000101000001100000101001111000011010000010011101000110101111111111111111111110111111111101011010101111111111011110100000000100000001100000000000000000001000101111111111000111100000000111000001101010111111111101111111
-5031487159656896594,20,meet_semilattice,1000000100000101010011111111010111010111101010010001110101011011111101011101011110001001000001010101101011110001110101111010101100011101010100000001000000000000111111111111111111111010111101011101011111111111011111011111100010010001110101011000100100001101010100000001000001000000111111110101111111110000000100000101000011111111010111011111000000010000000001001000100100000101011110000001000001010101
-915853447087418858,20,meet_semilattice,1111110000010100101101001100000101001011011111000001010010110101110000010100101100001000000000000000000011000001000000111111111000010100101111111101000101001011111111111101111111111111111101011111101111111111011111111011000010000001000000011111111100011100101100001100000101000011111111110001111110111111111100011101101100001100000101001011111111110101111111110000100000010000001100001000000000000001
-6544729765321584997,20,meet_semilattice,1100000011000010110001000000110000000000111010011100011011101111100111000110111001001000110001100100111111011111111111111111111111111111111101000001110000100100000000001000000000000000000011000000000011111001111111111111111110011101011011111111100111011110111101000000110001100100010000001100001001001111100111011111111101000000110000101100010000001100000001001100100111000110111011111001110001101111
8012880199316605529,20,meet_semilattice,1111111011101101111101000000001000000000011111101110110111110101111010101101111101001110101011001111010001001010010001110100001010100100011011111111111011111111010000001010000000000101111011101101111100000000001000000000111111101111110111110100010010101100011101000000101001000100111111101110111111110100011010101101111101000110101011001111010000001010000001000100000010100100011001000000101000000101
-2844613811159240094,20,meet_semilattice,1111111111111111111101000000001000111101011111011111111111110101110111101111111101001000011011111101010011011110111111010111111111111111111101001001111011111101010010001110111111010100000001101011110100000000001000001000010111011111111111110100000000101011110101000000011011111101000000000010001110000000000000100001100000000000000000001000000000000010001111010100110111101111111100000000001000111001
5362587018378421582,20,meet_semilattice,1111111011111001111101000000101010001001011111001110100010110101110011101000101100001100101010001011000001001010100010010111111011111000111101111111111111111111000000001000100000000100110011101000101100000000001010000000011111001111100011110000000000001000000001111110111111011111011111101111111111110111111011111001111100000000100010001000011111001110100011110000010010101000101100000000101010001001
3459104530311906835,20,meet_semilattice,1100010000000000101001000100000000000010111011011001111111111111110111111111111111001101100110111111000001000000000000001111111111111111111111000101000110101010110001011001101010101110110111111111111111000101101110111011110001000001100010100000010000001000000011000101000111101010110001000001101010101100010110011011101101000100000000001010110001011001101111110000010000000000001011000101100110101011
823989870259432350,20,meet_semilattice,1000010000100000000011111111111111110111101011100011100100001011111111111111011110001110001110000000000001000000000000001000011000100000000010101111111111110100101011101011100100001010111011111101010000000100001000000000100001100011000000001000011000111000000010101110101111010000101011101111111101001000111000111001000011111111111111111111101011101011110101001010111111111111011110101111111111110101
-5778188806836154464,20,meet_semilattice,1100111011011101011101001110100111010111111111101101111111111101111011011101011100001000000110000000000011100001110100110000101000011101001111011111110111011111000011101001110101110000111001011101001111111110111111111111000000000001100000000000000000001000000000001000000111000011110111101101111111110000100000011101001111011110110111011111000011100001110101110000000000011000001100000000000110000001
-8549620339653342409,20,meet_semilattice,1111111111111111111101101001010001100110001010000000000000000111111111111111111100001000000000000000011011010110011011100110111101100111111100101001000001100110011011011110011111110010100001000100011001101001011001101110011011111111111111110110111111101111111100101000000001000000001010000000011001100110110101100111111001101001010001101110001010000000010001100010100000000100001001101101011001111111
-3636326524018166133,20,meet_semilattice,1110001100101010101001100001001010001010001000010000000000101111001100101011101011111011101011111011111101111010111110110110001100101010101000000001000000000010111100111010101110101111111111101111111100100001001010001010111111111111111111110010000100001000001011110011101011111011011000010010101010100110000100101011101000100001000010001010111101111010111111110000000000000000001011110011101010111011
3168327687228515309,20,meet_semilattice,1011111111110011011011111111111110111111001011110010001101100011111101100011011000001000001000010100000011000010001101100000111100100011011000001101001000110110001111111111001101100010111101100011011000000000001000010000001111110111001101101011111111111011111010111111111111111111000010000010001101100000000000000001000010111111111100111110000000000010000101000000100000100001011010111111111110111111
-1553437198702751759,20,meet_semilattice,1011111111111101111111111111111111111111001001010011100001110011110100111000111100101101001110001111000001010001100001110011111111111101111100000001000100000111001111011011100011110011110111111101111100000101001110000111000000000001000001010000000000001000010000111101101111011111101111111111111111110010010100111001011100100101001110001111000000000000000001000000000000010000011100000000000000000101
4017061228219865663,20,meet_semilattice,1000010000010000000011100100111101010100101001000101010000001011010011110101010011111111111111111111000001000001000000001111011011111111010111110111111111110101101001001111010101001000010001010100000010100100011101000000000000000001000000001111010011111111010010000100000101000000111001001111011101001010010001110101000011110111111111111101101001000111010101001111011111111111111111110100111111110101
-6768341436014212201,20,meet_semilattice,1001001000010000000111111111111111111111101110100011000000010001000000000000000110011010000100000001101111100111111110110001001000010000000110111111011111111011101111111111111111111011101001111011100110011010001100000001000000000001000000011011101000111011100110111010011111111011101110100011001110011011101000110001100110111010001100001001101111100111111111111011101001111011101100000000000000000001
-3184266002847300834,20,meet_semilattice,1011111111111111111111111111111111111111001111011101111011010001000000000000010000011000100100000100000111001001000011000011111111111111111100011101100111101100000100001001000001000001110111011110110100111101111111111101000100000001000001000001110010011110110000011000100101001100000110001001001011000001110110011111110100011000100100001100000000000000000001000011110111111111111100011101100111101101
-1149480904329782410,20,meet_semilattice,1111111111111111111101101111111111111111001011111111111111110111111111111111111100001111101111111111000001101010001101100000001000000000000000000111101111111111000000101010001101100000111111111111111100000010001000010110000001101011011101100000011010101111011100000110101001110110000000100010001101100000001000000001010000000110101011111111000000100000000001000000001000000001011000000110101001110111
5035835935400575617,20,meet_semilattice,1001110001001100101111111111110111001111101111110101110011110001100001001000101100001000010010001011000111000100110010111001111001001100101110011111010111001111101111111101110011110000000001001000101011111111111111101111100111000101110010110000000000001000001000011000010011001011111111111101111011111111111111111111111100000000000010001010100111100101110011110000000000000000001000000000010010001011
3159252641953337346,20,meet_semilattice,1111011111111111111101010011111100111010011100111111001110100001001101000010101001111111111110111111011101111111101111100000001101000010001000000001000000000000000100111100001010100000000101000000000000010011111000111010000100111111001110100111001111111011111001110011111111111110000000010100001000100001001111000011101000000011010000101010011100111111001111100000000101000000001001110111111110111111
-2072376870714328222,20,meet_semilattice,1110001111011110111101100001000100100000001000000001001000001111101111111110111101101011110110100111111111111111111011110110001111010010010000100001000100100000011000011001001000000110000111010010010011101011111111101111000000000001000000000110001111011010011001100011110111101111000000000001001000001111101111111111111101100011110110101111011000011001001001000110001111010010011001100011110110100111
7400770349518208574,20,meet_semilattice,1001110111111111110101111101111111111101001111011111111111010001100011000000000000001000110000000000000111011100111111010111111111111111110100011001110011111101000000001100000000000000000001000000000000011101111111111101000111011101111111010001100011001001110100011000110011011101000110001100101111010001100011000001000000011000110000011100000110001100000101000111111111111111111100011000110000010101
7168037286013110873,20,meet_semilattice,1001010111011111111111011101111111111111111111011111111111110001000000010100110110011101110111111111000101011101111111111101111111111111111100010001010111011111000100011101111111110001000001011101111110011101111111111111000000000001000011000001000000011101110100000000000101001100000100010101111111110001000000010101110100000000000000001100000000000000000001000001000000011101111100000000000101001101
-5537841305935854331,20,meet_semilattice,1111010101111101110101010001001000001001011100010010000010010001000000100000100011111101011111011101011101010111110111011111111101111101111100000001001000001000111111011111110111110101000101101000100100000000001000001000011100010111110110010101000100101000100101110001011011011001111111011111111111110111000101101001100100000000000000001000011100010111110111011111110101111101111100010000001000001001
4781103556867817650,20,meet_semilattice,1001010000100100000011011111101111101100111111111111111111010001010000100100000010011101101111101100000001000000010000001001111110111110110010010101001001100000100101011011011010001101111111111111110000000100001001000000100101000011011000001001010110111110110000000000000001000000100101000010011000001101111110111111110010010101001001101000100101000010011001001111111111111111111111011111111111111101
5056538199164166851,20,meet_semilattice,1111111111111111111101011101111010000100011111011111111101010001000001000000000000011100111010000100000101001110100001000111111111111111111100011101111010000100000100001110100000000000000001000000000000010000011000000000010111011111100001000001000001101000000001011101111111000100010111011111101001000101110111111101010001111101111111111101000100001110100001000101110111111111011101011101111111110101
-3178020743029931641,20,meet_semilattice,1111011100101000101101000011001000000000011000110010000000010111011100100000101111111111101111111111011001110010000010110000001100100000000000000001001000000000111101111010111110111111011111111111111100000000001000000000111101111011111110110111011100101000101111110111001011101011111101110010101010111111011100101111101101100011001000001001111101111011111111110110001100100000101100000001001000000001
-7221397261964266144,20,meet_semilattice,1010101000111010111111111110101110101111001000000000000000001011111010111010111100101010001100101111101011101011101011110010001000000010010011111111101110101111101010101011101011111111111011111010111100100010001100101111001000100001001001000010101000111010111111111111101111101111001000000000001000001111111111111011111100100010000100101111001000000000001001000010001000000010011100100010000000100101
-8318826205674186198,20,meet_semilattice,1001010001000010100011010100010000101000111111011100011110000001010000000010100011011101010000111000000001000000001010001101111111000111100011010101010000101000110111011100011110000000000001000010000011111111111011111011111111111111111111111101111111001111100011011101010001111000000000000000001000001101010101000011100000000000000000101000111111111110111111111111111111000111101111011111110001111001
-1587328857182090703,20,meet_semilattice,1111111111111111111101111111111111110111001110011001111100010001100110011111000100001000100111110001001111011011111100010011111111111111011100001001100111110001000000001000010000010011110111111111001100111001101111110001000000001001110100010000000010001101000100000000000001000000000000001001111100010000000010000101000101111111111111111111001111011111111101110011110110111111001100000000000001000001
7028995209675341252,20,meet_semilattice,1010110111111111010111111101111111110101001010011001100000010011110111111111010100001000100100000000001011011111111101011111111111111111010100001001100110000001000000001001000000000010100111011001010100101001111110010101000000000001000000000000100010011000000100101001111111110101001010011111101101010010100110011001010111111111111111111111001010011001100001011111111111111111011100000000000100000001
621509404375703046,20,meet_semilattice,1111111111111111111101111111111110111111001111100100001001000001111001000010010000001010000000100100000011100100001001000000001000000010010000111111011110101110001111101111101011110000101001000010010000111110011000100100001111100111101011100011111001101010110001111111111111111111000000000000001000000011111011111011111100111110011000101100000000000000001001000011111001101010111000111110011110101111
7602642482686606516,20,meet_semilattice,1000000000000000001011100001000110000010101000010001100000101111111111111111011011101101111111110110111001011101100001101110111111111111011010000001000000000010111000011101100000101110000101011000001011100101111110110110100000010001000000101000000100001000001011100101111111110110111001011101101101101110010111011001011011111111111111111110111000011101100001100000000000000000001011111111111111110111
7780092828734220460,20,meet_semilattice,1111100110110111111101111000100100001011001000000001000010000011000010010000101100111000100100001011111111011111111111111111101111111111111101111001100100111111001000001001000010001111100111111111111101111001101101111111000000000001000010001111100110111111111101111001100101111111011110001001001110110111100010010001101100000000000000001000011110001001000111110010000010010000101000100000100100001011
-9024774831554108887,20,meet_semilattice,1000000000000000100011111111011111111111101000110010100010001011011101111111101110111111011111111111101001110010111010011000001000001000100000000001001010001000101111111111111111111010011101111111101100000000001010001000101001110011111010010000000000001000100010100011001011101001101000110010101010011010011100111111101100000000000000001000101001110111111111111010011100111110101110100011001010001001
-8320804628759159824,20,meet_semilattice,1000001110100111100011010111101111111111111111111111111111111001011110101111100011011111111111111111100001111010011110000000001010100111100000000011101001111000000000001000000010001101011111111111111100000000101000111000000000111011011111000000000010101011100000000000101001111000000000001000001110000000000010000001100000000000000000001000000000111010011111001001011110111111111010010111101111111111
-9048160816723758403,20,meet_semilattice,1010000000011000001111111111111111111111001000000000000000011011000000011000101110111111111111111111101101001111101111111011011011111111111110110111111111111111101100001111101111111011000001111011111110110000001110111111001000000001000000010010000000011000001110110100111111111111101100000001101010111011000000011011101110100000000110001011101100000001101111110010000000010000001100000000000000000001
6585643186039308360,20,meet_semilattice,1111111111111111111101000000000010001001011111111111101110110101000011011001100101011010110110111011010111101111101110110101001011011011100101011111111110111011010000001100100110010100000001001000100101011010111110111011010000001101100110010000000000001000100101111111111111111111010100001101101110010100000001001001100100000000000000001001011111111111101111110101001011011011101100000000000000000001
-4363860018122519306,20,meet_semilattice,1111111111111111011101111111111111110111001111111111011101110001000000000000000100011101101100110101000001000001000000010001111110110011010100010101000100110001000101001001001101010001111111110011010100010101001100110001000000000001000000010011111111111111011100011111111101110101000101000001001100010000000000010001000111111111111111111111000101000001001101010001111111110111011100000000000000000001
-3169865372684225494,20,meet_semilattice,1111111111110111111101111110110101111111001100100001001110010001000000000000100000111110110101111111001101101101011110110001001000010011100000111111110101111111001100101101011110110011001001010011101100111111111101111111000100000001001110001111111111111111111100110010010101111011000100000000001010000001000000000001100000000000000000001000001101101101011111110011001000010011101100010010000100111001
5001001748343178684,20,meet_semilattice,1000000000000000000101000000000000000001111010000000000010011111100001110000111111001000000000001001111111110111111111111111101101111011111111111001011100001111111110111111111111111110100001110000111111101000001000001111111010000011000011111111100101111001111111111011011111111111111110010111101111111111100101110001111101000000000000001001111010000000000011111110100000000000101100000000000000000001
-7812332347731382824,20,meet_semilattice,1000000000000000100011100011010100011000101000000001000110001111111111110111111011101011010101111100111011111101011111101010001101010001100010000001010100011000111010111101011111001000000001010001100011101111111101111110100000000001000110001111111111111111111011100011010101111100101000110101001111001000000000000001100000000000000000001000101000110101000111001110101111010111111011101111111101111111
-5716319524119744511,20,meet_semilattice,1101111110001111111101000101000011110110111111111101111111110101010100001111011001011111100011110111000001000000010000000000011100001111011000000101000001000000000001111000111101101101111111001111111111011111111111111111110111111101111111110000010100001111011000000000000001000000000000000000011000000000010100000111000001011111100011111111000001010000011101100000010100000111001001010111100011110111
-659985179677327889,20,meet_semilattice,1111010011000101011001000100110000010110001001001100010101100111010011000101011011111110111011110110000001001100000100101111011011000111011011111111111111111111000000001100000000000000000001000000000011110110111011110110111111101111111111111111011011001111011000000100110001010110111101001100011101100000000011000001000011111110111011111110000001001100000101100000000011000001001011111110111011111111
695972451935766504,20,meet_semilattice,1101011111001111011001000000000000010100111101111111111111110101000000000101011011011111110011111111010101001100010101100101011111001111011001010101110011110110010100001000010101100101000001000101011011010111111111111111110101111101111111100101010011001111011001000000000001010100010101001100011101100000000000000001000011010111110011111110000000000000000101000100000000000101011011010111110011111111
-7434929617679099891,20,meet_semilattice,1111111111111111111001010011010111001100011101110101111111100001001101010100010001011111010111011110010101110101110111100000001000000100000000000011000001000000010101111101111111100000001101000100010001111111111111111110000000110101010001000000001101011100110000000000000001000000010101110101111111100101001101011101111000000011010101001100000000110000010001000001001101010100011011111111111111111111
2140729602175843751,20,meet_semilattice,1000100000000000000111011000000000001111111111101111111111111001100000000000000100001000000000000000110111101110111111111101101010101101111111011111111111111111100110001000010011111101100011101101111111011000101011011111110111101111111111111101100010001101111110011000000001001111110110001110111111111001100010000101111110011000000000001001100110000000000011011001100000000000111100001000000000000001
8921319533665584715,20,meet_semilattice,1000110010101110010111011111111111101101111111111111111111111001111111111110110100001000101000100001000011001010011001011000111111111110110110001101111111101101000000001000000000001000110011111110110100000000101000100000100011001011111001010000110010101110010100000000101001100001000000001000001000001101111111111111110110001100101111101101000010001010011001011101111111111111111100000000101000100001
7339969810999862914,20,meet_semilattice,1011001100000011001011111111101111111011001000000000000000000011000000000000000010111011000100110011101111111001011110110011001100000001001000100001000000000010101110111001001100111111111111111111111110111111101111111011101100110001001100111011111110011111101110111011000101111011001100110000001100100011000100000001001010111011000100111011101111111011111111110010000000000000001000110001000000010011
-4233471279182817056,20,meet_semilattice,1010001101000001010111100011011001010111001000010000000101011111111111111111111111101111011011111111111001110110111111110000001100000001010100000001000000000001111011111111111111110010000101000001010110100011011001010101111011110111111111111110001101101111111110100011010001010101111000110110011111110000000100000001000111100011011001011111000000010000000101011010001101000101011100000000000000000001
47359941395454151,20,meet_semilattice,1111111010011101010101011110100111010101011111101001110101010001101000011101010100001000000001000101000111100001110101010000101000011101010111111111111111111101000111101001110101011111111011011101110111111110111111011101000000000001010101010000100000011101010100000000000001000000111111101111111111010000000000000101010111111110100111011101000000000000010001011111111111111111111100000000000001000001
4258490116383817592,20,meet_semilattice,1101001101001111110101000010000001011101011100110100111111010001001000000101110111111111111111111111111101111110111111110000001000000101110101010011010001011101011100111100111111010101001001000101110111110011111011111111111101111111111111110101001101001111110100000000000001011100010100110100011111010000000000000001010000000000000000001100000000000000000001001111001111001111111100000000000001011101
-5646533879626603579,20,meet_semilattice,1111111111111111111101101110111111011111001010101110110111010111111011111101111100001010111011011101001011101111110111010000001000000000000001111111111111111111000000101000100001000000001011001101010000000010101010010100000010101111110111010000001000001000010000000010100011010100011111101111111111110000001010001001010000000010111011011101000000100000000001000000101011111101111100000010111011010101
8579602807284400049,20,meet_semilattice,1111111110111111111101101010100101111101001000100000000000000111111010010111110100101010000000000100011011101001011111010000001000000000000001111111101111111111001010101001011111011111111111111111111101101110101101111101001010100001010101010111111010111111111100101010000001000101001010100001011101010010101000000101010100101010000101011101000000100000000001000110111010110111111100101010000000000101
-7827921949829964219,20,meet_semilattice,1111001001101011101001010010000010111010011100100110101110100001001000001010000011111011011011111010111111111111111110100000001000001010000011110011011010111010111110111111111110100101001001001011101001010010011010111010111100110111111110100000000000001000000011110011011011111010000000000000101000000001001000001011000000010010000010101010111111111111111111110001001000001010001011111111111111111011
-2231747289095463372,20,meet_semilattice,1011110000100001110011111111011011111110001111000010000111000001000000100001010000011100001000011100000001000010000101001011111001100001111010111111011000011110101111111110111111100011110001100001111000000000001000010100111111111111111111111011111101101111111010111111011001111110101111110110001111100000000000000001010000000000000000001100000000000000000001000011110000100001111011111111111011111111
-7370747771246175331,20,meet_semilattice,1010110000000000000011101100001010100100001010000000000000001111111010111110110100001000000000000000001011000000000000001110111010101110110011111111111111111111111011001010101001001111111011111111111110101100001000000000111011001011111011001010110000101010010011101100101011101100101011000010001001001111111010111111111111101100101010101100101011000010000001001111111010111110111111101110101111101101
-2717276484704858319,20,meet_semilattice,1111111111111111111101010000000000100000011100010101011100100001000000000010000001111001110101110010011111011111011110110111111111111111111101010001010101110010011100011101011100100101000001000010000001111001111101110011010100000101001000100111110111111111111101010000010101110010000000000000001000000101000001010011001001111001111101111011011110011111011111110101000001000010001001111001110101110011
3550707567228793432,20,meet_semilattice,1101111111100111111101000101011001010110111111111111011111110101010101100101011001011101111001110110000001010110010101100101111111100111111100000001010001010100010101011110011101100000000001000100000000000001011001010110110111111111011111111111111111111111111100000000000001000000010101010110011101100000000001000101000001011101111001111111000000000100010001000000000101000101011001011101111001110111
7483582489696635422,20,meet_semilattice,1010010100001100010011100111100011000101001000010000010001001111111111111111111111101111100011001111001001010000110001001010011110001100010100000001000001000100101001011000110001001110111111101100111111101111101011001111111011111111110011110010000100001100010000000000000001000000111011111111111011111110111111111111111110100111100011001101000000000000010001001010011110001100011100100001000011000101
7689092175751086365,20,meet_semilattice,1000001010000100011111110111101111011111101100101011110101111001001010110101011110111110101111011111100101101011010101110000001010000100010110110111101111011111000000001000000001001011001011111101011110000010101101010111100000101001010001111001001010111101011100000000100001000101111111111111111111111000001010010101011110110110101111011111000000000000000001000000001010000100011100000000100000000101
-5414735464734910910,20,meet_semilattice,1111111101011111111101011011000000010011011110110001011111110001001000000000000000011010000000000011011111110101111111110000001000000000000000011011000000000011011111111111111111110111101101010111111101111111011111111111010110110001010110110111101101011111111101011011000001010011010110110001011110110001101100000001001101011011000001011011010110110001011111110001001000000000001100010010000000000001
8118082975850721670,20,meet_semilattice,1011111101111111111101111111011111111111001001000111000100000011111001110011011000101110011100010110000001000010000100000010011001110001010000111111011111110111101111111111111111110000000001100001000000000000001000010000000001000011000100000011111001111011011000111110011101110110001011100111001101100000000000000001000000111111011111111111001001000111000101000010011001110001011000111110011110110111
-1269978649497942135,20,meet_semilattice,1101110101101011001001001100011010110000011111010110101100000001010001101011000000001100011010110000000001000100101100001111111101111111111101011101011010110000111111011111111111110000000001000011000000000100011010110000111111010111101110100000000001001011000011111101011111111111000000000000001000000000000000000011000011111101011010111010111111010111101111110000010001001011001011111101011110111011
-7426552315933681276,20,meet_semilattice,1101100100100100111101010000000000001101111110111010110011110001000000000000000101011000000001001101111111111111110111110101101100101100111101011001001001001111110110111010110011111111101111101100111101011000001001001111111110111111110011110101100000101100111100010000000001000101111111111111111111111111101111111101111100010000000000001001000100000000000001010101100000000100111100000000000000000001
887847923205437819,20,meet_semilattice,1001000000000010000011010011010010101000111110110111111110000001000000000010000011011011011010101000111111111111111110111001001101001010100000000001000000100000110110111111111110011001000101000010000011010011011010101000110110110111111110001001000101001010100011011011011011111000000000000000001000001101001101101011100000010000000000101000111110111111111111111111101111111111101111011011011111111001
2265729786958495623,20,meet_semilattice,1111111111111111111001000000001000000000011111111111111111100101000101110011011001011111111111111110010001010111000101100101011101111011011001000001011100010110010101111111111101100100000001110000011000000000001000000000000000000011000000000101010101111011011001010111011111110110010000000011001001100100000001110001011001010111011111111110010000000011000001100100000000100000001001011111111111111111
-7797772570141113267,20,meet_semilattice,1111100111111011101101000000000000000000011000000000000010000111000001110000100001101000011100001000111111011111101110111111111111111011101101111001111110001000011110001111000010000110000001010000100001100000011100001000011000000001000010000111100011111000100011111111111111111111011110011111101110110111100111111001101101000000000000001000111111111111101111110111100111111000101101101000011100001001
1982174161906836130,20,meet_semilattice,1101011010101010111101010110101010000111111101111111111011110001010010001000001111111111111111111111000001000000000000110001011010101000001111010111111111101111000000001000000000110101011011101100111100010100101010000011010101101111110011110000010010001000001101010110101011001111010101101010101011111111011111111111111101010110101010001111000101101010100001110000000000000000001000000000000000000011
7197690878842856780,20,meet_semilattice,1001001000001010011011110010000010100110101100100000101001100001001000001010011011111010001010100110111111110011111111110000001000000000011011111011001010110110111111111011111111111111111111111111111100010010001010100110111110110011101111100000001000001010011011111011001111111111000000100000001001101111101000101011011011111011001010111110000000000000000001100000000000000000001011111011001010111111
5167324436269650501,20,meet_semilattice,1011110111010110011011111101110101100111001110011101011000100001100111010110001000001001100001100010001111011101011001101111111111010110111100000001100001100010000000001000001000000000100111010110001011111111111101101111000010011001011000101111111111111111111100000000100001100000000000000000001000001111111111110111111111111101110101101111001110011101011001100000000010000110001010111101110101100111
29852409707755222,20,meet_semilattice,1111111111111111111101111111111111111111001110111111111111110001001000100001100000011011111110111111000101111111111111110000001000000000000000010011011100011110000100111111000111100001001001110001111000000010001000011000000100100011000110100001001111111011111100010011111111111111000100111111001111100000001000000001000000000010000000001000000100100011000111100000001000100001101000010011111100111111
4708656595549540119,20,meet_semilattice,1100111001011001011101001010000010010010111011100101110101111111111111111101011100001000000010000010010011100001100101110000101000001001001011101111010111010111111011111101110101110100111001011001011111101111111111010111010010100001100100100000000000001000001011001110010111010111111011111101111101110000100000001001001011111111111111011111010010100001100101100000000000000000001001001010000110010111
-852054713482928305,20,meet_semilattice,1000000000000001010011000101001000010101111111111111101111111101010100100001010111011101011010010101000001000000000101001101111111111001111110000101001000010101110111011110100101011101010101100001010110000100001000010101110111011111100101111101010100101001010111111111111111111111110111011111101111110000000000000001010011011101111110011111000000000000000001001101110101101001011110000100000000010101
6921807702897535837,20,meet_semilattice,1111101110111111111101101010101110111111001000100010100110000111101110111111111100101010001010111000011011111011111111110000001000000001100001101011101111111111001010101010101110110110111111111111111100000010001010011000001010101011101110110000001000001001100000101010101111111011000000100010101110000000000000000001000000000000000000011000001010101011101111110010101000101011101000000010001010011001
1212234997027522622,20,meet_semilattice,1000000011000000000011010010111010101001111100101110101010011001001011101010100111111011111011101001111111111110111010011000001011001000100011110011111011101001000000001000000000000000000011000000000010000010111010101000111110111111111010111000000011001000100011110010111011101001100000101100101010001111101111111111111100000000110000001000111110111111111011111111101111101110101110000010111010101001
8057103563040916935,20,meet_semilattice,1110000100001001010001000001000010000000011000010000100101001111111111111111111011101111110111111110111001110001110101001110001100001001010000000001000010000000111001111001110101101110011111011111011011101111111111111110111000110001100101000000000000001000000011100011000111010100111001111001111101100100000100001001010011100111110111111110010000010000100001001110011100011101011011101111111111111111
-7151064200374396401,20,meet_semilattice,1111010100000101110101010000000000001000001000000000000010000001000000000000100011111101010011011101010101010000010010001111111101001111110101010001000000001000111111111100111111011111010101000101110111111111111111111111111111110101111111011111010100001101110101010001000001001000111111010100111111010111010100000101110100000000000000001000011101010000010011011111111111011111111101010101000001001001
2327726552968832652,20,meet_semilattice,1110100010111010011101001000101110100111011010001011101001111111111111111111111100001000101000100011111011111111111111111110101011111011111111101011111111111111000000001000000000001110100011111010011100000000101000000000000000001011001000110000100010101010001111101010111111111111000000001010001000111110100010111011011111101000111110111111000010001011101001110000000010100000001000000000101000000011
6720096336273790488,20,meet_semilattice,1010000000000000000011111111111111101011001000000000000000001011101100111000101010101000000100001010101111110011100010101010101000110000101010101011001100001010101110111011110010101011111111111110101110101000001100001010001000000001000010001010101000111000101010111011001111001010101111111011111010111111111111111111111100100000000000001000111111111111111011111010000000010000101010111111001110001011
5963936917853645161,20,meet_semilattice,1101110100101010010001010101001010100000111111110010101111100001010000001010000001011101001010100000000001000000000000001101111100101011111000010101001010100000111111111110101111111111111101101011111000010100001010100000111111110111101111110000010000001010000011111111111011111111000001000000001000001101110100101011110011011101001010101100010111010010101001001101110100101011111011111111011010111111
2074994829279454320,20,meet_semilattice,1000000101000001101011111101011001111111101000010100010110101011110101000111111010101001010001111110101011010100011111101111111101111111111100000001000000001000111111111111111111110000000001000000100010111101011001111111111111010111111111111111110101101111111110000001010001011010101000010100011111100000000101000001101000000000000000001000101000010100010111100000000001000000101010111101010001111111
3422408164131548748,20,meet_semilattice,1000000000000100000011100000111111011100101000000000110111001011000011011101110011111010111111011110111111101111110111111111001011111101111011111111111111111111101000001101110111001010000001011101110010100000001111011100101000000001110111001000000000001101100000000000000001000000111111101111111111111000000000000101100010000000000001001000100000000000110111001111000011111101111011111010111111011111
3858610214329227046,20,meet_semilattice,1111011110111111111001000111001000100000011001110010001000000111011100101111001001111111111111111111000001000000000000000000011000000000000000000111000000100000011101111011111111100111011111111111111100000111001000100000011101110011111101100110011100101010000001100111001011100000000001000000001000000110011100101111000001110111001111111110011001110010111101100110011100101111001001110111101111111111
6332250981501768672,20,meet_semilattice,1100000000000000000001000000000000000000111000000010000000001111111111111111111111101111111111111011111001000010000000001110011100100011000011100101001000100000111001111111111110111110011101111011100001000000001000000000111001110011101110001110011100101011000011100111011111111010111001000010001000001110010100100011000011100111001010111000111011111111111111111110011101111011101011100111011111111011
-6669559929379978739,20,meet_semilattice,1111111111111111111101101011111011111111001000001010011000010111101111111111111100101010111011101111011111111111111111110010001010101110111100101011111011101111000000001010001000010010001011101110111100000000001000000001011010111111111111110010000010101110110100000000101001100001000000000010001000010010101111101111111100100000101001101101001000001010011001010010000010101110111100000000000000000001
3212057644247450315,20,meet_semilattice,1110100011100111111101001000011000100101011010001110011001011111100111101111111100001000000000100100111111111111111111111111101111111111111111101001111001111111010010001110001001010000100001000010010100001000011000100101111010011111111111111110100111101111111101001000111001100101000000000000001000000110100011100111111101101000111001101101000000000000001001000110100011100110111100001000000000100101
-444886009653993738,20,meet_semilattice,1000010010000000000011010100100000100000111111111101111111110001010010000000000011011111100111111110000001000000000000001101011010000010000011010111100111111010000001001000000000001101111111011111111111111111111111111111110101101001101010001101011010001010000011010110100111111010100101001000001000001101011010011011101011010110100010101000110101101001111111101101011010011010101011011111100111111111
-8085614771518625095,20,meet_semilattice,1110111000101111111101100100000001001101001001000000010011011111111011101111111101101110001001011111000001000000010011010110011000000100110111101111111011111111111011101110111111111110111001101111111101100110001001001101111011101111111111110110011000101101111100000000000001001101011011100010111111110110011000100101111100000000000000001001000000000000000011010110011000100100111100000000000000000001
7447279406183659971,20,meet_semilattice,1100000010100111011001000000001000000100111010001011011111101111101011110111111011001000101101111110111111111111011111111110101011110111111011101011111101111110010000001010000001001110100011110111111000000000001000000100110000001011011101101111111111111111111101000000101001000100010000001010011001000100000010100111011011000000101101111110000000000000000001000100000010100110011011101011111101111111
3793961808669449659,20,meet_semilattice,1010111111111110111111101111111111111111001011001111110011111111111111111111111100001100111111001111000001000101010010010010111111111110111100101101111111101111000001001101110011010000000001000000000100000100111111001111000000000101010010010000010001011100100100000000010001001001001011001111111011111010111111111111111100000000010000001001000001000101110011010000010011011100111100000000000000000001
-7747311129135543030,20,meet_semilattice,1001000000010000000111010000101101001101111111111111110111110001000000000000000011011111111101011111110101011011010111111101011111110101111111010001101101011111100100001001000000011101010111110101111110010000101100001101000100000001000000001101111111111101111110010000101101001101111111111111111111111101000010110101111110010000100100001101100100001001000001011001000010110000111100010000000100000001
-5369620484011921288,20,meet_semilattice,1010110000111000010111101110111111111111001011000011100001011011111011111001111100001100001110000101000001000011100001011010111011111001010110101111111111111111101011001111100001011010110001111000010100000000001100000100000000000001000001000000000000111000010010101110111111111111101011101111101111111010110011111001010110101110111110011111000000000000000001001010111011111001011100000000001100000101
20099302116105584,20,meet_semilattice,1001010010011110101011110101110111111110101101001001111111100001010000001010001011111111111111111110000001000000000000001111011111011111111010110101110111111110000101001001101000101011010011011111111011110111111111111110000101000001101000100000010000001010000000010100000111100010000001000000001000001001010010011111101000010100000111101010100101001001111111100000010000001010001011110111110111111111
6798450681762547454,20,meet_semilattice,1001010011011000111111111110110111101111101101001101100011110001010001011000010010111110110110001111000001000000000001001001011011011000111110111111110111101111000001001101100011010000000001000000010010111111111111101111000001000101100001000000010001001000010010111110110111101111101111101101101011111111111111011111111100000100010010001100000000000000000001000000010011011000111100000100010110001101
-3816112187073433565,20,meet_semilattice,1111111110111111111101011001100011011111011111011001110111110001000110000101011100001001100011011111010111011001110111110111111110011111111100000001000000010001000000011000010100011111111111111111111101111101101111111111010110011001110111110000000110001101001100000000000001000001011111011001111111110000000000000001000100000001100001011011000000011000010101110000000110000101001100000000000000000001
1709902063559637589,20,meet_semilattice,1110101100100111111001000011000001111010011000110010011111101111101100100111111001101011001001111110111111110010011111110000001000000000000000000011000000000000111111111010111111111111111101101111111101000011001001111110111111110011111111111111111100101111111100000011000001111010000000110000001010000000001100000011101000000011000000001000010000110000011111100000001100000010101011111011001001111111
4152717753064781066,20,meet_semilattice,1000001111100110110011011111111111111101101111111111111111011001001111100111110010011111111111111101100101111111111111000000001001000000110000000011011001101100000000111110011011000000000001000000000000000010011001101100100100111111111111001000001111101111110000000010010001001100000000100100001011001000001111100111110000000000010000001100000000000100000001001111111111111111111110010111111111111101
-3542601632708149681,20,meet_semilattice,1101000101100000011001000001000000000000111100111111110101110101000101100000011011111011111111010111111111111111111101111101001111110001011100000001000000000000110100011110000001110100000101000000000001000001011000000000110100011111000001111101001111111001011111010011111111010111110100111111111101111101000111100001011111111011111111011111010000010110000001000100000101000000001011010001011000000111
-4094664007140901490,20,meet_semilattice,1101011110111011111101010111100010110110111101111011101111110001001000000000000011111111111111111111000101100000001000100000001000000000000000010111000010100010000101111000101101101111011111111011111101010111101010111110010101111011101111110001011000001010001011110111111111111111000100100000001000100001011100001011011001010111100010111110000101100000101001100000001000000000001001010111100010111111
679579453988863777,20,meet_semilattice,1111111111111111111101111100111111101111001111001111111011110001100001101000011100001000000000000000000111001111111011110111111011111111111101111111111111111111000110001111111001110000100001000000000000001000011010000010000110000111110001110000100001001000001000011000011011000111000110000111111001110111110011111111111100011000111111101111000010000110100001100000100001000000001000001000011010000111
7671850746936122933,20,meet_semilattice,1101111111111111011101000100000100000101111111111111111111110101110011011100011101001100010111000111000001000000000000000101111111111100011101001101110111000111010011001101110001110100010001011100011101011100111111000111000001000001000000000100010000011000010101000100000101000101010111111111111101110101111111111101011101011111111111001111000001000001000001000100010000011100011100000100000100000101
-7974615934490355040,20,meet_semilattice,1111100111000001001001111001110000010010001100011100000100100001000111000000000000111001110000010010111111011101101110111111111111011011111100000001000000000000000000011100000000000000000101000000000011111101111111111111111110011101000100101111100111011011101011111101110111111111011110011100001100100000000111000001000011111001110100111010111111011101101111110001000111000000001011111001110110111011
-9201766530720801236,20,meet_semilattice,1000001100101100000111010111111111110101101101111111111101011001001100101100000110111111111111110101100101111111111101010000001100100000000000000001001000000000100100111010111101011001001111111111010100000000001000000000100100111011111101010000001100101000000000000011001011000000100100110010111101011001001100101101000110111111111111111101100100110010110101011011111111111111011100000011001011000001
-6921357220810090064,20,meet_semilattice,1001100000101111111101011000001011111111111111101111111111110001000000101100101000011000001011011011110111101111111111111001101001101111111111111111111111111111100110101110111111111001100001101111111100000000001000001000100110101111111111110000000000101000100000000000001011001010000100000010111110110001000000101101101000000000000000001000000110000010111111110000000000101000101000010000001011011011
-1785733476269189159,20,meet_semilattice,1111110111111011111001111101111110101110001011010110101011100001110101101010111000001101010000101100000001010000001010001111111111111111111100000001000000001000001111011111101011100000010101000010100000001101011010101110001111010111101011100000110101001010110011111101111111111110000000010000001010000111110111111011111000000000000000001000000001010100001011000000110101001010111011111101111111111111
-7025381915958874721,20,meet_semilattice,1011110000110011110111111110011111111111001011000000000000000011110000000000000000001000000000000000000011000000000000001011111001110011110111111111011111111111111111101111111111111011110001110011110100111100001100010101001111000001000000001011110001111011110110111110011111111111001111000011001101010011110000000001000000111100001100111101001111000001000101011011111001111011111100111100000100010001
6051547300196474181,20,meet_semilattice,1101111111111101111101010110111111010111111111111111111111110001000000110000000000011110111111010111000101100011000100000001001000110001000001010111111111010111000101101111000100110001011001110001000000000000001000000000000000000011000000000001011011111101011100010110111101010111110111111111111111110001000000110001000001011111111111011111000101101111000101110001011001110001001100010110011100010001
-421510026268892045,20,meet_semilattice,1111101110111011111101000010000000000000011010110000000010010111101100010000110101001010000000001001111111111111111111110000001000000000000001001011000000001001011110111001000111111111101111111111111101111011101110011111011010110001000011010111101110011001111111111011101111111111011010110001001011010111101100010001111101000010000000001001011010110000000011010110101100010000111101000010000000000001
775425811308836825,20,meet_semilattice,1001011111101101111111110111111111011111001100110100110111110001001100000101111111111111111111011111000101111100110111110000001100000001011000000001000000010000000100111100110111110001001101001101111100010111111011011111100101111111110111110001001100001101111100000011000001011110111101111111111111110000000000000001000000000011000000011110000000010000000101000000000100000001011000000011000001011111
7343176562657265657,20,meet_semilattice,1110010000011000100001000000000000000000011000000001100010001111010101111111101111111111011111111111011001000001100010001111011101111111111111100101000111011000111111111111111111111110010101011101101111100101011111111011010000000001000010000100000000001000100011100100000111011000111001010101111110111110010000011001100001000000000000001000111101010111111111111110010100011101101011100101000111011011
-6995063076650036412,20,meet_semilattice,1111011111111111111101110111111111111111001101010101110100110001000000000000001000111111011111111111000101010100110100110011011101111111111100010001010010010011001101111111111111110001000001000000001100110101011111111011000101010101110100110001000001001000001100010000010011000011001101010101111100110001000001001001001100110101010111111011001101010111111111110000000000000000001000010000000000000011
1072327471103976283,20,meet_semilattice,1001000101100011110011010001111000111111111111111111111111110001000001100011110011011101111111111111100101010110001111101101111111111111111100010001011000111100100100011110001111110000000001100011110000000000001000111100110100011111001111111101010111111111111111010001111101111111000000000000001001000000000000000011110000000000000000101100000000000000000001001001000101100011111010010001011000111111
-6279899870492399840,20,meet_semilattice,1110011111010111111101100111110101111111001000001000000000001111111111010111111111101111110101111111001001011100010000110010011111010101011100100001110000000000000000001000000000000010000011000000000011111111111101111111001001011101010101111110111111011111111100100001110001000011001001111101011111110010010111000101001100100111110101011111001001011100010101110010000111000000001000100001110000000011
-2213539633217913066,20,meet_semilattice,1100101010111101100101000000100000011001111111111111110111111101111110111101111101001000100101011001110011101011110111110100101010010101100111001111101111011111000000001000000100011101111111111101111101000000101100011001010000001001000110010100101010111101100101000000100101011001111111111111111111110000000000000001000000000000100000011001110010101011110111011100101010111101111100000000000000010001
2738908303619900885,20,meet_semilattice,1101001111111111010001010000100011110100111100111111111101100001000000001111010011011011111111111111111111111111111111110001001000001111010001010011100011110100000100001000111101000101001111001111010001010011111011110100010100111111111101000000000000001010000000000000000011100100000000000000001000000000000000001011010011010011111111111111000000000000101001001101001111111111011011010011111111110111
1555536167762610578,20,meet_semilattice,1011001000101010100111110010101010101011001000100010101010010011001000101010100111111010111111111111111111101111111111110000001000001000000111111111111111111111101100101010101010111111001011111011111100000010001010000001111100101011101010110000000000001000000111110010101111101111000000000000001010011111001010111011101100000000000000001001111100101011101011111011001000101010101100000000000000000001
-9125775283928740099,20,meet_semilattice,1111101111011111110101100001110010100001001000011100100000010111001111011011110101111011110111111101111111111111111111110110001111011010110100000001110010000001000000001000000000000000000011000000000011111011111111111101011000011101101000010000000011001000000101110011110111111101001000011100101000010110001111011011110101100001110110101001011000011101101001011111101111111111111100000000110000000001
4938533346478294049,20,meet_semilattice,1111111110111011111101101111001110011011001000010011000110010111111110111011101100101001001100011001001011010011000110010010101100111001100100000001000000000000011011111011101110111111111111111011111100000001001000011001000000010011000110010010100100111001100111111111111111111111011011110011101110110000000100000001000000000001000000011001011111111011101111110010111100111001101100000001000000010001
1662732262507819548,20,meet_semilattice,1101111111110110100101000010000000000000111111111111011111110101101100100010000001001010000000000000010111111111011010010000001000000000000001001011000000000000010110111111001010010101101101100010000101001011001000000000010110110111001010011111111111111111111101011011111101101001010010110010001000001101111111110111101101011011001000101000110111111111011111111101111111110110101101011011001000100001
3001367590002272430,20,meet_semilattice,1000000100000100000011011001000101110111111111010111111111111001000100010111001110011001000101110111110111010111111111111111111111111111111100000001000001000000110111011111111111111101100101010111011111011001011111111111100000010001011100111101100101011111011100000000000001000000100000010000011000001000000100000111000111011001010111111111100100010001011101111000000100000111001100000000000001000001
6071227439576845278,20,meet_semilattice,1001111110010110111011011111110111101110111111111101111011100001000110000110100000011011100101101000000111111001011011100001001110000110100000000001100001000000000000001000010000001001111111010110111011111111111111111111000100111001011010001001111111011110111000000000000001000000000000011000011000001111111111011111111100000001100001101000000110111001011011000001101110010110111011111111110111101111
-7767703003037583263,20,meet_semilattice,1000100101000100000011001001010001000000111111111111011010111101111111110110101000001001000000000000110011111111011010101100101101000100100000000001000000000000110010111110010010100000100101000000000011001011011001001000110010110111010010101111111111111110111100001001000001000000110010111111011010101111111111111111111111001001010001001000111111111111011011111100101101100100101011011111111101101011
7943509140877045321,20,meet_semilattice,1011111010111111111111111111101111111111001110101010111111110001101010000110111100001010100001101111001111101011111111110000001000000000011010111111101111111111000000101000011011110011101011111111111100011010101001101111001110101011111111110001101010101110111100000010000001000110000000000000001001100001101010101111111100000010000001001111000000000000000001100000000000000000001000000010000001000111
-6763342190019978008,20,meet_semilattice,1111011001110111101001110110001100011010001100100000000010000001001000000000100011111111111101111111001101100011000110000000001000000000000011110111011101111011111101101111011111110111011001110101101000110010001100011000001100100001000010001111111111111111111101110110001101011010011101100111011110100011001000010001100000000010000000001000111101100111011111110011011000110001101011110110011101111011
7765491133716605253,20,meet_semilattice,1100110111001110101101001101100011100011111111111101111011111101111111001110101100001000100001000000000011011000010000111100111111001110101100001001100001000000000000001000010000000100110111001110001111011111111011111111110111111101111011110000100110001100000100000000000001000000000011011000111000111101111111001111101101001101110011101011110111111100111011110000100110000100001100001001100001000001
509597740501721545,20,meet_semilattice,1110000000100000110101000000000000000000011000000010000011011111111111111011111111101000011000001101111011000110000011011110111111101010110111101101111000101101111011001110001011011110000001100000110101000000001000001100111011111111101011011110110011101010110111111111111111111111111011000110001011011110111111111011111101000000000000001100010000000000000001001110111111111010111101000000001000001101
4619373152421656966,20,meet_semilattice,1111110100111011001001010100000000000000011111010011101100100001010000000000000000011100000000000000000001000000000000001111111111111111111101011101001110110010111111011111111111110111110101111011001001011100001110000010010111000001000000100001110000001000000011111101011111110010010111000011101000100101110000111011001011111101011111111111111111010111111101110101010000000000001011111101011111110011
-8564817440826159534,20,meet_semilattice,1110101111001011101001101011110010111000001000010000000000001111111111101111111100101011110010111000111011111100101110110010001111000011000000000001000000000000001000011000000100000010000111000011000011101111111011111111111111111111111111110010001111001011100011101011110011111111001000011000001100000010000100000001000000100011110000111000111010111100101111100110101111001011101011101011110010111011
-6516269932779791854,20,meet_semilattice,1111011010111011110101000000000000100000011100101001001000010001000000000010000011111110101110111111011101101011101111010101001010010010000011111111111111111111000100001001001000001111111011111011111101110010101110110001000100000001001000000111001010011011000111111110111111111111000000000000001000000111001010010011000101110010100110111001011100101001101111011111011010111011111101010010100100100001
-149437338039411988,20,meet_semilattice,1101100000010110001001000000000000100010111111111101011101100101100000010110001001001000000101100010110111010101011100101101111111010111011011011001010101110010110111011101011101101101100001010111001011111111111101111111010000000001001000101111111111111111111101000000000101100010000000000000001000001101100000010111001011111111110101111111110111010101011101100000000000000010001011011111110101110111
-4605032387137314549,20,meet_semilattice,1110111110111111111101100111101110111111001000101000101011011111111110111111111101101111101111111111001001101010101111110000001000000000100100100111101010111111000000001000000010011111111111111111111100100010101010111111001001111011101111110000001010001010100101100111101111111111000000000000001000010000001010001011100100000000000000001001000000101000101011010010001010001010111100000000000000000001
-2610386353019525508,20,meet_semilattice,1000100000000100111011011101100001011110111111111111111111111001100100000100111000001000000000001110100111011000010111101101111110000101111100001001000001001110100110011000010111101101111111000101111111011111111011011111110111111111110111111101111111001101111100001000000001001110110111111111111111111001100100000101111000000000000000001110000000000000000001100000000000000000001011011101100001011111
5945193293217218433,20,meet_semilattice,1000000111000110110111110101111001111111101100011110011111011001000111000110110111111101111011111111100101011110011111111111111111101111111100000001100000100101000000001000000001000000000011000010010110010001111001101101111101011111111111111111010111101111111100000001110001100101000000001000001001011001000111100111110100000001110001101101000000000000000001001001000111100111111100000000000000000101
6272502250913346119,20,meet_semilattice,1000011110100110011011111111111001111111101111111110011001111001111110100110011000001111101001100110000001011000001000000000011110100010011000000001000000100000000000001000001000001001111111100110011000000101101000100110111111111111111111111011111111101111111100000111101001100110000000000000001000001011111111100111011110111111111001111111000000010000001001000000010110000010001010011111111001100111
1971081272099229976,20,meet_semilattice,1110101111111110001101100000110000100001001000001100001000010111101111111110001101101000110000100011111111111111111111110110101111110110001101101001111001100011000000001100000000010000000001000000000101101000111001100011011010011111011000110110101111111110001101101000110001100011000000001100001000011110101111111111011111111011111111111111111010111111111001110110000011000010001100000000000000000001
-813841079541092925,20,meet_semilattice,1010110111100111111011111111111011111111001000001000000110001011111111101111111100101000101000011000001011001010000110000010111111101111111000101101111001111110000000001000000010000010110011100111100000100000101000011000111111111111111111110010110111101111111000101100101001111000001010001010001110000000000010000001100000000000000000001000001011001110011111000010110011100111111010101111111011111111
1428293644465302447,20,meet_semilattice,1101001110111110101101010000000011101001111111111111111111110001000000000000000011011111111111111011110101111011111010110101001000001110100101010011101111101011010100101000111010011101001111111111101101010010001011101001010100101011111010110001000000001010100000010000000011101000000100000000001000000101001110111111101100010000000000101000110100111111111111110101001000101110101100010000000011101001
174518010340293818,20,meet_semilattice,1000000000000000000011000000100100000001111000001001000000011111011111111011000111111111111111110111111001011001001000011110011110111010000111100001100100000001100000001001000000001110011111111010000111100101101110100001100000000001000000001110010110011010000111100111111111110001111000001001001000011110011111111011000111110111111111111111111101111111101101011111011111111111011110000000100100000001
418846587628617874,20,meet_semilattice,1000000000000000000011100001101000111011101000000010000100011111010111100111111111111111111111111111101001011010000110111111011111100111111110100001001000011011101000011010000110111110000111100011101110000000001000000000111101111111011111111111011111111111111111100101111001111011101000011010001110111000000000100001000010100000001000011011111001011110011111111010000000100001001110000000001000010001
-3870500412529032072,20,meet_semilattice,1111111011111101111101000000001000000100011110101110010011110101000000100000010001011000001001001110011111101111110111110101101011100100111001111011111111011111010110001110010011100101100001100100111000000000001000000100011110101111110111110111101011101100111101000000001001000100111111111111111111110111101011101101111101010000001001001110000000000000000001000101000000100100011001011010111001001111
1092397062564659272,20,meet_semilattice,1111111111111111111101000101110010111000011111111110111110110101111111101011101001001101111010111010000001011100101110000100111111101011101000000001110000110000000000001000000000000000000011000010000001000101111010111000011111111111111111110000000111001011100001011111111011111010000000001000001000000000000011000011000000000001110000111000011111111110111111110100010111001011101001011111111011111011
-8382650901013828388,20,meet_semilattice,1110111011110011101001001010010000101010011011100110001110101111111011110011111000001000010000101000010011100110001010100000101001000010100011111111111101111111011011101110001110100000000001000000100001001010011000101010011011101111001110101111111011111111111011111110111101111110000000000100001010000100111001100011101000000000000000001000111011101111001111100000101001000010101011111110111101111111
3484159629254206082,20,meet_semilattice,1111001011111111011101000000010110000010011100101111111101110101001011111000001011111111111111111111010101101111111111110100001011111000001011110011111111110111000000001101100000000000000001000000000001000000011110000010000000000101000000000000000001011000000001010010111111010111010100101111111101110101001011111001011001010010111111111111010100101111100001100000000001011000001001010010111110010111
-4600643046553975247,20,meet_semilattice,1111110011111101111101000000001000000001011011001110110011110111110011101100111101001000111011001111010011001110110011111111111111111111111111111101111111011111010000001010110011010100000011101100110100000000001000000001011111001111110111110100000000101100000101000000001001000001111111011111111111110111110011101101111101000000001011001001010000000010110011010100000011101100111100000000000000000001
-5288704738908869454,20,meet_semilattice,1101101101111110011001011011001000100110111111111111111111110001000100000000010000001001000000000100110111111111111111110001101100100010011000000001000000000000110110111111111001100101101101111110011000010001001000000100010110110011001001100001101100101010011001011011001111100110000110010010001001101101101111111111011011011011111111101110000000010000000001000001100100100000011011011011111111101111
2395475305841306718,20,meet_semilattice,1011100001100000010011111100011000000100001110000110000001000001000000100000000000001000001000000000101111000110000001001111111101111100110011111101011111001100111111111111110011000001100001100000010000000000001000000000111111000111000011001111110001111000110011111100011111001100111111110111111011001111111101111111111111111100011000001100000100000010000001001111111101111110111111111111011111101101
7568721516872326610,20,meet_semilattice,1000000010000010110011111101111111111111101000011000011111001011110111111111111110101001111111111111101011011111111111111010101111111111111110000001100001111100000000001000001011001010000111111111111110100001101111111111101000011001111111101010000110001111110010000000100001111100000000000000001000001000000010000011110000000000000000101100000000000000001001001010000110001111111010100001100111111111
-3684746705256012742,20,meet_semilattice,1111111101111111111101111011001011100111001000000000000000000011101100101110011100101011001011100111011111110010111011110010001100101110011100100001000001000100011111111111111111110111111101111111111100100001001011000111011111110011111011110010000100001100010000100000000001000100001000010000111001110111111100101111111101111011001011101111001000000000000001000010000100001100011000100001000011000111
7349369705786556930,20,meet_semilattice,1000000000111000110011110111111111111111101100000111110111001001000000111100110010111111111111111111101101100111110111111011001001111101111110110011011111011111101101111111111111111001000001111101110000000000001110000000000000000001100000000000000000001000000010000000001111001100101101110111111111111001000000111101110000000000001110001100000000000001100001001011000001111101111110010000011111011101
-5839898149597843947,20,meet_semilattice,1001111111111111111101011111111111111111111111111111111111110001000000000000000000011001011011010000000111011110110100000001111111101101111000010001001011000000000110011110110100000001000101101101000000010000001011000000000111011111110110100001000000001100000000010000000001000000000111111111111111100001000000101101000000011001111011011000000111011110110111100001110111101101101000011111111111111111
-296734800704654147,20,meet_semilattice,1010001000010111100011111010111111111110001000000000001000001011001001111111100010111010011111111000111111101111111111100000001000000010000011111111111111111110101110101111111110000010001001010011000000100010011111111000001000100001001100000010001000011111100000100010000101111000000000000000001000000000001000000011000000100010000100111000101110101111111111001011101011111111111011111111111111111111
3218652589791066770,20,meet_semilattice,1001000011010111110111110010111111111101101100101101111111010001000010000000100010111010111111111101111111111111111111111001001011011111110111111011111111111101000000001000000010000001000011000100100010110010111111111101000100001101010110001001000011011111110100010000100001001000000100001101011110010001000011000101100000000000000000001000000100001101011111011111001011111111111100010000110101011001
-7257598412281295179,20,meet_semilattice,1101111111111111111101000111110111111111111111111111111111110101011111011111111101011111111111111111000001000000000000000000011111011111111100000101000111011011000001011001111111110000010101011101101101010111111111111111000001000001000000000000010000011101101100000100000101001001000001010001111111110000010000010001100100000100000100001000000001010001110111110000010000010101101100000100000100001001
-5523713307004974444,20,meet_semilattice,1110011111111011111101000100000000000000011001111100101110110111011111011011111111111111111111111111000001000000000000000100011000000001001001000111000010011011010001111000100110110100011111001011101101100111111110111111011001111101101110110100011000001001001101110111111111111111010001111000101110110100010000000001001001000110000010011011011001111101101111110100010000000000001001000110000000010011
-436825087280778109,20,meet_semilattice,1111101111011111111101111011110111111111001010111001111111110011101111011111111100001011100011111111111111111101111111110000001000001011000100000011100011111111000000101000101100110010101111011111111111111011111111111111000010111001111111110000000000001001000100000010100011110011000000000000101100010000000000000001000000000010100011111111000000101000101101110000000000001001001100000000000000010001
-101681701299805255,20,meet_semilattice,1110001000000001110001100010000000010000001000100000000000001111001111001011111111111011111010111111111111111110111111110000001000000000000011100011110000111111111000101100000111101110001001000001110011110011111010111111111111111111111111111110001001001001110011110011110011111111111000100100001111100000001000000001000001100010000000011000011000100000000111001110001001000001111011100010110000111111
3973599766256800369,20,meet_semilattice,1111111111011111111101011000000000000000011111100001001100000001100000000000000000001000000000000000010111100001001000000101101000000000000001111111010100111000011111101101011110100111111001010011100001111110011100111010010110100001001000000111111011011111111001111110010101111010010110100000001000000101111000010011000001111110000100111000011111100101011111100111111001010011101001111111110111111111
4722298622403558724,20,meet_semilattice,1101000101110001100101000000001000000000111111110111111111010101000000100000000011011001011100011001110111010111010110011101111101111111110101010001001100001001111111111111111111110101000101110000100100000000001000000000010100000011000010011101110101111111100111011001011101011001110111010111011110010101000101110001100101010000001000001001110111010111111111011111111101111111111101010000001000000001
-3871184016653858567,20,meet_semilattice,1011111111111111111101111111111110111111001111110100101110010001011000000011000000011111010010111001000001000000001000000000011000000011000000000101000000100000001111111111101111010001011101000011000000111111011010111001001111110101101110010001011101001011100100111111111111111111000000000000001000000000010000000011000000010111010000111000001111110101101111010011111111111011111100010111010000111001
-8103873969747683897,20,meet_semilattice,1110110101111110111101000100001110001001011001010111111011111111111111111111111101101101011111101111000001000001100010011110111111111110111101000101001110001001111011011111111011110100010101111000100100000100001110001001000000000001100000010000000000001000000001000101011111101101010001010111101010011110111111111111111100000000000110001001010001010111101011010100010101111010101100000000000010000001
3672447584322788001,20,meet_semilattice,1111101111111000111101000000000010000001011110111110100010110101001111001000001101011011111010000011111111111111110111110100001010001000001101000011110010000011000000001000100000010100001011001000001101010011111010000011011110111111100010110000000000001000000011111011111111011111111111111111111111111111101111111001111101011011111010001011011110111111100011110000000010001000001100000000000010000001
8436114536047108390,20,meet_semilattice,1111111111011111111101111111110111111111001111111101111111110001100001001100000000001000000010000000000111011101111010110001111111011111101100011001010011000000000110011100111000110000100001001100000011111111111111111111000110011101111000110000000000001000000000001000000011000000000110010100111000100001110111011111101100011001110111101011000111111101111111110001100101001100001000011001010011100011
3770326442643362243,20,meet_semilattice,1110111001101111110101100010010001001101001000000100000010011111111011111111110101101110011001111101011001100100010011010010001001000100110111111111111111111111111011101111111111010000000001000000000001100110011001111101111011100111111111010110111001101111110100000000010001000001011001100100011011010110011001000111110100000000010000001001001000000100010011011111111011111111111100000000010000000001
-1525016133737179861,20,meet_semilattice,1000000000000000000011011011101111110110111111111111111111111001101000101110011010001000001000100100110111111111111111111000101000101110010010011011101111100110100110101011111001101001101111111111011110000000001000100100100110100011111001101000100000101010010010001000001001100100100000000000001001001001101110111111011011011011111111111111100000000000000001001000100000100110011010011011101111100111
-5154260686066151440,20,meet_semilattice,1111111011111111111101000010000100011010011011101101010111110111111011011111111101001010000100011010010011101101010111110000001000010001100011111111111111111111010010101001000111100100101011010001111001001110111111111111000000000001000000000100111011011111111101001010110101011110010011101101011111110000000000010001100000000000000100001000010010100001000111100000001000010001101001001010110101011111
-5299567670784372062,20,meet_semilattice,1111111001111111001101100110000111110000001001100001101100000111111001111111001001101110000111110000000001100000101100000000001000001011000011111111111111111111111111101111111111110110111001011111000001101110011111110000000001100001101100000000000000001010000000100110000111110000000000000000001000000000000000001011000011111110011111111011111111100111111111110110111001111111001001111110011111110011
4183317565631636253,20,meet_semilattice,1111111001111100111101000000000000000001011000000000000000110101000000001000001101111110011110001111011101000001100001110111011001111000111111111111111111011111111111101111110111110111010001111000011101110100001110000111010100000001100000110100000000001000000101110100011111001111111111101111111111111111111001111101111101110100011110001111011100000001100001110100000000000000001100000000000000000001
3105511197419464928,20,meet_semilattice,1111111111111101111101000000000010011000011000011000100110010111011111101101110101111111111111011111011001011000100110010110011110001001100101000001000010011001010000001000100110000110011111101101110101100111101011011001011101111111110111110000000000001001100001100111100011011001011111111111111111110000000000000001100000000000000000001000011001111000110111010111011111101101111101000000000010011001
8712936359529513562,20,meet_semilattice,1100110000111101110001000000001001000000111011011111111111011111110111111111110101001100001001000100000001000010010000001111111111111111111111001101011111111100110011011111111111011100110001111101110000000000001000000000010011000011110001000100110000101100010000000000001001000000010011000011111111000100110000111101010001001100001111011100010000000010010001001111110111111111111111001101011111111101
1776084500775465551,20,meet_semilattice,1111111111111111111101110001111011011111001000001000110110000011000111101101110100111001111011011101011111111110111111110111101111101111111100100001111011011101000000001000100110000010000011101101100100100000101011011001011111111111111111110000000000001001100000000000000011011000011100011110111111110000000000000001100000000000000000001000001000001110110111010011000111101101111100000000000011011001
5579917271650058346,20,meet_semilattice,1000010000001000000111111111010111011111101011010100110110111011111101011101111110001101010011010011000001000000000000011000111101001101101110000101000011000001111111111111111111111000010101001100000111111111011111111111101011110101110111110000010000001000000110000100000011000001111111110101111111111000010101001101001110001101010011011011101011110100110111111000010100001100001100000000000000000001
7801872143227774848,20,meet_semilattice,1010000001110100110011100111111111111101001000000000000000001111111111111111111111101111111111111111101001111111111111011010001001110100110110100011111111111101101000101111010011010010000001110100110000100000001100001100001000000001000000001010001011111111110100100000001101001100101000101111011111011010001011110101110100100000000100001000001000000001000001001110011111111111111110100000011101001101
4234738491248258886,20,meet_semilattice,1001110000101001001011011110011010111010111111100110111110100001000000000000000000011000001010000000000111000010100100101001111001101001001011111111011111111011111111111111111111110001110001101001001000010000001010000000111111100111111110110001000000001000000011011110011011111010100111100110101110100001100000101001000010011110011010011010111111110111111111110001100000101001001011111110011011111011
4454199753305930203,20,meet_semilattice,1111111111111111111101001001000000000000011010111011101001110111111111111110111100001000000000000000011011111111101001110100101110111010011100001001000000000000010010011010001001000100101111111010011101001001001000100000010010010011001001000100100110111010011101101111111111101111010010010000001000000110111111111111111101101111111110101111010010010010001001000100100110110010011001001001001100100101
-7841392337741771555,20,meet_semilattice,1000000000000000010011111111111111111110101000000100001011001011101101001110110010101010010000101100101011110100101011001000001001000010110010101011010000101100101111111111111011100000000001000000010010111111011011101100101111110111111011101010101101001010110010101011010011101100100000000100001011001011111111111111111010000000010000001100000000000000000001001011111101101110111010111111111111111111
49932415139065241,20,meet_semilattice,1000000000000000000011001101010010000100111011110110110011101111111111111101111110001101010000000000100001000000000000001100111101001100111010000101000000000000111011111111110011111000010001000000000011001111011011001110111011110111110011101000110101001000010010001101010011000110111111111111111111111110111111111101111110001101010011001110100011010100000001001000110101001000011011101111011111001111
1820740485584355819,20,meet_semilattice,1010000000000100000011100100101001001010001000000000010000001111010010100111101011111100101111111011101001001000010010101111111010111111101111111111101111111011101000001000010000101111111111111111111110100000101001001010111101001011011110101111010010111111101000000000000001000000111001001010011110101110010010100101101010100000100001001010111111111011111111111010000000000100001011110100101101111011
3104221802534471721,20,meet_semilattice,1111011001111111111101000000000000101111011100000001011111110101000000000111111111111111111111111111011101000011111111110111011001111111111101110111011111111111111101111111111111110111010001111111111101010000001101111111010100000001011111110101000000111111111101000000000001101111000000000000001011110100000000000111111100000000000000001110000000000000000001100000000000000000001000000000000000001111
1082956198591889506,20,meet_semilattice,1100001100100100110101000001001001001001111100111011111111111101001110100101111111011011101001111111110101111010111111110100001100100100110100000001001001000000110000111010010111111101001111111111111100000000001001000000110100111011111111111101001110101111111100000000000001000000110100111010011111111100001100100101111100000000000001001000010000010010010011011100001100100100111100000001001001000001
-3383225489572551263,20,meet_semilattice,1100000000101010010101000000001010100100111111011011111111111101100000111010111111001000001110101111110111011011111111111111111111111111111111011001001111111111110110011011111111111111110111111111111100000000001000000000110000000011101011010000000000101000000011011000001111101111000000000010001000001100000000111011110111000000001010101101000000000010001001001100000000111010111101000000001010100101
1851238789214872172,20,meet_semilattice,1100111111111111111101000010100011011110111011111111111111111111111111111111111101001010100111011111010011111001110111110000001000000000010001001011100111011111000000101000000111100100111111111111111101001111101111011111010000101001110111100000001010001101111000000010100001011110010011111011111111110000001000000001111000000010000000001100000000000000000001000000001000000000111001000010100011011111
-6192590870490242894,20,meet_semilattice,1011110111000111010111111101111011111111001100000000000100000001000000000000000000111000010001110100001111011100011101001111111111111111111100111001010001110100001110011100011101000011000001000111010010111101111011111111111111011111111111111011110111001111110100010000000001010000000100000000001000000001000000000001000010111101110001111101001100000000000101001011110111001111111100111101110001110101
7956245898691062929,20,meet_semilattice,1001000001000011000011010000010001110000111110110111111111110001000001000011000011011000011111111111110111100111111111111101101001111111111111011011011111111111111111111111111111110000000001000000000011010000011101110011110100000101011100001101000001011111011110010000010001110000000000000100001100000000000001000001000011010000011111111111110100000101011101111101000001010111001011010000010101110011
1976956439319859557,20,meet_semilattice,1001111100000110111111111111000001111111101111110000011011110001100000000010011000001000000000000110000111100000001001100001101000000010011000011111000001101111111111111111111111111111111101101111111111111111001011111111111111110111111111111111111100001111111100011000000001100110000000000000001000101011111100000111111100011110000001101111000000000000000001100000000000000000001000011000000001100111
-3349455363633934715,20,meet_semilattice,1111111111110101011001110000100101000010001100001001010000100001000000010000001001111111111101010110011101011001010100100111011110110101001001110001100101010010000100001001010000100111011111110101001001110101101101010010000000000001000000101111111111111101111100010000000101000010111111111111011111110111000010010101001011111111111101011110011101011011010101100000000000000000001011111111111101011111
-1618629243606074082,20,meet_semilattice,1111011110110101111001100000001100001110001000000001000000100111000000110001111011111111101101111110011101110011000111100111001100110001111001110001001100011110011101111011000111101111111111111111111000100000001100000010000000000001000000001111011110111101111001110111101101011110111101111011011111100110000000110001111000100000001100001010001000000011000011100000000000010000001001110111101100011111
-8441156982314395821,20,meet_semilattice,1111011111111111111101110111111111111111001101111111111111110001011101111111111111111111111111111111000001100011110011110000001000101100011100000011001111001111000101111111111111110000011101111101111100000000001001000001000000100011110001110000000000101100001100000000000001000001000001110111111111110000011100111101111100000010001111001111000000000010110001110000000000100100001100000000000000000001
5435983111139810311,20,meet_semilattice,1111111111111111111101111111111111111111001001111100001100000011011111000111000100111111111111111111000001110000000100000000001000000001000000000001000000010000000001111100001100000000001001000001000000110111111111111101001101111101111100010011011111001111000100100111110001110000000001110100001100000000000000000001000000110111110111111001001101111101111111010011011111111111111100100111110001110001
6275777218389905700,20,meet_semilattice,1010000110011010010011111111111111110111001000011001000001001011001111111010010010111011111110100101101111111111101001010010001110011010010000000001100000000100000000001000000000001010001111111010010010100011101110100100000000011001000001000010000110011010010010111011111111100101001000011001001001001011111111111111011111111111111111111111000000001000000001001011101111111110011110110011111110100101
-4599285188375386556,20,meet_semilattice,1001001101011111111111011111110111111111111111111101111111110001000100010101110010011011010111111111100111110101111111110001001100010101110000000001000000000000100111111101111111110001001101011101110111011111111111111111000000010001010111000001000100011101110000000001000001011100000100110101111111010000000100000001100000000001000000001000000000010000000011000001001101011111111100010011000111011101
5813901427829276533,20,meet_semilattice,1111011110111111111101110111100101011111001101011001010010010001010110010100100111111111111111111111000001010000000000000001011110010100100100000001000000000000000001011001010010001111011111111111111101110111101101011111000001010001010010000111011110111111111100000101000001000000011101111011011111110011011110010101110100000101000001001000001101111001010011010011011110010101111100000101100101001001
-5005557987224849044,20,meet_semilattice,1111111101110111011101100101001100110101001001010011001101000111110100110011010101101101001100110101000001010011001000000111111100110111011100000001000000000000111111111111111101110110110101110011011100000001001000000000000000010011000000001111111101111111011101111101001101110101000000010011001000000000010100110011010011111111111111111111000001010011001001000110110100110011011100100101001100110101
4945836129472135008,20,meet_semilattice,1111000010111110110101000000001000000000011000000010010001000111000000101100110011111100111111101111111101001111111011111111111011111110111111111111111111111111011100001011111011011111000011111110110100000000001000000000011100000011110011000110000000101100110001000000001001000100011100000011111011001111111011111111111101100000001001001100010000000010000001001111000011111110111101110000001111101101
-5612892023068914142,20,meet_semilattice,1111111000111111111101000000000001000000011000000000010000100111001000111101101101111010001111011111011111100011110111110110001000011101001111111111111111111111011110101011110111111111111011111111111101100010001111011011011000000001010100110110000000011101001100000000000001000000011110100011111111110110000000000101001101100010000111011011011000100011110111110100000000000100001001100000000001000011
-553204132529320776,20,meet_semilattice,1000000001010000000011101011010100110110001000000101000000001111101111111011111010101011010100110110111111111111101111111010001001010001010010100011010100110100101010111101001101100000000001000000000011101011111110111110000000000101000000001110101111011011111011111111111111111111101000100101001101001010000001010001010011101011010100111110100000000101000001001010001001010001011011111011111110111111
-1372948011846845256,20,meet_semilattice,1101110101111010101001011101011110100010111111010111101010110001000001011010000000011101011110100010000101000101101000001111111111111011101100010101011110100000111111011111101110110000000001011010000000000000011110100000000000000001100000000000000000001000000011111101111111111011000000000000101000001111110101111011101101011101011110101010111111011111101111110001010101111010001011011101011110101011
7956232818503139111,20,meet_semilattice,1100011111001110011101000010100000100100111111111110111111111101011111001110011111011111110011100111010001101000011001000000001010000010010001000111110011100101000000001000000000000100011011000110010011011111111011111111111111111111111111110100011011001110010101000010100001100100000000001000001001001101111111001111011111011111110011111111000000001000000001000100011111001110011101000110110001100101
-8758383208345806517,20,meet_semilattice,1110001001011110011101100010010011100100001000100000101001001111101111111111111111101010110111111111111011111111111111110000001000001010010011101011110111111111111000101101111101110010001001001010010011101011111111111111011000100101111001100000000000001010010000000000000011100100000000000000001001001110001001011111011111100010110111111111000000000000000001000110001001001110011001100010010111100111
-8388752365738140033,20,meet_semilattice,1111111101101101111101111111011011011111001000000100000101000011011101100101011000111111011011010111001001100110010101100010001001000101011000100111011001010110111111111111110111110000000001000001010000100000011001010110111111110111110111110011011101101101011100100000010001010110111111111111111111110000000000000001000000111111011011011111000000000000000101000010000001000001011000110111011001010111
-4279327382072198239,20,meet_semilattice,1100011111111111101101000111111111110011011001111111111110111101011111111111111111111111111111111111000001011111111000110000011111111111001100000001010000000010000000011110111000110000000001000000000000000001011000000010000000011111111000110000000001001000001000000001011011100010000000000100101000100000010111111111001101000111111111111011110001111111111111110000000001000000001000000001011011100011
6701400321144136104,20,meet_semilattice,1111110011110100101101011100111001001011011111001111010010110001000000100000001000011100111001001011000101000010000000101111111011110111111111111111111101111111000101001110000010110001010001100000101100000000001000000010010111001111010010111111111111111111111100010100111001001011111111001111011011111111110011110101111100000000000000001010111111001111010011110000000000000000001000000000000000001011
4446991570786927007,20,meet_semilattice,1111011111111111111101100001010110011111001000010000100000000111001111111011111101111111111111111111011101111111101111110110001101011001111100000001000010000000011000111111101111110010000101011000011000100001011110001111001000010001100000100000000000001000000001110111111111111111011000110111101111110010000101011001111100100001010110001111001000010001100001100010000100001000001000100001000010000011
2109706761336623885,20,meet_semilattice,1001100011110000101111111111111101111111101110001111010011110001000000000000001000011000111100001011101111001111010011111011111011110111111110111111111101111111000100001100000010100001000001000000101000010000011000001010000100000111000010101011111011111111111110011000111101001111101111001111011111111011110011110101111100010000000000001010100110001111000011110000000000000000001000010000111100001011
-1013388207138419240,20,meet_semilattice,1101100111111110010101010000001111100000111110111111111011010001000000101100000001011000111111100001111111111111111011011101101111111110010101011001111111100101010100001111111000000101000001111110000000000000001000000000000000000011110000000000000000101000000000000000001011000000000100000011111000001111111111111111110111011011111111101101010110001111111001011111101111111110111101010000111111100001
6983349283248248210,20,meet_semilattice,1111111111011111111001110010010100011110001000000000000101100011001001010001111001111111010111111110011101100101001111100010001001010001111001110111010100111110011111111101111111100010000001010001111011111111111111111111001000000001000101100111011101011111111001110111010101111110011100100101001111100000000000000001000000100000000000011110000000000000000101000000000000000001011011111111110111111111
-8018655977980941714,20,meet_semilattice,1000000001000000000011110111110101101111101101101100010011010001000001000000000011111111110111111111100101101100010011011001001011000100110110110111110001001101100100001100010010010000000001000000000011111111111111111111101101111101011011111111011111011111111100010000010001000000101101111100011011111111011111010111111110010000010000001001100100001100010011011011011111000100111110010000010000000001
8536484567459937436,20,meet_semilattice,1001000000110000000111010000001111000001111111110111111011110001000000100000000011011001001111001111110111010111111011111101101101111110111111010001001111001111110110111111111011111101100101111100111100000000001000000000000100000011000000001001000000111100000110010000001101000001110110010111111011111101101111111111111111010000001111001011110100000011110011111101000000111100001100010000001100000001
-4296545770116073976,20,meet_semilattice,1011110111010111111111111111111111111111001111011101011111110001000000000001011000011101010101111111000101000000001111111011111111110111111100010101000100111111000111011101011111110001010101010111111110111101111101111111000100000001001111101011111111111111111100010101000101111111000100000000001111100000000000000001010000010000000000011110000000000000000001000000000000000001011000010000000000010111
-8665336790839380418,20,meet_semilattice,1000000000000000000011110111010111101110101101010000101010101001010000000010101011111111110111101110100001000000001000001011011100001010111010010101000010101010111101111101111011101011011101001110111011110111111111101111101101110001111011101001010000001010101010110111000011101110100000000000001000001111011111011111111010000100000000101010101101010000101011101000010000000010001011110111110111101111
-2967300950530939137,20,meet_semilattice,1011011111101011111111111111111011111111001101110100101110100001001001001011101010111111111011111111000101100100101110100000001000000000101000010111010010111010000101111100101110110000001001000001101000110111111010111111111111111111111111110000001001001011101000110111111011111111000000100100001110100000000000000001101000000000000000001000001101111100101111110000000000000000101000010111010010111011
-3124855187311834782,20,meet_semilattice,1011010100000010011011110111100100111110001101010000001001100001000000000000000011111111101110111111000101010000001001101011011100000010111000010001000000000100101101011001001111101111011111111111111111110111101110111111001101010001001001101111011110011011111111110111101111111111000100010000001001001011010100010011111010110101000000101110000100000000000001000001000000000000011011110111100100111111
866072606442217280,20,meet_semilattice,1111111011111111110101001000010100010000011010000101000100000111111011111111110100001000010000010000011011000111111111010110101001111111110111111111111111111111011011101111111111010000000001000001000001101000011111111101000010000101000100000110100001011111110101101000010101011101010010000101001110010000000000000001000001001000010100011001010010000101000111011111111011111111111101001000010100010001
-7926668298162624267,20,meet_semilattice,1110111110101111001101000000000000100010011010111010111000111111111110101111001101001000100010100011010011111010111000110100101010101010001101001011101011100011000000001000000000101111111111111111101101001000101010100011111111111011111110110100000010001010001001001010101011100011000000000000001000100100111110101111001111111111101011111011111111111011111111110000000000000000001001000000100010100011
3262839812865072556,20,meet_semilattice,1000000001000000011011111111111111111111101111111111111111101001000011000111011010011100111111111110100101001110111111101001111011111111111010011111111111111110100000001100011101100000000001000000010010000000011001110110100101001111111111101001000011101111011010000000010001010110100000000100011101101000000001000001011010010000110001111110000000000000000001000000000000000000011010111111111111111111
-19666872755409535,20,meet_semilattice,1011111100010110111111111111001111111111001100110000010011100001001000000100111000111011000001001111001111110001010011110000001000000100101000010011000001001110111111111111111111111111111101111111111110111111001111111111001110110001010011111011111100011111111100000000000001000000001110110001011011111011111100010111111100000000000001001000000000100000010011100000000000000100101000110011000001001111
6986307300030462280,20,meet_semilattice,1100100100111000100101000000000000001000111010010011100010011111110101111000111101001000001100001001111011010011100011111111111111111111111101001001001110001001111111011111100011111110100101111000111101000000001100001001010000000001000010000100100000111000100111111101111111111111111111011111101011111111110101111001111100000000000000001000111010010011100011011110100100111000111101000000000100001001
131304853527851066,20,meet_semilattice,1111111111111111111101111111111111111111001000010010100001010011001101101111111100111011111011111111001111111111111111110010001101101111011100000001001010000101001100111110111111110010000101101111010100000000001000000100001110111111111111110000000000101000010000100001001011110101001000010010101101010010000100101001010100100011011011111111000000000000000001000010000101101111011100000000001010000101
4621769234739395789,20,meet_semilattice,1001010110111011000111110101111111111111001001011001101100010001010110011011000110111111111111111111000001011001101100011011011111111011111100000001000100000001000000011001000000011011010111111011111100000101101110110001000000000001000000010000000110011001000110110101111111111111000000011001001100010000000110010001000110010101101110111101100101011011101101011011010110111011111100000000000000000001
-1565103208875252204,20,meet_semilattice,1010111111111111010111101111111111110111001000000000000000001111111111111111011100101110111011110101001001101100110101010010001001001101010000101111111111110101001000101100110101010010000001000001010000100110111011110101001011101111111101010010000000001001010000100000010011010100001001101100111101010010000000000001010011101111111111111111001000000000000001001010111111111111011100100010010011010101
428534315639530408,20,meet_semilattice,1110101100111110011101000001000010100101011010110011111001111111111100111111011101001001000011100101010011110011111001010100101100111110010100000001000000000000111111111011111101111111111101111111111101001001001011100101010010010011111001010000000100001010010101000001000011100101000000010000001001011110101100111111011111111111001111111111000000010000000001010100101100111110011100000001000000000001
4752949157306310005,20,meet_semilattice,1101001011100010111101010000111000101110111100101110001011110001000010100010100011111110111100101111111101101110001011110101001011100010111111111111111111111111000000001010001000000001000011100010110000000000001000000000111101101111001011111111111011111010111111111110111101101111000000000010001000001111111011110111111100000000101000101000000100001010001011000001000011100010111001010000111000101111
2486434502919727104,20,meet_semilattice,1000010001111001010011001100011111111111111011100111111111111111111001111111111110001100011110110100000001000011100001001000111001111011011011111111011111111111111111101111111111110000010001111001010000000000001100000100000000000001000000000000000000111000010010001100011111111110100001000111101101000000010000111001010010001100011110111110000000000001000001001000110001111011011010001100011110111111
7052657558097548483,20,meet_semilattice,1010001111001010000011101111111011110111001000111100101000001111111111111111011110101011111010100000101011111110111101110000001111001000000000000001000010000000000000011100100000000000000101001000000010100011111010100000111011111111111101110000000000001000000010100011111011110110000000111100101000001010001111101011011010101011111011111111101000111110101001001010001111101010011010101011111011110111
1426376300628672127,20,meet_semilattice,1001010111110000110011111111111111111101101111111111111111010001000011110000110010011111111111111100000101011111000011001001011111111111110000010001111100001100000000001110000010000000000001100000100000000000001000000000000000001111000010001001010111111001110010010101111111111100100101011111101111001001010111110001110000000000001000001000000000001111000011001111111111111111111110010101111111111101
5054515559286665529,20,meet_semilattice,1100001011000011101101000000010000010010111110101101111111111101101011011111111111001010110000111011111111101101111111110100001011000011101111111011110111111111000000001100000100000000000001000001000011111011111111111111110010101101011110111100101011011111101111001010110001111011010000001100001110100000000000000001000001000000110000011010110010101101111111110000000001000001001001000000110000111011
4307314124954052027,20,meet_semilattice,1011000000000110110011110101101101111110001100000000011001000001000000000110000011111111111111111111101101000000011011001111011111111111111100110001000001100100101101011000011011001111010111110111111010110101101001101110101101011011011111101111010111111111111000000000000001000000000000000000011000001011010110100111111000110000000001101100000100000000011001001011010110000110111011110101111111111111
-7980489751017283018,20,meet_semilattice,1111111111111101111101000010000000000000011111111111110111110101101011011100011101001010100001000100010111111111110111110000001000000000000001011011111111011111000000101000010001000100101011000100010001001010111111000111010010101101010001100100101011011100011000000010000001000000111111111111111111110101101011111101111101001010111111001111000000100000010001000100101011000100011001001010110111000111
3677123900685256399,20,meet_semilattice,1111101111111111001101011010011111110011011110111111111100110001101000111111001000001010000001000000111111111111111100110000001000000000000000011011011111110011010110111111111100110001101001111111001100001010001011100000000010100001111000000000101000001110000000000010000001000000000010100000011000000000101000111111000001111011111111111011111111111111111111110000101000111111001000011010001111110011
7711008607665605205,20,meet_semilattice,1111011111100111011101000000010000000100011001111110010101110111011111100111011111111111111001111111010001111110010101100100001011000101011001000011111001010110010000001100000001100000000001000000010001000000111001010110111111111111111111111111111111101111111101000000010001000100011001111110011101110100000011000101011011110111111001111111000000000000000001000100000001000000011001000111111001010111
8847001683655249260,20,meet_semilattice,1001010110001110011111110111101011101111101101011000111001110001010110000110000111111111101111111111000001001000011000011011011110101110111100000101100001100001000000001000001000001111111111111111111110110101101011100111101101111011111011110001010110001110000100000000100001100000000000000000001000001111011110101111111110010101100011101111000101011000111001110000010110000110001100000000100000100001
8316752003823493236,20,meet_semilattice,1000100000000000101111001101111011001011111111111111111111111101111111111111111100001000000000000000100011000000000010111100111111101100101110001101001011001011100011011010110010111000110111101100101110001100001011001011110011111111110111111000100000001000101110001100000011001011110011111110111111111100110111101101101100001000000000001010110011111110110111110000100000000000001000001000000000000001
2854092593664671358,20,meet_semilattice,1001101001111001001111111111111111111111101110100111100110110001101001111001001100001010011000000001101111110111101110110000001000000000000110111011011110011011101111111111111111110000001001100000000100000010001000000001000010100111000000010000101001111000001110111111011111111111100110100111101110110000101001111001001110011010011110011011101110110111100111110000101001110000001100000000000000000001
-7415522614949195587,20,meet_semilattice,1111101011110101111101001000000100001100011010100001010011000111101010010100110000001000000100001100111111111111111111110100101000010100110011111011111111111111011010101001010011000111101011110101111101111010101101011111000000000001000000001111101011111111111100001000000101001100011110101111011111110111101010010101111100000000000100001000000000000001000011000111101010010100111101111010100101001101
-6135525947191130407,20,meet_semilattice,1000000000000000000111011111100001111101111111111111111111011001111110000011110110001100000000000001100001000000000000011000111010000011000110001111100000110001100011001000000000011101111111000111110111011111111001111101110111111111111111011101111111101111110110011111100001111101100011001000001100011000110010000001000110001111100000111001100011111000001111011101111111100111111100000000000000000001
7489669964173059485,20,meet_semilattice,1001000000100010101111110101111111111111101101010111101010110001000000100000101111111111111111111111100101000111101010111111011111111111111110010101011110101011101101011111111111111001000001100010101100000000001000001000100100000011001010111001000001111010101110110101011111101011000100000010001010111011010101111111111100000000000000001000101101010111111011110000000000100000101100000000000000001001
1089994812453678727,20,meet_semilattice,1001110100101111011111011111001011110111111111110010111111110001000000000100010100011000000001100111000111010000111101110001111100101111011100011001000011110111111111111010111111111111111111111111111100011101001011110111111111111011111111110001100000001111011100000000000001000001000100000000011001010001100000000111011111011111001011111111000000000000000001010001000000000110011100000000000000000001
-5134402014366364854,20,meet_semilattice,1011000001000011000111110000110000110001001000000100000000000011000001000011000011111101111111111111111101001101001111011111111111111111111111110101111111111111001100001100001100000000000001000000000011110000111100110101111100001101001100011111010011111111110111110100111101111101001000000100001000000010000001000011000011110000110100111101111100001101001101011111010011111111111100110000010000110001
4256556554417063047,20,meet_semilattice,1110111100011011100001101101000110111000001000000000001100001111111100011011110000101100000000111000001001000000001100000110111100011011100000101101000110111000111111111101101111001111111101011011110011111111111111111101001011000001001110000010110000011011100011111111000111111100000000000000001100000000000000000001000000100100000000111000111011110001101111001111111111111111111111111111110110111101
9040939494070097859,20,meet_semilattice,1010000000100000000011100001001000000000001000000010000000001111011111110111111011111111111111111110111001111011010011101110001110110000111000100001001000000000111000011010000010101110011111110100111000000000001000000000111000011011000011101110011111111110111011100011101101001110111001111111011011101110011111110111111011100001001000001000111000011010000011101110000100100000001011110111111101111111
5905659709645084037,20,meet_semilattice,1111111111111111111101100001000001000000001000000000000000000111100100111111101101101001000001000001011111111111111111110111101100111111101100100001000001000000011110111011111110110111101111111111111101101001001111111011011010010001111110110110100100001110100100100000000001000000011010010000011010010110100100001111101101101001000001001001011110111011111111110110100100001110101101100001000001000001
-8219350330916850144,20,meet_semilattice,1110000000000000000001100000000000000000001000000000000000001111001000100100010111111110001001000101111101100010010001011110001000000000010011111111011111001101111111111111111111111111111001110100110111100010001001000100111111100011010011011111111001111100110111100010000001000100111111110111111111111111111101111101111111111110001001001101111000000000000001001111111101111100111111100010001001000101
1047507956914173704,20,meet_semilattice,1011101000101111100011111111011111111111001000000000001100000011101000100111000000101010000001110000101111100011111111010010001000000011000010111111011111111111101111111111111111111011111001111111110100101010001001110000101110100011111110000011101000101111000000100010000001110000000000000000001000000000000000000011000000000000000000111000101110100011111111011011111000111111111110111010001111111001
7343902506671532836,20,meet_semilattice,1111111111011111111101000000000000000000011111110101110011110101111101010100110101001110010101001101010001000101000000000100011001010100010101001111010101001101011111111101110011110100000001010000000011111111111111111111010000000001000000000101111101011100110101000100010101000000011111110101111011110111111101011101111101000110010101001101010001000101010001000100111101010100111101000100010101000101
-2507756271457032110,20,meet_semilattice,1000000000110000000011111111111111111111101101011011000000001001010100110000000010111111101110001011000001000001000000001011011110111000101110000101001100000000100101011011000000001011111111111000101100000000001100000000000000000001000000001011010110111000000010111111111111101111101111111111101010111011111111111111111110110101101110001000101101011011100011111011010110111000001010110101101110001011
-4545541363475312937,20,meet_semilattice,1110111111111111111101000100011001111000011001000110011110001111111111111111111101101101111111111110000001000110011010000110111111111111111101100101011001111000011001011110011110000000000001000010000000000000011000100000011001011111011110100110010111111111101000000000011001100000000000000000001000000000010001100111100000000000011001101000011001011111111111100110010111100111101001101101111111111111
-6624304080864064636,20,meet_semilattice,1011111011111111110101111110111111101101001111101111111011010001000000001100100000011110011111101101000101100111111010010001001000111100100011111111111111111101000111101111111011010001001001111100100100010000001011001000000100000001110010000000000000001100100000000000000001000000000100100111111010010011111011111111110100000000000001001000000101100111111011011111111111111111111100010010001111001001
8433604625353737378,20,meet_semilattice,1100101010101000010101001010100010000101111110111011110011011101101010111000010100001010000000000001111111111111110011010000001000000000000011011011101111001101000010101000100000011101101111111100110101001010101010000101110010101011100001010000101000001000000111011010101111000101111111111111111111111111111111111101111111011010101110001101000010100000000001011111111111111100111100000010000000000001
-3237872979637900284,20,meet_semilattice,1100010010100110001001000000001000000010111001011110111000101111111111101111111111101111111011111111010001000010001000101110011111101110001011000101111001100010010001001010011000101100010011100110001000000000001000000010111111111111111111111100010111101110001001000100001001100010010000000010001000101110011111101111001111100111111011111111111001111110111101110000000000000000001011100111111011100011
-3150480763089218485,20,meet_semilattice,1000000000000000000011011101110001011110111111111101011111111001110111000101111010001000110001010010100011001100010101101001111111000101111010001101110001010110100000001000010100001000000001000101001011111111111111111111110111111101011111111111111111011111111110000000000001010000110111111100011111101000000000000001000010001101110001011110100010001100010101101000000000000001001011011111110001111111
7940193895412877898,20,meet_semilattice,1000000000000010000011000011000110111011101000110001101110111111011101111011101111111111011110111011111001110111101110111000001100011010101110000001000000100000111111111111101110111010001101011011101111100011011110111011100000010001001000011000000100011010000111111111111111111011000000000000001000001000001100011011101110000001000100101001111111111111111111111000000100011010101110000001000000100001
4670360336492421912,20,meet_semilattice,1011011111101111111111110111111011111111001001000100011011010011011111101111111111111111111011111111000001000100011000000010011101001110111100100101010011101111001001011100111011110000000001000000000000100111111011111111111111111111111111110010010001001110110100000000010001100000000000000100001000000010011101001111111100000100010001101100000001000100011001000010010001001110111100000100010001101101
-1950222080934031827,20,meet_semilattice,1100000000011000010101000000000010000000111010101011100111111111101110111001111111001010000110001101111011111111111111111100001000011000010111101011101110011111110010101001100011011110101111111011111111001010101110001101010000000001100000000000000000001000000011101011111111111111111010111011101111111100101010111001110101000000000110001000010000000001100001001100101010111001111101000000000110000101
3316199856516984408,20,meet_semilattice,1111001010001001000001000000000010000000011000100000100100000111001010001001000011111010110010010000111111111111111111110000001000001001000011111011110010010000011000101000100100001111001011001001000011111011111111111101111110111101100110000000000000001000000011111011110111011101111110111101111111010000000000001001000011111011110010011000111110111101100111011111101111011101111111111011110110011001
-3779434201498020594,20,meet_semilattice,1111111000010111001101000000000000000000011110000001010100110101100000010101001101001000000000000000011111100001011100110111101000010101001111111111011101110111111111111111111101111111111001110111011111111110001101110011010010000001010000111111111101111111011101001000000001000011011110100001011100110100100000010101001111111111111111111111111111100011011101110100100000000000001101001000000000000001
6148314139849925419,20,meet_semilattice,1001100010011011110011111101111110111100001110001001101111000001000010011010110000011000100110101100101111011111101111001111111111111111110110011001100110111100000000001001101011001011100111111011110010111001101110111100000000000001001010000000000000001010100011111101111111111100000000000000001010000001100010011011110000000000000000001000000000000000101011001111110111111111111011111101111111111101
1267938563254121445,20,meet_semilattice,1100110101101011101101000100010010011001111011011110101110111111111111101111111101001100010010011001000001000000000000001110111111101111111101001101011010111001110011011110101110110000010001001001100101001100011010111001111011111111111111110000010000001000000111101101111011111011010011000100101110010000010000001001100100000100000010001001111011011110101111110100110101101011101100000100000000000001
-605793852373780046,20,meet_semilattice,1000110010010000010011101100110100000100001011001000000001001111110111111100111000001100000000000000000001000000000000001111111111111100111011101101111100000100000011001000000001001010110011010000010011101100111100000100000011000001000001001110110111111100110011101101111101000100111111111111111011101111111111111111111011101101111101001100000011000000000001001110110111111100111011111111111111111111
-3393347262551088283,20,meet_semilattice,1111011011111111111101000110100011000110011101101011111111110101011010111111111111111111111111111111000001000000000000000000011010001000010011110111111111111111000001001000100000000101011011111111111101000110101111101111010001101001110001100000010000001000000000000110100011000110010001101001111011110100011010011111111101000110100111001110000001000000100001000000011010001000011001000110100111000111
4257815345460005296,20,meet_semilattice,1011111110111111101111111111101111111011001000010000000000000011011100001111101000111111101111111011001001010000100000000010001100001000000000000001000000000000001101111011111110111111111111111111101100110111001111111010001001110001111110100010000100001000000000100111000011000000001001110000111010100010011100001111101000100111000011001000111111111111111111110010011100001100001000110111001111111011
-2147060946562549927,20,meet_semilattice,1100000011010000100001000000010000000000111000011111000010011111000111111000100111111001111111011111111111011111111111111111101111111111111101000001010100000000010000001101000010000000000001000000000011000001111100001001010000000101000000001110000111111000100111110001111111011001111110011111111111111111000111111001100101000000010100001000111100011111110111011111000111111101111111000000110100001001
-6074769439215859411,20,meet_semilattice,1011110101111000110111111101011111101101001000000000000000000011000000110000000000111001001110001000001111010111100010001111111101111111111100110001001100001000111111111111111111110011100101111000100000100000001000000000001000000011000000000011000100111000100010111101011111101101001111010111101011011111110101111111110100110000001100001000001111010111100011001111110101111111111100111101011110001101
-6284682956177536721,20,meet_semilattice,1011100000001010000111111101111111111111001010000000101000010001100000001010000100001000000010100001101111000010111000011011111111111111111110111101001111110011101111011111111111111011110101111111111110111000001010100001101111000011111100110000000000001010000110111000001011100001000000000000001000001011100000101111001110111101001111111011101111010011111101111011100000101110001100000000000000100001
6097020740946724428,20,meet_semilattice,1001001000010010000011111111111111111111101111111101111110110001001000010010000010011010000100101000100111101001001110110000001000000010000010011111100110111011100110101001001010001001111111011011101110011111111111111111000000100001001000001001111010011011101110011111110111111011000000000000001000001001101010010011101100010010000100101000100111111101111111111001101010010010101110011010100100101001
1050433790614565955,20,meet_semilattice,1100001101011000100001000010010100000000111000110101100010001111011111011100110111111111111111011111111001110101110011010000001000010000000001000011010100000000111001111101110011010000001001010000000011110111111111001101000000000001000000000100001101011000000011100011010111001101111111111111111111111111011111011101111100000010010100001000111000110101100011001111011111011100111111100011010110001101
533346606564467638,20,meet_semilattice,1000001001100001000011010111111010010001111111111111111111111001011111101001000111011111111011111111100001110110100100010000001001100001000010000011011000010000100001111110100100010000000001000000000000000000011000000000110101111111111100011000001101101001000111010111111011010001110101111110111100010000000001000001000011010111111011011011110101111110111111111101011111101001001110000010011000010001
1111891924619032068,20,meet_semilattice,1111111110111111111101100000000010011010001000000000000000000111101010111111101101101010100111011011011111101011111110110110001000001001101001111111101111111111011000101000110110110111111111111111111101101010101111011011011000101001110110110010000000001000000001100010000011011011011010101001111110110010000000001001000000100000000010011010011111101011111111110010000000001001001001100010000010011011
-961224651363042783,20,meet_semilattice,1111101111110111101101001011011101011011011110111111011110110101101111110111101100001011011101001011010111111111011110110000001100100100000100000001000000000000010010111111011110110000001101100100100100000001001000000000000000110111010010011111101111111111111100000001001001000000010010110111011110110000101101110101101100000011001001001001111110111111011111110000000100100100001100000001001001000001
-2389913899991910847,20,meet_semilattice,1001110110110011111111111111111100111111101111011011001111110001110110100011111100001000000000001100000011011010001111111011111111110011111100001001101000111111000010001010001011111011110111110011111100001000001000101110000111011011001111111111111111111111111111111111111101111111000010000000001011100000100010100011111100000000000000001000000000000000000011000000000000000000101000001000001000101111
-8012986390493609613,20,meet_semilattice,1101100100100010111001011001000000101010111110010010101011100001000000000000000000011000000000000000111111111011101111111111101100111010111000011001000000101010111110111011101011111111111111111111111101011001001000101110111110010011101011101101100100101010111011111111101111111111000110000000001000101111101100111011111100011000000000101010010110010000001011100001100000000000001011111011001110101111
-5843753810110353764,20,meet_semilattice,1111101111101111111101011010111010111111011110111110111111110001000010001001101100011010110010011011111111111110111111110001001010001001101100011011110010111111000000001000000010100001001011001001101100011010111010111111011110111111111111110000000010001001101100011011111011111111000110101100101110110000000010000001101100000000000000001000000110101100101111110000000000000000101000000000100000001011
-7475378980184689763,20,meet_semilattice,1000010001010000110011010111111100111100111101111111011111111001011101110011110011111111111111111111000001000101000011001000011101110001110010000101010100011100100101111111001111000000000001000000110010000101011100011100000000000001000010001111011111111111111111010111111101111111100001110111001111001000010001010001110000000000000000001000000000000000000011001001011111110011111011010111111100111111
-6637167233742939155,20,meet_semilattice,1000000000000000000011111101001011101111101000000000010000011011110100101110111110101100000011000111101001000000110001111111111100101110111110101101000011000111111111011010111011111111111111111111111110101101001011101111111111011011111011111010000000001100000110000000000001000000101011000000111001111111110110111111111110101101000011101111101000000000110001111000000000000100001110000000000001000001
5294076118053404184,20,meet_semilattice,1011100101111111000111111101111111110111001000000000011100010011100101001111000100101001010011110001101111010111111100011111111111111111011100100001010011110001101111011111111101110010000001001111000100111001011111110001001010010101111100010010000000001111000100000000000001110001000000000000001100010000000000000001000010111101011111111111101111010111111101011011110101111111011100000000000000010001
-8376252283825816916,20,meet_semilattice,1000010000000100000011111101111011110111101101001000111000111001010000000100000110111100100011100011000001000000010000001111111111111111011110111101100011100011100101001000110000011011010011001110001110111101101011100011111111011111111101111000010000001100000100000000000001000000100101001000111000011011110110101111001111111111111111111111101111011110111101111001010010001110001110000100000001000001
-8427806589421519712,20,meet_semilattice,1100010001010011101001000100010100000010111011010111111110111111111111111111111111001101011111111011000001000100000000101110111111111111101111000101010101111011111011011111111110110000000001000000001011000101011101111011000000000101000000101100010101111111101111000100010101111010010001000101001110100100010001010001101001000100010100001010111011111111111111110000000000000000001011000100010100111011
9056834426037375547,20,meet_semilattice,1111111101101111111101101111011011011111001000100000000111010111111101101101111100101111000000011111001001110000000111110000001000000000100100100011000000011101111111111111111111110010111101000001111100101111011000011111011011110111110111110010111101101001111100101111011011011111011111110110111111110000001000000001110100000000000000001001000000100000000011010000001000000000111100000000000000000001
-618247093687440789,20,meet_semilattice,1110001100010001111101100011000100011111001000100001000010111111101111011011111111101011100100111111111111111111111111110000001000010000001000100011000100001011001000111001000110111110101111010011111111111011111111111111000000000001000000001110101111011011111111111011110111111111111000111001001111110010001100010001101100000010000100001011001000110001000111110000000000010000001000000010000100000011
-6702692301401325582,20,meet_semilattice,1111111111111111110101000010001101000000011111111111110001010101001000110100000101011111111111000101010101111011110000010000001000000000000001010011001101000001010100111011010000010101011111111100010100000010001101000000000000100001010000000101001110111100000100000010000001000000011111111111111111010111111111111101110101111111111111001101010101111011110001011111111111111111111101000010001101000001
-5167375793764867675,20,meet_semilattice,1000001001001000100011001010010010001100111010100100110011001111111111011100110010001010010010001000111011101101110011000000001001001000000011101111110111001100111010101101110011000000000001000000000011111111111111111101111010100101110011000000000001001000000010001010010011001100111111111101111011011111111111011111110100000010010010001000100010100100100011001111111111111111111111111111110111001101
7342057557042393732,20,meet_semilattice,1011111111111110111111111111111111111111001101011111000001110001010111010000011000111111111111001111000001010000000001000011011111110000111100000001000000000000000001011101000001100000010101010000010000010101111100000110000001010001000001000011011111111000111100110111111101001111001111111111111011111011111111111111111100110101111100001111000000010000000001000000010100000000011000010101111100000111
-7250743970941492341,20,meet_semilattice,1000000000001000000011101110111111001001101011001000110010001111111011111101110110001000000010000000100011000000110010001010111011101100100111101111111111011101100011001000110010001010110011001100100010101100111011001001101011001101110010010000000000001000000010001000000011000000111011111111111111111110111011111101110110001000000011001000111011101111110011011110111011111101111110101100110011001001
-8014872688662219078,20,meet_semilattice,1010101101101011111111101011011011111111001010110110101111111111111101101111111100001001001000010110111011110110111111110000101101101011111100000001000000000000111111111111111111110000100101101011111000000001001000000110111011110111111111110000100100101011011010101011011011111111000010010010001101100000000100100001011000001001001010111110000000010000000001100000000100000000001000001001011010111111
1854529515068733338,20,meet_semilattice,1101101011001100001001011010110010000010111110101100110001100001001010001000000000011010110010000010111111101110110001100000001010001000000011111111111011001110000000001000100000000001001011001000001011111010111011000110111111111111111011100000000000001000000001011010110011000010111111101110111011101111111111111111111111111110111011001110110110101100110001100001001010001000001011111110111011101111
-1320022452759812870,20,meet_semilattice,1011100010011011000011111101110111111110001000000000000000000011000000000000000000111000100110110000101111011101111111101111111111111111111010111001110110110000001100001000000000001011100011011011000011111101111111111110001100001001001100000011000010001000000010111000110111110000001100001000001000000011000010000011000010111001110111111000101110011101111111001011100111011111101011111101110111111111
-6296609101751184732,20,meet_semilattice,1111111111110110111101000001000000000100011111111111011011110101111111010110110101001111010100000100010001110101000001000000001100000000010000000001000000000000010011111101010001000100001101010000010001011111111101101101010000010001000001001111111111111110111101001111010101000100010011111101011001011111111111110111111101001111110101101101000000010000000001000101111111110110111101001111010101000101
496958318801770842,20,meet_semilattice,1111110100101110101001011101001001101010011111010010011010100001100100100110101000001001000000001010000011010010011010101111111100101110111000000001000000000000111111111110111011101111111101101110111000001001001001101010111111111111111011110111110100101110101000000001000001101010000000010000001010101111111111111111111100000001000000001010111111010010111011100000000100000000001011111111111011101111
4799251145429718225,20,meet_semilattice,1000000100000010000011100111111111110101101001111111111101011111011111111111110111101111111111110101100001010001111101001000011111111111010100000001000000100000100001011001111101001000010111111111010110000101101111110101100000010001101101001000000100001010000010000001000111110100000000000000001000001000000100001011010011100111111111111101100000010000101001001110011111111111011110000101100111110101
2991135602532094827,20,meet_semilattice,1000000000100000010011100000001010000100101000000010100001001111110101111011110111101100001110111101111001000010100001001111111101111011111111101101011110111101111111111111111111111110110001111011110100000000001000000100111001000011101111011000000000101000010011111111011111111111111001000010101011001110010000101011110111100100001010001100000000000000000001001110110101111011111111100100001010001101
-8339330347851552545,20,meet_semilattice,1101110011010110100101011000100101101000111111011111111010010001100010010000100000001000000100000000010111001001011010001111111111111111111111011101111111101001000010001001000010000101110011010110100011011100111101101001000000000001000000001101110011111110100100011000100101101000000110001001001010001111110111111111100100000000000100001000111111011111111111111111110111111111101101011100110101101001
5030013047734340929,20,meet_semilattice,1100100101111011110001000000001010111100111111111111101111101101111111111011111001001000001010111100110011010111101111001100111101111011111001001001011110111100110011111111101111100100100001111011110000000000001010111100010000000011101111000000000000001000010011111111111111111110000000000000101001000000000000001011110000000000000010101100000000000000000001001100110101111011111011011111111110111111
-7809105234120646433,20,meet_semilattice,1011100111010001000111111001110100010001001010001000000100010011100110000001000100001000100000010001111111011101010100011111111111010101001100101001100000010001000000001000000100010011100111000001000111111111111111011011001110011101000100011111111111011101101111111001110101010001111111111111111110110000000000000001000111111111110101011011111111111101110111111111110111010101001100000000000000000001
2312968942973153892,20,meet_semilattice,1100001001000110010001000010010001100100111111111110111011111101111001000110110111001010010001101100110011100100011011000000001001000110010011011111011011101111110111111110111011110000000001000100000011001110011001101111111111111111111111111100111001101110111100000000000001000000000000000100011001001111111111101111111111000010010001101100000000000100010001001100111001000110111111001110010001101101
5227347162802933379,20,meet_semilattice,1111111111001111111101101101110011110111001000000000000100000111111111001111111100101000000010110011001001000000101100010110111111001111011100100101100010110111001001001000101101110010110111001111011111111111111111111111011111111101111111110010000000001011000000101101100011110111001000000000001100000000000000000001000001101111110011111111001001000000101101010010000000001011001100100000000010110001
-6549319510521994041,20,meet_semilattice,1011111111111111111101111111011111111111001000110001110011110011111101111111111100101011000111001111001011110001110111110000001000001000000000000011000011000111001111111111111111110010111101111101111100101011001111011111000000110001110001110000000000001000000000000000000011000000001011110111111111110010101100011101111100000011000111001111000000100000110001110000001000001100001100000010000011000001
2383045462778271237,20,meet_semilattice,1101100000000010010001010000000000100100111110111111111101110001000000000000010000011000000000000100111111111111111101111101101001000110010011011011011101100100110110111111111101111101100001000110010011011010011101100100110110100101011001001101101101111110011011011000000001100100000100000000001001001101101101110111011111111111111111111111000000000000000001001101101101110110011011011011011101100111
314450128631192014,20,meet_semilattice,1011111111011101101111111111110111011111001010000000000110100011110111001101101100001000000000011010001011011000110110110010111111001101101100101001100001011011001010001000010110110010110111001101101111111111111111111111001111111101110110110010100110001101101100101000000001011011111111111101111111110000000000000001101000000000000000001010101111111101110111110000000000000000001000101000000000011011
-5457293531421276642,20,meet_semilattice,1111111111111111111101011110110101111011011111111111111111110001010011000010001000011110110000101011000001000000000000000001011011000010101101011111111101111111000001001000001000100000010011000010001001011110111101111111000111101101011010110101111111111111111100011110110001101011000001000000001000000001111011000111101100010100110000101010000111101100001011110000010000000010001000010100110000101011
-4286756218660762582,20,meet_semilattice,1001011111010101111111010111110101011111101101111101010111110001000000000000000010011111110101011111000101011000010111110001011111000101111100010001100001001001000100001000010010010001010111000101111111110111111101011111000101111101010111111111011111111111111100010000000001000000111101111111011111110001000110000101101100010000000001001001000100011000010011110001000110000100101100010000000001000001
-2306551705503895919,20,meet_semilattice,1000000000100010000011100011011101110100101000110111011001001111111101111111111111101111011111111101111001110111011101001000001101110110010000000001001000100100111111111111111111111000000001100010010000000000001000000000000000010011001001001110011101111111010010000001011101100100000000000010001000001000001101110111010011100111011111111100000000000010001001001110111101111111111111100111011111111101
-9145788060983013028,20,meet_semilattice,1111010011111011110101110100011110111101001101000000000000000001010000000000000011111100111110111101000001000000000000001111111111111111111111111101111111111111011101001111101111010001010001000000000000110100011000000001001101000111100100010011010001101000000111111100111111111111001101000111101111010011010001101001000100110100011110011101001101000111100101011111110011111011111100110100000000000001
-8197187571295968011,20,meet_semilattice,1000000100000000000011111111111111111110101001011101100011001011110111011001110010101101110110011100100001011101100011001011111111111111111000000001000000000000100000011001000001001000000111010000110010111101111111111110100000010001000000001000000111011000110010111101110111111100101011011101101111001010010111011001110010000001000100001100100000010001000001001010110111011011111011111111111111111111
3603948436396089146,20,meet_semilattice,1111111001111011101101000110011010111001011001100110101110010111011001101011101101111110011110111011000001100110101110010000001001001001100111111111111111111111111111101111101110110000000001001001000100000010011010011001011101100111101110110000000000001000000111111110011111111011000000100110101110010000000000000001000100000000010010011001111111100111111111110100011001101011101100000000000000000001
-8768145307672168180,20,meet_semilattice,1101010001110011111001010100011100011110011101000111000111100001010001110000011011111100111100111111000001000000000000001111011011110011111111111111111111111111111101001111001111110000010001000000000000000100011100000000000001000101000000001111111011111111111111111110111101111111010101000111001111100001010001110001111000010100011100001110000001000111000001000000010001110000011001110100011100011111
-5829479915270523475,20,meet_semilattice,1111110110111111111101111101101111111111001001000001000000000011110110111111111100101101001111001111000001000000000000001111111110111111111100100101001110001101001011011011111111111111111111111111111100100100001110001000000001000001000000000010010000011000000000100101001111001111001011010011111111110010110100111101111100100100000110001000001001000011100011010010010100111000111100100100001110001001
4386885481157215746,20,meet_semilattice,1011001110010100000011110011100101000101001000000001000000000011001110010100000011111011110101010111111101111101011111110010001110010100000000100001000100000000000000001001000000001111001111010101010111111111111111111111000000000001000000001111111111011111111100100001000101000000111100111101011111111111001110010101010111110011110101011101001000111001010001001111001111010101011110110011100101000001
8353753137037444733,20,meet_semilattice,1110011010101110110101100100000010000001001000000000000000001111011010101110110111111110101011101101001001000000100000000110011010001010000111111111101111101101011001001000100000011111111111111111110101100100101010100001111001101011111011010010000000001000000001100100101011100001011001001000101000011111111110111111110101100110101011101101011001101010111001011111111110111111111100100100000010000001
-2791106482716079936,20,meet_semilattice,1000000000000000010011000011101110101111111110111111111111111101101110111011111111001011101110111111111111111111111111111000001110111010111110000001101100100111100000001010000001111101101111111111111110000000001000000111100000000011000001111000000110111010111111011011101111111111100000000011001001111000001110111011111110000001101100101111000000000000000001000000000000000000011010000000000000000101
3544440513793023267,20,meet_semilattice,1111010111111110011101110001111101100111001000000111000000000011000111110110011111111101111111110111011101011111011001111111111111111111011100100001011101000010001000011111011001100000000001110000000000000000001100000000000000000001000000000111010111111110011100100000011101000010001000010111011001100111010111111111011111111101111111111111001000010111010001100000000001110000001000100001111101100111
1344914617273676540,20,meet_semilattice,1010110011011000101011111100111111001110001000000000000000001011110011011000111000101000110010000010001011001101100010101111111111111111111111111101111111001110001000001100100000000010000001000000000010111100111111001110001010001101100010100010000001001000000010101100110111001110111111011111111111111111110111111101111000101000110010001010101011001101100011100010000001000000001011111101111111011111
-2409418732038227387,20,meet_semilattice,1001110011111011111111111110111110111111001111001111101111110001010011111010011000011100111110101110000001000010000000001011111011111011111111111111111110111111000001001011001000000000010011111010000000000000001000000000000001000011000000000000010010111010000000011100111111111111000001000011001000000001010011111011011000000100111110101010000001001111101001100000010011111010001000011100111110111111
7057322494434073118,20,meet_semilattice,1101101100110011001101000000000000000000111110110011011101110101101100010011001001001011000000110010110111110011011101110100001100000001000001000001000000010000110111111111011101111101101101110111011101011011001100110010010010110001001100101101111100111111011101011011001101110011010000110000001100000100000000000001000011111111111111111111110110110011011101110100001100000011001001011011001100110011
-8662049824450977720,20,meet_semilattice,1111110011111111011101010000001000000000011101001110101001100001000000100000000001111100111010110111010101000010000000001111111011111111011111111111111111110111010101001010100000000101010011101000011000000000001000000000011111001111111101110101010000101000000001111100111011110111010101000010001001100111010011101011011011111111111111111111010101000010000001000101010000100000011001110100111010110111
-8815597372448198406,20,meet_semilattice,1010010010000000111011111111111011011111001000001000000000101011011110001101111010111111100011011110001001001000000001101010011110001001111010100101100010011110000000001000000000001011111111001101111010111111111011011110101111111111110111111010010010001000111010100111100011011110111111111110111111111010010010000001111000100100100000001110000000001000000001100000000010000000001010111111111011011111
-6879458601755403740,20,meet_semilattice,1011111011111100100111111110111111001011001000100000000000000011001011001000000000111010110010001000001111101111110010010000001000000000000011111111111111011111001000101100100000000010001001001000000000111010111111001001001110101101110010010010001000001000000000100010110011001000111111111111111111111111111011111101111100100010110010001000111111101111110011111011111011111100101100111010110011001001
2086811316319728398,20,meet_semilattice,1111111111111111111101110011000000000010001100110000000000100001000000000000000001111111011101010011011101110111010100110001001000000000000000010001000000000000011111111111111110110111001101000101001101110011011001010011011100110111010100110111111101111111101101110011000001010011011111110111011110110111001100000001001001111111011101011011011111111111111111110001001000000000001001110011000000010011
-3011306171976989456,20,meet_semilattice,1101100100100000100001000000001000000000111110011010111111110101000000100000000001011001001000000000111111011010111111111111111111111111111101010001001000000000110110011010111111111111110111111111111100000000001000000000111111011011111111111101100100101101100111011001001001011001110110010010111110011101100100100001100001011001001000001000110110010010111111011101100100101111111111011001001000011001
1468460400146593545,20,meet_semilattice,1000000000000001000011111111111111111111101111001111101111111001110011111001111110001100111010011111100001001110100101111011111011111011111110111111111110111111100000001110100101111000000001100001011110000000001000010000100011001111100111111000000001101001011110111111111111111111100111001111101111110000000000000001000010000000111010011111100000000010000101011000000000100001011110000000001000010001
2067374845447369406,20,meet_semilattice,1111111111111111111101110110101010100101001101100010101001010001011000000000000001111111101010101101000001100000000000000000001000000000000001110111101010101101001101101010101001010111111111111111111100010110001000000000011111111011111011110001011000101010010101111111101011101101000101100010001000000111111110111111111100010110001010101101000101100010001001010111111110101110111100010110001000100001
7361486947845108462,20,meet_semilattice,1000000100001000010011000001000010010100111111110110110101111101001100101001010111011111001011010101110101110010100101011100001100001001010000000001000010000100111111111111110111111101111101101101011111000011001010010101111111110111110111110000000000001000010011010111001011010101111111110110111111111000000100001001010011111111011011011111000000000000000001001101111100101101011110000001000010000101
-4502967230068946314,20,meet_semilattice,1000000000010000010011011111011111111110111111111111111111101001011001010011110010011111011100111110100001100101001111001000001000010011110010010111011100111100110111111111111111101000001001010011110010010110011100111100000000000001000001001001111101111111111010011111011101111110100000000001001111001000000000010001110010000000000100001100000000000000000001001001011101110011111011011111111111111111
3463212125049823610,20,meet_semilattice,1000000011001101000111010000111011111001111111111110111111110001000011001111100111011111111011111011110101101110111110111101001011101111100111010111111011111011000000001000100000000000000011001100000010010000111011111001111111111111111111110000000000001000000000000000100011000000000000001100111110010000000011001101000000000000110011011001110111111110111111111101001011101111101100000000110011010001
6508665583964807262,20,meet_semilattice,1010111111001111111111101111110111111111001011101100101101111111111111011111111100001010000000010011000011101000101101110000001000000000001100101111110011111111000010101000100101110000111011001011011111111111111111111111101011111101111111110000101000001001011100101110110011110111000010101000101101110000001000000001001100101110110011111111000010100000000101110000000000000000001100000000000000000001
6314076870649182077,20,meet_semilattice,1111011110100110100101100001100000100001001000011000001000000111011110100110000111111111101001101001011001111010011000010110001110100010000100000001100000100000000000001000001000001111111111100111101101100001101000100001111111111111111110111111111111101111101101100011101001100001000000000000001000001111111110100111100101110111101001101001111111111111111111111111011110100110101100100001100000100001
-1629569255104900104,20,meet_semilattice,1010011001000110101011100110010011101110001001100100011010101111111011001111111111101110110011101111000001100000011000100000001000000110001011111111111111111111111001101100111011100000011001000110001011111110111111111111111111101101111111111010011001001110101000000000000001000000000000000000011000001110111011001111111100000110010001101010101001100100111011100000000000000100001010100110010011101011
-1065316238187595007,20,meet_semilattice,1110101111110000001101101011111100000010001000000100000000001111101111111111101100101001011000000000111111111111111110110010101101110000001000100001011000000000001010011110000000100000000001000000000000100000011000000000001010010111000000101110101111111111101111101011111101010011011010111111001000101110101111110001001111101011111101111011111110111111111111110010100101100000001001101011111100000011
-9075800349474761694,20,meet_semilattice,1010000000100100110111110001101011001101001000000010010010000011000000100100110111111001101111001101101101011010110011011111111111111100110110110001001001001101101100011010110011011111110111111100110100000000001001001000111100011011110011011011000100101100110100000000000001001000111111111111111011011111000110111101110100000000000000001000001000000010010011001111111111111110111100100000001001001101
5930694360390357980,20,meet_semilattice,1111011011111010111101110110111110101111001101101111001011110001011010110010110111111110111111101111000001101011001001010000001010110010010111111111111111111111000000001001001001010000011011110010110100000000101100100101000000000001001000000011011011111010111111110110111111101111000000000000001000001111111011111111111100000110101100101101000000000001001001010001011011110010111100000000000100100001
3116598748346824061,20,meet_semilattice,1001000010100010100011011110111000111100111111111111111111110001000000000010000010011110101000101100100101001010001010001001011010100010110011011111111011111100000100001000001000001001111011100011110000000000001000100000110111111111111111001001111011101011110011011110111011111100000000000000001000001001111010100011110000010000001000101000100101001010001011001101111111111111111111011111111111111101
-4815007549673789836,20,meet_semilattice,1000100100011111001011111101011111111010101011010101111110101011110101011111101000001000000100100000100011010101111110101111111101111111111000001001000111110010111111111111111111101000100101011111001010111101011111111010000000000001001000000000100000011010001000001000000111110010000000000000001000000000100000011011001010001001000111111010101111010101111111100000100000010010001011111111111111111111
-1760144791902863665,20,meet_semilattice,1011011110101110111001110111101011101110001101010010011011100001000000100000100011111111111111111111000101000010000010000011011100100110111000010101001000101100001101111010111011101011011111111110111000000000001000000000101101111011111011100011010100101110111000010101001001101110000101000010001011001011011111111111111000000000001000001000000101000010000011000001010100100010111011110111111111101111
8130287378252508641,20,meet_semilattice,1111111111111111111101111111111111111111001011100110111111010011111111111111110100001010010001010000000011100100011100000000001001000000000000101111111111111101000011101111111111010000000001000000000000001110011001110000000011100111111111010000111001101111100000000010010001010000000010100100011100000000000001000001000000001110011001111000000011100110111111000011111111111111111100001110011011111101
6909027761768750580,20,meet_semilattice,1000101101110111010011001011111101111110111010111111111111101111101111111111111100001011011101110100111111111111111111110000001000100011010000000011011101110100100010111111011111000000001001110111010000000000001000010100000000100011011101001100101111111111111000000010001001110100000000000010001101000000000000000001000000001011011101111100000000000000000101000000101101110111011011101011111111111111
5308780873611105515,20,meet_semilattice,1110001110011110010101000010000000000001011000110001010000011111001111011110110111111111110111111111111101111101111111010000001000000000000001000011000001000001011000111001111001011110001111011110110111111111111111111111010000110001010000010110001100011100000101000010000001000001011000110001111000011111001111011111110111100011100111101101011000110001111001011111011111011111111100000010000000000001
-465242301237299019,20,meet_semilattice,1110110100011001100101101001000110011001001000000000000100001111110100011001100100101001000110010000011011010001100110011111111100111101100100100001000110010000111111111011111110011111111111111111110111111101001110011001001000000001100100000000000000001001000011111101001111011001111111110011111110010000000000000001000000101001000110011001111111110011111111011111111110111111101100101001000110010001
-4250696724551712919,20,meet_semilattice,1111111101111101011101000100000000000000011111110111110101110101011101111101011101001111011110010111000001000000000000000100011101111001011101000101011000010001111111111111110111110100010001100001000101000100001000010000010001010111100100010100010001101001000101000111011111010111111111111111111111110100010000000001000001111111011111011111010001010110000101010100010101111001001101000100000000010001
-7905149649267776593,20,meet_semilattice,1010000110110100000011101101111111011001001000000000000000001111111111111101111110101001101101000001101011011111110010011110111111111101111100100001001101000000001000011011010000001010100111110100100100100000001101000000001000000001000000001010100110111100100100100000000101000000111011111111111111111010110111111101100110101001101101001001111011011111110111111110110111111101101110100001101101000001
-6677428023919801655,20,meet_semilattice,1111111111111111111101011100011110000010011111000111100101100001000000000000000000011100010110000000000101000101100000000111111001111011011001111111011110110111011111111111111111110001000001011000000000011100011110000010000100000001000000000001000000011000000001111111011111110111010111000111101101100101110001111001011001111111011111111111010111000111100001100001110001011000001001111110011110110111
-6092900165442327910,20,meet_semilattice,1111101111111111111101011001111111111111011110111111111111110001000001000000100000011001111001111010011111111111111111110101101111111111111100010001011001001010000100011110010010100000000001000000000000010000011001001000000110011111111111110001100111101111101100010000010001001000000100011110011010100001000101100101101000000000010000001000000110011110011111100001000001100100101000011001111001111011
-5099604715255848246,20,meet_semilattice,1011000000001111000111110010101011111001001100000000011000000001000000000000000010111011101011111011111111111111111110111011001010101111100110110011101011111011101100001000111110011111101111111111101110110000001011111001111110111011111110110011000000001110000000010000000001000000000100000000011000000011000000001111000010110000000011111001111110111111111111111011001010101111101100110000000011110001
5968351530042664358,20,meet_semilattice,1011010000001100000011110111101111111111001000000000110000000001010000001100000010111111101111111111000001000000110000001011011010001100100010110111100011111001000101001000110000001111011111111111111110110111101111111101101101101001111110010000000000001100000000000000000001000000101101101000111110011011011010001101100110110100000011001000101101111001111111011011011110111111111110110110100011001001
-2681429590476003619,20,meet_semilattice,1111111011100110011101000100000000000000011101100110000000100101010001000000000001111110011000000010000001000000000000000101011001000000000011111111111001100111011111101110000001100100010001000000000001010110011000000010111111111111011001111111111111111110111101111110111001000110011111101110011001101111111111111111111111111111111101101111011111100110000001100101011001000000001001111110111001100111
8091749674629668894,20,meet_semilattice,1110110111001011011101000100100000100110011011011100101101111111110111001111111101001101110010110111000001000000001000001111111111111111111101000101110000100111000001001000001000000100010011000010011011111101111111111111111111011101111111110100010111001010011101001101110011110111000000000000001000000100010111001011011111101101110011111111000000000000001001000000010010000010011001000100110000100111
-7132991175554452378,20,meet_semilattice,1111101110111000111001011000000100001010011110011001100011100001100000000000000000001000000000000000111111111011110111100111101110011000111001011001000100001010010110011001000010101111111111111111111101111011101110001110000110000001000010000101100110011000101011111011101111001110111110111011111111111111101110111101111000011000000000001000010110011001100011100001100000010000101011111011101111011111
2745267000253199703,20,meet_semilattice,1000000000000000000011100101110010111001101001010100100010011111111111011011110111101111110110111101100001000000000010011110011111001011100110000101010000001001101001011100100010011000010001000000100111111111111110111111111001111101101111011000010101001000100111111111110111111111101001011100101110011010010111001001100110000000000000001001111001111100101111011111111111011011111110000000000000000001
-4835885503826039433,20,meet_semilattice,1000101001100011110111101111111101111101101011101110001111011111111111111111111100001000010000111101000011100100001111010000101001000011110110101111111001111101100011101110001111010000000001000000110000001010011000111101101011111111011111011110111111111111111110101110111001111101000000000100001111010000000001000001110000000000000000001100000000000000000001001110111111110111111100000000010000011101
-7155192017603300907,20,meet_semilattice,1000000000000000000011011110111010111111111111101110111111111001010001001010010010011100111010100110100001000000001001001001011001101010011011011111111011111111100101001110101001101000000001000000010010010100011010100110110111101111111111111000010001001010010011011110111011111111100000000000001001001001111011101011111010011110111010101110100000000000000001001001010001001010011010011110111010101111
1188455734408098153,20,meet_semilattice,1111111111111111111101111011111111111111001100110111101101110001001001101001010000111011011110110111001111111111111111110000001000000000010000010011011110110111001110111111111111110000001001100001010000000010001000010100000100100111101101100000001001101001010000111011011111110111000100100110101101100000001000000001010000111011011111111111000000000000000001000000001001101001011000010010011110110111
-2651649666347923330,20,meet_semilattice,1111111111110101111101000000000000000000011000000000000100000111001100010001111001111011000100011110011111111111010111110110001100000001000001000001000000000000011110111111000111100111001101010001111001111011001100011110011000110001000100000111111111111101111101111011111101011110011111111111111111110100000000000001000001100011000000011000011000110001000111100110001100010001101001111011111101011111
1141055346528188331,20,meet_semilattice,1111111110011110111101000101100011000001011001011000110010110111011110011110101101111111100111101011000001001000000000010110011110001100101100000101100011000001000000001000000000011111111111011111111111111111111111111111011001111001110010110000010010001100000100000000000001000001011001111001111010110111111110011111111101000101100011001011011111111001111011110100010110001100001100000000000000000001
-6554294932530556625,20,meet_semilattice,1111001100010110111001000000000000100010011000110001011011100111001100010110111011111011011101101111111111111111111011110100001000000010001001000011000101101010111110111111011011111111001101010110111111110011011101101111000000000001001000101111001101111110111101000010000101101010000000000000001000001111101101110111111101000010000100101010010000110001011011100000000000000010001001110011000101101111
5238756526299578810,20,meet_semilattice,1010001101111110100111100011111111101001001000110100111010011111111111111111100111101111111111111001111001111111111010010000001100000100100000000001000000000000101000111111111010010000001101001100100100100011011111101001001000110101111010010000001100001100100100000001000001000000000000110000011010011110011111111111100100000001000001001000111111111111111111111110111111111111101100000011000001001001
5292830116588876796,20,meet_semilattice,1000000000000000000011001110100100101111111111111011111011111101111110011010111110001110100100101111100001000000000000001000011000000000010110001111100110101111100001101001001001111111111111111110111111011111101111101111100001100001001001111000111010011010111111011111100111101111100001100000001001011111111111111111111110000110000100101111100001000000000001011000011000000010011110000000000000000001
-494787747410650146,20,meet_semilattice,1000000000000010100011110000101101111010101000000001011010101001000000010110100011111000101101111011111111001011011110111111111111110111111111111101111101111111101100001011011110101111110011110111111110010000001101111010100000000001001010001111110011111111111110000000000101101000000000000000001000001001000000010111101000000000000000101000111111001011011111111000000000010110101011110000101101111011
-1151974883305547506,20,meet_semilattice,1010000000001111010011100010001011110100001000000000110000001111001000101111010111111111111111111111111101110111111111111010001000101111010011110011001011110111111101111111111111111111001101101111011110100000001011110100111100110111111111110000000000001000000000000000000011000000000000000000111101000000000000001101010011110011011011111111000000000000100001001010001000101111011011100010001011110101
-4600925821083507479,20,meet_semilattice,1100010001100001000001000100010000010000111111111110011111011101111111100111110111001111111001111101000001000100000100001100011001100001000011000111111000010001110001001110000100000000000001000001000001000100011000010000111111111111011111111111111111111111111111000111111001110101110001001110001100000000000000000001000011000111111001111101110001111110001101011111111111100111111111000100111000010001
-3717319653955264932,20,meet_semilattice,1111101100101010011101111011001010100111001100000000001000010001000000000000000000111010000010100001111111110110111001110011001000000010000100111011001010100101111111111110111001111111101101101010011100111010001010100001111111111111111011110011001000001010000111111011001011100111000100000000001000011111111111101111111111111111111011101111001110100010101001010011101100101010011100010000000000000001
164131870652245395,20,meet_semilattice,1010100100010000111011111011000101011110001000000000000010001011101100010101111000101000000100001000111111110111010111101010101100010000111000100001000000001100111111111111010111101111101101010101111011111011011101011110001000000001000010001111111111111111111110101011000101001110111111111111011111101010101100010101111000000000000000001000000000000000000011000010000100010000111011111111111101111111
8507923561275616800,20,meet_semilattice,1000000000000010000111000100111101111001101011111111011110011111111111110111100110001111111101111001100001001010011100011000011111110111100110000101111101111001100000001010011100011000010011110111100110000000001001110001100001001011011100011111111111111111100110000000000001100001000000000000001000011000000000000111000110000100101101111001111111111111111111111111111111111111101100000000000000000001
5501177621973068063,20,meet_semilattice,1111111110111111111101110111000111110110001001100001111001100011011000011110011001111111000111110110000001000000000000100000011000011010001000110111000111100110011111111011111111111111111111111111111101111111001111110111000001000001000000100000010000011010001000000110000111100110000001000001001000100011011100011111011001111111001111111111000001000001101001100000000000000000001001111111000111110111
140707018891699323,20,meet_semilattice,1000010001110011000011000100011110110001111111010111101111111101010001111011000111011101011110111111000001000000000000001101111101111011111111000101011110111001111111011111111111110000010001000010000000000100001100100000000001000001000000001000010001111011000111111101011111111111000001000000001000000000010000110011000010000100011100111000110101010111101111011101010101111011111110000100011100110001
-7370954849251371073,20,meet_semilattice,1100101100110011011101001000001100100011111111111011001111111101101100110011011100001000000000000000110111111011001101110100101100110011011101001001001100110111110110111011001101111101111111110011111100001000001100100011000010000001000000101111111111111011111111111111111111111111000010000000001000000100100000110011011111011111101100111111010010000011001001110000100000000000001000001000000100100011
6430073315759781842,20,meet_semilattice,1000001000100011001111000010001000110011111111110111011111111101001000110111101111011010001101111111110111100111011111110000001000000001000111011111011101111111110100101011011110111101101001110111111100000010001000010001110000100011011100111101101011111111111111000010001001110011000000100010001100110000000000000001000011000010001101111011110100100011011111110000001000100001001100000000000000010001
8815679845568996090,20,meet_semilattice,1111001111111111110101100000010100001100001000000100000001000111001011111101110111111011111111111111111111111111111111110110001001010001110101110011111111111101011000101111110111010000000001000000000001100010011110011101001000000101000011000110001001011001110101100010011111011101011100101111111111010110000001010001110100100000010000001100000000000100000001001111001111111111111100100000010100001101
-9066914568335564445,20,meet_semilattice,1111011011111111111101000100001100000001011001000011000000010111011000110001101101111110011101111011000001000011000000010110011000110001101111110111111111111111011101101111111110110110011001110001101100000000001100000001000000000001000000000111011001111111101101110110011101111011011101100111001110110110010000110001101101100100001100001011011101101111111111110110010000110000001100000000000100000001
-1468884867130368546,20,meet_semilattice,1000011000010001000011111111111111111111101111111111001101111001011100010001000010011111111100110001000001100000000100000000001000000000000010000111000100010000100101111001000100001001011111110011000110010111001100010000000001100001000100001011111111111111111110111111111101111111100101110011001100000000001000000001000010111111111100111111100111111111001101011001111111110011001110010111000100010001
2506649108003330279,20,meet_semilattice,1000001111101000010111000011111011111101111100111110111111011101001111101111110111011011111011111101110101111110111111010000001110000000000000000001100000000000000000001000000000000000001111101000000100000011101010000000100000111111111011010000001110001000000010000011111011101101100000111110101011011000001111101011110110000011111010001101000000111110100001011101101111101111111100000011101010000001
7446703728185299373,20,meet_semilattice,1100100000000001000001000000000000010000111110111111011110111101101111010111101001001000000000010000111111111111111111111100101111000111001011001001010000110010110010011100011100101100100001000011000011011011111101111010110010111101011110101111101111111111101111001000010001110010110010000000001100000000000000000001000011001011110001111010111110111111111111111100100001000011001011011011111101111011
-7535682675364567305,20,meet_semilattice,1111111111111111111101111111111101110111001111111111011101110001000011010110011000011001110101100110000111011101011001100001111111010111011100010001110101100110000000001101001001100000000001000000000000011111111101110111000000000101001001000111111111111111111100000000110101100110000000000100001000000001110111010111011101111111111101111111000000000100001001000000000001000010011000011101110101100111
-6265148074696186237,20,meet_semilattice,1100010110110100100101000001100101001001111001011011010011011111111110111101111111101111101111011111000001011001010010011110011110110101110100000001100000000000000000001000000000001110011111111101110101000101101101001001000000011001000000001110011110111101110100000001100101001001111111111111111111111110010110110101110100000001100100001001110001011011010011011110011110110101111100000001100100000001
1711603713483743052,20,meet_semilattice,1111001111101001001001100000010000000000001000000100000000000111000111100000001011111011111011011110111111111110110111100111001111100001001001100001011000000000011000001110000000000000000001000000000001100000011000000000111110111111110111100111001111101001001011110011111011010010111111111110111111100111000111100001001011110011111011011010111100111110110111100110000001000000001011111111111011111111
5047866409814229175,20,meet_semilattice,1111111111111111111101000000001000000010011011111111111111100111111111111111111101001011001111100010010011111111111111100100001000100000001001000011001111000010010010111111111110100100101101111110101000000000001000000010010000100011110000100100001000101000001001000010001001000010010000110011111000100100101101111111101001001011001111101010010010111111111111100000000000000000001001001111111111111111
7939624062965321404,20,meet_semilattice,1100001010100101100001000000000000000000111000111010010110001111111111111111111111101111101111111001111001111011010110010100001010100101100011000011101001011000010000001000000000001110111111111111110101000000101000001000111000111011010110011110011110111101100101000000101001001000111001111011011110010100000000000001100001000000000000001000111011111011111111011110111110111111111111100011101001011001
8454997108708119127,20,meet_semilattice,1000000000010001001011101000100100011011101010001001000100101111111111011101111110001000000100010010111011001001000111111110111111010101111111101101110100011111000000001001000000001110110011010001111111111111111111111111000000000001000000001110111111011101111111101101110101011111111111111101111111110000000000010001000010101000100100011011111010001001000111110000000000010000001010101000100100010011
-8426688491378906573,20,meet_semilattice,1100111111111101111101001111000110011111111011111111110111111111111111111111111100001001000010010111000011110001100101110000101100011001011100000001000000010010000011111001100111110100111111011001111101001111111111011111000010010001100101110000000100001001001001001111110111011111111011111111111111110000000000000001000000001111000110011111000000010000100101110000000000000001001000000001000010010011
-7317398827117147841,20,meet_semilattice,1111111111111111110101011100110110110101011111001101101101010001110001010010000000001100010100000000000001000100000000000111111111011111110101111101110111111101000011001101001000000000000001000000000001111100111111110101000001000101000000000001110011011011010101111100110111110101000011000101001000000001110011010011010101111100110111111101000011001101001001001111111111111111111100011100110100100001
-7823561710068255673,20,meet_semilattice,1111111111111111111101110001000010100000001100010000101000000001000000000000000001111111110110100000011101111101101000000111001101001010000000010001000000100000011100111100101000000011000101001010000001111111111111110101011100111101101000000001000000001010000001111111110111110100000100000000001000000111011111011011000001111111110111111110011111111101101101000111111111011111011001111111110111110101
1886573462981890255,20,meet_semilattice,1000001010101000110111111111111111111111101001101110100011011011111111111101111110101111111111011101100001101110100011010000001000101000110010100111111010011101000000001010100011001000001011101000110100000000001010001100101001111111110111010000000000001000000010100111111011011101101111111111111111111010011011101001110100000000000010001100000000000000100001001010111111111101111100000010001010001101
2489748532555857680,20,meet_semilattice,1010111000110111100011101110011101111001001011100000001000001111111111111111111100001000000000000000000011000000000000000000111000000010000010101111011101111001101011111111111110011010111001110111100100101110001101111000001011100001001000001010111101111111100100101110000101101000000011000000001000000010111000010111100000101110000000101000111011111111111111111110111101111111101110101110001101111001
-4115535587684313480,20,meet_semilattice,1000011110010010101011101111101111101110101001111001001010101111111110111110111010101111100100101010000001000000000000000000011010000010001000000111100000101010000001001000000000001111111111111111111110101111101101101110000001111001001010101010111110111110111010101111100101101110000001001000001000001111111110111111111000000110100000101010101011111001001011100000010010000000001011111111101111111111
-8672508279814663817,20,meet_semilattice,1001100000110100110011111110001111101101101110100011111011010001100000110100110000001000001001001000101111100011111011011001101000111110110111111111001111101101111111111111111111111111111101111111110100000000001001000000000010000011010010001001100000111100110100000000000001000000100110000011111011011111111000111111110100000000001001001000000010000011010011001111111101111111111110011000001101001101
3833565883787760334,20,meet_semilattice,1100111101111110010101000111011011100100111111110111111111111101111101111110110101001111011011100101000001110010111001000000001000000100000000000011001011100100111111111111111111110000001101101110010000000010001001000000010011110111111001010000001000101110010000000000000001000000000000100010011001001101111101111111110111001111011111101101000000100010010001001101111101111111111101000111011011100101
-1960642700660167644,20,meet_semilattice,1111110111111000111101111101110110001111001000000000000000000011100101010000001000101000000000000000001111011101100011111111111111111000111100101001000100000000001110011101100001110010100101010000000001111101111110001111001010000001000000000010100100011000001011111111111111011111111111111111101111111111111111111001111100111001110110001111001110010101000001110010100100010000001000111001010100000011
-4727990862491089842,20,meet_semilattice,1010010100000000000011101111110111011111001001010000000000001111111111111101111110101111100101001010000001010000000000001010011100000000100000000001000000000000101001011000000010001010111111011100111111101111111111011111101001011001000010001010111110011100101010100111100101001000111111111111111111111010111111011101111110100101000000001000101011111001110011101010011110010100101010101111100111001111
-7925709499492643179,20,meet_semilattice,1001010001100111101011111111111111111111101101000110011110100001010001000111101010111111111111111111000001000000000000001011011101111111101110110101011011111011101101011111111110110000010001000111001000010100011001111010101101010111111110111011010001101111101100000100000001000000000001000000011000100000010000000101000000000100010001111010101101111111111111110000010000000100001010010100011001111011
4071075906924076716,20,meet_semilattice,1000000000000000000011111111110111111111101000010000010000001011111111001110110010101011100011101100101011111000111011001010001100000100000010000001000001000000101000111000010010001010111111001110110010101111111011111110101111111101111011001010001110001110100010000000000001000000101000111000011010001010111111001111110010100011000001001000101000111000111011001010111111001111111010111111110011111101
1057978112584034431,20,meet_semilattice,1101110111010111111101001001110101010101111111011101011111110101100111010111011100001000000000000000010111011101011101111101111111110111111100001001100000000000000010001000000000000000100111010000010011011101111101111111000010011001000001001101111111111111111100001001100101000100010010011101011101010000100111010101010001011101110101111111000010001000000001000100100111010111011100001001110101010101
-3644564436265953785,20,meet_semilattice,1111111111111111111101100100010110001001001000000000100000000111111111111111111101101100010110001001001001000100100010010110111011011100101101101111111111111111011011001101100010110010000001001000100101101110111111111111001001000101100010010000000000001000000001101100110111001011011011101101111111110110111011011101101100100000000010001001011011101101110111110110110001011000101100100000000010000001
8067249732518757008,20,meet_semilattice,1011000101101011111011110011011011111110001100010110101110100001000000000000101011111011111111111110111101111111111111101011001101101111111000010001001000001010111100111110111111100001000101100000101000010000001000001010111100111111111111100001000101101011101010110001011011111110000100010110001110100001000101100001101000000000000000001000000100010110101111100000000000000000101011111011111111111111
-2637451137338895785,20,meet_semilattice,1000000010001000000011000100100010101000111111011111111111111101110010001110111011001100100011101110100001001000100010001101111111011111111111011101100111111110000000001000100000001101110111011111111111011101111111111111110001001001101011100000000000001000000011000100100011101110100001001000101010001100110010011111111010000000100010001000110001001000101011101100010010001010101011011101100111111111
-6587040940687410980,20,meet_semilattice,1001011110011101111111011111101111111111111111111011111111110001011110011001101110011111100111011111000001000001100000010000011010011000001100000101100110011011000001001001100000111101111111111111111110011111101111011111000000000001000000000000000000011000000100010111100111011011100111111011111111110000010010011001101100000100100110001011000101111001110111110000010000011000001100000000000100000001
-2808040847355710624,20,meet_semilattice,1000001110000101011011011111110111111111111111111101111111111001101111001111111110001011110011111111100111111100111111110000001110000100010000000001100001000100000000001000000000001000001111001101111111111111111111111111100111111101111111111000001110001101011100000000100001000000100000111000111111110000001110000101010010000011100011011111000000001000000001000000001110000101011010000011100001010111
4390544542767137883,20,meet_semilattice,1000000000000000100011100010110001001110001000000000000010001111101111111110111111101011111111101111111111111111111011111010001000000100111011100011111101101110101000101100010011101010001001000100111011100010111001001110111000101111011011101110001111111110111110000000000001001000111000101100011011101110001111110111111000000000000000001000101000000000000011101000000000000000101011100011111101101111
-9121454256874711007,20,meet_semilattice,1001011000101100010011010111001011000100111101110010111001000001010000101000000011011111111011101100000001000000100000000001011000101100010010010111001011000100110101111010110001001101011101101110010000000100001010000000111111111111111011010000000000001000000000010100001011000100110101110010111001001111111111111111110111010111001011001100000101000010100001001111111111111111111111111111111011101101
-7303820344842915839,20,meet_semilattice,1100000000000000001001000000000000000010111111111111111111111101011111001011111111011111111111111111110001001000000000111100011010000010011111000111110000111111110000001000000000101100011011000010011111000111111010111111110001111101001111111100011111001011111111010111111111111111110001001000001000111100011011000011111111000110110000101111110001001000001001110000000000000000001000000000000000000011
8462990448388193434,20,meet_semilattice,1111001000000100000001100000000001000000001000000000000000000111000000000100000011111111111111111111111101110000111111000111001000000100000011110011000001000100111101111000111111001111011111111111111111110111101111111111111101110001111111001111001100001111110000100000000001000000111100100000011000001111001100000101010011110011000001111100111100100000010001001111011110001111111011110111000111111101
-2450601360889719308,20,meet_semilattice,1000000000000000000011000000100000000100111111101110111111111101011011101011111111001100110010111101110001001100101111011100011011101011111111111111111111111111100000001000000001001100000011000011110111000000111010111101111111101111111111111100000011001011110111011110111011111111110000001000001111011100000010000001010111000000100000011101100000000000000001001100010011001011111111000000100000000101
-5575067653804646901,20,meet_semilattice,1000001000000000001011100010100000001110101000100000000001101111001011000100111011111110110101001110111101101101010011100000001000000000001011111111111101111111100000101000000001101110001011000100111011111110111101001110111100101101010011101111111011111111111111100010100001001110111111101111011011101111111011110111111110100010000000001110100000100000000001100000000000000000001011111110111101001111
-5866072612387127389,20,meet_semilattice,1000010000011101010011110111110111111111101001000001110101001011011111011111111111111111110111111111000001000001100001001010011010011101011010100111110111111111100001001001110101001010011011011111111011111111111111111111000000000001000001000000000000011000010000000100000111010100101001101001111101100000010000011001010010100110100111111110000000000000000001001010010010011101011010100110110111111111
6412944155581769655,20,meet_semilattice,1110101111001111100101000000000000000000011000000000000000001111111111011111111101101000000000000000011011001100110010010110101111001100100101101001110011001001011000001000000000000110100011001100100011111111111111111111111011111101111111110110100000001000000001101000100011000000011010111100111010010110101111001111100101101000000000001000011011111100111111110110101111001111101101101000110011001001
6660268772859269005,20,meet_semilattice,1011101000100100000111111110111011010011001100000010000000000001000000000000000000111000001000000001101111100110110000010011101000100000000111111111111011011011101111101110110000011011101001101100000100010000001000000000111111111111111111111011101000101100000100111010001001000001111111111110111110111011111011101101000111111110111011011011111111101110110111111011111011101101001100010000001000000001
4721067125503423687,20,meet_semilattice,1111101100011111111101000011000001111011011100110001011111110001000100000111101101111011000101111111111111110111111111110000001000000101101100000001000001011011111111111111111111111111101101111111111111111011001111111111010100110001011111110111101100011111111100000000000001001011000000010000011110110000000000000101101100000000000000001010010100110000011111110000000000000000001000000000000000001011
6896439495592868759,20,meet_semilattice,1100101101111111011101000000010000010000111010110111111101111111111101111111111101001011010101110001111011110111111101110100001001000111000001000011010101110000111111111111111111110000000001000000000001001011011101110001010000100101011100000100101101111111011101000000010001010000010000000100011100000000000001000001000011101111011111111111010010110111011101110100001101010111001101000011010101110001
-7697205158753262766,20,meet_semilattice,1100000001100001101001000000000000000000111000000110000110101111111111111111111111101111111110111111111001001111100111111110011111111011111111100101111110011111111000001110000110100100000001000001100001000000011000011000111000001111100110101110000011101001101011101111111111111111111001001111101111110100000000000001100001000000000000001000111000001111100111100100000001100001101011100000111110011111
-6120506964060400383,20,meet_semilattice,1111111111111111111101000111101110101000011111111011111111110101111110111011111001001111101110111110000001000000100010000000011110101010100000000101001010101000000001011010101010000111111111111111111100000000001010001000000001111011101010000000000000001000100001011111101111111111000000000000001010000100011110111011111000000000000000001000010001111011101011000100011110111010111001001111101110111111
-288490030292345034,20,meet_semilattice,1011110110001001101011111111111111111111001100001000000000000001000010000000000000111000100000010010001111011000100110101011111110101001111000111001100010010010000000001000000000001011111111111111111110111101101010011110101111111011111111110011100010001001001010111111101011011110101111111010111111100001000010000001001000111000100010011010001110001000100111100001000010000000001010111111101011111111
2387007491164793408,20,meet_semilattice,1110101000010000001001000000000000000010011010100001000000100111101000010000001001001010000000000010111111111111111101110100001000000000001011111011101110010010111110101011100100101111101011111101001011111010001110000010010010100001000000101111101000011000001011111010101111010010111110111111111101111111101000111001001011111111111111111111111110101111110101100000000000000000001011111010111111010111
-4006715125901786569,20,meet_semilattice,1011110011001111111111111111111111111111001111001100111111110001100001000000111000001000010000001110000011000100000011101011111111111111111110111101111011111111000111001100111111110000000001000000111010111100111011111111101111011111111111110001110001001010111100011100010011101111000111000100001011110001110001001111111100000000000000001110000000000000000001100000000000000000001000011100010000001111
4912261445916100881,20,meet_semilattice,1011001011111101111011111110111111011111001100101111110111000001000000000000100010111010111111011110101111101111110111110001001001111100110011111111111111111111000100101111110111000001000001100100110000010000001000001000000100000111110011000001000001101100110000010000001001001000111111101111111111110001001001111101110000000000000000001000000100000010010011000001000001101100111010111010111111011111
7692050263616144798,20,meet_semilattice,1000000001000000001011111111111110111111101110000100100011101001000001001000111010011000010010001110101111000101100011111011111111111011111110111101010110101111101111011111101111110000000001000000001010111101011110101111101110000101100011101000000001001000001010111111111111111111101111000101101011111011110101111011111110000000010010001010100000000100100011100000000000000000001010111000010110001111
-5147361498567363602,20,meet_semilattice,1111111111111111111101001100110000000001011011011100100001010111110111001000110100001000110000000000000011001100000000000111111111011001110101001101110010000101000000001000000000000000000011000000000001111111111110111101011111011101100011010100110011001000000101111111111111111101011111111101101111010111110111011001110101101101110010001101010011001100000001010111111111111111111100001000110000000001
-8910092194799482958,20,meet_semilattice,1111111111100011111101101100010000001011001011000100000010110111110001000001111100001000010000000010000011000100000000110111111111100011111101111101111000111111011011001100000110110000000001000000000001111100111000111111111111111111001111111111111111111011111111111111111001111111011111001100001111110110110001000001101100001100010000001011011011000100000111110000000001000000001000001000010000000011
-149852739374047885,20,meet_semilattice,1111111111111111111101111110110110110101001000000000101000000011000000011011000000111000010110110000001111101101101101010011101011011011000001111111111110111101001110001101101100000011000001011011000001111110111110110101000000000001001000000000000000001010000001111110111111111101000000000000001000000000000000011011000001111110111110111101001110001101101101000111111111111111111100111010110110110101
6596700320555460320,20,meet_semilattice,1011110111111111111101111101111111111111001110011100100110010001100001000000000000001000000000000000001111011110111111111011111111111111111100011001110000011001000010001100000100010000100001000000000000111001111010111001001111011111111111110001100001001000100000111001111011111001001110011100101110010000100001000001000000011000010000001000001110011110111111110011100111101111101100001000010000010001
-1031739006526915514,20,meet_semilattice,1111110111101010111101111101001010101111001000010000000000000001000100000000000000111101001000101111001101010000001010001111111111111011111100000001000000000000001111011010101011110111110111101010111100110101001000101000001111011011101011110011110100101010111111111111111111111111001100010000001000001111110111111011111100110001000000101000001101010010001011110011010100100010101100110001000000101001
-8166424150084559030,20,meet_semilattice,1101010101111001011001000100010000000100111111111111111111110101010001010001010011011101011110010110000001000100000001001101111111111101111001010101010110010100110111011111110111100000000001000000010001010101011110010100010001000101000001000100010001011000010011011101011111011110110111011111111111100100010001010001010011011101011110011110000000000000000001000101010101111001011011011111111111011111
-7624271162599054344,20,meet_semilattice,1001100000000000010011111111111101111111001110010000000001000001100000000000010000001000000000000100101111110000000001010011101100000000010000011001000000000100101111111100011111111011111101000111111110111111011001111111101111110111011111111111111111111111111110111111000001100111101111110000001001011011111100000111111110111111000001101111000000000000000001001011100100000000011110111001000000000101
-1948075082036035587,20,meet_semilattice,1111100001110111100001111000011101101000001110000111011010000001100000010010100000001000000000101000111111010111011110001111111101110111111011111001011101111000111111011111011110100001100001010010100000001000001000101000000010000001001010001111110101111111111000011000010101101000000000000000001010000111100001110111100000000000000000001000111111010111011111101111110101110111101011111111111111111111
-6508093401931835262,20,meet_semilattice,1110110110000100101001101001100001001000001000000000010000001111111111101111111100001001000001000000011011011000010010001110111110001111111100000001000001000000000010011000010010001110110111001111111111101111101011111111111111111111111111111110110110001100101100000000000001000000111011011000111111111110110110001101111100001001000001001000111011011000110011110110110110000100101011101101100001001011
-370350926982688684,20,meet_semilattice,1110111010001010111001101110100010101110001010101000101011101111111010001111111100001010100010101110001011101000101011100000001000000000001011111111101011111111000000101000001011101111111111111111111111111110101011111111111111101011111111110000001000001010101011101110100011111111000000100000001000101110111010001011111000000010000000101010000000100000001011100000000000000000001001101110100010101111
8869113814877911747,20,meet_semilattice,1111011100111111011101110111001111110111001001110011111101110011011100111111011111111111111111111111000001110011111101110000001000000000000000000011000111110111111101111111111111110111011101111111011100000011001111110111000000100001000000000000001000011111011100000010000101100100000000100001001001000000001000010111011111110111011111111111000000100001000001000000001000010110011000000010000100000101
-4153921380294770546,20,meet_semilattice,1110111001000101010001001010000000000000011011100000000000001111111111110111111100001010000000000000010011100000000000000000001000000000000011101111010001011100111011111100010111010110111001000101000011101111111101011101111011111101010111011111111111111111111101101110000001010000111011111111011111010110111000000001000011101110010001011100011011100100010101001110111111110111111111101111010001011101
-8994306851479705951,20,meet_semilattice,1011100111111111111011111001111111111110001110010011111011100001000000110010000000011001001101101110111111011111111111101111111111111111111000010001001101100000001110011111111011100011100101111110111000000000001000000000000000000011001000000001100100111110111000010000001101100000000000000010001000000011100111111111111000010001001101101110000100010011011001100001000100110110001011111101111111111111
-6463987754945981024,20,meet_semilattice,1010010100001001011011100101000010010110001000000000100001000011010100001001011011111101010110011110001001010000100001001111111101011001111000100001000010000100111111111111111111101111010101011001111011111111011111111110111001010001100101100000000000001000000011111111010111111110111111010101101111100010010100001001011011110101000110011110000000000000100001000010010100001000011011111111111111111111
-6207531734379347946,20,meet_semilattice,1011111111111111111101111111111111111111001110111000011010010001001000000100000000011010000001000001001111111111111111110000001000000100000000011011000001001001000110111000010010010011101111011110111100111011111111111111001110111001111011110011101110001110111100000000000001000000000110111000011010010011101111011111111100011010000001001001001110111000011011110011101110000110101100010010000001000001
-766718735535391351,20,meet_semilattice,1011011100111101011011111111111111111111001101110011110101100001000000000100000010111111101111111110000101000000110001000001011100111101011000010101001011000100101101111011111101101011111111111111111000010100001011000100000101010011110101100001000000001100000000000000000001000000000101010011111101100001010100101101011010110111101111111110000100000000110001000001010100101100011010111111101111111111
-7379472236718279222,20,meet_semilattice,1011000001100001000011111010111101110000001100000110000100000001000000100000000010111010111101010000111111111111011100000011001011100101000011111011111101110000001100001110000100000001000001100000000000000000001000000000101100101111010100001111111111111111100000110000111001010000101110101111011100000001000001100001000011111011111101111000111111111111111111101111111111111111101011111111111111111111
1717850418084907940,20,meet_semilattice,1011101101010011110011111011011111111110001110110101001111000001100001000000000000001000000000000000111111110111111111100001101101000010100000001001010000101000111111111111111111100000100001000000000010111011011100111110000110110101001010001011101101111011111010111011011111111110000010000100001010000001101101010011100000001000010000001000000110110101001111001011101101010011111011111111011111111111
-3785891302988848263,20,meet_semilattice,1000000000000000001011000000000000000010111000011111101110101101010111111011001011111101111111111011110001010000000100101111111111111111101100000001000000000010110000011110100100101100000101100001001011000001001000010010110000011111101100101100000100101001001011010101111111110010110000011110101100101100000100000001001011000001111110111010111111111111111111110000000000000000001011110101111111111011
7675227274280445803,20,meet_semilattice,1011100001000100010111111010111111101101001010000100010000010011100001000100000100001000010000000000111111101111111111011011101011011110110111111111111111111111101110001100010011010000000001000000000010111000111111101101101110000101010011011011100011011110110100001000010001000000101110001101011011011111101011111111110110111000010001001101001110000100010001011111111011111111111100001000010001000001
5864307704752696637,20,meet_semilattice,1111111111111111111101101001010010000000001010000000000000000111100111001010000000001000000000000000011111111110101110100111101111101011001000101001000010000000011010011100100000000010100101001000000001111001111010100000011111111111111111110010100000001000000001111111111011111111011010011100101000000111100111101011001001111011111010111010011111111110101111100111100111101010001001111001111010110011
-8678043895820863102,20,meet_semilattice,1000000000000100100011001001101111111111111010011011111111111101100110111111111110001001101111101010111111111011111111111110101110111111111110000001001001001010100000011010011010101111111111111111111110000000001001001010100000000011010010101000000110111110101000000000000001001000100000000010011010101000100110111111101100000000000000001000100010011011111111111000000000000100101010001001101111101011
-5896010638112872099,20,meet_semilattice,1111111111111111110101111111111111111101001111111110111111010001000010000011100000011000101000111001000101001010001110000001111110100111110100011101101001111101000000001000000000000001111111100111110100010000101000111000001111111111111111010001111111101111110100010100101001111000000000001000001110000000000010000001000000000000100000011000000101001010001111011111111111111111111100010000101000111001
2768223047213006625,20,meet_semilattice,1111111010111111111101110110101111111111001101101011111010110001000000000000000001111110101111111111000101101000100010100001001000000000101001111111101111111111000100101000100010101111111111111111111100010010101110101010000100101001101010100001001000001000101000010110101111101011000100101000101010100011011010111111111100010000000000001000000101101011111011110001000000000000101000010110101110101011
7298982405418621820,20,meet_semilattice,1101100101110000000101010000000000000000111110110111110001110001000000000000000001011000000000000000111111111111111011111101101101110100011101011001010000000000111110111111110011110101100001000000000001011000011000000000010110000111000000001101101101111100011111011001011101000001111110110111111011111111111111111111111111111011011111001111110110010111000001010101100101110000001101011001011100000001
-6127753858001527225,20,meet_semilattice,1100111101011010101001000000010000000000111111110101111011101101111101011010111001001100010110000010010001000101100000000100111101011010001001001101010110000010110111111101111011100000000001000000000011111111111111111111010000000101100000000100000001001000000011011111010111101110010001000101101000001111111111011111111001001111010110101010110011110101101011100100000001001000001011111111110111111111
1204538350925536722,20,meet_semilattice,1110001101111101101101000000000000000000011000110111100110101111001101111101111111101011111111011111111111111111110111110100001000000000100001000011000000001010111000111111110111110100001001001000101001000010011010011010010000110111100110100100001000001000100001100011011111011010111111111111111111110100001001001001101001000000000000001000111000110111110111110100001000000000101001100011011111011011
-2843552838974780796,20,meet_semilattice,1111111111111111111101000000000000000000011010100000111010000111111011111111110101001000000000000000011011101011111011000100101000001100100001111111111111111111011010101000111011000110111011111110110101101010101111101100011010101001111011000100100000001100100001001000000001001000010010100000111010000110111010111111110101001000000000001000010010000000010011000111111011111111111101101110101111101101
-3960437059133116859,20,meet_semilattice,1000000010000000000011000000100000000000111000001000010011001101000010000100110011011010100001011100111111101011111111111101001010000101110011111111101111111111000000001000000000001111111011111111111111111010101101111111110110101001010111001111101010011111111111000000100001001000111110101001011111001101000010000101110011000000100000001000110000001000010011001111101010010111111111111010100101111101
-9128685233356671864,20,meet_semilattice,1000000001001000000011100110011010101100101000100110101011001111011001111011110011111110011110111100101001100110101011001000001001001000000011111111111110111111111111101111101111110000000001001000000010000010011010100000111001100111101011000000000000001000000011111111111111111111100000100100101000001110011001111011110010000010010010101100100000100100101001001111111001111011111011111110011110111111
7140465698858626761,20,meet_semilattice,1000000000000000000011000000000000000000111111111100111111111101110111000100111111001000000000000100110011010000010011101101111111000101111111001001000001001100110011011100010011111100110101000100111011011111111011111111111111111101111111111101110111001101111111001000000001001100110111111100111111111101110111000101111111001000000000001100100000000000000001001100100100000100111011001101010001001111
-6224826243476874807,20,meet_semilattice,1011111111101111111111111111111011111111001010100110000000000001101001101000000000001000011000000000001111100110100000000000101001100000000000111111111011111101001111101110100000000000000001100000000000000000001000000000111111111111111111110000101001101000000000111110111011011101001111101110111111010011111011101001010000111110111010011101001111101110100001000011111111101111111100111110111010010101
-1757854696054981963,20,meet_semilattice,1000000100000000001011011001100000100111111110011001001001111001000100000000011010011001100000100111111111111001111101111111101110010111011100000001000000000000100100011000000001101111111111011111111111111011101101110111110110011001001001111111101110011111011111111001100101100111100100011000001001101111100110010111011111111111100111111111100000010000000001100000000100000000001010010001100000100111
-7484404862387634054,20,meet_semilattice,1111111111110111111101111111111101111111001111101101011000010001111011010110000100001010100000100000000011101001001000000000001010000010000000111111110101100001000000001000001000000000111011010010000000111111111101110111000010101001001000001111111111111111111100001110110101100001000000000000001000000011111111010111001100111111111101111111001111111101011001010011111111010110001100001110110100100001
487596770905859106,20,meet_semilattice,1111111011010111111101111110010101011111001111000001000111110001000000000000001000011000000000000010000111000001000111100011111001010001111111111111111111111111001111101101010111110011110001010001111111111110111111111111000110000001000000100111111001011101111100111110010101011111001111101101011111110001100000010001011000011000000100011110000110000001000001100000000000000000001000011100000100011111
-6226382637516750073,20,meet_semilattice,1101011111111101111101010111111011011110011101111111110111100001011100000101111001111111111111011110000001000000000000000000011100000100001000000101000000000010000101111010010111100001011111101101111000000111001001011010010101111111110111100001011110101101111000000101000001000010010101111111111111110000011100000101101000000101000001001010000001110000010111100000010000000000001001010111111111011111
8282887692255721205,20,meet_semilattice,1001011111111111100011110111111111111111101101111111111110010001011111111101100011111111111111111111000001000110100110000000011111111101100000000101111111011000000001001111100110000000000001100001000000000000001000000000000001000111100110000000000001101001000000000100111111011000000101111111111110000000000000100001000000000000011010011000101101111111111111011011011111111111111110010111111111111001
-3636848508886642091,20,meet_semilattice,1011111111111111111111111111111111111111001000000100001000000011000101000010000000101001010100100000001111111101111000110010101101010110000000100001010000100000001110111101111000100000000001000010000000111111111111111011001000010101001000000011101101011110001000100001010101100000000000000000001000000011111111011111101100111111110111101011001111111111111111110010101101010110001000111011110111100011
2449278817569768565,20,meet_semilattice,1110000001011000100101100000010110001001001000000001100010001111011011111111101111111111111111111111111001101101100110111110001011011001101111110111111111111111111000001101100010010010000001011000100011100110111111111011000000000001100010000000000000001000100011100110110111011011111001101101111110111110000011011001101100000000000000001000111001101101111111111110000011011000101100100000010110001001
-3383423194373719774,20,meet_semilattice,1110100011000110100101101000110001101001001000000000010000001111100011000110100100101000100001001000111111011111111010111111111111111110111111111001110011101001001000001000010010000010100011000100100111111001111011101011111110011111111010111111100011001110100100000000000001000000001010001000011010001111110111111111111100100000000001001000111111011111111011111111100111001110101100101000100001001001
-187575820876511475,20,meet_semilattice,1001110101001001000111111111010111110101101111110101110101010001110101001000000100001001010010000001000011010100100000010000111101001000000100000001000010000000111111111111111111110000000101001000000011111111011111111101100111110101100101010000000000001000000010011111010111010101101111110101111101010001110101001001000111111111010111111101100111110100100101011111111101111111111100000001000010000001
-6777076867829104374,20,meet_semilattice,1111100110111111111101000000000000100000011110011001011101110101100010010011011101001000000100110111111111011111111111111111111111111111111101011001100100110111010010001001001101111111100111111111111101111001101101111111000000000001001000000111100110111111111101011001100101110111000000000000001000000100000000010011011101111001100101111111010000000000001001010100000000000010011101000000000000100001
-7539343430513217365,20,meet_semilattice,1001010000001101100011010100000011011000111101000000110110000001010000000000100011111111001111011010000001000000000000001111011100111101101010010101000111011000111111111011110110101111111111111111111011110101001111011000000101000001110110000001010000001001100000010100000011011000111111111011111110100001010000000001100000000100000000001000111111111011111111101111010100111101101011111111111111111111
-9180684202006144432,20,meet_semilattice,1000011000010101011011010111110101010110111101111111010101101001011000010101011011111111111111111111000001000000010100100000011000000101001000000001000001010010100101111101010101101001011101010101011011010111111101010110000001100001010100101101011111111101011000000000000001010000111101111111011111100000000000000001000011110111111101011110000001100000010101100000000000000101001011110111111101111111
5956695609777538984,20,meet_semilattice,1111000110100111111101100000000000000000001000000000000000000111000110100010011111111111111111111111111101011111111111111111011111111111111101100001100000000001011000001000000000001111000111100111111101100000001000000000111100011111011111111111000111111111111101110001101001110111011000001010001000010110000110100011001101110001101001111111011000011010001001110110000110100010001101100000100000000001
4332057405807967527,20,meet_semilattice,1010110010001110011111111111111111111111001000001000101000111011110010001110011100101100100011100011001001001000111000111011111111001110111110111101100011101111000000001000000000111011110111001110111110111111111111101111101111111101111011110000000010001000001100000000100011000011000000001000001000111011111111111111111110111100100011101111001011001000111001110000000000000000001000000000000000000011
806556397512603312,20,meet_semilattice,1000000001000000000011001100010011000100111011000100110001001111110011011111111110001000010000000000100011000100100001001110111111011111111111101101110111111111111011001100111001100000000001000000000011111101111111111111111011001101111111111000100001001000000010001100010011000100111011000100111001101110110011001111011111101100110011111111100010000100100001001110110001001100011011101100110011100111
-5160199056318986367,20,meet_semilattice,1011110111111111111111111101111111111111001111010101111010100001000100000000001000011101000101101010000101010001011010100011111111111111111000000001000000000000001111011101111111100001110101010110101000111101111111111110000100010001011000100001110101011110101000010001000001000010000100010000011000100011110101011111111000010001000101101010001111010101111011100000000100000000001000111101111111111111
-7504498053284082923,20,meet_semilattice,1111000111011111101101000000000000000001011100011101111110110101000110001000000101111001110111111011111111011101111110111111111111111111111101000001100010000001010000001000000000010101000111011111101111111101111111111111010100011001100100110000000000001000000101010001100111111011010100011001101110110101000110001001001101010001100110011011111111011101111111110101000110001000001100000000000000000001
6497607244661122804,20,meet_semilattice,1010001000011101111011100010000111111110001000000000110011001111111111111111111111101111111111111111111001100101111111100010001000001100110011100011000111111110111001111111111111101110001001011111111011100111011111111110001000000001110011100000000000001000010000000000000011000100101000100001111111100010000000011101111000000000000000001100000000000000000001000010000000001100111011100111111111111111
133248914257085120,20,meet_semilattice,1000111000000010000011001110000000100110111011111101001011101111111111011110111000001100000000000000000001000000000000000000111000000010000011001111100100100110110011101000001001101100111111010010011011111111111111111111110011100001001001101100111111011010011011101111110101101110000011000000001000001111111111011111111111001111110100101110100011100000001001001000111000000010011011111111110111101111
-4016361556381885294,20,meet_semilattice,1001010111101110000111110101111111111111101101011110111000010001010111101110000111111101111111111111000001010000010000001111111111111111111100000001000001000000000001011100011000000000010101000110000000000101111001100000101101011111111101010000010111101110000100000000000001000000000001010000011000001011010111101111010110110101111111111101101101011110111001011011010111111111111100000101111001100001
5036402666888036219,20,meet_semilattice,1110101111010100111001000010010101000100011000110101010001001111101111010100111001101011110101001110111111111101010011100000001001010100010001000011010101000100011000111101010011100000000001000100000011111111111111001110000000000101010000001111111111011100111000000000000001000000111111111111111011101111111111010101111001000011010101001110000000000101010001000100001001010100011011111111111111011111
9197457376053520532,20,meet_semilattice,1110001000001001000001100010000010010000001000000000000000001111011111111111110011111111111111111101111001110010110100000010001000001001000011100011001011010000111001111111111111001110011101111111110011100010001010010000111001110011111100000010000000001000000011100010001011010000111001110010111100000010000000000001000011100111001111111000111001110011111111001110011111111111111111100111111111111101
5907805351785866635,20,meet_semilattice,1111111111111111011101110110011111000111001000000010000000010011000000101000000101111111111111110111001101000010100000010011011000101000000101110111011111000111011101111111110101110011011001101000010100000000001000000001001101100111110001110010000000101000000100110110011011000101011101110111111101110111011101111101011111111111111111111111001101100010100001010011011001101100011100000000000000000001
6375165236710024692,20,meet_semilattice,1101111110111011011101011110000000110110111111111111101101110001111000000011011000001110000000110110000001100000000001100000001000000000011001011111000000110110010111111001101101111101111111111011011101011111001110110111010111110001101101110101111100001011011111011111111111110111000001100000001001100000011000000011011011111111111110111111000000000000000001100000000000000000001001011111000000110111
-5563739603119505141,20,meet_semilattice,1000000000000000000011110101111101011101101101000000010001011001010000000000010111111111111101111111100001000000000000001111011111110101110110110101111101011101101101001110010001011011010001000100010110110100011001000101101101001111010001011111111111111111111110010100000001000101111101011111011111011011010011110101110110110100111101001101100001000000000001001111010111110101111110000100000000000101
8636723542349747707,20,meet_semilattice,1101111100110001111101010010001000011011111111110111011111110001000000000001101101011111001100011011010101110011000110110001001000000001101101010011001000011011110111111011011111111101111101110111111100000000001000011011010100110011000110111111111101111111111111011111001101111111110111110011001111110000000000000001101100000000000000001011010111110011000111110000000000000000001100000000000000000001
6607652840172598540,20,meet_semilattice,1000000100010000100011010111110111111010111101111101111110101001011100010001100011111111111111111011100001010001000110001000001100010000100000000001000100000000100101111001000110001001011111010111101010010111101100011010000000000001000000001001011111011111101010010111100101111010100101111001001110100000000100010001100000000001000100001000111111111111111111111001011110010001101011010111111111111011
-5849573734585694631,20,meet_semilattice,1100001100110001000001000011001100010000111011111011001111011111111110110011110111001111001100010000110001110011000100000000001000100000000000000011001100010000110011111011001111011111111111110011110100000000001000000000000000100011000000001111111110111011110111111111101111111101110001110011001100000000001000110001000011001111001100011000110011110011001111011111111110111011111111001111001100111001
5984617876023365870,20,meet_semilattice,1100000010001000000101000000000000000000111000001000100000011111000010001000010111111111111111010111111101101011110101111111001010011101011111110111101111010111010000001000100000011111011011111101011111110010101111010111111100001001110101110100000000001000000011100000100011010111111111111111111111111110000010001001010111111111111111011111111000001000100001011110000010001001011101000000000010000001
-3842608627825801391,20,meet_semilattice,1011010000001110110111110100000011111111001000000000000000000011010000001100110111111101000111111111001001000000110011011111111100111111111110110101000011111111111111111011111111111111111111111111111111111101001111111111101101000001111111110010000000001000000000100000000011001000001101000000111011011011010000001111111100100000000010001000001000000000110011000010010000001100111100100000000011001101
3019215000367488673,20,meet_semilattice,1111111111110101010001111010100000000000001100100000000000000001001000000000000000111010000000000000011111101011010101000000001000000000000001111111101101010100001110101000000000000111111111110101010001111010101001000100011110101011010001001111111111111101010000111010100001000000111111111111111101000111101010110101010011111111111111011111011110101000000001001111111111111101011011111111111111010101
5656947664875105976,20,meet_semilattice,1000000000000000100011001000100010001000111010001001100010101111101110011110101110001000000010001000111111111001111010111110101010011000101111101011100111101011100010001000100010001111111111011110101111111111111111101011110010001001100010001000000000001000100011101010100111101011111010001001101010111111111110011111101100000000000000001000111111111111111011111100100010011000101011101000100110001011
2771329712076614621,20,meet_semilattice,1000000000001000000011010110111111101111111101101111111111111001010001111110101011011111111111111111100001000001111010101001011001111110111111010111111111111111100101101111111011111000010001011110101010000100001111101010100000000001100010000000000000001000000010000000000111001000100000000001111010001101011011111111111110000000000010001000100101000111111011101000000000011110101010010100011111101111
-569291660813555955,20,meet_semilattice,1000010001010001000011111110110101111100101101101101000100001001010001010001000010111110110100010000000001000000000000001001011001010001000011111111110101111100100101101101000100000000010001000000000011111111111101111100000001000101000000001111111111111111110110111110110101111100101111101101001110000000010001010001000010111110110100011000101111101101001111001111111111110111111111111111111101111101
3930083783416990617,20,meet_semilattice,1111010101111111111001000000000000010000011001000000100100100111010000001001001011111101011111111110010001000000000100001111111111111111111001110101011111111110111111011111111111100111010001011101011001110100011111011110011101000001100100100100010000001001001001110100000111010110011101000111111111100000000000000001000001110100010111011110011101000001100101100100010000000001001011111101011111111111
-3182091114895304313,20,meet_semilattice,1111111111111101111101000000000000000000011000000000000000000111101010011001011101101000100110000100011111101011100111110110001000011000010001111111101110011111011000001001100001000111111111111001111101111010101110011111011000000001100000000100000000001000000001111111111111011111111111111111111111110110100010011001010001101010100110011111011000000001100001000110101010011001011001101010100110010111
-678965464920826312,20,meet_semilattice,1111111111110011101101010110111000000000011101101110000100100001000011100000000001011110111100010011000101001110000000000001011011100000000001111111111100111011000000001000000000000000000011000000000000000000111000000000010101101111000100000111111011111001101111111111111101111011011111101111001110110101011011100001000001111110111100011011111111111111011111110101011011100001001001010110111100010011
8903847517853090,20,meet_semilattice,1100001110000001001001000001100000010010111110111101111111111101001111001111101111011011110111111111110111111111111111110100001110000001001000000001000000000000000000011000000000001100001111000011101111011011111111111111110100111101111111111100001111001011101111000011110011111011110000111000001110100000000110000001001011000011100000011010110100111100111111110000000110000000001011000011100000010011
5270500390381606804,20,meet_semilattice,1000010010010011011011000100100100110110111001011001011101101111110110011111011011101101100111110110000001001001001101101111111110111111111011000101100100110110000000001000000101101111111111111111111011111101101111110110000000001001001101101100010010011011011011000101100101110110000000000000001101100000000000000001011011111101101111111110000000000000000001000000000000000000011011111111101111111111
7301417302168029384,20,meet_semilattice,1101001011010111100001010010000000111000111100101101011110000001001000000011100011111011110111111010111111111111111111100000001000000011000001010011110100111000010100101000001110000101001011010011100011110011111111111110010100101001001110001111001111011111101001010010110101111000000000000000001000000000000000000011000000000010000000111000111100111101111111101111001011010111101011111011110111111011
4318309106055050008,20,meet_semilattice,1000010000110000100011010110001110001000111111101111110111111001011000111000100011011110101111001000000001000011000010001000011000111000100011111111111111011111110101101011110010001101111011111101111100000000001100000000000000000001000000001000010000111000100010010110001111001000111111101111111111111101111010111101100000000000000100001000110101101011110011001101111010111101111011011110101111011111
2361232563883728426,20,meet_semilattice,1000000000000100000011101111111111111011101011011101010000101111111111111111101110001100000001000000100001000000010000001010111111111111101110000101000001000000100011011101010000001000010101010100000010101101111101101010100001010001010000001010110111111110101000000000000001000000101011011101011000101010110111111111101110101101110101101010111111111111111111111000110111010100001010101101111111101011
7123633477798900156,20,meet_semilattice,1010000111100110100011100001111011101100001000000000000000001111111111111111110011101001111111101100111011111111111111001110101111111111110000100001001000101000001000011110011010000010000001100000100000100000001000000000101000011111011011001010000111101110110000100000011001001000001000000010001010001110100111111111110000100000001000001000101000011110011011001110111111111111111011101111111111111111
-1118419714582123359,20,meet_semilattice,1001110111100110110101011111111101101101111111111111011111110001110000000000000000001000000000000000000011000000000000000001111111100110110100011101011001101001000111011110011010010001110001100110100100011100001001100001000111111111011011011111111111111111111100011100000001000000000111000000011000011101111111110111110100011100001001101001000111011110011011011101111111110111111100011100000001000001
-469459600017111338,20,meet_semilattice,1000000000001011100011101011111111111101101010101100101111001111101111111111110110001000010010111000111111111111111111111000101001001011100010001011110010111100100010001100101110000000000001001010100010001011111010111100101010111111111111010000000000001010000010001011111011111101000000000000001000000000000000001011100000000000000010101000100010101100101111001111101111111111111110001011111010111101
3483404904073470062,20,meet_semilattice,1000100010000001100111001000100000111001111111101011111111111101101010010011100100001000000000001000110111101011001111111100101010010011100111011111101111111111000010001000000110001111111011111111111111001010101100111001110010001001001110011101111010111111111111011110101101111111000010001000001110010000000000000001100000000000000000001000110010001001001111011101101010110011101100001000100000011001
-6131269438837068217,20,meet_semilattice,1111111111111111111101000110010010011001011011111111111110110111111111111111101101001111111111111001000001100000100000010000001000000000000001000111110110111001010001101100100110010000011001001000000101000111111111111001000001100101100010010000001000001000000101000111110111111001000001100101101010010000011001001001100100000110010010001001011111111111111111110100011111111111101100000010000000000001
-6656219205821237443,20,meet_semilattice,1000000001000001101111101111110110111011101011111101000110111111111111111111111110001101110100011011100001000100000110111000111111010001101110000101110000011011100001001100000110110000000001000000100010101111111110111011100001000101000110111010111111011001101111101111110111111011101011111101101110110000000000000001100000000000000000001000111011111101111111110000000000000001101000000000010000001001
-6953519722169513311,20,meet_semilattice,1000101100001011000011001011000010110000111010110000111100001111101100001111001000001011000000110000111111111111111111100000001100000011000000000001000000110000111110111010111111101111101111111111111011111011001011110010111110111011111111100000101100001011000011001011000011110000000000000000001100000000000000000001000011111011001011111010111110110010111111101110101100001111001011111011101111111111
8936157079306182401,20,meet_semilattice,1111111111111111111001000000010111000000011110000101111000000101100001011100000001001000010111000000011111110111111000100111101001011110000001111011011111100010011111111111111110100000000001000000000001111010011111100010000000000101000000000000000001011100000000000000010001000000010110000101111000000111111101111111101001111111011111101010011111111111111111100101100001011110001011111111111111111111
2004635251074237304,20,meet_semilattice,1010001000001100100011111110111011011101001000100000000000001011001000001100100010111110110011001100101101101100110011000000001000000000000011111111111111111101101100101000110010001011001001001100100010111110111011001101111111101111110111010000001000001000000000100010000011001000111111101111111111011011111011101101110100100010000010001000101100100100110011001111111111111111111110111110110011001101
-9067969173046320928,20,meet_semilattice,1111111111111111111101001000100000111000011011011100011111000111110111110111111000001000100000111000010011011000011111000111111111110111111001001001100000111000000000001000001110000100110111000111110001101101111001111100011011011111011111000111111111111111111101001001100001111000000000000000001010000000000000000011100000000000000000001000010010011000011111000110110111110111111001111111111101111111
2389303999165256014,20,meet_semilattice,1111111111111101111101011100100101000000011111001001010000000001010010010100000000011100100101000000000001001001010000000111111011010100010001111111110101001110000000001000000000000111110011010100000001111110111101001110000000001001010000000111111011011100111000000000100001000000011111111111111111110111111111111101111101111110110101001100011111001101010001000111111011010100111001111110111111001111
3848688588361787600,20,meet_semilattice,1100000000010011100101000000000100110000111101000001001110011101000000010011100111111111111111111101110101000001001110011100001000010011100111110111001100111001111101001001011110011111011111111111100111110110001100111001000000000001000000001111011100111111100111110100000101111001000000000001001000000000000000010011000000000000000100001000111101111111111111011111011111111111111101000000000100110001
7874815957616604320,20,meet_semilattice,1000011000000000000011000111101110111011111101111111101110111101011111111011101111011111111111111111000001100000000000000000001000000000000010000111100110111010100001101001001010101100011111111011101110000111101110111011100001100001000010101000011010011010101011000111111111111111100001100001001010101000011010011011101010000110000000001000110001111111101111111000011000000000101010000110100110111011
4138366978044436201,20,meet_semilattice,1101101111111011011101011001010000100010111110111111111101110001000000000010001000001000000000100010111111111111111111110101101111000010001000011001010000100010010110011100001000100001000001000010001001011011111100110011010110011101001000100101101111111011011111011011111111110111000000000000001000000101100111010011001111011011111110111111010110011101001101110000000000000010001001011001110100100011
-5805491951411506186,20,meet_semilattice,1010000000000000000011100100110000111100001000000000000000001111111111111111111111101100110100111111101001001100001110001110111011010011111111101111111111111111101000001000000000001010000011000011000011101110111110111111111001001101001111011110110011011011111111101100110111111111101000001000001100000010000000000001000010100000110000111000101001001100001111001110010011010011111111100100110000111101
2146996697521129830,20,meet_semilattice,1101011010110110011101010100100101100111111111111011011001110001000000000100000011011111101101100111000101000000010000100101011010110110011111010111101101100111000101001000010000101111111111111111111101010100101101100111000101000001010000101111111110111110011100000000000001000000000101001001011000101111111110111111011111011111101101101111000101001001011001110001000000000100001000010100100101100011
-991791292206370879,20,meet_semilattice,1000000001100111011111011100011001111111111111000110011111111001010001100111111110001100011001111111100001000110011111111111111111111111111111111101011001111111111111011111011111110000000001100001000000000000001000010000111111010111011111111111110111111111111100000000011001110000000000000110001100000000000000000001000010000000011001111111000000000110011101100000000001100111001000000000011001110111
7821685652324891993,20,meet_semilattice,1111101111101111110101000010001000010100011000100010000101000111001111100111110101101011111001111101111111111111111111110000001000100000000001100011101000111101011000101010001111000110001111100011110100000000001000000000111110111111111111110110101111101111110101100011111001111101010000100010001101000000001000100001010001100010001000111100000000100010000001001111101111101111111101000010001000110101
-3485909760477700736,20,meet_semilattice,1111111111111111111101110110011011011011001000100000000000000011001000000000100001111111011011011111001101100110110010110000001000000000000000110111011011011011011111111110110111110011001001000000100000110010011000001000011111111111111111110011001001001100100000110010010001001000011111111110111111110011011001101101101100100010000000001000011101110110110111110011001001001100101000110010010011001011
-8295752527152835900,20,meet_semilattice,1111011110101111111101000000000000010000011000000000001100100111001110000011111101111111101011111111011101111000001111110110001110000011001001100001000000110010011000011000001100101111011111101111111101110111101011111111111111111111111111110111011110001011111101110111100011111111010000000000001100000000000000000001000001100011100000111010011000111000001111110100000000000011001001100011100000111011
3459374032902449224,20,meet_semilattice,1000010000000010001111111111111110111111101001000010001010111011011000100011101110111111011100111011000001000000001000111010011000100011101110110111001100111011101111111111101111111011011101110011101100000100001000100011101101100011001110111011111101111011111111111111111111111111000000000000001000111010010000100011101110000100001000101011101101110011001111110000000000000000001100000000000000000001
-4556951228918632013,20,meet_semilattice,1011111000111111111101111110001111101111001111000011111011110001100000010000010000001000000000000100000111000011110001000011111000111110111101111111001111111111101111101111111111110011110001111110111100011000001100000100000010000001000001000001100000111100010000011000001101000100000110000011011001000011111000111111111100011100001111101111000000000000000001000001100000111110011000011000001111100111
-6555800209852030601,20,meet_semilattice,1110001111000111101001100011110001011000001000000100010000001111001111000111101011111011111011111111111101111110011110100010001001000101100000100011110001011000001000101100010110000000000001000100000011110011111001111010111111111111111111111111001111101111101000000000000001000000011000111100011110000010000001000101100000100000010001001000111100111110111111110110001111000111101011110011111011111011
8631423656690548959,20,meet_semilattice,1100001000000010100001000010000000000000111110100100111010001101101001001110100011001010000000101000111111100110111110000000001000000000000011111111011011111100111111111110111111001100101001001110100011001010011011101000111111111111111111001100101000001010100011001010000011101000010000100000001000001100101001101111100001000010000000101000111111100110111111001111111111111111111011111111111111111101
5373145292930225491,20,meet_semilattice,1100000000001000011001000000000000000000111000000000110101101111001001001101011111111111111111111111111101111111111111111110001001001101011111110011010011011111111100111100110111111110000001001101011111110011111011011111111100111111110111110100000000001000000001000000000011000110111100111111111111111100000000001101011011100010010011011111010000000000100001000100000000001000011011100000000011010111
-895760681234740001,20,meet_semilattice,1000000000000000000011111111111011110111101000001000100000001011111011101010000010101010110010000000101011101100101000001010001011001000000010111111111010100000100000001000100000001010000011001000000010101110111010100000111111111111111101111000000000001000000010111111111011110101101010101100101000001011111111101011000011111111111111111111101111111110101101001011111111101011011110111111111010110101
7982241688256812579,20,meet_semilattice,1100011001000101011101000110010001010111111101111111111101111101011111111101011111111111111111111111000001000000010001000000011001000101011111000111110101010111010001101101010101110000010001000101011101000110011101010111010001100101010101111100011111111101011100000000000001000100110101111111111101110000010000000101010011110111111111111111000000000000000001000000000000000000011000000100000001010111
4786578585611616343,20,meet_semilattice,1001110001111100111111111101111111111111101111000111110011110001000001001100111100011000010011001111000111000111110011111111111111111111111110111101011111101111101111011111111011110000000001001100111100011000011011001111000110000111110011110000000000001100011100000000000001000001101111000111111011111011110111111111111100000000000011001111000000000000010001010000000000000100011100000000000000000001
712997662761291903,20,meet_semilattice,1100001010110000100001000010000100001000111000101011100010001111001111111011111111111111111110111111111101111111101111110000001000010000100011100011111110011010000000101011000010001110001011111001101000000010001100001000000000000001000000001100001010111000100011111111111111111111111000111111101111111110001010111001101000000000000100001000111000111111100111101100001010111000101011100010111110011011
3461508107091287136,20,meet_semilattice,1010000011101001101111100011111010011111001000000000000000001111111111101011111111101111111010111111111001111110101111111010001111101001101110100001111010011011001000001110100110110010000001101001101100100000001000001000111111111111101111110010000000001000101011111111111111111111111000111110101111110010000000101001101100100000000000001000101000011110100111110010000000000000101000100000001010001011
8625144748538286932,20,meet_semilattice,1010001001000011000011100010010000110000001000100100001100001111111011111011111011101110111110111110111001101111101110100000001000000010000011111111111111111111111000101100001100000000001001000011000011100010111010111000111000101111101110101110001011001011100011111110111111111110000000000000001000000000001000000011000011100010110000111000111000101100101111101110001011001011101011111110111110111111
-4314227853525009034,20,meet_semilattice,1111111111111111101101011101111001101000011111111111011010000001100000100010100000001000001000100000000111011110011010000001111111100110100000011001111001101000000110001110011010000001100001100110100000000000001000000000000111111111011010000111111111111111100100011000001001101000000000000010001000000111111111110111100000000000001000101000111111111111111111110111111111111111101101111111111101111001
-856988225129434612,20,meet_semilattice,1111111111111111110101010001101111010100011111111011111111010001000110111001010001011101101111111101010101011011111101010101111110111111110100000001001110010100000000001011100101000101111111111111110100000000001010000000000000000011100000000000000000001000000000010001101111010100010100011011111101000000000000111001000001010101101111111101000000000011100101001111111111111111111101010001101111110101
-642652481764040332,20,meet_semilattice,1011000001100001010111110001111011110111001100000010000101000001000000000001010011111111111111110111111101111111111101111011001111101111011110110001111011110111101100001110110101010011000001100001010000010000001000010100111100011111111101111011000001101001010110110000011011010101101100001110111101010000000000000001000011110111111111111111000000000000000101001011000011101111011100110000011000010101
-4563148028464222489,20,meet_semilattice,1100000010001100011101000000100011000111111011011111110111111101110110111101111111001000100011000111110011011001110111111101111110111101111111000001100011000111000000001000110001111100110111111101111111001101101111011111110010011001110111110000000000001100011100000000000001000011110111011111111111111100000110001101011111001001100011011111000000000000010001110000000000000000001000000000000000000011
4647302898458784917,20,meet_semilattice,1101101110001010001001001010000010100010111111111011111111100001101000000010001000001000000000000000110111111000101000100000101000000000001000011011000000100010010110111000101000101101111111111111111011011111101110111110110111111001101010100000101000001000001011011111101111111110000010100000001000101101111110001011111011011111100010101010110111111000101011100000100000000000001011011111101110111111
1623066732622062744,20,meet_semilattice,1001011011011011010111011111111111111111111111111111111111110001010000001000010010011110111110111101000001000000000000000001011011011010010110011111111110111111000101001001100001010001010011011000010110010110111110111101000101000001100001010000010000001000000010011111111111111111000101001101101001010001011011011011010110010110110110111101000001000000100001001001111011111011111100010100000010000101
-2772399512921997077,20,meet_semilattice,1110111111110111111101101011011101011011001000000000000000001111111111110111111100101011011100011011011011110111011111110010001000100000100000100011001000011000011010111111011111110010001101100001100000100000001000001000001000110111000110001111111111111111111100101011011101011011011010110111011111110010001000100001100000100000000000001000011010110111010111110010001100100001101000100011001000011001
-1121497680869350814,20,meet_semilattice,1110111100001100011001001101000010000100011011010000100001001111111111111111111100001101000010000100000001000000100001000110111100001000011000000101000010000100111011111000110001101110111111001100011011101111111111001110111011111101110011100000000000001000010001101111000011000110111011111111111011111110111111111101111111101111100011001110000000000000000001000100110100001000011011101111111111001111
7054010734052087425,20,meet_semilattice,1110101110100110001101001001001001000011011010110010010000111111111111110110101100001000001000000000111011111010011000110100101100100100001100001001001001000011011010111010010000111110101111100110001100000000001000000000111011111111011010111110111111111111101100001000001001000011011010111010011000111110111111110111101111101111101001101011111111111111011111110000100000100000001100001000001000000001
2137943184491378198,20,meet_semilattice,1111111111111111111101001101001001000011011011010010010000110111111101110111101100001101000000000011000001000000000000100110111100100100001100000101000000000010011111111111111111110110111101110100101100001101001000000011011011110011010010110111111101111111111100001101001001000011011011110111011110110110111101110101101101101111001001001011011111110111011111110000000000000000001000000100000000000011
193725885759845715,20,meet_semilattice,1111011111111011111101010011011110111010011101110111101110100001001000111010101011111111111111111111010101110111101110100000001000100000101000010011011110111010011101111111101111110001001001111011101000000000001000001010000000100011101010100000001000101000101011110111111111111111000000100010101010100001001000111011101000000000000000001010011101110111101111110000000000000000001001110111011110111011
4899636034057240682,20,meet_semilattice,1010001000010110111011100010010101111110001000000000001010101111111111011111111111101110010111111111111001100101011111100010001000000110101011101111010111111111111011101101111111111010001001010110111011101110111111111111001000100001011010101110001001011111111000000000000001101010000000000000001000001010001000010111111000000000000000101000001000100001011011100000000000000010101011100110010111111111
8686239289919244700,20,meet_semilattice,1111010110011101110001110101100110011100001000000000000000000011000110010001100011111101100111011100001101011001100110001111111110011101111000100001100000010000001000001000000000001111111111111111111011111101101111011100001000011001000100000011000110011001100001110101100111011100111111011001111111100010000010000001000000100000100000011000001101011001100111001111110110011101111011111111111111111111
-1059463240392112843,20,meet_semilattice,1000000010000000000011101100101000010011101000001000000000001111111111110111101110101100100000010010101001001000000000001110111111100101101111101101101000010011000000001000000000001110110111100001001110101100101000010010111011111111011110111111111111111111101111101101111001011011111011111110011110111010010010000001000011101101111000011011111111111111011111111010010010000001001010101100101000010011
-4862762170639316167,20,meet_semilattice,1100010001000011001101000000010000010000111001010100001100111111111111101011011111101111011000110111010001000100001100111110011101100011011101000101010000110011111011111110001101110000000001000001000011100101011000110111111111111111101111111110111111101011011111101111111011110111000000000000001100000000000000000001000011111111111010111111111001010100001101110100000001000001001101000000010000010001
1912583558533575662,20,meet_semilattice,1011001010101111110011111111111111111111001100000010101000000001000000001010000010111010101011111101101111101010111111010011001010101010100010111111101111111111001100001010101010001011111111111111111100010000001010100000101111101011111111010000000000001000000000110000101011101000000000000000101000000011001010101111110000110000001010101000001100101010111011001011111010111111111110110010101011111101
5953666801932526466,20,meet_semilattice,1011101010010110100011111011111111111111001100101000010010000001000010000100100000111010100001001000101111111111011111110001001010000100100010111011100101101000000000001000000000001011101111010110100010111011111101111110001110101001011010001011101111111111111100000000100001000000001110101000011010001011101111010111100000000000100001001000101110111101011111101011101111010111101010111011111101111111
940791572173458198,20,meet_semilattice,1100000010000100000001000000100000000000111000001000010000001111100011001101011011101000110011010110111111011100111101101111111111001111011011111001110011010110000000001000000000001110000011001101011011111111111011110111111111111111111111111110000010001100010001000000100001000000111110011100111101101110000010000101000011111111111011111111111000001000010001001110000010000101011011111111110011110111
7896187496253870064,20,meet_semilattice,1000000000000000000011011001100011100111111110011001111001111001000000000000010010011000100000000101111111111111111111111101101111011111011110011001100000000101100000001000000001011001100111001110011111011011111111110111110110011001111001111001100110001000011110011001100011100111100110011000101001111101100110011111011111011011111111111111100000000000000001001001100110000000011110000000000000000101
4392567638495814570,20,meet_semilattice,1111111111111111011101111001011111010111001110010110110101110001100101101001011000001001011010000110011111111111111101110111101111111111011100000001011010000110011110011111111101110000000001101000010000000000001000000100001110010111110101110000000000101000010000011001011011010110011110010111111101110000100101101001011011111111111111111111000000000000000001000000000000101000011000011001011011010111
3367539086487703931,20,meet_semilattice,1111000000011101110101100000000010010001001000000000000000010111000000011101110111111011010111011111111111111111110111111111001101011101111111110001010111011101111110111101110111110111000001011101110111111011111111011111011000000001110111010010000000001000000101100000000011011101111111111111111111110000000000000001000101100000000010011101000000000000000101011111000101011101111100000000000000000001
-1146506404222801928,20,meet_semilattice,1000010000000000000011010100010010000000111111101101100101010001010000000000000011011110010110010101000001000000000000001101011001001001000111111111111110110101110111101101100101010001010001000000000011111110111110010101110101100101100101011001010000001000000011111111111111110111111111101111101101011101010001001001000011111111111111111111110101100100100101011111111111111011011111010100010010010001
-4672803924967921510,20,meet_semilattice,1001010000000000000011111111011011110101101101000000011000010001010000000000000010111101010001100001000001000000000000001011111101100110000110110101010001100001101111011110011000011011010001000110000110111101011001100001111111110111111101011011110101101110000110010100000001000001100101000000011000011011111101101111010111111111111111111111101111110110111001011111111111111111011110010100000000000001
3592260243363170733,20,meet_semilattice,1001001001100000001111010010011000000011111111111111111111110001001001000000001111011010011000000011110111100111111101110000001001000000000111011111011111111111110111101111111111110000000001000000000100010010011000000011110110100111101001111101101001101010001111011010011111110111110110100110001000111101101001111011011111011110011111111111110110100110101001110000001001000000001100000000000000000001
-8193310273282642880,20,meet_semilattice,1000111011011011111011001110110110111110111111111101111111111101111011011011111000001100010100100100000001000001001001000000111001010010010011011111110111111110000011001101101001000000010001010010010011011111111111111110000000000001000000000000110001011010010011011110110111111110000000000001001001000000111011011011010000001110110110111110000000000001000001000000111011011011011011011111110111111111
-5770131109203286429,20,meet_semilattice,1010101101000111101111101111111111111111001000000100010110111111111111111111111100101010010001111011101011110100011110110000001001000101101100101011010001111011101011111101111111110000000001000100101010101111111111111111101011110101111111111010111101001111101100000000000001001000001000100100011110110000000001000101101100000000000000001000101011110100111111110000000000000100101000000000010001001011
-22481630921393202,20,meet_semilattice,1110000110111101100001100001101111011000001000000000000000001111000110111101100011111001101111011001111101111111110110011111001111111101100100100001000001000000001000011001110110001111000111111101100100100001101111011000001000010001010000000010000100011101000000100000000001000000111101111111111111110010000100010101000000100001000101011000111101111111110111011111011111111101111111110001101111011001
-1530468814500323019,20,meet_semilattice,1111111101101110011101100001010010100100001000000100101001000111111101101010011001101001010010100100011011010100101001000110111101001010010000000001010010000100111111111110111111110000000001001000010001101111011010100110111111111111111111110000000000001000010001111111011011100110000000000100101001001111111101101111111111111111011011101111000000000000000001000110111101001010011001111111011010100111
-1402946884633471689,20,meet_semilattice,1110111111111011110101101101111110111101001010011011100111011111111111111111111100001001000000000100001011011011100111010110111111111011110100000001000000000000000000011000000001000010100111111001110100001001101000001101000010011011000111010000100110111001110111101111111111111111001011011111101111010000100110000001110000001001100000001100000000010000000001000110111111111011111100001001100000001101
-4377673953282509445,20,meet_semilattice,1011111011111011111111111110111110111111001111101001100111110001111010011001111000001100100000011000000001001000000110000000111010001001100011111111111111111111000000001000000000000011111011111001111100111110101110011111000011101001100111100000110010001001100011111110111111111111001111101111101111110000000010000001000000000000100000011000000011001000100111100000110010000001101000011110100110011111
-5985643891162910250,20,meet_semilattice,1111111111111011011001101011101110010100001010011011000101000111111111111011011000001001101100010000011011111011101101100010101110111001010000000001001100010000000000001011000100000110101111111011011000000000001100010000000000000001000000000000100110111001010001101111101111110110011010111011101101100000000000010001000001111111111111111111000010011011000101000000100110111001011001111111111111110111
-7988075250810782850,20,meet_semilattice,1000011001000011000011010110111100111110111101101111101111101001011001000011101011111110111111111111000001100100000100000000001000000001000011111111111111111111100101101101001111100000001001000001000010010110111100111110100101100101001110101001011011011011111011110110111111111111000001100100001100000000000000000001000010000110010000111000100101100101001111101000011001000011101011110110111110111111
7987335674774492250,20,meet_semilattice,1111001111001010111001110011110010101100001100111100101011000001001010001000010011111011111010101110111111111111101011100000001000000000000000010011110010000100000000101000000000000001001011001000010011110011111010101110011100111101101011100000001010001000010011111111111111111111000100111100101011001111111111111011111100010010110010001100000000100000000001000111001111001010111011111111111110101111
-2113329930971900005,20,meet_semilattice,1110111111110111011101000001000000000010011011111111011101111111111111110111111101001111101101110111010001010000001001110100011100000011011100000001000000000000010001111000011101110100111111110111011101000111101001110111010001111011011101111111111111111111111101000101000001100111000000010000001000000100010100000011011111101111111101111111010000010000001001100000000100000000001001000001000000100111
5358291852791290223,20,meet_semilattice,1000000001010000000011101101011100111011101000000101000010001111110101110111111110101101011100011011101001000101000110111111111111111111111110100101011100011011111111011111111111110000000001000000000010100100011100011011000000000101000000001111110101111111111111101101011101111111101011010111001110111010000001010001101010000000010100001000111011010111001111111010000001010000101010100000010100011011
6541566432660650589,20,meet_semilattice,1000110000101000001111101101011110111011101011010111101110111111110101111011101100001000000010000000000011000000100000111111111111111011101110001101011110101011111011011111101110111000110001111000001100001100001010000011100011000011100000110000000000001000000011111111111111111111100011000111101010111000110101111011101110001100011110001011111011011111101111110000100000001000001000001000000010000011
8752369703516294683,20,meet_semilattice,1111111111111111011101001000000010000011011010111100100101110111101111101111011100001000000010000000011111111110111101110100101000001000001101001011110010010011010010101000100100110100101011001001001101101011111011110111011111111111111101110000000000001000000001101011110011010111011010111100111101110100101000001001001111111111111111111111010010100000100101110000100000001000001100001000000010000001
-3442065704310502827,20,meet_semilattice,1010000000101010000011110110111010111001001000000000101000001011010011101011100111111110111010111001101001000010101000001010011011101011100111111111111010111001101001001110101100010010000001101010000000100000001010100000111111101111111111010000000000001010000011111110111011111001000000000000001000001010010001101011000110100100111010111001111111101110101111011111111111101011111110100100011010100001
1571526236487332765,20,meet_semilattice,1111111010001111000101011010100000110001011110101000001100010001000010000010000000011000100000110001011111101000001100010001001010000010000111111111100011110101000000001000001000001111111111011111010111111111111111110111111111101001111101010111111010001111000101111110100001110001000000000000001000000001000010000011000111111110100011111101111111101000111101011111111111011111011100010000100000100001
4426934080726753393,20,meet_semilattice,1011110110111110110111111111101111101101001111001000011011000001110010000110110000001000000000000000000011000000000000001011111110111110110100111101101011101101000011001000011010001011111111111110111100111100101011101100001111011011111011010001110010001110110000001100000001100000000011000000001000001111111111111111111100001100000001101000000011000000011001001011111110111110111100111100101011101101
8570411858375213354,20,meet_semilattice,1000000000000001001011111110110100111110101000101100000110101001101011000001101010001010110000011010101111101101001111101000001011000001001011111111110100111110100000001000000100101000000011000001001011111111111100111110101110101101000110101111111011011011111011111111111111111111100110101100001110100000000000000001000010000010110000011010101110101101001111100000000000000001001011111111111110111111
-3655527455690831529,20,meet_semilattice,1000001110110101011111111111101111111111101001111011010101111011111110111111011110101111101111110111100001111011010101110000001000010000000000000001000100000000000000111011010001111011111111111111011100000011001100000000000000000001000000001010011110111111011100000011001101000001101001111011011101110000001110110101011110111111101111111111000000110011010001010000001100110100011100000011001100000001
-3497861466119357602,20,meet_semilattice,1110110011101111011101101100101011110111001001000010111000000111110011101111011100101100001011100100000001000000101000001111111111111111111111111101111011111111001011001010111101110110110011101111011100000100001010100000011111001111111101110000000000001010000000000100001011100000000000000000001000000010110000101111010101111100111011111111001001000010111001000010110000101111011100101100001011100101
8731240937443671097,20,meet_semilattice,1111101111111101111101111010011110011101001100000001100100010001000000000000000000111010010110010101111111111111110111110001001000011001000101111011011110011111011110111111110111110001001001011001000100111010011110011101000100000001000000000001000000011001000101111010011111011111111111111111111111110001000000010001000100111010010110011101001100100101100101010111101001111001111100010000000000000001
8459667378329739771,20,meet_semilattice,1000110011000100000011001101111101000000111111111111011111111101111111110101100000001100000000000000000001000000000000001100111111110100100010001101110001000000000011001100010000000000110001000100000010001101111101000000100011011101010000001111111111111111111100001100000001000000110111111111011111111100111111110101100011001101111101001000110111111111010111111101111111110101101111011111111101011001
-8147635811840401699,20,meet_semilattice,1111101111101011111101111011111000111101001100101100001111000001001001000011110000111011111000111100111111111111111111110000001000000001000000110011111000111100000000101100001101000000001001000011000000110010111000111100111110111111111111110111101111101011111101111011111001111101000000000000001100000000000000000001000000000010010000111100000000100100001101000111101111100011111100111011111000111101
-6013572994233809139,20,meet_semilattice,1000000000100000000011011110011001111111111111100110011111111001000000100001010010011110001001111111100101000010001101001001011000100111111011111111011011111111111111101110011111111001010001100111111000000000001000000000111111110111111111111111111001101111111110010100001001110100100100000010001101001000000000100001000010010100001001111110100000000010000101001001010000100111011010010110001001111111
7269858184265658967,20,meet_semilattice,1000100000010000000011001011110100000010111111111111011010111101101111010100101000001000000000000000110111111101010010101000101110010000001010001001000100000000100010011001000000001000101111010000001011011111111101001010000010000001000000001111111111111110111111001011110101001010110111111111011010111111111111110111101111001011110100001010111111111111011011111000100110010000001011011111111101001011
8799801764089160822,20,meet_semilattice,1010001001010100010111101111110101010111001000000000010000011111111111011101011110101010010101000101101011100101010101110010001001010100010110101111110101010111101011101101010101110000000001000100000111111111111111110111001000000101010001011110111111011101011100000000000001000001111011111101011101111010101001010101010111111111111111111111001000000100010001011010101001010101011100000000000000000001
-2598933939677386930,20,meet_semilattice,1101001000001000010001010010000010000100111100110011101011110001001000000000010011111011101110101111111111111011111011110000001000000000000011010011000010100101111100111011101011111111101111111110111111010010001010100101110100110011101001010001001000001000010011111011101111101111110100100000101001001111101111111111111111010011001110101101000000100000000001001101001100111010111111010010000010100101
-2760039040523890303,20,meet_semilattice,1000001110010100010111000011101101000101111111111111111111111101111111111111111111001111111101110111110001111011010001010000001000000100010100000011100101000101000000101001010001011100011111110100010110000011101101000101000000100001010001011100111111111111011100000000000001000001110001111111011001011100011111110111011111000111111101111111000000000000000001011100011111110110011100000000000000000001
2414390599586358308,20,meet_semilattice,1100111101101111011101000000001001000000111111110110111111111101111101101111011101001000011001100000010001000110011000000100111101101110001101001101011001100010111111111111111111110000000001100000000000000000001000000000111111110111111111110100110101101110001100000000001001000000010000000110011000000100111101101111001101001111011011111011010011110110111101110100100001100110001001001101011001100011
7025330246186766662,20,meet_semilattice,1000000000000000000011101110100001110001101000101000000000001111111010001111001110101010100001000000100001101000000000001000001000000000000011111111100011110011100000101000000000001111111111111111011111111111101111110111111111111001111100111010111010001111001110100010100001000000101011101000011100011010111010000101000011111111101111111111111111111001111101111010111010000101001010101110100001010001
4497709775997735951,20,meet_semilattice,1111111111111101111101100000000000000000001000000000000000000111101101111100001101101011011111000011011111111111110110110010001101000000000000100001010000000000011110111111110110110010000001000000000001100011011110000000011000010101100000000110000000001000000001100011011111000000111111111111111111110111101101111101001101111011011111011011011010110111110001110110001101111100001101100011011111000001
5092179894910077618,20,meet_semilattice,1111111111111110111101101001111111101011001010010111011010110111110111111110101100001001011101000010011011011111111010110111111111111110111100000001010000000010001010011111011010110000000001000000001000000000011001000010000000010111010000100010100101111110101100000000000001000010000010010111011010101111111111111111111100001001011101001010000010010111011011100000000000000000001000001001011101101011
1843440930704046165,20,meet_semilattice,1000000000001000000011111111000111111111101110100001111111101001101000011101110010001010000010000000101111100001111111110000001000001000000010111111000111111111111111111001111111111111111111011111111111111111111111111111100010100001110111000000000000001000000010001010000011000000100110100001111111001000101000001101110010001010000010001000100010100000110011001001101000011111111010111010000111111111
6959138885051844296,20,meet_semilattice,1010000100000110001011111001011111101010001000000000011000101011100100101110101010101001000011101010111111011111111011101111111111111111111100100001000001100010101110011111111010101011100101111110101010100001001001100010101000010001111000101010000100001110001000000000000001000000000000000000011000101111110111111111111110100001000011101010111110011111111011100000000000000100001011111101111111101111
-5216746463045521909,20,meet_semilattice,1111001111111111111101100010001110111111001000100011000110010011001111111111111111111011111111111111111111111111111111110000001000000000000000100011001110111111001000111111111111110010001101111111111100000010001100011001000000100001000010010010001000111001110100100011001111111111001000100011101111110000001000010001100100000010000000001000001000100011000111010010001000111001111100000010000000001001
3827207401897290778,20,meet_semilattice,1100011101110000110001000111011100001100111001110111000011011111111101110101111111101111011101001111000001100111000011000000001000100000000000000111011100001100111111111111010111110000001001110000010000000000001000000000000000100011000001001111111111111111111111100111011101001111111111111111011111111110111101110101111100000010011100001100000000100010000001001110011101110000111111000111011100001101
3369325800734011727,20,meet_semilattice,1000001010000001100011101011111111111111101010101101000111111111111111111111111110001010100000011000101011111111111111110000001000000000000010101011111111111111000000101000000110001000101011000001100110101010111101011111000000100001000100001010101011111101111110101010110101011111101010101111111111110000001000000001000000000010000000011000100010101101000111011000101011010001111110001010100000011001
63246298186188054,20,meet_semilattice,1101011111011111110101010111110111110001111101111101111111110001000001010010000011111111111111111111000101111101111100010001001001010010000000010011010100100000000100111101111100010000000001010010000011110111111111111111000000000001001000000001001101011010000000010011010111100000000000000000001000000001001101011111000001010111110111111101010101111101111101011101011111011111111100010011010111110001
-5448566246210915375,20,meet_semilattice,1111111111111111111101010001000001011100011101111011110111110001000000000101110001111111101111011111010101111011110111110101001110111101111100010001000001011100010100011000010111000111111111111111111101010001101011011110010100011011110111110101000110001101110000000000000001011000011111111011111111110000000000000001000000000000000000011000000000000000000111000101000110001101111001010001101011011111
4937180353113359462,20,meet_semilattice,1110010011110111000101100000110001110000001000001000011000001111111011111111111111101100111101110001011001001101011100001110111011111111001111111111111111111111000000001000000000000000000011000110000001100000111101110000011000001101011100001110110011111111000100000000100001100000000000001000001000000010000011000111000011101110111111111011111011001111111101111110110011111111001101100100110101110001
-338702466505239370,20,meet_semilattice,1111111111011111111101000000000000000000011101101100111011100101000000000000000001111111110111111111010101101100101000100101001010001000001001110111110011101110010100001000100000100101001011001000001011111111111111111111011101101101111011100101000000001000001001010110110011101110010100101100101000100111011111011111111101010110110010101110010101101100101001100101000000000000001001110110110111101111
1696148150355926366,20,meet_semilattice,1011100101001101110111111001110011011111001010000000000000000011100000000000000000001000000000000000111111111110110111111111101111101101111100111001010001011100101110011100110111110011100001000100110011111001111011011111111110111111110111110011100101001101110100111000000001001100111110111110111111110011100001000101110000111000000000001000001110000000000001000011100101001101111100111001010001011101
6240309959921198678,20,meet_semilattice,1000000000000000000011000000000000000000111000111001011000001111001110110111000111111111111111111111111101111011011100011100001110010100000011000001100001000000110000001000000000001111011111110111000111100011101101110001110000011001010000001111001110111111000111000000100001000000110000111001011000001110001110010111000011110111111111111101111101111111011101011111011111111111111111100011100101110001
2514551487777957504,20,meet_semilattice,1000000000000100100011111111011101111101101011000101010110001011110001010101110100001000010001001000100011000101010110001011111101110101110110111101010101011101111111111111111111110000000001000100100010111101011101011101000000000101010110001011111101111101110100000000000001001000101111110111011111010000000001000101100000000000000000001000101011000101010111011111111101111111111110101100010101011001
8598934502640262197,20,meet_semilattice,1001000010010000101011111111111111111111101111111011101111110001000000000000000010011110100100111110100101101001001111101001001010010000101010010111100110111110000100001000000010101011111111111111111110011110101110111110000100000001000010101001011010011011111010111111101111111111100100101001001010101001001010010011111000010000000000001000100100101001001011100001000000000000101010011111101110111111
3651957140318983383,20,meet_semilattice,1100001110001001001001000000000000000000111001111111111111101111011111111111111011101111111111111110110001111111111111100100001010000000000001000011100000010010010000001000000000001100001111001001001011000011111111111110110000111101110100100100001110001001001011000011110011010010110000111101111111100100001010000001001011000011110111011010110000111101110111100100001010000000001011000011110111011111
3699056350393867657,20,meet_semilattice,1111110011101101111101000000000000001000011110000110110111110101100001101001111101001000001000011100010111000110110111111111111011101111111111111111111111111111010111001110110111110100100001101001111101000000001000011100111111101111111111110100100000101001110101011000011011011111111111001110111111110100000000000001110000000000000000001000000000000000000011000100100000101001111101000000000000011101
2382923813885529883,20,meet_semilattice,1101000010001100100001000000100001000000111111101111111111110101000010000100000011011110100111011101110101101001110010001101001010011100100011011111111111011111000000001000010000001101111011111101111111010110101111011111110100001001110010000101000010001100000000000000000001000000110111101111111111111101011010011101110101010000100011001000110101101001110011011101011010011101111111010110100111001001
-1223590057168016154,20,meet_semilattice,1101101010010110010001001010100001000100111110101001111001000101101010010110010000001000000000000000111111111101111011000000101010000000010011111011110111100100000010001000000001001111101011011110010011111111111111111111010010101001010001001101101010011110010000001010100001000100010010101001011001001111101010011111010011111011110111101100000010000000000001001111111111011110111011111111110111101111
1104893782007372227,20,meet_semilattice,1110000000000001000001000000000000010000011000000000000100001111101111111111011011101000000000010000111111111111111111101110101000000001000011101011100010010000111010101000000100001110101111101111011011101011101010110110111010111111111101101110101010001001000011101011101011110110111010111000101100100000000000000001000011111011111111111110111010111000101101101110101110001001001011101011111011110111
2334106718097814011,20,meet_semilattice,1110101101001000011001000011010000000000011000110100100000101111111111111111111101001011010010000110111011111101111011100000001101000000000000000001000000000000111010111101101001100000000101000000000011101111111111111111111010110101100001100100001101001000001011101011010111100110111010110101101001101110101111011111111011101011110111101110010000110100100001100100001101000000001011101111110111101111
2996308637522221453,20,meet_semilattice,1011010111011011110111110101111111111111001001010000000011000001010100000010110011111111111111111111000001000000000011001111011111111111111100000101000000001100001101011100001011010000010001000000110010110101111110111101001101011101001011010011010111001010110100110101110001101101000001010000001011000011010111011011110100000000000000001100000000000000000001001011010111111011111100110101000000101101
4612418748685997814,20,meet_semilattice,1001100111110011111111011001111110111111111110011111101111110001000000000000000000011001100100101000111111111111101111111111101111111011111100010001100000001000000100001000000000000001100111110010111000011001101100101010000100011001000010001001100111111011111111111111111111111111000100011001001010000001100111110011111100010000000000001000000110011011001011100001100110010010101000011001111100101111
-7692803773535597959,20,meet_semilattice,1111011101111111111101110110011111111111001101100111111111110001010001110111010011111111011111111111000001000101000001000001011001111111111100110111011111111111111111111111111111110000000001010000000000000100011101000100000000000001000000000001010001111111011100000100010101000100000001000101011001000000010001010111010000010100011101111100000000000101000001000001010001110111011000010100011101110111
-2325315449301969242,20,meet_semilattice,1100110000100001010001000000000000010000111011000010000101001111111001111111011101001100000000010100000001000000000100001110111000100001010011111111111111111111111111101111111101111110111001111001011001001100001000010100111011100011100101101110111000101001010011101110011111110111111011100111101101110000000000000001000011111110111111111111000001000000000101001110111000101001011011101110011110010111
8632138919000640109,20,meet_semilattice,1111111111111111011101000000100000000110011111111111111101110101000111111001011101011101111111110111010101011111111101110101011111111111011101000001100110000111000000001000000001100100000011011000011101000001111110000111010000001001100001100100000010001000011001010001111111110111010100011111101101110100000111111001011111111111111111111111000000000000000001100000000000000000001001000000100110000111
-1069033449104788973,20,meet_semilattice,1101110001101011101101001100000000000001111111100110111111110101110000001011001100001000000000000000000011000000000000010101111001101111111111111111011011111111111111111111111111110101110001101011001101011100001010110011111111110111111111110100110000001010001101011100011011111011010011000000001000110100110000000001001101011100011010111011010111000110111111110100110000000000001100001000000000000001
-8882396500647506492,20,meet_semilattice,1101111010110001011001011110101100000110111111111111111111110001100000100000010000001000001000000000000111101011000001000001101000100000010011011111101101110110000110101010000001001101111111110111011000000000001000000000000110101011000001001101111111111111011011011110101101010110110111101011001101100101111010110001011011011111111101111111000010000010000001000001111010110000011011011111111101110111
6749928853356499610,20,meet_semilattice,1000101011011010010111011111111111111111111111111111111111111001101111111110011100001010100000000100100111111111111001110000001000000000000000001011110111100101000000101000000000000000101011011010010110001010111110100111000010101001100001000000101010001000010000001010110111100101000010101001101001001001111111111111111110011111111111101111000000101000000001001000101011011010011100001010100110100101
8263534944368635608,20,meet_semilattice,1000010001101010111111100100011010111111101001000110101111111111111101111011111111101100011110111111000001000010101010101110111001111011111111101111011110111111111011111111101111110000010001101010111000000000001010101010111001000111101111110000000000001000000011111111011111111111000000000000101000001000010001101011111100000000000010101010000001000010101011100000000000001010001000000100011010101111
-9158925915667393130,20,meet_semilattice,1111111011111001111101000100000000000000011001000100000101000111010001001001011001111100010010010110000001000000000000000111111011011001111111111111111111011111011001001100100101100100010001000000000001111100111110011110011111001101100111100110010001001001010001111110110111011111111111111111111111110100010001000001010001111100110010011110010001000100000001000110010001001001011001111100110110011111
4382996628413588150,20,meet_semilattice,1100110111100111101101001101111001111001111011111110011111111111111111111111111100001101110001111000000001010100011110000100111111100111101100000001000000000000000001011100011110000000000101000000100000001101111001111001111011111111111111111110111111101111111100000001010001111000000000010100001010000000000101000011100000000001000000001000010011111110011111110100110111100111101100001101110001111001
-4363831885202593980,20,meet_semilattice,1001111111110111111111111111111111111111101111111111111111110001111111110111111100001001000000000101000011010000000011110000111111110111111100000001000000000101000011011111011111110000110101110111111100001101001001111111000011010011011111111001111111111111111100001101000001001111000011010000011111110000110100000101111100001001000000001101000000000000000001000000100100000000011100000000000000000101
-4204490650889563188,20,meet_semilattice,1010000000011000100111100000001110001001001000000000000000011111111111111111111111101100111110001011111001001111100010011110111011111011111111101111111110111111111000001111100010011110000001111000100110100000001110001001001000000001000000010010000000011000100111101111111111111111111011001111101010111110110011111011101100000000000000001001111011001111101111111110010011111000101100000000000000000001
6814732601053210831,20,meet_semilattice,1000000000000000000011111001011110110100101000000101100100001011000001011001000010111001010110010100101111010111101101001111111111111011011010110001010110010000111111011111101101101000000001000001000010111001011110110100100000000101000100001000000001011001000011111101111111110111101110010101101101001000000000000001000011111111111110111111101100010101100101001111110101111011011011111101111110110111
3132455412620983194,20,meet_semilattice,1011111111100111011111111111111101110111001111111010011101110001110100100111010100001100000001110001000001000000010000010001111100100111010100001101001001110101000111111010011101110001111111100111011100001100001001110001101111111111011101111011111111111111011100000000000001000001000001000000011100010000010000000101000110111111111111111111000011000010011101010001111100100111011100000000000000000001
7488062149394878447,20,meet_semilattice,1000000000000000000011111111111110111111101100110100001101101001000101000010001010111111111110111111101101111111101101101001001101000010001010000001000000000000101100111111101101101000000101000010001010110011011100110110101100110101001101101011001101111011011010111111111111111111100000010000001000101001001101000011011010110111111110111111100100110100001001101000000100000000001010110111111110110111
5379326756366274372,20,meet_semilattice,1100101101010111111101000010000000000000111010110101011111111111111101010111111101001010000000101010111011110101011111110000001000000000000001000011000000001010111010111101011111110100001001000010001011111111111111111111010010110101011011101111111111011111111101001011010001101010010000100000001000100100101101000111111001000010000000001010010010110100011011100100001000000000001001001011010101111111
1780895536045058627,20,meet_semilattice,1111101011111111111101000000100000000000011110101010101100100101000010000010000001011010100010110000111111101111111111110101001010000010000011111111111111111111000000001000000000000111101011111011001101011010101010110000011110101011101100110101001010001011000001111010111111110111010000001000001000000101001010000011000001111010111111111111011110101111101101110101101010101011001001111010101010110011
-1631570273962491924,20,meet_semilattice,1010001010101110001111100010101011100011001000101010111000111111011010101110101111111110101011111111111001101010111010110000001000001100000011110111101111111111000000001000010000001111011011111111111100000000101001000000111101101011111111110000000000001100000000000000000001000000000000101010111000101111011010101111101110100010101011101011111101101010111111110000001010101100001000000010101011000011
4460199431499477282,20,meet_semilattice,1111011101011011110001010000000000110100011101000001001101000001000000000000000011111111010110111100010101000001001101000111011000011011110001110111000110111100111111111111101111000111011101011011110011111111011110111100010100000001001101000111010000011011110011111111111111111110000100000000001000000001000000000011010001110100000100111100000100000000001001001111111111111011111011111111111111111111
-4119693249613303413,20,meet_semilattice,1111110110100101111001111101101001011110001111001010010111100001100010000001111000001000100000000000000111001010010111101111111111110101111000111101101001011110000000001000000000001111110111100101111000011000101000011110111111011111010111101111110111111101111100011000101001011110111111011111011111100000100010000001000000001000100000001000000010001000000111100000100010000001101011111101111101011111
-4514589882581346391,20,meet_semilattice,1101101111111111111001000010000001010000111110111111111111110101101111001101000001001011010011010000110111111111111111100000001000000101000000000011000011010000010010111100110100000000001101001101000001011011111011010000010110111101110101000000001000001101000000000000000001010000010110111111111101100000000000000001000001011011111111111110010110111100110101000101101111111101011011011011111111111111
-7185973543652012021,20,meet_semilattice,1111100111010111111101000000000100100011011110011101011101110101000101010111011101011001010101110111011111111111011111110111101111110111111101000001010101110111010110011101011101110100000001010110001101111001111101110111000000000001001000110111111111111111111101000000000101100011000000000000001000100100000001010111001101111001110101111111010000000101011101110000000000000000001000000000000000000011
-7398219827435144740,20,meet_semilattice,1111011111111111001101100101100100100000001001011001001000000111010110110110001011111111111111111111000001001000001000000111011111111110001100000101100100100000000000001000001000000111010111110110001101100101101100100010000001001001001000000111010111111110001101100101101101100010000000000000001000000111010111111111001111110111111111111111111101111111111101110110010110010010001001110101101101100011
5502995024918253483,20,meet_semilattice,1000000000000000000011111111111111111111101010010000001011111011101110100111111110001000000000000010101111111111111111111010101100100111111110001001000000001110101010111010011111111011101111101111111110001001001000101111101110111111111111111010100100101110111110101001001001101111100010010000001011111010100100100111111110001000000000001010100010000000000011101000000000000000001010001001000000001111
-8622096758818058553,20,meet_semilattice,1110011011011111110001000110000111100100011001100101111111001111011011011111110011111110111111111111000001100000010001000000001000000100000011110111111111111111011001101101111111000100011001011110110011110110111111111100000001100001110001000000001000001100010000000000000001000000000001100001111001000100011000011111110001000110000111101100000000100000010001001111011011111111111111110110110111111101
5449082728936701847,20,meet_semilattice,1110011101010011110101000101010100010000011001010101001111010111011111010011110101111111111111111101000001010001000100000110011101010011110100000001000000000000011001111101001111010000000101000000000001100111111101111101000000010001000100000111011111011011110101100111110101111101000000010001001100000000000100000001000001000101010100011100010001010101000101001111111111111111111101000101010100110001
-5771613182121048715,20,meet_semilattice,1110101101010100101101000000000000000000011010000001010010101111111111111111111101001000000100000010111011111101111111110110101001010100101001101011010101001010111010111101110010110110100001010100101011101111111111111111010000000001000000001110101101011100101101001000000101000010011010100101011010101110101101011101101101001000000100001010111010111101111011110100000000010000001001101011010101001011
-8325344047837367042,20,meet_semilattice,1010001000010001100011100110100100011001001000000000000010001111011111011111111111111111110111111111101001101001000110000010001000010001100011100111110110111011101000101001000110001110011011011001100111100110111110111011001000000001000010001110011010011001100111100111110111111011111001101101101110010010000000010001100000000000000000001000111001111101111111111110011011011011101110100110100100011001
-384234797097074583,20,meet_semilattice,1100101111011010110101000000100000101000111110111111101111010101101011101010110101001000100000101001111111111111101111110100101010000010100101001011110010101101000000001000000000000100101011001010110101001010111010101101010010111101101011010100101010001010100111111011111111111111000000001000001010001101101111111011110100000000100000001000010010101000101011011111101111111011111101000000100000101001
-6534313027412323484,20,meet_semilattice,1010000000110100011011111111001111101111001000000000010001001011101000110110111110101000001101101111101111100011011011111010101000110110111110111011001101101111111111111111111111111111111101111111111100100000001101000110000000000001010001001011111100111110111100000000000001000100101000000011011011101111111100111111111110100000001101001110000000000000000001000000000000010100011010100000001101101111
-64595969552227740,20,meet_semilattice,1000001010001000000011000010110011010100111000101110111111111111011111111111111111101111111111111111111001101110111111110000001010001000000011100111111111111111000000001000000000000000001011001000000011000010111011010101110000101101111101010000000010001000000010000010110011000000110000101100111101011000001011001101000011000010110011011101100000101100110101001100001011101111111111000010110011010101
7549691197403623573,20,meet_semilattice,1011011111111111101111110111111111111111001101111100111100110001011111001111001111111111111111111111000001011100010000000000001101000100000000000001010001000000000000011100010000000000000001000100000000110111111011110011001101111101111110110000011111001100001000000000000001000000000001111100111000110000011111001101001000110111110011111011101101111111111111110000001101000100001000000111110011000011
-6657402857304442064,20,meet_semilattice,1000000001000010100011100000111011111100101000001110111011001111101011111111111111101010111011111110111111111111111111111110001011101111111011101011111111111111100000001110111011000000000001000010000010000000011000101000111010101111111111111000000001101110110010000000011001101000000000000000001000001010000011101111110000000000000000101000100000000110011011001110000011101111111011101010111011111111
3675608289508912272,20,meet_semilattice,1111111001111111111101011010001000110011011111100010011100110001101000100011000100001000000000100000010111100010011100110000101000100011000111111111111111111111011111101111111111110111111001111111111100001000001000110001011111100011011100110111111000111111111101011010001001110011000000000000001000000000100000000011000101111110001101111111011111100011011101110000100000100011001100001000000000100001
-2098493499878790854,20,meet_semilattice,1010000000100000001011101000001000000011001000000000000000101111110001101100101110101000001000000011111011000110110000111111111001101101101111111111011011011011111111111111111111111110100001100000001100100000001000000010111111110111110111111110100000101000001111101000001011000011111111110111111111111111110001101101101111101000011000001011111111110110110111110000000000000000001000100000000000000011
1595215680088196870,20,meet_semilattice,1000000000000000000011100001011100011011101000010010000010001111010111111011101111111111111110111011111001010111000110111111011111111011101110000001001000000000111001011111000110111010000101110001100110000000001000000000100000010011000010011110010111111011101111111111111111111111111000010111001110111010000100110001100110000001001000001000111101111111101111111010000101110001101110000001001000001001
6138905792640089451,20,meet_semilattice,1101110001101110100001011000000001101000111111111111111111110001000000000010000000011000000001101000010111000010111010001101111111101111111111011101111011111111110111001110111010100101110001101110100000011000001011101000110111001111111111110001100000001110100000010000000001101000000000000000001000001101110011101111111100010000000000101000110111000110111011101101110001101110101011011100111011101111
4623763813572026857,20,meet_semilattice,1101100100111101010001000000000000000000111110010111110101100101100100010000000001001001000100000000111111111111110111111111101111111101111101000001000100000000111110011111110111110101100101111101010001011001001111010100010000000001000000000101100100011000010001011001000111010100111111111111111111110101100100011001010001011001011111011110010110010001000001000101100101111101011011111001011111011111
3029945291255986552,20,meet_semilattice,1111111000011100000001010110000011000000011111100000110000000001010000000100000001011110000011000000000001000000000000000001011000001100000011111111000111100100111111111001111001001111111111011111011111111111111111111111011111100001110000000000010000001100000000000100000001000000111111100001111001001111111110011111011111111111100111101111111111100001110001001111111110011110011111111111100111100101
-672585666244475203,20,meet_semilattice,1010001011100100100011100010111001001000001000001110010010001111011011111111110111111110111111111101111001101111111111010010001011100100100011110111111111111101000000001100010000000000000001000000000000000000111001000000111000101111011011011110001011101100110000000000010001000000111000101110011011001110001011110111110100000000111001001000111000101110010011001111011011111111111111100010111001101101
6441502641218083829,20,meet_semilattice,1000010100000001000111101101111111110101101001010001001100011011111111111111111110101101111101110001000001010000000000001010111111111111101100000001000000000000101001011011001100011010010101010011000110100101001100110001100001010001001100011010110111111111000110100101111101110001100001010000001100010000010100000001000110101101111111111001101011011111111101011010110111111111001100000101000000000001
5915886718726510053,20,meet_semilattice,1000000000010000000011101010111111111111101010001111111111111011101011111111111110001000010111110111101011111111111111111010101011111111111110101011111111111111100010001101111111111000000001010000000010001000111111111111000000000001000000001000000001011011010010000000010111110111100000000101001001001000000001010011010010001000010111111111100000000101000001001000000001011011011010000000010110110111
-9005779582570428301,20,meet_semilattice,1111111111111111111101111111110101111111001101011001000000110001010110010000001100111101110101111111000001000000000000000011111111010111111100000101100100000011000001001000000000110011010111010000001101111111111101111111000001001001000000110111111111111111111100110101110101111111001101011101001110110011010111010001001100110101110100011011001101011101001111110000010000000000001100000100000000000001
2080862469553736102,20,meet_semilattice,1111111111111111111101111111100100010110001000010001000001000011111110010001011000101001100100000100001011011001000101000010111110010001011000000001000100000000001000011001000001000111111111010001011001111111111101011111000000000001000000000111111111111101111101111111110101010110011111111111111111110010100110010001010000111111100100011110000000000001000001000010100110010000011001111111110101011111
-5249910718473218158,20,meet_semilattice,1111110111110111100101100101111001111001001001011110011110010011010111100111100101111101111001111001000001010100001110011111111111110111110100000001000000001001000001011100001110010000000001000000000100000101111001111001011111011111011110010111110111111111100100000101110001111001000000010100001110010000000000000001100100000000000000001001111111011111011111011111110111111111101100000000000000000001
3345742026305537553,20,meet_semilattice,1111111111101111111001000100010011010010001001000100110100100111111001101111111001101110011011111110000001000000000000000010011001001101001001101111011011111110011111111110111111100000010001001000000001100110011011010010111111111111111111110000010000001000000000000100010011000000011001100110111111100000010000001001000000100110010011011010001001100100110111100000010001001101001011111111111011111111
-2395993181386847973,20,meet_semilattice,1111111111111111111101111011101110111111001100011001100110110001000100001000001000111011101110011111011111111111101111110011001110111001101100000001000000000010000100011000100100110111101111111011111100010001101010011011000100011001100110110000000100001000001001111011111111111111001110111011101111110001000100001001001000010001100010011011001100111011100111110000000000000000001000010001000010010011
4152984839756423208,20,meet_semilattice,1001111110111111111001111111101111111110001111111011111111100001110100011110011000001001000100100110000001010001001000100001111110111111111000000001000100100010000111011011111111101111111111111111111000011101001111110110000000000001000000000000110100011110011000000101000101100010000000000001001000000001110100011111011000011101000111101110000000010001001001100000000000010010001001111111101111111111
-8048710910578880489,20,meet_semilattice,1101101111111111111001000000000000000000111111111111111111100101000000000000000001011010001101111010110111111111111111100101001000100011100001011011111111111110010110101011011110100101101011111111111001000000001000000000010100100011001110000101101010111111111001010010001101111010010100000010001010000101000000100011100001010000000000001000010110101011011111100101001000100011101011011111111111111111
63974685727861758,20,meet_semilattice,1100001010101010001001000010101010100000111000111010101001111111101111111111111111101011111111111111111011111111111111110000001010101010000011000011101010100010000000001000101000001110001111101110011100000000001010100000111000111111111011110000000000001000000011100011101011100111000000000000101000001110001111101111111111100011111011101111110000111010101001110100001010101010001011000011101010100011
-869245369742332178,20,meet_semilattice,1000011011100001111111010111111001111111111101111110011111110001011111100111111100011111111001111111000001101100000111110000001011000001011000000111111001111111000000001100000101100000000001000001000000000110111000011111111111111111111111111101111111101111111100000110111001111111000001101110001111110000000000000001000000000010110000011111000000000100000101100000000001000001001000000010110000010111
-1042728998774098604,20,meet_semilattice,1000100101010010000011111111111111110111101010110101001001101011101111010010011100001001000000000000101111111101001101110000101100010010000000000001000000000000101010111101001001110000100101010010000010111111111100110111000010010001000000001011111111011011011110111111111111110111000010010001001000001011101111010011011111111111111111111111100010110101001001101000101101010010001010101011010100100111
6577024922186499000,20,meet_semilattice,1111000110111101001101110001101111010011001100001010110100110001000010001000000011111101111111111011111101011011110100111111011111111101001100110001101111010011000000001000100000001111010111111101001100010000101010010001001100001011110100110000000000001000000000010000101011010001111101011111111110110001000010001001000011110101101111011011111111011111111111110001000010101101001100010000100010010001
-8412136142663694989,20,meet_semilattice,1000000000000000100011000011001010001000111111111111111111111101101111111111111111001011101110001010110111111111111111111000001100101000100010000001000000001000110000111011100010101100101111111000101110000001001010001000110000110011100010100000000000001000100011001011111111101111110010111111101011111100101111111111111100000000000000001000110010111111100011111100001100101000101011001011101110001011
-9056009728372919783,20,meet_semilattice,1000010100001001100011100111111011011110101001010100110111001111011111111111111011111111111111111110000001010000100110001000011101001101111000000001000000011000101001111110110111101000010101001001100010100111011011011110111001111111111111100000000100001001100010000101010011011000111001111110111111100000000000000001100000000000000000001000100001010100110111001000010101001101111011111111111111111111
-337643734932930057,20,meet_semilattice,1001111110111111100101011111101111111001111111111111111111110001101100111110000000001011001110100000000111111011111100010000001100010010000000000001000100100000000110111011111000001101111111111111111100000011001100100000000000000001001000000000001100111010000000001011001111100000000000000000001000000001101110111111000100011111101111111001010111111011111111110101111110111111101100011011101111100001
5650110848007827128,20,meet_semilattice,1011111111111111111111111111111111111111001111011101100101110001100000001000010000001000000010000100000111011101100101110011111111111011111100011001010110000101000000001000000001000001100001011000010100111101111110111111000110000001100001010000000000001000010000111111111111111111001111011101101111110001100111011001011100011001110110011111000000000000000001000001100111011000011100011000000010000101
-574182395936773469,20,meet_semilattice,1000101010000000110011001010100000001110111111101111111111111101101011011000111000001000000000000000110111101101111011110000101000000000010011011111111111111111000010101000000001001000101011001000111011011110111111111111110010101001000011101000101010001000111011011010110111001111110110101101101011111101101011011101111100001010100000001100000010000000000001001000101010000000111011011010110110001111
-8559796990963465301,20,meet_semilattice,1110000000101000111001100000001000000010001000000000000000001111111111111111111111101000011110101110111011000111101011101110111101111011111011100001011110101110111011111111111111100110000001111000101000100000001000000000011000000011100010100110000000101000101011101111011111111110111000000111101011101110100101111011111001100000001000001010011000000010100011100010000000100000001011101111011111111111
-6457248649202983358,20,meet_semilattice,1111111111110111111101010110101000011001011101101010000110010001000010000001000101111111101101111101000101101010000110010001001010000001100101110111101000111001000000001000000000000111111111110111110100010000101000011001011101111011011110010111111111111111111101110111101001111001011101101010001110010000000010000001000100010000100000011001011101111011011111010111111111110111111100000000100000000001
-6661286558189066671,20,meet_semilattice,1000100000010000000011111000101111111111101110001011110111111001100010111101111100001000000000000000111111001111111111111111111111111111111111111001101111111111100010001001100111011111100011111111111110001000101110011101000010000001000000000000100000011000000110001000101111011111101110001011111111111000100000011001010110001000000110011101100010000001100001011000100010111001111100001000000100000001
2194765367667121949,20,meet_semilattice,1101100111001001100001010001010000000000111111011111111111110001000100000000000001011001110000000000110111011101100111001101111111111111110100000001000000000000010100011100000000000001000101000000000011011101111110011100110110011101100111000101000111001000000011011101111111111101110111011111101111000101000111001001000001011001110010011000110110011100100111001101110111111111111111011101111110111101
-643108006759987968,20,meet_semilattice,1100000101001111101001000001010011111010111111111111111111111101000101111111111011011111011111111111110101010111111111101101011101111111111100000001010010100000110111111111111111110000000001001000000000000001011011111010110000010111111111100000000000001000000000000001010011111000000000000100101000000000000101001011100000000000010010101000010000010110111111100000000101001111101011010001011111111111
4381936997415308,20,meet_semilattice,1111011111001111101101100110000001111000001000000000011100000111011001001111101101111111110011111011001001000000011100000010011000000111100001100111000001111011011101111100111110110110011001000111101101111111111011111011111111111111111111110110011001001111101100000000000001100000000000000000001000000000000000000011000000100100000001111000111111111110111111110110011000000111101001100110000001111011
8615345849391782670,20,meet_semilattice,1001110010010101100011011100100101111000111111101011011110110001010000010100100000011100000101011000000001000000000010001101111010010111101011011111101101111011000111001001010110001111111111111111101111011110101101111011000001000001000010001111111110111111101100000100000101001000100111001001011110000001010000010101100000000000000000001000111111111111111111111001110010010101101011011110100101111011
4569554815691549409,20,meet_semilattice,1110000001010001000001100000000100000000001000000000000000000111000001011001100111111001110111111101111111111111111111111111101111111111110111110001010110011001111100011101110111010110000001010001000011111001111111111101001000000001000000000110000001011001100011110001010111011101011000000101101110010110000000010001000001100000010100011000111100010101100111011111101111111111111101100000010110011001
-6592566693531163304,20,meet_semilattice,1101101011011111111101011010110110001111111110101111111111110001001001001000111000011010110110001111111111111111111111110000001001001000011011111011111111111111000100101100100011100000000001001000010011011010111111111111000100101101100011110000000000001000010001011010110111001111000110101101101111110001001011011001111100000010010010001110000000000000000001000000000000000000011000010010110010001111
5596935931714868845,20,meet_semilattice,1000101010001000001011001010110010100010111010101110111111111111111111111111111100001010100010000010111011111111111111110000001010001000001011101011111111111111000000001000100000001000101011001000001011001010111011111111111010101111111111110000000000001000000011001010110011111111100010101100101000101100101011001011111111001010110010101010110010101100101011110000000010001000001011001010110010101011
778653157401271440,20,meet_semilattice,1001000100100100010011011011111011101101111110111110111011010001000100100100010010011011011001000101110111111110111111111001001101100100010100000001001000000100100110111110110011011001000101100100010100000000001000000100111110111111111011011001101101101100010100000000000001000100100110111110111011011001101101100101010110011011011011001101000000000000000001001101101111101110111100000000000001000101
-8487155280268551475,20,meet_semilattice,1111111111111111111101011111111111111111001111111111111111110001100000000011100000001000000000001000000111101111111111110001101011010111110100011111111111111111000110001100011111000001100001000011100000011010111101111101000110001101011111000001101011111111110100011000010001111000000010000000001110000000100000000001100000000000000000001000000110000100011111000001101011111111111100011000010001111101
283775356421753982,20,meet_semilattice,1010000000100000100011111110111111101111001000000000000000001011000001100000100010111010111010101101101111101111101011011011001011100010100010111111111111101111101100001110000010001010000001100000100000100000001000000000101110101111101011011011001011101010110110111110111111101111101100001110001010001111111011111111111100100000001000001000101100101110001011011011111011111010111110110010111000101001
-2684466552329151147,20,meet_semilattice,1111100111111111111101011001111111011111011110011111111111110001100011101001101100001000001000000000111111011111111111110111101111111111111100011001111010011011000000001110100110010000000001101001000100000000001000000000000110011111100111110000000000101000000100011001111111011111010110011111111111110000000000101001000100000000001010011001000110011110100111110000100011101001101100000000001000000001
-809512104992511976,20,meet_semilattice,1111111111101111110101000001000011010000011000010000110101000111111111101111110001101011001011110100011011110110111101000110001100001111010000000001000000000000011011111110111101000110101101101111010001100011001011110100111111111111111111010000000100001101000000000001000001000000011000010000111101000000000100000001000001101111111011111100010000010000110101001111111111101111111101111111111011111101
-7937469539020694855,20,meet_semilattice,1111111111111111011101100001010001110100001000010100010101000111111111111111011101101001010001110101011011110100011101010110101101000111010100000001000000000000011010111100011101010000000101000101010001101111111001110111011011111111011101110110111111111111011100000001000001000100001000010100011101000000000100000101010001111111111111111111000000010000000001000110111111000111011101100001010001110101
2348365167070526430,20,meet_semilattice,1011000000000001000011111110111011111011001100000000000100000001000000000000000010111100011001111010101101000000001110001011111001101111101011111111111011111011101101001110011110101011010001000111101010110100011001111010111111101111111110111011110001101111101010110100000001111000000100000000001000000001000000000001000010110000000000011000111111101111111111111011010000000111101010111110011011111011
4413521446472699812,20,meet_semilattice,1000000000000011100011100001100011111001101000011000111110011111111110111111111111101001100011111101111011011000111111111110111110001111111110000001100011111001100000001000101110011111111111111111111111101101101011111111111011111011111111110000000000001011100110000000100011111001000000000000001010000000000000000011100000000000000000001000111000011000111111011110100110001111111100000000000000111001
-4613685823523474851,20,meet_semilattice,1111111001100111111101000000000000010000011111000100011111110101110001000101111001001000000000011100010011000100000111100111111001000111111111111111011101111111111111111111111111110100100001000001111001111100011001111111111111100111011111111111111101111111111101001000000001011110010111000100011111110000000000000001000001000000000000011000010000000000000101000100100000000001111001011100010001011111
-985289205204994818,20,meet_semilattice,1011000101001101000111110111110011111111001100010100110100010001000101000101000111111111111111111111101101011100110100111011011111001101001100000001000000000000000100011100110100010000000101000100000011110111111011111111111101111111111111110001000101001101000100000001000001000000101101111100111100110000000100000101000010110111110011011111101101111100110101110001000111001101001100000001010001000001
-9014537944165363282,20,meet_semilattice,1110111111111011111101101110111010111011001011101110100110111111111111111011111100001110101010011001000001100010000000000000001000100000000001101111111110111111000001101010000110000000111011101001100100000000001000000000011011101111101111110000011010101001100011111111111111111111001011101110101110110000011000100001100000000110001000001000011011101110101111110000011010101001101000000110101010011001
-7594649452987454845,20,meet_semilattice,1111000000010011000001010000000000110000011100000001001100000001000000000011000011111100011101110010111101000101011100101111111001110111001011111111111101111111111111101111011100101111000001010111000011110100011101110010010100000001001100001111111011111111111101110000000101110000000000000000001100000000000000000001000011111110111101111111111111101111011101111111000001010111001011111110111101110011
138505302893883969,20,meet_semilattice,1111101111111111111101001000000000001000011110010111111111100101100000100000100000001000000000001000111111111111111111110111101111111111111001001001001000001000011110011111111111100101100101100010111001001000001000001000010110010111111111100101100101101010111001011001011011111110010110010010001010100101100101101011111000000000000000001000010110010010000011100101100100100000101001111011111111111111
8445568068014708367,20,meet_semilattice,1010010001100101100011111100111111111101001001000110010110000011010001100101100010111100011001011000000001000110010110001111111111111111110111111101111111111101101111001110111111010000000001000100000000000000011001011000101111000111111111011011110001101111100100000000000001000000101111000110011110000000000001000101100000000000010001001000101111000110111111011111110011111111111110111100011001111001
2225598866425825311,20,meet_semilattice,1010101110100010101011101111101000101010001000010000000000001111111110110011111100001011100000000000101011111010001010100000001100000000000000000001000000000000000000111000000000001110111111110111111100101011101000101010111011111011001010101111111110111011111111101111101101111111000010111000001000001110111110100011101000001011100000101010111011111011001011100000101110000010001011101111101100111111
-4758745209928087271,20,meet_semilattice,1101110111011111011101000100000000010000111111111111111101110101110111011111011101001100000011110110000001000000000100001101111111111111011101001101010011110110010011011101111101110100010001001111011011011101111111110111010011010101111101100000010000001011000000000000000001010000000001000000001100000000000000000001000011011111111111111111010001000000111101100100010000000111001001001101010111110111
6259672611132178755,20,meet_semilattice,1111111101111111111101111000011110111111001110000101101101110001100001001011011100001000010010010101011111000111101111110111111101111011111101111101011110111111111111111111111111110000000001001000000000111000011110110111000110000101101101110000000000001000000001111111011111111111000010000100101101110000000000001001000000111000011110111111000000000100100101010000000001001001011100000000010010010001
2799685080037501786,20,meet_semilattice,1111111111111111111101001110101000011011011111101111101111110101111011100011111100001010100000010001000011101010000100010000001000000001000001111111111110111111000000001000000100000100111011100001111100001010101000010001010111101111101111110101111011101011111101011110111111111111010011101110001111110000000000000001000000001110101000011001010011101010000111110000111010100001101100000010000000010001
-3191429516960023573,20,meet_semilattice,1010111101110111101101101111010101111011001000000101001100111111111101110111101100101001010100110011000001000101001100000010111101010111101100100001010100110011111111111111111111110000000001000000000000101111011101111011000000000101001000001111111101111111111100101101010101111011000000000100001000000000000001010011000000000100010100111011111111110111011111110000000001010011001100000000010100110001
1425097475321736025,20,meet_semilattice,1011110101111111111011111101111111111110001111010111111111100001100101011011110000001000000000001100000111010101111111001111111111111111111100001001010010011100101111011111111111100000100001000001110000011001011111111110000010010101100111000000100000001001110000011001010111111100000010010101101111000000100000000001110000000000000000001100000000000000000001000000100101011011111010111101111111111111
-6604334298283988075,20,meet_semilattice,1100001000100101100101000010001001011000111101111111111111111101001001100101100111011111111111111111110101111111111111110000001000000000000011010011111111111111110100101111111110011100001001100101100100000010001001010000110100100111011110011101001001111111100100000010000001000000110100100110011110010000001000000101000000000010000001011000110100101111111111111101001011111111101101000010001001011001
-1762135855467577475,20,meet_semilattice,1011001101100111010011111011011001110101001100110110011101000001001000100000010010111011011001110100111111111110011101110000001000100000010000010011001000000100101110111110011101000001001101100010010000000000001000000000111111111111111101111111111111101111011100010011011001100100000100110010001001000001001101100111010011111111111111111111000000000010000001001111101111100111011100110011011001110101
-3741810990384504324,20,meet_semilattice,1111101011111101000101000000100100000000011110001101100100010101100011011001000101001000110100010000111111101111110101010111101011011001000111111111111111111111000000001001000000000100000011010000000001111010111110010001000000000001000000000100100011011001000001111010111111010001111111101111111111010100000011010001000011111110111111011101011110101111100101011111111011111111111101001000110110010001
-3153106419390976019,20,meet_semilattice,1111011101111111111101010001010010101001011101010110111011110001000101000000000111111111111111111111010101010110111011010101011101101110111100000001010000000000111101111111111111110000000001000000000001010001011010101001010100010111111011010001000101001010100101010001011011101001000000000100001000010111010101111111111100010001010000101001010100010110111011010101010101101110111100000000010000000001
-118998554811956012,20,meet_semilattice,1000110101111010001011011101011110110110111111111111111111110001110101111010001000001000000000000000000011010100001000001101111101111111011000001001010000100000110111111111111111100000100001000000000000001101011110100010000011010101001000100000100101001010000011011101011111110110000010000100001000001001110101111011001011011111011111111110100111010111101101100000110101000010001011011111011111110111
-2180679348295414590,20,meet_semilattice,1000001001100001001111111110111101111111101110100110011101111001001001100101011110011010011001110111101111101110011101110000001001100001001010111111111101111111101110101110011101110000000001100000001000000000001000000000101111101111011111111111111011111111111110000010011001010011100100100110011101110000000001100001001010111010111001111111100000100110010101110000000000100000001000000010011000010011
5772036208778872687,20,meet_semilattice,1111111011111101011101001100100111000000001011001001110000000011111010011100000000001000000111000000000011000001110000000010111010011100000011111111111111011111000011001001110000000111111011111101011101111110101111010101000000000001000000000000000000011100000000000000000101000000011111101001111100010111111010011101000111111110111111011111011111101001110101010111111010011101011100101110100111000001
-8112976073452662491,20,meet_semilattice,1000000010000001000111001101101111110101101011011111111101111111111111111111011110001000100001110101100011001000011101011110111111111111011110000001100001110101000000001000000100001000110111111111010110001101101111110101100011001001011101011000110010011111010110000000100001110101100000001000001100010000000000000001000011101111111111111111100000001000001101011000110111111111011100000000100000010001
-1770772019679310047,20,meet_semilattice,1111111111111111101101100001101110110011001000000000000000010111100110111011001101101001101110110011011111111111101110110111101110111011001100100001001100100001001000011011101000010111100111111011001100100000001100100001001000000001000000010010000100111010000101111111111111111011001000000001001000010010000100111011001101111011101110111011111111111111111111110010000000010010001100000000000000000001
-6765468107674843404,20,meet_semilattice,1101111110011010111101000010000010000000111111111111111111110101001010001000011001011010100110000110010111101001100001110000001000001000000001011111100110101111010000101000100001101101111111111110111111011111101111101111010000101001100001100000000000001000000011011111100111101111010111101001101011111101111111111111111101011110100110001111010000100000100001000000000000001000001001011010100110000111
8747061730773625290,20,meet_semilattice,1001110011011000100011011110110110111011111111101101101111110001010001000000100000011100010110001000000001000100000010000001111011011010100111111111111110111111000111001101100010000000000001000000000011111110111110111111000101000101100010000001010001001000100011111111111111111111000111001101101010011001111011011011100100000000010000001000110111101101101111110001111011011010101100011100110110001001
-8305445272162242740,20,meet_semilattice,1100110011111011110101001100111110011101111011001111101111111111111111111111111100001100111110011101000001001111100101011110111111111011111111001101111110111111000000001010100001000000000011111001010100000000001000000100000000001011100001000000000000101000010011101111111111111111010011001111101111010000000010111001010100000100111110011101000000000000000001001100110011111011111100000000101110000101
832512992466687874,20,meet_semilattice,1100000100000011010001000001000000110100111001010101111111001111111111111111111011101101110111111110110001010101101111001110111111111111111000000001000000100100111001011101111111101100000101011011110011101101111111111110110000010001101111001100000100001011110011000101010111111100000000000000001001000000000100000011010001000001000000111100000000000000000001001110010101011111111011111111111111111111
1255361890013855399,20,meet_semilattice,1101111101101111111101010000001010001010111111110111111111110001000000101000101001011010001010001010010111110110101111110000001000101000100001011011001010111111110111111111111111110101101101101011111100000000001000000000110111110111111111110000000000101000100001011111011011111111010110100010101010110101101000101001101100000000001000001000010110100010100111110000000000101000101001011010001010001011
4348701986480443950,20,meet_semilattice,1011110111110101111111111111111111111111001000000000000000000011110111000000001100101101110000000011001001010000000000001011111111110111111100100001000000000000001001011000000000000010010111000000000000111101111000000011001111011111010111111011111111111111111100111101111001001011001111011111011111110011110111100001101100111101111000001011001111011110010011110010010111000000001000100101110000000011
-5542258707750605955,20,meet_semilattice,1111101111111011010101111011011010110101001000000000000000000011100001101011010100101000011010000101011111111111101111010011101101101011010100111001011010110101011110111110101101010010000001001000000000100000011010000101011110111111101101010010000000001000000001111011111111111101001010000110101001010010100001101011010101111011111110111101001000000000100001011111111111111011111100100000000010000001
2794784263980790468,20,meet_semilattice,1001000100000000000111110011001011111111101100010010110101110001000100000000000111111011011011111111111111110110111111111011001100101111111100000001000000000001111111111110111111111111001101101111111110010001001010000001111111110111111111111001000100001000000110010001001011000001101100010010111101111001000100101101000110110001001011111111100100010010110101111001000100101101001100000000000000000001
3384194957706635710,20,meet_semilattice,1000000100000000000011111111111111111111101000010000000001001011111111111111011110101111111111110111101001110001000001101010001100010000011000000001000000000000101001111111110101101010011101111101011010100111001111000110100000010001000001001010011100011100011010100011000101000110101001111111111101111010000100010001011010111111111111111111100000010000000001001010000100010000011010100111111111010111
5769356967357568681,20,meet_semilattice,1111101111111011011101100000110010000011001000000100000000100111101111001011001101101011110010110011011111111110101100110110001111001001001101100001110010010011001000001100000000100000000001000000000001111011111010110011011110111101101100110000000001001000001011111011111111110111011000111100101100110110000011001001001101111111111010111011011110111111101101110000000001000000001000100000110010000011
-5542480972148494979,20,meet_semilattice,1010000000001100101111111111111111111111001000000000010010011011101010111110111110101000100111001011101011101111111011111010101010111110111110111111111111101111101000001001110010111010101011111110111110101000101111001011001000000001010010110000000000001100100100000000000001001001101010001011111011111011111111111111111100000000000000001000101010001001110011110010000000000100101100000000000000001001
4515443454684652730,20,meet_semilattice,1001001000010000001101000010000000000001111101111111111111110001001000000000000011011111111111111111110101101001111111110000001000000000000011010111100111111111100100101001000000111101011111111111111111010111101111111111000100100001000000111101001010011010001111010010100111110111100100101001001000111101001010011011001111010010100111111111110100101001101001110001001000000000001100000010000000000001
-4238055769381966759,20,meet_semilattice,1110011111011001011001100011100010010110001000001000100000001111011111011001011011111111111111011110011001111000100101100010001110001000000000100001100010000000000000001000100000000110011111011001011011110111111111011110001000111001100001100000000000001000000011100111110111010110111111111111111111110010001110001001011011110111110111011110001000111000100001100010001110001000001011110111111111011111
-4952965296542598799,20,meet_semilattice,1000000000000000000011111111111011110111101001001000111001111011111111001111011110101111100011110111100001000000001001111010011110001111011110100101100011110111100001001000111001111010111111001111011110111111111011110111101111111111111101111000010000001110011110000100000001100111100000000000001001111010010010001111011111111111111111111111100000000000000001101000000000000000001010000000000000000111
6362758575013202622,20,meet_semilattice,1000001000000000000011101011111101101111101000100010001000101111111111111111111110101010101001101111111011111111011011110000001000000000000010101011111101101111101000101010001010111010101011110110111110000010001000100010101010101011011011111110111111111111111110100010001001101111100000100000001000001110101111110111111110000010000000001000101000100010001011111000001000000010001010100010001000101011
4337905253661470008,20,meet_semilattice,1000000000011000000111101011111110010011101010001011100100111111111111111111111110001000100110000001111011111111110100111010101010111001001110101011111110010011100000001001100000011010101011111001001110001000101110000011000000000001000000000000000000011000000011101011111111010011111011111111111111111000100010111001001111101011111111011011111011111111110101111000100010011000001100000000000100000001
-3784350303094069716,20,meet_semilattice,1111111111110111111001110110111001111110001100001010000110100001000010100001101001111110111001111110001101101110000111100011001010100001101001110111111001111110000000001000000000000011001011100001101000000000101000000000011111111111011111100011001011101001111000110110111001111110001101101110001111100000000010100001100000000000101000001000001100101110000111100000000010100001101001111111111111111111
3056581022176711245,20,meet_semilattice,1111111111110110111101111101101101101111001000001011001000000011100010110010100000101000101100101000001111011011011011110111111111110110111100111001101101101011000000001000000000000111110111110110111100000000101000000000000000001011001000001111111111111111111100111000101101101010000000001010001000000111111111110111111100100000101100101000001110011011011011110010100010110010101000111000101101101011
8692945002849615289,20,meet_semilattice,1000000000000000000011011001000010011001111111011011101111111001100000000000100010001000000000001000110111011011101111111111111111111011111110011001000010011001110110011000101110011101110111111011111111011001001010111011110110011001101111111001100000001000100011011101111111111111110110010000101110011001100000000001100110000000000000001000110110010000101111011101100100001011101110011000000000001001
8612533035569405641,20,meet_semilattice,1011110101011011110101111101010110110100001010000101000000000011110001010000010000001000000000000000001011000101000000001011111111011011110100111101010110110100101111011101101111010000100001010000000010111111111110111101000010000001000000000011110001011011010011111111111111111101001111000101001001000000100001010001000000111101010110111101001011000101000001001011111111111011111100111101010110110101
-5740951971788684939,20,meet_semilattice,1001110101111010001111111101111111111111101111011111101100110001110101110010001100001000000000000000000011010100001000111111111111111111111100001001000000100010000111011111101000110000100101000010001000001101011100100011000011010101001000110001110101111010001110011101111111111011000010000000001000101001110111111011001110011101111110111011101111011111111111110000100000000000001000001001010000100011
3861861893759219054,20,meet_semilattice,1101101110001110000001000000000001000000111111111111111101110101101010000110000001001010100001100000110111111111111101100100001010000110000001011011100011100000010000001000010000001101101111001110011001011011101011100000110110111101111101100101101010001110000000000000000001000000010000000000011000001101101110001111011011011111111111111110110110111000111001100101101010000110001011011111111111110111
7970452247856761782,20,meet_semilattice,1111111110101111111001010101000011001100011111011000110011000001000000000100110001011101100011001100000001000000010011000111111110101111111000010101000011001100010101011000110011001111111111111111111001011101101011001100111111111011111111100001010000001100110000000000000001000100011111011010111111100101110110101101110000000000000001001100000000000000000001000101110110101101111011111111111111111111
-1506565695717245502,20,meet_semilattice,1001100100000110100111011101111101111111111111111111111111110001100100000110100000001001000001101000100111010111011011111101111111111111111100000001000000000000100111011111011111111001100101100110111100011001001001101000100110010111011011111101110111111111111100000001000001000000000000010000011000001001110101110111111100000001000001101000000110010000011011010001100100100110111100011001000001101001
8274770661686344946,20,meet_semilattice,1011111111111111111101111110111111111111001001100001000001000011011001111110110100111110111111111111000001100000000000000000001000000000000000111111111111111111001001101111111011010010011001111000110100100110001110000101000001100001000000000010011000011000010000100110011111101101001001100111101011010010011001111011110100000110000100001100000001100001000001000011011011111110111100100110000110000101
-1858270008494241472,20,meet_semilattice,1101111011011001000001000000000000000000111111101101111111000101101010011001000001001010100010010000010111101101100100000100001000000001000011111111110111111101010000101000000100000100101011011001000011111111111111111101010010101001100100000100001010001001000001001010100111010000110111101101111100000100000000000001000001001010100111011000110111101101111111001111111111011111111111111110110111111101
6732948083680705439,20,meet_semilattice,1110101111101111111101000000000010111100011010111110111111100111101111101111111101001011000010111110111011111110111111110100001000001011111001000011000010111110010010111100111111100100101101001111111001001011111011111110111111111111111111110000000000001011110001001011000011111110000000000000001111000000000000000001110000000000000000001100000000000000000001000100000000001011111001101011111011111111
-8144155206192753389,20,meet_semilattice,1010000001010110111011111101011111111111001000000000010011101011000001010111111010111100010111111110101001000101011111101111111111111111111110111101010111111110101101001101111111100010000001010100111010111101011111111111001000000001010011101011010001011111111000000000000001001110001000000000011011101010000001010111111000000000000000001010000000000000000011100000000000000000001010111101010111111111
2033000372149656230,20,meet_semilattice,1110110111011111011101001001000000010000011010010000001100001111111111011111011100001000000000000000011011010101011101111110111111011111011100001001000000000000011010011100011101110110100101000111011011101111111111110111011010010101011101110110110111011111011101101001000001110110010010010000001100000000100100000001000001101101110111111111011010010000001101000110100100000011001001101001010001110111
-1528770881063849206,20,meet_semilattice,1101010110100011010101000000100000000001111101011010101111010101010010100001000111011101101010111101010001001010000000011101111110111011110101010101101000110101000000001000000000001101111111111011110100000000101000000001110111011011101111011101010110101011110111111111111111111111010101001010001100010100010010100001000111010101101000111101010101001010001101011111111111111011111100000000100000000001
-5579463561871865177,20,meet_semilattice,1111111111111111111101110111101110111101001100111010001001010001001100100000000101111111111111111111001101111010001101010000001000000000000000000011001000000001000000111010000000010111011111111011111100000010001000000000001101111011101111010011001110101010010101110111111111111111000100111010001001010011001110100011010100110111101010111101000100111010000001010011011110111011111100000010001000000001
