hash,n,target,matrix_bits
-37515155631044498,20,meet_semilattice,1100100110000100000001000000000000000000011010001000010000001111110111011111011101001000000000000000111011011101111101111111111111111111111101001001100001000000010010001000010000001110100111011100001011111101111111110111111010011001110000101110100110001100001001001000000001000000111010011101111101111110100111011101001011111101111111111111111010011101110101111100100110000100001011101001110111010011
-650790418325024225,20,meet_semilattice,1111011101011111110001100110010000101100001000000000000011000111011001011010110011111111010111111100001001000000000011000010011000000000110001110111010111101100111111111111111111000010011001000010110011111111011111111100011001100101101011000110011001001010110001110110010111101100001001100000001011000111011101011111110000000000000000001100000000000000000001001111111101111111111111111111011111111101
8324441496319940060,20,meet_semilattice,1110011011001011110101100110110010111101001000000000000001001111011011001011111111111111110011111111001001001100101111000010011011001011110011100111110010111111001000001100101111000010000001001010110011111111111011111111111101111101111111110010000000001000010011110111110011111111001000000000001001000010000000001011110000100000000010101100000000000000000001001110011011001011111100100110110010111101
3071530579797299309,20,meet_semilattice,1000000000010010100011111111111101111100101000000101011010001011000101110111100010111101111101111000101001010111011110001011111111110111110010100001011101111000101100011111011110000000000001010010100010100000011101101000000000000001001010001111111111111111110010000000000101101000000000000000001010001010000001110111100000000000000000001000101111011111011111001111111111111111111111111111111111111101
599494037203080985,20,meet_semilattice,1111111111111111111101101110111101101100001000000000000000000111111111110111111100101010011101101100001001100111011011000010001000000000010001101111111101101100001001101111011011000010001001010110110000100010011101101100001000100001011001000110111111111110111100100010000001000100001000100000011001000110111111110111111100100010000001101100001000000000000001000110111111110110111101101111111101101101
8910597115188326327,20,meet_semilattice,1001000000000000010011111110111111111111101100000001010001000001000000000000010010111000111101001100101111001111111011111011111011111110111110111111111111111111101100001111010011001011000001010100010010110000011101001100000100000001000001001011100011111100110010010000000001000100101110001111111011011011111011111111111110110000010101001100000000000000000001001011100011111100111010111000111111001101
6874895204666542439,20,meet_semilattice,1001100000000100000011111110110101101111101111101101011011110001000000000000000000011000000000000000100111001101010000101001111011010110101011111111110101101111100110001101010000101001100001010100000011111111111101101111100110000001010000001111111111111110111100011000000001000000100111001101011010101111111111111111111110011100110101001010100111101101011011111001100000000100001010011100110101101011
6593708442387763196,20,meet_semilattice,1001001111000010111111111111111011111111101100111100001011110001000011000010010110111011110001101111101111111110011011110001001111000010010100010001110000100101000000001100000001010000000001000000010110110011111001101111111111111111111111111011111111101110111110110011110001101111000000000100001001011011111111101111111100010011110000101101000000000000000001000001001111000010111100000000000000000101
-2746132888146717957,20,meet_semilattice,1010001110001011111111101011110011111111001000001000000010101111111111111111111110101011100011111111111011111111111111110010001110000000101100100001100000001011000000001000000000001010001111001111111111101011111011111111111010111101111111110010001110001011111110100011100011111111001000111000001111110010001110000001101100000000100000001000001000111000000111110000000010000000101000000000100000001011
-3570484530381435224,20,meet_semilattice,1100011000011000000001000000000010000000111001100111100101001111011001111001010011111110011111010100010001100001100000000100001000011000000011111111011111110111111111101111111101101100011001111001010011000110001110010100010000000001100000000000000000001000000011110110011111010100111111100111111101101100011000011001010011111110111111111110010001100001100001001111111001111101011011111110011111010101
3907110215522971657,20,meet_semilattice,1000010100010011111111111111111111111111101011110111111111111011111101111111111110001101000110111111000001000001001001101000011100011011111100000101000100101110100011111011101111111000111101111011111110001111001110111111000000000001001000101000010100011011111110001111011111111111000000000000001000000000010100010011111100000100000100101110000000000001001001100000000000000010001000000101000100101111
3816154171617859685,20,meet_semilattice,1010100011010100110101101000110101001101001010000100010011001111111111111111111100001000010000001100111011001101110111011110111111111101111111101101111111011111000000001100000011000000000001000000110011101100111111011111001010001101010011010110100011011100110100001000010001001100111011111111111111111110100011011101110100000000000000001000000000000000000011001110110011011101111100101000110001001101
6589406065643245559,20,meet_semilattice,1000000000000010001011011001111011110011111111111111111111111001100111101111001110001000001010100011100111011110111101111101111111111111111110001001101010100011100010001010101000111000100011101011001110000000001000100010110111011111111101111000000000001010001010001001111011110011000000000000001000101000100010101011001110011101111011111111100110011110111101110000000000000000001010000000001000100011
-3435690853833067781,20,meet_semilattice,1111011110110100110101100001000100000100001000010000000000000111001110010100010111111111101101011101011101111001010011010110001110010000010100000001000000000000011000011001000001001111111111111101111101110111101101001101001000010001000000001111111110111101110101100011100101000101111111111011111111111111011110110101110101110011100101001101001000010001000001001111111110111101111101100001100100000101
834106132921550500,20,meet_semilattice,1110110011111001011001001100111110010110001011001111100101101111111111111011111100001000000100000000000011001111100101001110111011111001011011101111111110111111000010001011000101000000100011110001010000001000001100000100000000000001000000000000100011111001010011111111111111111111111011001111101101110000100000110001010011101110111110011110000010000001000001000000110011111001011011101100111110010111
1986754228908142077,20,meet_semilattice,1111111011111011110101000100111010000000011111001111100100010101110011111001000101001100111110010001000001001110100000000111111011111001100101011101111110010001000000001110100000000000000001101000000000000000001010000000010001001111100000010000000000001000000011111111111111111111011111101111101111010100010011111001000101111100111110011001011111101111100111011111111111111011111101000100111010000001
2622999486048797256,20,meet_semilattice,1111101100100111110101100000001000011001001000000010000100000111101100100011110101101000001000011001111111110111111111110110101000100001110101101011001000111101111111111111111111111111101101111111111100000000001000010000111110110011111111111111101100101111111101111011001001111101011010100010001111010000000000000001000000100000001000011000011010000010000111011111101100100111111100100000001000011001
-2446337033508989171,20,meet_semilattice,1000010000100100010111001111001011111111111111110010111111111101111100101111111110001111001011101111000001000000000000001000011100101110111110000101001011100111111111111110111111111111111101101111111100000100001000000100111111110111111111111000010000101100010100000100001001000101100001000010111001111000111100101111111110000101001011101111000001000000000001001000010000101100011100000100001000000101
717949362227786692,20,meet_semilattice,1000100110101011010111001001101110110101111110011011111101011101100110111011010100001001101000010101111111111011111101011101101110111011010100000001001000000100000000011010000001001111111111111111010100000000001000000100100010011011101101010000100110101011010111011001101111110101000010011010001101010000000110100001010111111111111111111111000000000000000001001111111111111111011100000001101000000101
-6982018135999188098,20,meet_semilattice,1101111111101111110001010101111011100100111111111111111111100001000111001110010001011111111011111100000101011100111001000101011111101110010000000001010000100000000000011100111001000000000001000010000000010001111011100100110111111111111111100000000001001010000000000001010011100100000000000000001000000101011111101111010001010111111011101100000000010100101001001101111111101111111011011111111111111111
-5944343714033773231,20,meet_semilattice,1000011000000000010011110110101111101111101001100001001001011011011010111110111111111111101111111111000001100000000000000000001000000000000011110111101111101111100001101000000001011111111111111111111110100110101111101101100001100001001001011010011010011110110110100110000101101101100001100000001001011111011010111111111110100110000100101101000000100000000001001010011010111110111110000110000000000101
8999256979368119028,20,meet_semilattice,1000000000000000010011110111111111111111101000110010010111011011001110110101110110111111111111111111101101111111111111110000001000000000010010000011000000010100101000111011010111011011001111111111111110000011001000011101101000110011010111011011001110111101111110000011001001011101101100111011111111111000000000000001010010000011000000011101000000000000000001001011001110110101111110000011000000010101
4756036040781631337,20,meet_semilattice,1000111011111111110111111111111111111101001111101111111111010001111011111111110100001110111111100100000001101111111001000000001010001110010010111111111111111101000000001000110001000000001011011110010000000010111111100100000000101001111001000000000000001100000000000000000001000000000000001000111001000000001011111111010000001110111111111100000000000000110001001011111111111111111100001110111111111101
-5672920056761242094,20,meet_semilattice,1000000101000100000011101001110111000111101010010100010001001111100111111101011100001001010001000000111111111111110101111110101111011101011100000001010000000000101010011101010001100000000001000000000011101001111111010111101010010101010001001010100111011100011000000001010001000000111111111111111101111110100111011101011111111111111111011111100010010100010001001010100101010100011010101001110111000111
-2123904269995099680,20,meet_semilattice,1011110011010000001011111111110111100111001111000100000000100001110001000000001000001000010000000000000011000100000000101011111111010110011110111101110101100111001111001101000000100000000001000000000011111111111111101111001111000101000000101011111111011110011110111100110101100110001111001101001000101111111111111111111111111111110111101111101111001101001001100000100001000000001010111100110101100111
-8193640396146617817,20,meet_semilattice,1110010111111010101101000001010010000000011000010110100000001111010111111010101111111101111110111011011001010111100010001111111111111111101100000001010010000000011001011111100010100000000001001000000001000001011010000000011000010111100010000000000000001000000011111101111111111011011001011111101010111111010111111011101101100001011010001000111111111111111111110110010101111000101001100101011110001001
2971768960675807753,20,meet_semilattice,1100110100001001100001000101000010011000111011010000100110001111110100001001100000001101000010010000000001010000100100001111111101001101100100000001000010010000111111011100110111011111110101001001100011111111111111111111111111111101111111110000000000001000000011111101010011011001111111011100111111010000000000001001000000000101000010011000111111010100110111011111110111001111111111111101010010011001
-8431077570306486344,20,meet_semilattice,1000100100001010010011011011010110100100111110110101101101001001100101001010010000001000000000000100111111111101101111111001101101001010010000001001000000000100111110111101101101011000100101001010010011111011111110111111100110110101101001000000100100001000010011111111110111111111000010010000101001001101101101011011010011111011110110111111000000000000000001001111101111011011011111111011010110110101
-8157217519160751940,20,meet_semilattice,1111111111111111111101100000000000000100001000000000000001000011000000000000010001111101010110100100011001000000000001000111111101011010010001110101000010100100011111111111111101100111010101011010010001111111011111110110011101010001101001000111010000001010010001111111010111100100001100000000001001000111111101011111011001111111111111111111000000000000000001000111111101011110011001111111111111110111
3569298683048274091,20,meet_semilattice,1010000000101000100011111101101010001110001000000010100000001011100010101000111010101000101010001110101111011010100011101111111110101100111010111001101010001110101000001010100010101111110111101100111000000000001010000000111111111111111111100000000000001000000011111101101011001110111111111110111111101111110110101001111000000000000010001000101000000010100011001010000000101000101011111111111111111111
3497066329515548409,20,meet_semilattice,1011111111100111111011111111111101111111001011110000000010000011111110000000111000001000000000000000000011110000000010000000101000000000000000001011000000000000001011111000000011100011111111000000111000111111111001111110101111111111011111101011111111111111111100111111110001001110001111111100001011100011111111000111111000001000000000001000001011110000000011100010111100000000101010111111111101111111
5725118536220181902,20,meet_semilattice,1000001001000000000011101111110011100110101001101100000000101111111111111111111110101111110010100110100001101100000000100000001001000000000010100111110010100110100000101100000000100000000001000000000011101111111111101111111011111101111011111010011011001010011010100111110011100110101001101100001000101110111111111111111110101111110010101110101001101100000001101000001001000000001011101111110011101111
-9010536092243861597,20,meet_semilattice,1000000110010000100111101111101111001001101000011001000010011111111111111111111110101011100101001001101011111011110010011000001110010000100100000001000100000000000000011001000000011110111111111111111110101011101111001001000000000001000000001010101110011100100110100011100101001001111011111011111111011110111110111101100100000001100100001001111011111011110011011110111110111111111100000001000100000001
5302933942172662652,20,meet_semilattice,1011010101111010011111110111011110101111001101010110100001010001000101001000010111111111111111111111000101010110100001011011011101111010011100000001010000000100101101111111101011110000000001000000000000010001011010000101000100010111100001010000000101001000010110110111111111101111001101010111101001011111011111111111111110110111011110101111000000000100000001000011010101111010011100000001010000000101
-404429845108084905,20,meet_semilattice,1111111111011111111101111011110111111111001000100001000000000011001001010011000100111011110110111011011111111101111111110000001000000000000000110011110110110011001100101101001100110010001001010011000111111111111111111111000000100001000000000011001011011011001100111011110111111011001000100001001100010010001000010001000000110011110110111011001110111101111111110011001001010011001100100010000100010001
-7304597921266619160,20,meet_semilattice,1011100110001011111101111001100010111111001000010000000000000011100110001011111100101001100000111111111111011001101111111111111111111111111100000001000000000000001000011000001111111111110111011111111111111101101110111111111110011001101111110010100110001011111111111101100111111111001000010000001000000000000100000001000000100001000000111111001000010000001101010010000100000011011100100001000000110001
8678226656550502265,20,meet_semilattice,1000001000000000000011111111111101011111101111111111010101111001011000000100010110011111111001010101100001100000000000000000001000000000000010010111111001010101100101101010010001011001011011100101010110010110001001000101100111111111010101111111111111111101111110000010000001000000111111111111111111111001011010100101010110011111111101011111100001100000010001011001111111100101011110000110000001000001
-5024936637386978940,20,meet_semilattice,1111101111110011111101101011111100111111001010111111001111110111101111110011111100001001000000101100111111111111001111110000101111110011111100000001000000101000000010011101001111110000100101010011110100001001111100111111000000000001001010001111101111111011111111111111111101111111000000000000001010000000100100010011110100000000000000001000000000010000001011000000100101010011111100001001000000101101
4535513129802772482,20,meet_semilattice,1010100110100000000011111111111111110111001000011000000000001011111111110110011000101001101000000000101011011011000001001010111110110010010000000001100000000000000000001000000000001010111111110010011000000000101000000000101010011011000001001011111111111110011110101111111101100110101011011011001001001011111111110111011011111111111111111111101010011010000001001010110110110000011010111111111101100111
4810142029334319751,20,meet_semilattice,1011110010111111111111111100111111111111001000000000000000000011010000010111111100111100101111111111001001000000000011011111111111111111111111111101111111111111001101001011011111110011110011111111111100110100001101111111001001000001011011010010010000011111111100100100000001001101001001000000011011010010010000010111110100100000000000001000001000000000000011010010010000010111111100100000000000001001
8724056681157195472,20,meet_semilattice,1000100000110100000011001000001101000010111111111111111011111101100111111110011100001000000001000000110111111111111011111101101111111110111111001001011111100111110010011111111001111100100001111110011100001000001101000000000000000001010000001100100000111100001000000000000001000000110010000011111001101111111111111111111111011001111111101111110010000011110001101000100000110100001011001000001111100111
-2398871778895352991,20,meet_semilattice,1001000100100000011011110111011111111111101101010010001001110001000100000000011011111111111111111111100101010010000001101011011100100010011100000001000000000110111101111111111111111011011101101010111100010001001000000110101101110111101111111011010100101010011110110111011011111111100101010010001001101011011101101011111110110111001010101111000000000000000001100000000000000000001010010101001000000111
-1564465948493456994,20,meet_semilattice,1000001010000000111111101110100011111111101001101000001011111111111010011111111110101110100000101111100001101000001011110000001010000000111111111111111111111111000000001000000001111111111011111111111111111110101111111111111011101001111111111010111010001011111110101110100001111111000000101000001011111010111010000011111100000000100000001111000000000000000001110000000000000000001100000000000000000001
8135707947542721163,20,meet_semilattice,1111111111001111111101010011110010011110011100111100110111100001000000000000110001111011110011011110011111111100111111110001001000000001111000010001100000011110000100001000000111100001001111000001111011111111111011111111111111111111111111110001001111001001111001010011110011011110011110111100111111110001000000000001110000000000000000001100000000000000000001000001000000000001111001110011110011011111
-1240795524045566415,20,meet_semilattice,1111110000101110001001011100000011100000011111000000111000000001000000000000000000011100000001000000000101000000000000001111111000101110001011111111011011101010111111111110111011101111111001101110001001111100001011100010111111111111111011100001110000001110000000010100000001000000000111000000011000001111111111101111111111111110011011101010111111110110111011100001110000001110001011111111011011101111
8290599009547449101,20,meet_semilattice,1001001011111001100111110011111111011111101100111111110110010001001011100001100111111111111111111111111101111111110111110000001010100001100110010011111111011001000000001010000110010000001011100001100100000000001000010001000100101111100110010001001011101001100110010010111111011001111101111111111111110000000000000001000000000000001000011001101100111111110111011011001111111101111100000000000000010001
2774216997385943420,20,meet_semilattice,1010000000000000000001100000000000000000001000000000000000001111100111111001111111101000000110001011111111011111100111111111111111111011111111101001010110011111111010011101100111111110100001011001101111101001111110011111111000000001100000010110000000001000000011111111111111111111111111011111101111111110100000011001101111100000000110001011111000000001100001111110000000011000001101100000000010000001
7418364236758672117,20,meet_semilattice,1000101000000000010011011111011111011110111111110111110111101001101101101001010000001010000000000000100111110110100101000000001000000000000010001011011010010100111111111111111111101000101001100000010010001010001000000100100111110111110111101000101001101001010010001010011011010100111111110111111111101000101001100001010010011111011011011110000010100000000001001000101001101101011011111111111111111111
-2329702403612837503,20,meet_semilattice,1000000001000000000011010000011001000111111100001111011001111001000001100000010111111101111111110111111101001111011001111111111111111111011111110101111101100111110100001111011001110000000001000000000010000000011000000101110100000111011001111111010111111110011110010000011001000101110100000110011001111111010111111111011111111111111111111111100000000100000001001001000001100100011110000000010000000101
4121321667830227648,20,meet_semilattice,1101100101111101101101011001001111011011111111111111111111110001100000101001100100001000000000000000110111010111110110111101111101111101111100001001001010011001110111011111110111110101100101111101101100001000001010000000000110000011100110010000100000001000000000011001001111011001110111111111111111110000100000101001000000001000001010011001110111010111110111110001100100111101101100001000001010010001
-554533775878037314,20,meet_semilattice,1111111110111111111101111111101111111111001011101000101111010011111110001111110100001000000010000000000011101000101000000000101010001010000000101111100011111101000010001000101000000011111111111111111100111111101111111111001111111001111111110000000000001000000000101110100011111101000010000000101000000000111010001011010000001110100010111100000011101000101001000011111110001111111100001110100010111101
7747288828902612305,20,meet_semilattice,1001100110001100000011111111100111101101101111111001111011000001000010001000000000001000100010000000100111111000111001001001101110001110010000011001100011000000000000001000100000001111111111111110111111111111101111101111100111111001111011000000000000001000000000010000100011000000100110011000111000001111111110111111111110011111100011101100100110011000111001001111111110011110111110011111100111101101
6229787909027931526,20,meet_semilattice,1101000100110010100101010001000000101000111101110011001011010001000100000000100011011111001100101101110101110011001011011101001100110010110100000001000000000000111111111011001011011111111111111111111101010001001100101001010100010001001010011111111110111111111111111111101101101111000000010000001000001111111110110011111100000001000000001000110100010011001011011111111110110010111101010001000000101001
2166762556004116189,20,meet_semilattice,1000001001000000000011001010110010000010111010111111111111111111111111111111111100001010000000000000111011111111111111110000001000000000000011001011110010001010100010101100000000000000001001000000000011001011111010001110110010111111101111101000101011001000000011001011111111111110100010101100101000101100101111101011111011001010110010001010110010101100100011101000101011001000001011001011111111111111
6159214229493994918,20,meet_semilattice,1001000000000000000011010000011010000010111100000110100100100001000000000000000011111100011010010111111101000110100101111111111001101001011111111111111011010111111111101110100101111001000001100000000010010000001000000000111111111111110111111001000001101000000011111110111011010111111111111111111111111101000001101001001011111111111011011111111100000110100101111001000001101000001011110000011010010011
-8934412133989860109,20,meet_semilattice,1111111111111111111101000000000000100110011111111111111111100101100111110110011001001000111101100110010111111111111001100101101111110110011001001001111101100110010000001110011001100100000001100110011001000000001000100110010000000011001001100100100111111110011001000000001001100110000000000000001001100101111111111111111001011111111111101110000000000000000001100000000000000000001001111111111111111111
3756825323874097986,20,meet_semilattice,1011100010010011100011111101110110111010001000000000000110000011100010010011100000101000100000111000101111001001001110001111111111111111111110111101110100111000001000001000001110001011110011010011100011111101111110111010001000000001001110001011110111011011101010111101110111111010001000000000001110000000000000000001100000000000000000001000111111011101101111101011110111010011101011111101110111111111
5519318017933585125,20,meet_semilattice,1011111111001101010111111111110011011111001010010100110001010011111111001101010100001001010010000100001011010100110001010010111101001100010100000001010010000100001011111100110101010000000001000000000010111111111011011101111111111111110111110000000001001000010000001001010011000100111111111111111111110000100101001101010010111111110011011101000000000100000001000011111111001101011100001001010011000101
4834228019758005899,20,meet_semilattice,1100100101101001001101001001001000000000111111111111101111111101111111101001111100001000001000000000110011111110100111111100101101101001011100001001001000000000110010111110100111110100100101101001000100000000001000000000110111111111101111110100100100101000000011111111111111111111110011111110101111110000100100100001000111001011011010011111110010010110100101110100100101101001001100000000001000000001
-317487750414844679,20,meet_semilattice,1000000000100010000011101111111111111111101010000011001101101111111111111111111110001000001000110100101011110111011111111010101101110111011110101001001101110111101011111111111111111010100101110111011100000000001000100000100010000011001101001010111101111111111110001000001101110110000000000000001000001000000000100011000010101001011101111111100000000010001101001000100000110011011010101000001100110111
-3100038914040472652,20,meet_semilattice,1111111110111111110001111111101111111100001000000000000000000011000000000000100000111111101111111100001101000000000010000011011000110101100000110111001101011100001101111011010111001111111111111111110000100000001000001000001101000011000010000011011110111101110000110100001101011000001101111011111111000011010000110001100000100000000000001000001101000011010111001111111111111111111011111111111111111111
-4256079429635590599,20,meet_semilattice,1011010100100011010011111111111111111111001101010010001101000001000000100000000010111111111111111111000101000010001101001011011110101111010100010101001000110100101101011010101101011011011111111111111100000000001000000000101101111011111101011011010100101011010110110101001001110100000000000010001000000001000000100011010010110111101111111111000100000010001001001011011110111111011110110101001000110101
-7700951850876457962,20,meet_semilattice,1011010111111110101011111111111111111111001100010011011010000001000100110010100010111101111111101110001101010111111010101011111111111111111100000001001100101000001101011111111010100011000101110110100000000000001100001000000000000001000010000001000100111110100000010001001101101000000000000011001010001011110111111111111100000000000000001000101101011111111011100011000100111110101010111101111111101111
-8212782852794207529,20,meet_semilattice,1011110111100000011111111111111000010111001010000110000001000011110011100000011100001000000000000100001011001110000001111011111111100001011100111101111000000111001010001110000001000000000001000000010000001000011000000100111111111111000111111111111111101011111111111111111101111111111111111110001111111011110111100001011111111111111000011111000000000000000001000010100011100000011000101000111000000111
-7187327836863803504,20,meet_semilattice,1111100110111111010101001000001010100101011110010011111101010101100000101111010100001000001010100001111111011111111101111111111111111111111101011001001011110101011110011011111101011111100111111111010100000000001000000001010110010011111101010000000000101000000101001000001011100101000000000010101000010100100000101111010101111001101111111101000010000010101001011111100111111111011100000000000000000001
8266221377736799974,20,meet_semilattice,1100001011110010011001000010111100100110111111111111111111111101101011111111111101001010111100100110010011101111001101100000001011010010001011011111111111111111000000001101001000100000000001010010001000000010111100100010000000000001000000001100101011111010011111001010111101100111000000000001001000100100101011110011011011001010111111111111000000101111001001100000000000010000001011001010111100100111
5689813514404288517,20,meet_semilattice,1100110000000011100001000100000000001000111111011011111111111101110000100011110101001100000000001000000001000000000010001111111111111111111111011101101111111111110111001010111111011111110111111111111111001100001000111001110111001011111111011101110000101111110111011100001001111101010011000000001010000100110000000011100000000000000000001000110011000010001111011101110010111111111111001100000000111001
8820185318225094804,20,meet_semilattice,1111111110111101110001100111001101000000001000110011010000000011011100110100000001111111001111000000001001110011010000000000001000000000000000000011001101000000011111111011110011001111111111111111110000000010001000000000000000100011010000000011011100111100000000000010000001000000111111111011111111000111111110111101110001111111001111001000011111110011110011001111111111111111111101111111101111001101
1206714312403547340,20,meet_semilattice,1001010110111111111011011101111111111111111111011111111111110001000100001100000010011101111111111111000001011010110000001101111111111111111100000001000011000000000000011010110000001001010111111111111100000000001011000000000101011011111000000000000000001000000000000000000011000000000101011010111000000001010110111111111000010101101111101010000101011011111011100001010110111110001010010101101111111111
147317381554220108,20,meet_semilattice,1000000000010000100111111111111111111111101111111111111111111001000011010000100110011111111111011111100101101111110011111001001011111100101110010111111111011111000000001001000010001000000011010000100110010000111111001011000000000001000010001001000011011100100110000000110101001001100111111111111111111001011011111101111100000000000000001000100100001111110011111001000011011100101100000000000100001001
-3571657401900454148,20,meet_semilattice,1111111110111111111101111111101111111111001111111011111111110001010100010000101000011101000100001010000001000000000000100001111110010100101000000001000000000010000111011001000010101111111111111111111100011111101111111010000000010001000010100001110110011100101000011101100101001010000111011001111010100001111110011111101000000001000000001010000111111011111111100000000000000000001000011111101111111011
8114041437085056888,20,meet_semilattice,1010010111010101011001101101111101010110001000000000000000001111110111110101011100101101111101010110001001010100000001001111111111111111011100100001000000000000001001011101000001000010000101000000010000100101111101010110001001010101000001001111110111111111011100100101110101000110111111011111011101110010010111010101011000101101111101011110001000010000000001000010010111010000011011101101111101010111
4626661736129115531,20,meet_semilattice,1110111001100110101101000010001000000000001000100000000000001111111001100110101101101010011000101010011001100110001010100000001000000000000011111111011001111111111111111110011111110110001001100000001000000010001000000000111111111111011111111111111111111111111101101110011001101010011000100110001000101111111001100111111101100010011000101010111011100110011011110110001000100000001001101110011001101011
1614517789700722040,20,meet_semilattice,1111110110111111101101001000100110101001011110001001101010110101100010011010101100001000100000001000011111011011101110110111111111111111111101111001101110111011000000001000000000000111110111111011111101111000101110101011000000001001100010000000000010001000100001111101101111111011000000001001101010000111100010111011101100000000100000001000011111011011101111110100100010011010101100001000100110101001
-6017904688871804646,20,meet_semilattice,1000000000001000000011111110011111111110101100100111111101101001000000101001000010111110011111111110101101100111111101101001001000111111001011111111111111111111111111101111111111111001001001111111001000000000001010000000100100000011101100000000000000001000000010010000001111110010100100000010101100001000000000101001000010110110011111111110100100100111111101101001000000111011001011111110011111111111
-8110146998672697146,20,meet_semilattice,1010100101100000000011111111011011001111001010010110000000001011111101101100111100001001000000000000101011010110110001111010111101101100111100000001000000000000111111111111111111110000100101100000000000000001001000000000111111110111110111111010100101101100011110101001011001000000111111110111111111111111111101101101111110101101011011001111101010010110010001111010100101100100001110101001011001000001
8083713050831534712,20,meet_semilattice,1000000000001010000011110111011111111111101100100000101100001001001000001010000011111111011111111111101101110111111111110000001000001000000010110011000011110000101101111111111111111011001101111111111110110010001011110000101100110011111111000000000000001000000010110010000011110000000000000000101000001001001000001011000010110010001011111000101100110010111101001011001100111111111010110011001111111111
-5951922078162252685,20,meet_semilattice,1100111100011011111001001011000010010110111011110101101111101111111111111111111100001000000000000010010011110000100111100000001000000000001000001011000010010110111011111111111111111100111101011011111011101111011111111110010011110001101111100000101000001000001011101111010111111110010011110000101111100000101000001001001001001011000010011110000010100000100001100000000000000000001011101111011111111111
8747522439927838362,20,meet_semilattice,1010001010010010000011111010101111110111001000000000000000001011001010010010000010111010101111110011111111101011111101110010001010000010000011111111101111110111001000001000001000001111111011111111111110110010101111110011001000101001001000001011001010011011000010110010100111110011001000000000001000001011001010010011000011111110101111111111101110101011111101111011001010011011001010110010100110110011
4491186206079114651,20,meet_semilattice,1111111111111111111101111011101111011111001100111011110101110001000110001001010000111011101111011111011111111011110111110001001110111001011100000001100000000100000000001000000000000111111111111111111100010001101110010100000100011001100101000000000110001000010000010011101111010111011111111011111111110000000110001001010000110011101111011111000000001000000001000001000110111001011100010001101110010101
-3414903707563657389,20,meet_semilattice,1011001110001111000101100011100011110000001000111000111100000011001110001111000011111011111111110101111111111111111111010000001010001111000000000001100011110000000000001000110100001111001111111111000111110011101111110001101100111001111100010000000000001101000000000000000001010000000000001000111100000000000000000001000011111011111111111101111100111111111101011111111111111111111100110011100011110001
6737791777836652718,20,meet_semilattice,1011101111111011110111111111111110111111001010011011100111010011101111111001110100001000001110010101101111111111101111010010101111111001110100001001001110011101000010011011100111010000100111111001110100000000001000010101000000000001000101010000000000111001010110111111111111111111001110111111101111010000000000000001000100001000001110011101000000000000000101011011111111111011111100000000000000000001
2966519088806028821,20,meet_semilattice,1110010010101100101001100000100000000000001000000000000000001111111111111110101111101100111011001010011001001000000000000110011010101100101011101111111111101011001000001000000000001110010011101100101001100100101011001010111011101111110010100110010010001100001001100000100001000000111011101111111010101110111111111111101101100100100000001010111111111111111111110110010010000000001011101110111111001011
7354801649649575345,20,meet_semilattice,1111111111111111111101000000000000000010011011011100010011100111111111111110111101001100010001001010010001000000000010100100111111001100111001001101110001001110010011001100010011100100010001000100101001101111111111001110011011111101110011100100110111001100111001000000000001001010011011111111111011110111111111111111111101000000000000001010010011000100010011100000000000000000001001101111111111001111
1310271244876026994,20,meet_semilattice,1000000000000100001011100100101101110010101000000000010000101111010011111111011111111101111111111111101001001011011100101111111111111111111111110101111111111111101000001010010100101110010011110111011110100000001001000010101000001011011100101110010011111111011100000000000001000010101000001010011100101010000000000101001011110100111111111111111001001011011101100000000000000000001011100100101101110011
7785145144142828539,20,meet_semilattice,1001000000000000000011011000000000111010101100000000001110100001000000000000000010011000000000000010111111100111111111101111101000101011111011111111111111111110111111101111111111101111101001101111111011011000001000111110111110100111111111101111100000101011111011111000001011111110100100000000001010101001000000000011101010010000000000001010100100000000001111101001000000000000001011111111111111111111
-8593710840747161648,20,meet_semilattice,1110010110001101000001100000000001000000001000000000000000001111010111101111111011111111111111111110011001011000110100001111011111101111111001100001000001000000011000011000110100001110010111001101000011100101111011111110111101111111111111100110000100001101000000100000000001000000111001011100111100000110000100000101000011100101110011111010111001011100110101101110010111001101001011111111111111111111
8752033008678615670,20,meet_semilattice,1000000001110011110111001100011111111111101111000111111111111001110001111111111110001000011101111101100011000111111111111111111111111111111110111101111111111111101111001111111111110000000001000000000100000000011100101001000000000101000000011000100001111111111110000000011101111101000000000101001000010000000001110011100100000000010100101001000000000111001111011000100001110111111100000000000000000001
4453942897565529518,20,meet_semilattice,1010011111111111110111110111111111111111001001111111111111011011011111111111110111111111111111111111000001001000111011000000011111111111110100000101100111101100000000001000011011000000010111011110110100000101111111111101000000001001011011000000000010001110110000000000000001000100000000000000011011000000010111011111110100000000000001001100000000000000000001001011011111111111111100000000100011101101
-8915631386502483348,20,meet_semilattice,1000010000000000001011111110101100110011101011000011000100111001111000110001001110001100001100010011000001000000000000101000111000110001001111111111111111110111101111101011001100111011111011110011001110000100001100000011100001000001000000111111111011111111011111111110101101110011101111100011001100111000010000110001001111111111111111111111111111101011011101110000000000000000001010000100000000000011
-4077491035919552783,20,meet_semilattice,1111111111111111111101101010111101111111001010001111011111110011101111110111111100001000101001010000011111111111011111110010101011110111111100101011111101111111000000001000000000000000100011110101011000000000101000000000000010001011010100000111111111111111111100000000101001010000000010001111011101100000000010100001000000001000111101111110000010001011010101000000100010110101001000001000111101111111
-8091926997509447771,20,meet_semilattice,1000000000100000000011110101111011101110101101010110111011101001010101101110111011111101111011101110100001000010000000001111011111101110111010000101011011101010101101011110111011101000010001100110101000000000001000000000111101111111111011101000010001101110101000000000001001000000100001000010011000101111111111111111111110000100001001101010100001010110111011100000000000100100001011111111111111101111
-7760863425798028307,20,meet_semilattice,1111111111111111111101000100101110001001011011011011110011010111110110111100110101001101101110001101000001000000000000010111111110111100110101000101101110001001000001001000100000010111111111111101110100000100101010001001000001001011100010010000010000001000000101001101101111001101011111111111111111010111111110111101110100000100100010001001010001011011100011010111111111111111111100000000000000000001
7013417866703905520,20,meet_semilattice,1000100100000001000011011011010001110110111110111100011101101001101101000001001000001001000000010000111111111101011101100000001100000001000000000001000000010000110110111100011101101000100101000001000011111111111101110110111110111101011101101111111111111111011110011011010001110110100110110100001101100000000000000001000011111111111111111111100010110100000101101000101101000001001011111111111101110111
6274415227516408765,20,meet_semilattice,1000000001001110000011000100110111100111111001001101111001111111110011011110111111101100110111100111100001000101111000001111111111111111111111111101110111101111100001001101111000000000000001000000000011111101111111111111100000000101111000000000000001001110000000000000010001100000000000000100001000001111110011011111111111101100110111101111100001001101111001001000010011011110011010000100110111100111
8992925250635607105,20,meet_semilattice,1000000000000000000111001100011101010101111111110111011111111101111101110111110110001100011101010101100001000101000001011100111001110101010111001111011101010101111111111111111111110000000001000000000110000100011101010101100000000101000001011100111101111111110110000100010101000101110011110111011101011000010001010101010111001111011101111101100000000100000001011101111101110111111100000000000000000001
-4790665894269902562,20,meet_semilattice,1110000000010001010101100000000000000000001000000000000000001111001101110111110111111111111101111111111101110111011111011110001101110111110111100001000100011101111101111111011111011110000101010011110111100001011101111101011000000001000101011111011111111111110111100001000101111101111000010001001111010110000000000001000111100000000100011101011000000000000101011111011111110111111101100000000000000001
-4947072134306525651,20,meet_semilattice,1000000000000000100011010010011101101011111111100111111111111001001000100000101011011110011111101011110101100111111010111000001000100000101011111111111111111111111111101111111111111001001001100010101010000000001000001000100100100111001010111101001001111110101110010010011001101011100100100010001010101101111001111111101100000000000000001000110111100111111111111000000000100000101010010010011000101011
-9220998983301452963,20,meet_semilattice,1010000000000001000111101001101000011001001000000000000000011111100110100001100110101001100000010001111111011010000110011111111110100001100110100001000000010001101000001000000100011111111111100001100110101001101000011001111111111111000110011111111111111111111111111111111101011111111111111111011111110010000000000001000110101001100000011001111111111111000111011111111111110001111100000000000000000001
331945166322971526,20,meet_semilattice,1110010011011011010101000000100000000000011000001000000001001111111111011111011111101100110110110101011001001000000101001110111011011111011111101111110111110111000000001000000000000110010011011011010111101110111111110111011001001001101101010110010010001011010111101100110111110101011001001000001101000110000010000001010011111111111111111111000000001000000001001110110011011111011101100100100000110101
-9201035722323881802,20,meet_semilattice,1111011111010111010101100111110001110100001001111100011101000111011111010111010111111111110101110111000001011100011101000000011111000111010000000001010001000100000000011100011101000000000001000000000011111111111111111111011001111101011101011111111111011111011100000000010001000100000000010100011001000000000001000001010011111111110101111111000000000100000001000111011111010111011101100111110001110101
6226042930680117213,20,meet_semilattice,1111001110010100001101110000000001000011001100000000010000110001000000000000000011111011100101000011111111111111011001110111001110010100001101110001000001000011011100011000010000111111101111110100011111111011101101000011011100011001010000111111111111111110011100010000000001000001111110111111011001111111111111111111011111111111111111111111111110111011010001110001000000000000001100010000000000000001
5084064104091987737,20,meet_semilattice,1000001110100101100011010111111111111111111111111111111111111001011110100101100110011111111111011011100001111010010110010000001100100101100000000001001001000000000000111010010110001001011111110101101100000000001000000000100101111011010110011001011111111101101100000000001001000000100101111111111111110000000100100101100000000001001001001000100101111111110111111001011110110101101100000001001001001001
1955317546945733219,20,meet_semilattice,1000111011011110011111111111111111111111001011101101111001111011111111111111111100001000000010000000000011000000111001000000111010001110010010101111111111111111000011001000111001000000111011011110011110001110111111110111000011101001111001110000000000001000000000001000000011100000000010000000101000001000111011011111011110001110111111111111000010000000111001000000111010001110011000001110100011100111
6425369600392082304,20,meet_semilattice,1011010100011001110111111111111110111101001100010001000100010001000100000000000000111111100110111101001101010001000101010011011100011001110100000001000000000000001101111001101111011011111111111011110100111111101110111101000100010001000000000011010100011001010111111111111111111101001101110001101111010001000100000001000000110101000110011101001100010001000101011111111111111111111100010001000100000001
1484604085353930113,20,meet_semilattice,1000100001001010000011111100111111111111101010000100101100001011100001011011000100001000010010100000101111000101101100011111111011111111111111111111111111111111101111001101111111110000000001000010000010111100011111111101101010000101101100010000000001001010000010111100010111111101000000000000001000001000100001001011000010111100010110111101101111000101101101011011110001011111111110101000010010110001
808067076291746688,20,meet_semilattice,1101011100110010111001000000000000000000111111111011011111110101010100000000111011011111101101101110010001000000000011100101011100100010111001000101000000001110110101111011001011101101111111110111111101010101001000101110010101110011001011101111111111111111111111010111101101101110010101010000001011101101111110110111111001000000000000001000010000000000000011100100000000000000101011011111101101111111
-6744514054006291743,20,meet_semilattice,1000000000000000000011000000010010000000111010000100110100001111100101111101000011001000010011000000111111110111111110001111101101111111000011101001011111010000111110111111111100001000000001001000000011101000011011010000111010000101110100001000000000001000000011000000010011000000111110010111111100001100100001001101000011111011011111111000111111111111111111001111111111111111111111111111011111111001
1494802128047392633,20,meet_semilattice,1111111111111111111101100000001010011000001000000000000100000111111111111111111101101010001010011100011011111011111111100110001000101001110001101011001110111110011010111011111111100110111111111111111100100000001010010000011010100011101111100010000000001001000001100010001011111100011000100010101111000000000000000001000000100000001010011000001000000010100111000110001000101011111001101111101111111111
5166212636483691375,20,meet_semilattice,1111011111101011100101010111101000011000011101111110000110000001000000000001000011111111111010111111000101011000000100000001011110100001100000000001000000010000000100011000000100000101011111100001100000010101101000010000111111111111111111110111011111101011100111111111111011111111011101111110001110010000000000000001000000010101101000011000111101111110101111110111011111100011101101110111111000011001
3484155055605945844,20,meet_semilattice,1001111111111100100111111111111111101101101111111111111011010001011100101000000100011111111011001001000001100010100000010000001000001000000000000111001010000001000001111010100000010001011111101100000100000010001010000001000111111111110010010000000000001000000000010111101011000001100111111111111011011011111111111111110100010111101011001001000111111111110011011011111111111111111100000010000010000001
845956160577995883,20,meet_semilattice,1110111111111111100101000100000101000000011011101101111010010111111011011111100101001100110111001001000001000000000000000100111011011100100101101111110111111001010001001101110010010100010001011100100001101111111111111001000001000001010000000000010000011100100000000100000001000000010011101101111010010110111011011111100100000100000001001000111111111111111111111111111111111111101101000100010111001001
8409192238058627945,20,meet_semilattice,1011010101111101111111110101111111111111001001000100100001010011010101111101011111111101111111111111000001000100100001001011011101111111111100100101011111010111001101011111110111110000000001000000000000100100011010000101001001000111110001010000000001001000000000100100010011000101101101010111111111110010010001111101011100110101011111011111000000000100000001000010010001111100011100000100010010000101
2796502040095846148,20,meet_semilattice,1000000000101000100011000000001010001000111110101110111110001101000000101000100011011000001010111000111111101110111110101101101011101111100011111111111011111110110110001110101110001101100001101011100000000000001000000000111111111111111111100000000000101000100011011000111011111000110100000010101010001101000000101011100000000000001000001000111111101110111111101111101011101111101011111111111111111111
3219261269385104470,20,meet_semilattice,1110111110111111100101101111101111111000001011111011111110001111111110111111111100001001101111101000000011111011111110000000101110111110100000000001000000000000000000011011111010001111111111111111111100000001001011101000000000010011111010000000000100001100100000000001000001001000000000010000111010000000101110111111100000000001000000001000111011111011111111011110111110111111111101101111101111111001
-5730893227453878168,20,meet_semilattice,1011111111111111101111111111111111111011001001111111011110110011011111110111101100111111111101111011000001101111001110110000001000000011001100000111111100111011000000101000001100110000001011000011001100000010111000110011000000101111001100110011111111111111101100000111111101111011000000000000001100110000000000000001001100000010111100111011001111111111011111110000000000000000001000000000000000000011
-3786689729642882557,20,meet_semilattice,1100000000100000000001000000001000000000111111100011100100111101010000101001001011011110001110010011110001000010000000001101011000111001001111111111001111011011111111111011110111111111111101111101101100000000001000000000110101000011100100101100010000101001001011111110001111010011111111110011111111111100010000100001000011111110001111011011111111110011110111111100010000100001001011010100001110010011
7763482515361162029,20,meet_semilattice,1111100111111110111101100001110000100000001000000000000000000111000111011010000101101001110100100001011111011111111011111111111111111110111100100001110000100000001000001000000000000010000011000010000001111001111111101111011000011101001000010110000111011010000101111001110111100001001000001000001000001111100111111111111101111001110111101111011100011101101001010111100111011110011101100001110000100001
2553528663733245582,20,meet_semilattice,1111101001111101000001000000010000000000011100000110000100000101000001000001000001111010011000010000011111100111010100000111001001100001000011111111011111110110111111101111111101100000000001000000000001010000011000010000011110100111000100000111101001111101000001111010011101010000111111100111111100000000000001000001000011111111011111111110111111100111111101100111111001110101001011111111011111110111
4670407207673015950,20,meet_semilattice,1111110101011001011101001000000000000001011111010101100100110101100000001000000100001000000000000001010111000000100000111111111111111101111101011101010110010011111111011111110111110101110001001001001111111101011110010111010111000001100100110100100000001000000111111101011111011111111111011111111111110101110000001001001111111101011110011111010111010101100101110101100000001000001100000000000000000001
949291028595186057,20,meet_semilattice,1111111111111111111101010000000000100111011100100000001001110001000000000000010001111111101111101111011101101010111001110101001000000010011101110011101011101111011100101010101001110111111111111111111101110010001010100111011101101011111011110111001000001010011101110010101011100111000100000000001001110111011010111111111101110010101011101111000000000000000001000001000000000000011100010000000000000101
-3555021523751880366,20,meet_semilattice,1000000000000000000011111110111111011111101000101100000000001011011011110101101110111110111101011011101001101101010110011000001010000000000010111111111111011111100000001000000000001000001011000000000010100110111101011001101000101101010110011011011011111101101110100010110001011000111111101111111111111010001011000001000010100010110000011000101111101111110111111010011011110101101110100010110000011001
-8435481197960088434,20,meet_semilattice,1111110111111111111001111001111111101110001000001110011011000011100111110110110000001000111001101100011111011111111011100111111111111111111100001001111001101100000000001110011001000000000001100110010000000000001000000000001010011111011011000011100111111110110000000000001001000100000000000010001001000111110111111111111000000000111001101100000000000010000001000011100111111110111001111101111111111111
643112615528471358,20,meet_semilattice,1011111111110111111011111111111111111111001000010000010011100011111100110100111000101001001001001110001011010010010011100010111100100100111000000001000000000010001111111011011011100011111111110111111000000001001001001110001011110011010011101011111111111111111000000001000001000010001111110011011011100011111110110111111000000001000001001110000000010000010001100000000000000000001010111111111111111111
3386864792761143386,20,meet_semilattice,1000000000000000000011000000010000000000111001110101001110001111111111111111111111101111010110111000110001110101001110001100001101010011100011000001010100101000111011111101111111001000000001000000000011101111011111111100100000000101000000001110011101011011100011101111010111111100110000000101001010001100000101010011100011000000010100001000111011110101101111001110111111011111111011101111111111111111
9067993822268506428,20,meet_semilattice,1111101111111111111101000000000000010000011110000001000100010101000000010001000001011000000100010001011111111111111111110111101001011101010101111011011111111111011110111111111111110111100001010001000101111010011111111111010000000001000100000111100000011001010101111000010111010101011110100101111111010000000000000001000001111010010111011101010100000001000101010111101001011111111101010000000100010001
5756979140666696972,20,meet_semilattice,1010100100001000001011101111000110110111001010010000100000101111111111111111111100001001000010000010101011110001101001111010101100011000001000000001000010000000111011111011111111111110111111111111111111101111001111111111101010010001100000100000000000001000000011101111000111110111101010110001101001101010111100011011011111101111000111111111101010110001100001100000000100001000001010101001000010000011
3560146803813621719,20,meet_semilattice,1100001110001100000101000010100011000001111001111100111111011111111111011111110111101111110111111101110001111100111111010000001000000000000001000011100011000001000000101000110000011100001111001110110111111111111111111111111001111101111111010000001000001100000100000010000001000001110000111000111000011100001110001111110111000011100011001001110000111000111011011110111111011111111100000010000000000001
-121264505084764910,20,meet_semilattice,1111011011000100111101000000000000000000011000000000000010000111010001000000101011111111111011111111011001000000000010000111011011000100111111110111110011001111010000001000000010000110010001000000101011110111111011001111111111111111111111111111011011001100111101110100110001001111111101111100111011111111011111101111111101000000000000001000011101001100000011100110010000000000101001110100110000001111
2635612543730285911,20,meet_semilattice,1010001000010000000111100111000101011101001000100001000000011111011100010101110111111111000111011101101001100001000000010000001000000000000010100111000101001101111111111111111111011111111101111111110111111111001111111101000000100001000000001110011100011101110110100110000101001001111111110001111111011010011000010101100110100110000100001001101001100001010011011111111101111111111100000010000100000001
7111663773880215797,20,meet_semilattice,1000001000010000001011111111001111111111101010100001110001111011101100011100011110001010000101000011101111110011111001110000001000010000001010101011000111000111111111111011111111111111111111111111111110111011001111000111000000000001000000001000101000011100011110000010000101000010101110110011111001111011111100111111011110111111001111111111100010100001010001110000000000010000001010000010000101000011
-725989182739408900,20,meet_semilattice,1010010110110111110111110111111111111111001000011001011011011011011110111111110110111111101111111111001001011001011011011010011110110111110100000001100101000000000000001001010000001011011111111111111100100101101101111101000000000001010000001010011110111111110100000000000001000000000000011001011001010010010110010111110100000001100101101101000000000001010001011011011110111111111100000000000101000001
2089061600830222375,20,meet_semilattice,1010001000000011010111111011011100111111001000000000000000001011101100110011111110101010000100111101111111110111101111110010001000000011010110101011000100111111111111111111111111111010101001010011111110101010001100111111101000100001001111011111101101111011111111111011011101111111001000000000001000000010000000000011000100100010000000111101001000000000001101011010101000010011111100100000000000000001
8249387443225266929,20,meet_semilattice,1000000000010000000011101000101111110001101010001011001100011111111111111111011110001000000100000000111011001011111100011110111111111111011111101101111111110111100010001001000000011110110011111111011110001000101100100001000000000001000000001010100010111111000110001000101101110001100010001001001000011000100010110011000111111111111111111111101010001011111101011110110010111111011110001000000100000001
-8191140385185850635,20,meet_semilattice,1001010001000001101011111100111111111111101111000101101111110001010000000001100010011100010110011111000001000000000100001111111011111111111111111101111111111111101111001101101111110001010001000001101010111100111111111111100101000101000110101001010001011001101010111100110111111111100111000101101111110000000000000001000000000100000000011000100101000101100111100001010000000001101010010100010110011111
-1885483884714211606,20,meet_semilattice,1000000000000100000011000000001001100010111111111111111111111101011111101111111111011111111111111111110001000010011000101100011000100110001011000111111011111111110001101010011001101100011011101111111110000000001001000010110101111111111111111100011010101111111000000000000001000000100000000010011000101100011010100111111011000110101001101110110001100010011001100000000000000100001011000110101011111111
5718320387521583582,20,meet_semilattice,1111010100111011001001110100000110010010001100000001000100100001000000010000001001111101001111110010001101000001100100101111111111111111101101110101001110110010111111011111111100111111110101111111001101110100001110110010000000000001000000100011000000011001001001110101001111110010001101000001101100100001000000010001001011111101111111111011111111011111111111110000000000000000001011111101001111110011
5662453484332872862,20,meet_semilattice,1011111000111110111111111110001111101111001000000000101000100011111000111010111100101010000110100010001011100011101011100010001000001010001010111111101111111111101111101011111111111111111111111111111100101010001110100110001000100001101000100000000000001000001000111110001111101111000000000000101000101011111000111111111100101010001110101110001010100001101001100000000000000000001000101010001110101111
8918716273928960938,20,meet_semilattice,1011111011110111011011111111111111111110001000000000000000000011000000100001000000111000101000010000001111101111001101100011101010100001000010111111111111110110001100001010000100000011101011100001000000100000001000010000001110101111000100101011111011111111011000111110111101110110001110101111001100100010000000000001000010111110111111111110001110101111001101100011101010100001001011111111111111111111
-2771108087702223340,20,meet_semilattice,1101111011110111011101001010110001000111111111111111111111110101101011100100011100001010110001000111010111101111010001110000001011000100011111011111111101110111000000001000000000000000000011000000000001001010111001000111010110101111010001111101111111111111011100000000110001000011010111101111011001110101111011110111011111011111111111111111000000001100010001110000000011000000001100000000110000000001
3469064663965293804,20,meet_semilattice,1111111111111001111101100010000100000000001000000001000000000111001000010000000001111110111100001101011101101111000011010010001000010000000001111111111110011111011100101101000010000111001001010000000001110010111100001000000000000001000000000111111011111001111111111111111111011111111111111111111111110111111011110001111101110010010100001000011100101111000011010111111011110000111101110010111100001001
-1561473860060738374,20,meet_semilattice,1000010000111010101111000100001110101111111111101111111111111101111011111110111111001100001110101111000001000001100000011100111000111010111111111111111111111111110011101111101011111100111001111010111100000100001110100001000000000001000000010000000000011000000111001110111111101111000001000001101000011101111011111111111100000100001110101011100001000011101011110000010000111010001100000000000000000001
-3000052272342452813,20,meet_semilattice,1000000000100000100011010001011110001011101100010111100010111001000100101000100011011001011110001011111111011111100011111111111111111101111110000001001000001000111110011111100011111001000101111000100000000000001000001000100100010011100010001000000100101000100011111101111111011111111111111111111111111111110111111001111100000000000000001000111110010111100011111001000101111000101110010001011110001001
7872941755476644293,20,meet_semilattice,1100111110101111010101001000000000000000111011111111111101011111111111111111111100001000000000000000010011111010111101010100101100101111000101001001001011110001010010111010111101010100101101101111010101001000001000000000110011111111111101010100100000101000000101001000001011110001010010000010101100010100100000101001000111101111111111111101010010110010111101011110111111111111111101001000001000000001
7550852532434949124,20,meet_semilattice,1111111111111111011101111111111111110111001000000000000000000011100010000001001100101000100000010011001111101111111101110011101011110101001100111111111111110111001000001000000000100011100011110101001100111000101101010011001010001001010100110011101011111111011100101000100001010011001110101111011100110010000010000001001011111111111111111111001110101111011101110010000000000000001000100000100000010011
-7917450130276496293,20,meet_semilattice,1000000000000000110011011101111111101101111111111111111011111001010100101110110110011101111111101101100001010010101011001101111111111110110110000001000010001100100101011010111011011001010101101110110110000001001010001100100101011111111011011000000000001000110010000101001011101100100000010010101011001111111111111111111100000000000000001100000000000000000001001101111111111110111110000101001011101101
-8151900815563771970,20,meet_semilattice,1000000000000000000011000000101000001000111101111011111110011101000110111111100111111111111111111111110101011011111110011101011110111111100111000001101111001001100000001010000010001111011111111111110110000000001000001000110000001011000010001100000010111100100111000000101101001000110000011011111010011100000010110101100110000000000000001000110100011011111111011111011111111111111111000000101101001001
1009607929993032276,20,meet_semilattice,1111011101001011001101110010000010010010001100100000100100100001000000000000000011111111010110110011011101110000101100100001001000000000000001110011000010010010111111111111111111110111011101001011001111111111011111111111111101110101101100110001001000001001001011110111010111110011011100110000101100100001001000000001000011111111010111111111111111110101111101110001001000000001001001110111000010110011
-5651581256007417842,20,meet_semilattice,1101111011110110111001010000101000100100111111111111111111110001000010100010010001011110111101101110010101101010011011100101001010100010010011011111111101111110000000001000001001000101011011110110111000000000001000000100010101101011011011101101111111111111111001010010101001101110000000000000001001001101111011110111111001010010101000101100000000000000000001000101001010100010111011011111111111111111
5146015360557806711,20,meet_semilattice,1000100001010000001011001010111100011111111010101111100111111111111111111011111100001000000000000000111011101111100111111000101011110000111111101111111110011111100010001111000010100000100001000000000010001000011100000010000010000101000000101000101011111000111111101111111111111111111011111111101111111000101011110001111110001000011100001010100010001111000011110000100001000000001010001000111100001011
4281520340644319778,20,meet_semilattice,1111011101111111010101100100010000010000001000000100000100000111011101111111000111111111011111111101000001000100000100000110011101111101000101100101010100010000111111111111111111110000000001000001000001100101011110010001011001000101000100000110010101011001000101100101011111010001011001010111111100010000000000000001000011110111011111111101011101110111111101011111011101111111111101100101010100010001
-7994613235758600775,20,meet_semilattice,1111111101110111111101101110001101101101001011100000001011000111111100110110110100001000000000000000000011000000000010000000111000000010110001101111001101101101011111111111011111110110111101110110110100101110001001101101001011100011011011010111111101111111111100101110000001101101000011000000001011000111111101110111110100001000000000001000000011000000000011000111111101110111111100101110000000101101
-4526211447861434429,20,meet_semilattice,1000111100000001010111101111101111011111101011111011110111111111111110111101111100001000000000010101000011100000000101010000101000000001010100001111000000010101100011111000000111111111111111111101111110001111101000011111100011111011010111111000111110101001111110001111101001011111111111111011111111110000000000000001010010001111000000011101000000000000000001001000111100000001111100000000000000010101
1195175789680447731,20,meet_semilattice,1111100111111111111101111001111111111111001110011111111111110001000000000000010000011001111111111111111111111111111111111111101111111111111100010001010101110101000100011111111111010001000001000010010100010001011111110101000100000101011101010001000101011111010100010000000001100101000100000000001001000001000001000011010100010001011111111101000000000000000001000001000111111111111100010000000000100101
6439879360823473347,20,meet_semilattice,1000100011001000010011111111111111111111101111101111101011111001111011111010111000001000010000000000100011001110100011001000111011101000110010111111111110101111000010001100000001000000000001000000000010001000111010001100100011101111101011100000100011001000010010111111111111111111100011101110101011101001111011111011111110001000110010001100000010000100000001001000111011101000111010011110111110101111
3355259455129893764,20,meet_semilattice,1100011010111100110001000000000000000100111111111111111111101101011110111100111011011111111111111110010001000011000001000100011000111100110011000111101111001100010001001011100001001101011111111100111001000000001100000100000000000001000001000100010000111000010001000100001111000100110101111111111111101101011111111101111001000100001111001100000000000000000001001100011010111100111011111111111111111111
8126113923097143910,20,meet_semilattice,1110111111111111111001000011000011110110011010111001111101100111101110011111111001001011000011110110011011111011111111100000001100001111011000000001000010000000010010111001111101100110111111111111111001101011101111111110010010110001111101100000000000001000000000000001000011000000000000010000111101100000000100001101011001101011100111111110000000010000110001100000000100001100001011111111111111111111
6618746522694070973,20,meet_semilattice,1011011110111111111101110111101111111111001101000011011110100001000000110111101011111111101111111111000101000011011110100011011100111111111100110101001111111111001101111011111111111111111111111111111100000000001001110010000000000011011110100011010000111111111100000000000001110010000000000000001000100000000000000011001000000000000001111010001101000011011111100000000000000000001000110100001101111111
-4859900219587537374,20,meet_semilattice,1000010000011000010111111111011111111111101011110101101011111011111101111110111110001110000110000101000001000000100001011000011000011000010110001111000110000101111111111111111111111000111101011010111110101111011110101111000001000001100001010000000000001000010110101111011111101111100011110001101011111010111101111111111110001111000110001101000000000000000001001000111100011000111100000000000000000101
-5957436435342596951,20,meet_semilattice,1111111110110111111101101000100000110111001000001000000101000111100010000011111100101000100000110100011111101001001111110111101010000011111101111111101101111111000000001000000101001111111111110111111101111110101100111111011110101001001111111111111111111111111101111110101101111111000000001000001101000000000000000001000001101000100000111111000000000000000101000010100010000011011100101000100000110101
5994780942026338402,20,meet_semilattice,1111111111111111111001010011110111001100011110111101110111000001000110010100110001011011110111001100011111111101110111000001001110010100110000000001100101000100000000001001000001000001001111010100110001111111111111011110000000000001000000000001001111011100110000000000100101000100011111111111111111100101101111011101110000000001100101001100000000000001000001000111111111011101111001111111110111011111
-5162361225363455117,20,meet_semilattice,1111111111111111111101111110111110101111001001100100100000000011011001001000000000111110111110101111000001000100100000000000001001000000000001111111111110101111001101101100101000110000000001000000000000110110111110101111001101101101101011110000000001001000000001111111111111111111001101100100101000010111111111111011111100110110010010101011001101101100101001110011011001001010001100110110010010000001
-4395328755304647785,20,meet_semilattice,1011111001001011011111111110110011110111001011100000100001010011111000001010011100001000000000000100000001000000000001000000111000001000010111111111111011111111101111101100101101110010111001001010011111111110111011111111111111111111111111110000110000001000010110111110110011110111001011100000101001010011111000001011011111111110110011111111000000000000000001000010111000001010011100001100000000000101
6905961508204141686,20,meet_semilattice,1000001000010000100111111111111110111111101111111011101111111001111110111011111110001010000100001101100011101011001011010000001000010000100110001111101100101101100010101011000011011001111111111011111110001010001100001101000000000001000000011000111110111010111111111111111111111111100010101011001011011000111110111011111100000000000100001001100000100001000011011000111010110010111100000000000000000001
-8662942010002910992,20,meet_semilattice,1010100000010000000011111011001101000110001000000000000000001011101100110100011000101000000000000000111111110011011001101010101000110100011010101011001101000110111111111111111101101111111101111111011010101000001101000110001010000001000000001111111100111110011010101000000101000110111110110011011001101111111100111111011011111111111111111110101010000001000001001010100000010000011011111111111111111111
683931650294722887,20,meet_semilattice,1011111111100111111111111111111011111111001111111110010111110001111010100101101000001110101001011010000001000000010110000000011010100101100000011111101001011010000001001010010110000001111111100101111100000100001001011000111111111111111111111011111111101111111100000000000001000000001111111110011111110000000000000101100000000000000001001000000111111010010111100000011010100101101000011111101001011111
-8082124573473321793,20,meet_semilattice,1010010000010101000011100100010101110000001000000000000000001111010001010111000011111111011111111010001001000000000000001111011101011111000011110101010111110000111111111111111111101010010001010111000011110101011111110000001001000001000100001110010001011111000000100100000101010000101001000001011100000010010000000001000011110111011111111000111111110111111111101111011101111111101011111111011111111011
-5800673528121405364,20,meet_semilattice,1001111001100100101011011110111111011110111111111111110111100001000000000000100000011000001000001000000111000010000010000001111000100100101011011111111111011110100111101111110111100001111001100100101000010000001000001000100111100111110111101001111001101100111000011100001001001000111111111111111111111001111001101101111000000000000000001000100111100110010011100001110000100100101011111111111111011111
754323118507464438,20,meet_semilattice,1011101111101101101011111111111111111111001110111110110110100001001111100101101000011011111001011010101111111110111110100000001100000000000000000001000000000000000000111000000010100000001111100101101000000011101000001010101111111111111110110001101111101101101000000011101001001010101110111110111110100000001110100101101000000011000000001000101111111111111111110000001100000000001010111011111011111011
5506600709832977367,20,meet_semilattice,1000000000001100000011100010101111101011101000101011110010101111011111111111101111111111111111111011111001101011111010111000001000001100100011100111111111111011100000101001110010001110001011111111101110000010101111001000100000100001110010000000000000001100000000000000000001000000101000101011111010111110001010111111101110000000000011001000111101111111111111111000001010111100101010100010101111001011
4210275729543344089,20,meet_semilattice,1111001000100010100101000000000000100000011100100000001010010101000000000010100011111010001000101001111111111111111011010101001000000010100111111011111111101001111110101111111010011111101001100010100101110010001000101001111110100111001010011111101001111010100111111010011111101001000000000000001000001111111111111111110101000000000000101000111110111111111011011111111111111111111101010000000000101001
-5795263639472697574,20,meet_semilattice,1001100110111111000011111111101111111101101111111011111111010001100000000101000000001000000001010000100111111011111111001001101110111111110000011001101101110000000110001010010100001111111111111111111100011000001001010000000110001011011100000001100110111111000000000000000001000000000110000010011100000000000000000101000010011001101111111000100110011011111111001111111110111111111110011111101111111101
2152914560320561740,20,meet_semilattice,1010000100010100110111111111000111101101001000000000000001001011111100011110110110101111000111101101001001010001010011001010011100010100110100100001000000000100111111111111111111111111111101011110111111111111011111111111001000010001010011001010011100011100110100000000000001000100101001110001011011011111111101011111111100100001000001001100000000000000000001001111111100011110111100100001000101001101
-7499081964272404747,20,meet_semilattice,1101111101111111110101010110001100000001011111110111011001010001001000010000000101011111011101100101000101100011000000010000001000010000000001010111011100100001110111111111111111110101011001110010000100010010001100000001000000000001000000000101111101111110010101010111011101100001010101100011001000010101111101111111010101011111011101101101010101110111011001011101111101111111111100000010000100000001
5866575431946985661,20,meet_semilattice,1000000000000000000011101111101111011111101010111010110111111111111111111111111110001011101011011111101011111010110111111000001110101101111110000001000000000000100000011000000000001010111111111101111110000001101010000000101011111011110111111000000100001000000010000001101011011011101011111111111111111000000110101001000110000001101010011011100000011010100111111000000110101001001110000001101010000001
-8281892701862863082,20,meet_semilattice,1000000000000000000011111111110110111111101011000000100000001011111010011011111010001000000000000000100011000000100000001010111000011010101010111111100110111110101011101001101010101011111111011011111011111111111110111111101011000001100000101000100000001000000010111111100111111110101011000001101000101010111010011011111010101100000110101010101011101001101011101010110000001000001010111111110110111111
6397104039779103400,20,meet_semilattice,1000000000000000100111010100011101011001111111000111110111111001010000100101100111011100011101011101100001000000010110011111111111111111111111111101011111011111110111001111110111111001010001100101100110000100001001011001100101000111010110011101110001111101110110000000000001001001111111011111111111110000000000000001100000000000000000001000110101000111010111011101110001111101111100000000000000001001
-6901662710792987656,20,meet_semilattice,1111111011111111011101001000000010000000011010000000100000010101100001001010000100001000000010000000011111000110101000010111101001101010000111111111111111111111011111101110111101110100100001001010000101111000011010100001011111100111111101110000000000001000000001111100011011100001010010000000101000010111110001101111000111111110111111111111011111000110111101010111111001101111011101001000000010000001
209331554242032963,20,meet_semilattice,1011111111101111111101111111111011111111001111111110111111110001000001000000000000011111111011111111000101010100110000000001011101001100000000010001010010000000000101111110111111110000000001000000000000010101011011000000000111111111111111110001000001001000000000010001010011000000000101110110111111110001011101101101101100010111011011001011000101110110110111110001010101101100001000010111011011000011
7527492049762056888,20,meet_semilattice,1111111101111111111001110111011111100110001101000110110000000001000000101000000001111111011111100110000101000010100000000001011001101100000000110111011111000110011111111111111111100001010001101000000000000000001010000000001101100111110001100000000000001000000000010100011011000000001101110111111001100111111101111111111001111111011111101110001101100110110001100011011001101100001011111111111111111111
8711098299763501506,20,meet_semilattice,1000001000010001010011011111101110011110101111111011100111101001101110111001111010001010101100011110100111111011100111100000001000010000000010001011101110011110100000101011000101101111111111111101111010000010001100010110000000000001000000001000101010111001111010111111101111011110111111111111111111100000001000010001010010000010101100011110000000100001000001000000001000010000011011111111111111111111
5011225428478777427,20,meet_semilattice,1000001000000000000011000010000000000000111000111001001111001111011110111011111111111111111111111111111001111001001111110000001000000000000011000011100100111100110000101001001001001111011111111011111111100111101110111111110000100001000000001110011110011011111111110111111111111111110000100001001000001100001000010011010011000010100100111100110000100001001001001100001110010011111111000011100100111101
6152339627495927685,20,meet_semilattice,1010000010000100001011111000110001011010001000001000000000001011000010000101001010111000100001010010111111111100111111111111101011000101101011111011110001111111000000001000000000001011100011000101101011111111111011111111111111111111111111111111101111001111111100000000100001000000111110101100011110101010000010000101001010111000100001011010111110101100011111110000000010000100001011111000110001011011
-7762286772617474431,20,meet_semilattice,1001000101011010000011011101011111100010111111110111111011100001000000011000000000011001010110100000100111010111111000101101111101111110011000010001000110100000111111111111111111100001000101011010000010011001011110100010000000000001100000000000000000001000000010011001011111100010000100000001101000001111111101111111111011011111011111101110110111010111111001101001000101011010001011111111111111111111
-8428170734500816009,20,meet_semilattice,1010110100111011110011101101011110111110001001010010101111001011110101111011111000101101001110111100000001000000001110001011111101111011111000000101000010111000101111111111101111101010110101111011111000000101001010111000001001010011101111000000010000001011100011111111111111111110000000000000001000000000000000000011100000000000000000101000000001010010101111000010110100111011111011111111111111111111
3372244510554038707,20,meet_semilattice,1001010000000000100011111101000010011010001000000000000010000001000000000000100010111100000010011010000101000000000010001111111111011111111110111101000010011010111111011100100110111111110101001001101111111101111111111111111111010001100110101001010000001000100011111101110111111111111111010100101110111011010000001001100000000000000000001000111111011101101111111011010000001001101011111101000010011011
5208302093941391928,20,meet_semilattice,1000010001000010000011111110111111101111101101001111101000001001010001010010000010111110111110101111000001000100001000001011011011111010100111111111111111111111100101001111101000000000000001000010000010010100011110100000100001000101001000001001010001011010000010111110111111101111000000000000001000001111111011111111111110110100111110101000101101101111101011011011011011111010111110110100111110100001
-6045265516817618960,20,meet_semilattice,1000010100000000000011011101000100000110111111011111110111111001110100010000000010001101000100000000000001010000000000001111111111111101111100000001000000000000110111011111100101111101110101111000011011011101001100000110100001010001000000001101110100111000011011011101111111011111111111111111111111111101110101111001011111011101111110011111100111010001000001101001110100010000001011011101011110000111
-161153670987446193,20,meet_semilattice,1100010101111010010001000101011110100100111001111111111001101111111111111111111111101111111111101111000001010111101001001100011111111110011000000001011110100100110001011111101001000000000001011000010000000000011110100100000000000001000001000000000000011000010011000101011111100100000000000101101001001110111111111111111111100111111111101110000000000000000001001100010101111110011011100111111111101111
-1589587310059558454,20,meet_semilattice,1111111011011101000101110010010011010001001100000100110000010001000000000100000001111010110111010001011111101101110100010011001001001100000111111111111111011011011100101100110100010001000001001100000011111110111111011011011100101101110100010001000000001100000000000000000001000000111111111111111110110011000001001101000111111110110111011011111111111111111111110111101011011101001100010000010011000001
4545169526883311942,20,meet_semilattice,1111110011011010100101111100110110101001001101001101101010000001010000011000100000011100110110101000000001000001100010001111111111011011110101111101110110101001000101001001100010000001010011011010100011111111111110111101000000000001000010000000000000011000100011111100110111101101000101001001101010001111110111011011110100000000000000001000111111001101101011011111111111111011111100110100110110101001
-746806912449888748,20,meet_semilattice,1010101100101100110011101011001011101100001000000000100000001111101110101110110100101000000010000000111111111110111111010010101100001100000000101001000010000000111010111010111011001111101111101111110100101011001011000000111110111011111111010000000000001000000000101001000011000000001010110010111011001111101110101111110100101011001011001000001010110010110011001111101110101111111111101011101011101101
-3972397275157424086,20,meet_semilattice,1000000000000000010011000000000100100100111101101111101101101101000010011010010011111110111110110110110101101011101001001100001010011010010011111111111111110111110000001001101001001101011011111011011011010010101110100100100000000001001001001100000000011010010011111110111111110110100000000000001001001101001010111011011011111111111111111111000000000000000001001101001010111010011011111110111111110111
3518082073082243167,20,meet_semilattice,1001000111111101111111010001111111011111111100011111110111110001000101111101101111111001111111011111111101111111111111111111001111111111111100000001010111011010000000011101110110110000000001011101001000000001011111011011000000000001010000000000000000001100001000000000000001000000110100011111111111110000000000011101001000000000010111011010000100011111110111110000000000000100001000000001010111011011
6120305494125056471,20,meet_semilattice,1001010011111100010111111100111111011101101111001111110011010001000011111100010100011100111111001101000101001111110001011011111011111101110110111111111111111101000000001101100000010000000001010000000000000000111110000001000000000001000000000000000001011000000100000000111111000101101111101111111111011011110011111101110100010100111111001101000000001111100001011011111011111101111100000000010100000001
5174875197352269650,20,meet_semilattice,1001000100101101111111010011001011011111111100111011111111110001000000000000000011111011101111111111111111111111111111111001001100101101111100010001001011011111110100111010111111111111101111111111111100010000001000001100110100111011111111110001000000101000110000010000000001001100110100110010111111110001000000101101110000010000000000001000000100000000000011000001000000101101111000010000001011011111
408832587154705952,20,meet_semilattice,1011011110111101111111110111111111111111001000001000000000010011001110101101001111111111111111111111001101111010110111110010001110000000000100100001100000000001000000001000000000000011011111101111111100100011101011010011001100111011110111110010001110001101001100100011100001000011001101111010111111110010001110000101001100110011101011011111001100111010110101110010001110000000001100000000100000000001
-7993238654839677609,20,meet_semilattice,1000000000010000000111101111011111111111101001000101010010011111111111111111111110001000010101001001100001000101000010011010111001010100100110101111010101101001101011111111111111111000000001010000000110101111011101101001000000000001000000001010111101111110100110000000010101001001101011100101011010011010111101111111111110000000010100001001101011110111111011011010111101111110111100000000000100000001
-3961045021549658512,20,meet_semilattice,1000000000000000000111110111111111111111101000000000000001011011011000010000010110111111101111111111101001000001000001011010011000010000010110110111000101001101101101111011011011011011011111111111111110110111001101101101101000000001000001011011011100111110111110100110000101000101101101110001011011011011011110111111111110110110000100001101000000000000000001011011011100110110111100000000000000000001
-8636248988037681745,20,meet_semilattice,1111011010101010101101010110001010000011011101101010100000110001000000000000001111111111111111111111000101000010100000110001011000101000001111110111111111101111010101101010100000111111011011111010101100010000001000000011111101101011101010110001000000101000001111110110111111101111011101101010101010111111011111111111111101110110101010001011111101101011101011110000000000000000001100000000000000000001
-7982891257419341417,20,meet_semilattice,1011111111110111111111111111111101111111001010110000001000000011111111000010000000001000000000000000001011111100001000000000101100000000000000001001000000000000001010111100001000000010101101000010000000111111111000100011001111111111001011111111111111111111111100111111111101111111000010110000001000000011111111110011111100111111110000101011001111111110001011110011111111000010001100111111110000100001
7560220581715381762,20,meet_semilattice,1111111111111111111101111101000010000001001110010000100000000001000000001000000000011000000010000000001111010000100000010111111110101011000100011001000010000000011111011010101100010111111111111111001101111101001010000001011111111011101100010000000000001000000001111111101111110001011111010010101000010111110100101011000101111111101111111001011111111111111111110111111110111111001100111001000010000001
5560319829710963931,20,meet_semilattice,1000010000000000000111000100000000010001111011000010001111011111110000100011110111001100000000110001000001000000000000011111111011110111110111111111111111111101111111001110001111011111110001100011110111001100001000111101111111000111001111011111111011111111110111111100111101111101110001000000001100010000010000000001000111001100000000111001110011000000001111011111111011111111111100000000000000000001
744235463355878949,20,meet_semilattice,1111101111110000101001010000010000001000011100001100000010100001000001000000100001111011111000001010111111111111000010100111001011100000101001110011111000001010010100001100000010000000000001000000000001010000111000001010011110111111000010101111111111111010101111111111111111101011111111111111001010101111111111111011101100000000010000001000111111111111101011110101000011000000101011111111111100101011
4060584226837737595,20,meet_semilattice,1110001000010000000001100010000100000000001000000000000000001111001100011010001011111011000110100010111111111101101100100010001000000000000011100011000110100010111110111001101000101111101111011011001011111111111110110011001000100001000000001110001000011010000011111111111111110011011000100001001000001111101100011011001011111111111111111011111111111111111101111110001000011010001011111111110110110011
-3754404456600529696,20,meet_semilattice,1010111111101111011111101111111111111111001011111110111100111111111111111111111100001101110000010000000001011100000000000000111111001111001100000001000000000000000000011000000000000000000111000000000000001111111011110011101011111111111111110000110111001001000000001101110011110011000011011100101100000000000111000001000000001111111011111011001011111110111101110000110111001011001000001101110010010001
-1158594634917986246,20,meet_semilattice,1111111111101111111101111111111011111111001110011110111111110001000010000101001000011001111011010110001111111110111111110011101111101111111100010001111001010010000000001000000000000001000011100101001000010000101001010010111111111111111111110001000111101101001000000000100001000000000100011110111101100000000010000001000000010001111011011110000100011110110101100000000010000101001000011001111011010111
-2934392647783937599,20,meet_semilattice,1000000000000000001111011111101111111111111111111111111111111001000000000000001110011011001111000011100111110011110011111001001000111100001110010011001111000011100111111011110011111101111111111111111110010000001010000011100100000011110000111001000000001000001110010000001011000011100111111011111111111001111110111101111110011011001111001111100110110011110001110000000000000000001100000000000000000001
-5699438936224996979,20,meet_semilattice,1111100111111011111101000000001010001110011110000111100011110101100001101000111000001000001000001110111111111111111111111111101111111111111101011001011010001110011110011111101111110100100001101000111000000000001000001110010000000011100011100000000000101000111011111001111111111111011110010111101111110111100101111001111100000000000000001000000000000000000011000000000000000000111001011000011110001111
2095368767701371166,20,meet_semilattice,1011111110001111110111111111100011111101001110000000100101010001000000001000000000011000000010000100001111110000101111010011101000001001010100111011000010110101001111111000101111011111111111011111110111111111111111111101111111111001111111010000000000001000000000111111100011111101001110100000101101010001100000001001010000111011000010111101000100000000100001001111111111111111111100011000000010010101
-7695909387834153184,20,meet_semilattice,1000010000010110000011110110111111111111101001001001011110001011010010010111101011111110111111111111000001000001000000001011011010011111101011111111111111111111100001001001011100001011011011011111101010110110111111111111000000000001000000001011010010011111101000000000000101000000000000000001011000001000010000010111000010000100100101111000101101101101111111111010010010010111101010110110110111111011
-8332654380764937395,20,meet_semilattice,1011000101111111111011111111111111111111001000000011010001100001000000110100011010111101011111111111101101010111111111110011001101111111111000110001011111111110101111111111111111110011000001110100011000000000001000000100000000000011010001100011000001111111011000000000001001000110001100000111011101100011000001110101011000110000011111111110000000000000000001000000000000100000011010110001011111111111
8992781236048909640,20,meet_semilattice,1010011011000101000111110110110001010001001001001100000100010011010011000101000111111110110001010001000001001000000000010010011011000101000111111111110111011111000000001000000000010000000001000000000111111111111111011111111111101101110111011111111011001101110100100100110001010001111111111111111111110000010011000001000111110110110001011001111111101100010111011111111011011101111100000000000000000001
1967508307772267400,20,meet_semilattice,1111111101110111010101110101000000000000001000000000000000000011000000000000000001111101001000000100001001000000000000000111111100100000010000110001000000000000111111111111111111110111111101100100010001110101001000000000011111110111010101001111111101111111010101111111001001000100011111110111011101010111111101100101010011111111011101111101011101010010000001001111111101111111111101111111011101010101
-5452310522436772665,20,meet_semilattice,1001100110010101100011011001110101011000111110011101010110000001100110010101100000001001100101011000111111111101010111011111101111010101100100000001000001001000000000011000010010001001100111010101100011111111111111011101000000000001010010001111111111011101110100000000000001001000111111111111111111010000000110000101100000000000000000001000111110111101010111011111111111111111111111111001110101011001
6330578508388028600,20,meet_semilattice,1111100101011010001001100000010000000000001000000100000000000111000001000010000001111000010000100000111111011101101111101111111111111111111101111001010110100010011110001101101000000000000001000000000011111101111110111111011100000101001000000111100001011010000011111101111111111111001000000100001000001111100111011011001011111001110110111010111110011101101101100111100001011010001011111101110110111111
-8282752822352409377,20,meet_semilattice,1000000000000000000111011000100010010001111110111011111111111001000000000000000110011000100000010001110111111011111111111101101110111111101111011001100011111001100100001000000000011111111111111111111111011001101111111001110110011001111110011001100010001001000111011000100011110001110110001000101100011001000010000001000111011000100011111001110110111011111111111101100110111111101100000000000000000001
3027227176354080858,20,meet_semilattice,1101101011111111111101000000001000000010111110101111111111110101000001100000101101011000011010101011111111101111111111110101101001111111101111111111111111111111010110001110111110110100000001100000001100000000001000000000010110000111111110110101000001101010101101011000011011111011010100000110001010110101100001101011101101000000011000001011010110100111111111110000000000100000001001000000001000000011
-4073760816118422284,20,meet_semilattice,1001110101111010101111111111011110101111101111110111101011110001110101111010101100001100011100101000000001000001001000001001111101111010101100001101011100101000111111111111111011110000000001010000000000000100011100101000000000000001000000000000110001111010100111111111011111101111000000000001001000001111111101111111111100000100010100101000100111110111101011110000110001111010101100001100011100101001
9170188604458287584,20,meet_semilattice,1110010111001010001101000000100010000000011001001100100000001111011111111111101111111111111111111111010001001100100000001110011111111111001101100101110010100011000000001000100000000100000011001000000011100101111010100011111001011111111000110000000000001000000011100101111011100011011001001100101000001110010111001011001111100111111111111011111001111111111111110110010011001010001101100100110010100001
4357218839476296404,20,meet_semilattice,1001100001111111000111011011011111111111111110111111111111110001100001111111000100001000010110100001111111111111111111111001101001111111011110011011011111111111100110101111111111110000000001000000000000001000011111110001000000000101101000010000000001001010000100001000010111110001000000000100001000010000100001011011000110011010011111111111100110000111111101011001100001111111001100000000010000000001
-8337398667065966543,20,meet_semilattice,1010111001111111111111101110011111111111001000100000000000001011111001111111111100101010001111110110001011100011111111100000001000000000000011111111011111111111101111101111111111110010111001111111111100100010001110110110001000100001001000000010001000011010001000100010001111110110001000100000001000000000001000000001000000101010001111111110001000100001101001100010001000010010001000101110001111111111
3743537374378677283,20,meet_semilattice,1111111111111111111101111101111111111111001111011111110111110001010010010000100000011101111111011111000001000000000000000111111111111111111100010101100101001101000001001001000010000001010111010100111100010101111111011111000001000001000010000001010111011101111100000100000101001000000111011111111111110001010111010101111100000100000000001000000101001001010011010001010110010100111100010100100101001001
3742033315817584587,20,meet_semilattice,1111011111001011000101110011110010110001001100110000100000010001000100001000000111111111111111111101011101111100101100010001001100001000000100000001000000000000001100111000101000010011001111001010000111110111111111111001011100111101101110010000000100001000000011110111110111111001000100110000101000010011001111001011000101110011110010111001111101111111111111011111011111111111111100000001000010000001
-654029513353114687,20,meet_semilattice,1000010000000000001011011110101000101010111111111110001011111001110010100000001000001100001000000010000001000000000000101001111010100000101011011111111000101110100011001010000000101101111011100010101000000000001000000010111111111111101011111111111111101010111111111111111111101111100111001010001010101111111111111111111110011100101000001010110111101110001011100000000000000000001011011111111000101111
-7188260055065665015,20,meet_semilattice,1010100000000010100011111011000101101110001010000000000000001011100100000010101000001000000000000000111111110111111111111011101100010110111010101001000000101000111110111111111111111111101101110111111011111011001101101110101110010001001011101111101101111111111010111001000001101110000010000000001000001111101100110111111000101000000000101000101110010000001011100010100000000010101011111011011111111111
1500161581635042681,20,meet_semilattice,1000100000001010100111101001010010111011101010010000101010011111101101101011111100001000000000000001111111111111111111111110101101101011101110001001000010101001111110111111111111111010100101001010100111101001011010111011111010110111111111110000100000001010000111101011011011111111000010000000001000011010100100001011100100001000000010101001111010110110101111111010100101001011101100000000000000000001
3527180549597678807,20,meet_semilattice,1100101010001010000101000010000000000000111111111011111111111101101010001011100101001010100000100000110111101000111110010000001000000000000011011111100111111001010000101000000000001111111111111111111111011110101011111001110111101001111110010100101010001010000111011010100011111001010000101000001000000100101010001011000111001010100010111001110111101010111111011101111110111111111101001010100000100001
-5816183055189084935,20,meet_semilattice,1110001111010101010001000000000000000000011000000000000000001111111111111111111111101111110111110110111001111101010101000100001000000000000001100011000001000100011000111000010101000110001111000101010011101111111111110111011000111101010101001110011111011101011001100010000001000100111001111101111101100110001100000101010011101111111111111111011000100000000001001110011111010101011011101111110111110111
1280799039336423336,20,meet_semilattice,1100111001010110111101001010010100001001111111101111111111111101111011111111111100001000010100001001010011100101001010110000101001010000100111111111111111111111110011101111111111110000000001000000000011001110011101101111000000000101000010001100111001111111111101001110010101101011000010100101001010011100111001110111111100000000010000001000010011100101011011110100101001010010101100000000010100001001
-5632765781682185299,20,meet_semilattice,1111111111111111111101000000000000000001011001111001111101110111111110011111111101101111100111111111010001101001111000110100001010000010001101000111100111110111010000001000001000110111111111011111111101111111101111111111010000001001001000110100001010011110001101000010100101100011010000000000001000110100011010011111011101000110100111101011010001101001111001110100000000000000001100000000000000000001
4584592701951872201,20,meet_semilattice,1000000000000000000011111111011011010111101000010000000000001011100101000001011110101001010000000010101111010100010101111011111101100101011110000001000000000000111111111111111111111010000101000000001010111101011001010111111111110111111111111011111101101101011110111001010001010111111111110110111101111010100101000001011111111111011011111111101010010100000001111010000100000000001010101001010000000011
-251552813465528379,20,meet_semilattice,1101011011010110111001010110110101101000111101111101011011100001000000000000000011111111110111111111000101101101011010000001001000010100000011010111110101101110000100101001010000000001001011010100000011110111111111111111000100000001000000001111011111011111111100010000000101000000000100101101011010001111011111010111111000010010110101001000010101101101011011100101011011010110101011110111110101111111
8055253872820369732,20,meet_semilattice,1011111101100111101111111111011011111111001011000110001110110001010001100011101100001100011000111011000001000000001000100011111101100111101100111101011000111011111111111110111111110000010001100011101100000100001000111010111111111111111111110011110101101111101100111101011001111011000000000000001000000000010000000011101000000100000000101010101111110110111111110000000000000010001000000100001000111011
-3971283024645952130,20,meet_semilattice,1000001101101100111011000111011111111110111001110111111111101111111101111111111010001111011111111110100001110110111111100000001101100100101000000001011001001010111001111111111111100000000001100000101000000000001000001010100001110111111111100000001101101100111000000000011001001010100000110110111111101000001101101101111000000000000000001000000000110110010011100000000000000000101011100111111111111111
8653396493645556997,20,meet_semilattice,1011100011011010011111111111110111111111001010000100001001010001100001000010010100001000010000100101101111111101111111111011101111011111011110111001110111110111000110001100001001010000000001000000000010111111111111111111001110001101001001010011100011011010011110111000110111110111000000000100001001011011100011011011011110111011110111111111000000000100000001000011100011010010011100000000010000000101
6719533961207140985,20,meet_semilattice,1111101111011000001001000000000010000000011010100100100000100111101011011000001000001000000010000000111111111111100101100100101000001000001001111011110110000010011010101101100000100100101001001000001011111011111110010110011010100101100000100000000000001000000011111111111111010110111111111111111101111111101111011001001011111111111111111111111110111101100101100100100000001000001011111111111111010111
3907441277079919808,20,meet_semilattice,1101001000001000101001010010000000000000111111110111101111100001001000000000000011011110000010001110110101100000100011100000001000000000000011011111011110101110111111111111101111111101111001001000111011011110011010001110110111100111100011100001001000001000101011111111111111111111110111100111101011101101111001111011111000010010000000001000110100100000100011100001001000000000101011111111011110111111
6907830360168280239,20,meet_semilattice,1000011001000001111011110110110100011111001001101101000111101011011011010001111111111110110100111111000001100000000111000000001000000000000011111111110100111111000001101101000111100000011001000001110011111111111100111111000001100101000111101111111111011111111111111111110101111111111101101101001111110000001000000001110000000010000000001000000000100000000011000000011001000001111010000110010100011111
4978917661578425239,20,meet_semilattice,1010001010011010100111111010111111111111001000001001101010011011101010011111111110101010100111111101111111101111111111110010001010011010100111111011111111111111000000001000000000001011101011111111111110111010101111111111000000001001000000010000000010011000100110100010100111111101000000001001001010011010001010011011110100000000100100001001101000101001101011011010001010011111111100000000100000000001
-6414627571106761215,20,meet_semilattice,1010100101101010001111111111111111111111001010000100101000111011111111111110111100001000010010000011101011111111111010111010101101111010001100101001010010100011101010111111111010110000000001000000001100101000011010100011101010010111101000110000000001001000001110101011011111100011000000000100101000111010101111111111101110101011011110101011101011111111111011110000000000000000001100000000000000000001
-1019071412786131935,20,meet_semilattice,1010000000000000000011111111111111111111001000000000000000001011100101011111011010101000010111000010101111111101111101101011101111011111011010101001010111100010101110011101111101101010000001010100000010111111111111111110101000000001000000001010000001011100000010100000000101000000101010000101111000101010100101011111011010111111110111111110101010000101110001101010000001011100001010111011110111110111
3286023400739091086,20,meet_semilattice,1000111110000010101011111111101111111110101011111000101010101011111110011111101000001001000000100000000011010000001000100000111100000010101000000001000000000000000011111000001010101011111111011111111010111111101111111110101011111001101010101000111110001010101010101111100111101010000000010000001000001010111110011111101000001101000000101010101111111001111111100000100100000010001010111111100111111111
4102125560419027408,20,meet_semilattice,1110011111110100111001000001000000000100011000010000000011001111011111110101111111111111111101111111011001111101010011100110001101010100111000000001000000000100011000011101010011100110000101010100111001100111111101001110010000010001000011001111111111111111111101100001000101001100011001111111011011101110011111110101111101000001000000001100000000000000000001000100000100010000111011100111111101001111
-4744649957071554394,20,meet_semilattice,1111111111111111111101000000100001011101011100001000110111010101000010000101110101111111111111011111011101111111110111110111001010011101110101110011100111011101000000001000000111010111001111011101111101110011111111011111011100001001110111010101000010001101110100000000000001011001011111111111111111110000000000000001100000000000000000001000000000000000000111010111001110011101111100000000000000011001
-1812642149692809776,20,meet_semilattice,1100100101001111101101001000010000011000111010110110111110111111101111111111101100001000000000000000111111111111111111111100101101101111101101001001010011111011111010111111111110110000100001000000100011001001011011111011111010110111111110110100100001001111100100001000010001011000010010000100011110010000100001000001100000001000000000001000111110111111111111110100100001001111101101001000010001011001
123787070501670605,20,meet_semilattice,1101111100110011011001011111001100110100011111110011001101000001100000010001000000001000000000000000000111000001000100000001101000010001000000011111001100110100111111111011001111101111111111111111111000001000001000010000000010000001000100001111111110111111111011011111001101110110000110100011001101000000100000000001000011111111001100111110000110100011000101000101111100110011011011111111111111111111
-8633790928448149148,20,meet_semilattice,1000000000000001110011001001011111011100111111011111111111111101110101111111111100001000000000011100110011010111110111001111111111111111111110001001011111011100110111011111111111111000100001001101110010001000011011011100100010000111110111001000100000001101110000001000000001011100110011010111111111010000000000000001000000000000000000011100000000000000000101001100110101111111111111001001011111011101
3076582678671413733,20,meet_semilattice,1001000000000000000011110010011111000000101100000000010000000001000000000000000011111110111111000011111101101111110000011011001000000100000011111111111111110111111100101111110000011001000001001100000010110010011011000000101100100111110000001001000000001000000010010000000001000000111111101111111000111111111011111111001111111110111111111111111111101111111101111111011011111100001111110010011111000001
-7032375981379967459,20,meet_semilattice,1001000001000101001111110001011101010011101100010111010100110001000001000001001011111011111111111111111101111111111111111111001101110111001110010001010001010011111100111111011100110000000001000001000010010001011001010011100100010111010100111111001111111111111100010000010001010011101100010111011100110000000000000001000011110011011101111011111100111111011111110000000001000001001000010000010000010011
7627942842249599471,20,meet_semilattice,1000010000001000100011100110000010001011101001000000100010001011011000001000101111111111100011101111000001000000000010001010011000001000100111110111100010101011111001101000101010111111011111011110111111111111111111111111111101111001111011110000010000001000100011110111100011101111111001100000101010111111011111011111111100000000000000001000111101111000101011111010011000001000101110100100000010001001
7141511701702887592,20,meet_semilattice,1111111111011110110101101001100011101100001010011000111011000111111110011110110100001001100011100000011011111001111011010110101110001110110100000001100011100000000000001000000000000111111111011110110111111111111111111111011010111001111011010000000010001000000000000000100011100000000000001000101000000111111111011111110100001001100011101000000010011000111011001111111111011110111101101001100011101101
-1477971364353368358,20,meet_semilattice,1000101101010101110101001011010101001101111010111101011111111111111111111111111100001000000000000000111011111111011111110000101001000000000000001011010100000001010010111101010011010000100001000000000011101011111101111111000010100101000000011110101111111111111100001011010101000001010010111101011111110000101101010101110100001011010101001101000010110101010001010100101111010101111100001010010000000001
3725505119103379177,20,meet_semilattice,1100011010100011110001000110101000111100111011111111111111111111111111111111111111001111111111111101000001000010001111000000011000100011110011000111111111111101000000001010000010001100011011111111110100000000001000001000110001101011101111001100011010101011110011000110101111111100000000000010001111000000000000100001110000000000000000001000000000000000000011001100111111111111111111000110101110111101
7384074818767089259,20,meet_semilattice,1111111111111110111101110011100011100111001000100000101001100001001000001010011001111111111111101111011101111000111011110000001000000000000000110011000011100111001100111000111001110111011111011110111101110111111111101111011101111001111011110000001000001010001000110010000011100111000000100000001000100111111111111111111101110011100011101111000000100000101001100000001000000000001000100010000010100111
-5958709037293512123,20,meet_semilattice,1000101111000111111111001011110001111111101010111100011111111101101111000111111100001000000000000000111111111110011111110000101100000100010100001001000000000000000010111000011111010000101111000111110111111011111001111111111111111111111111111111111111101111111100001001000001000000000010110000011001010000101100000111010100001011000001111101000010000000000001000000101111000111111100001001000001000101
8061316133816658505,20,meet_semilattice,1011001110011111110111110011100111111111001100111001010000000001001010010000000011111011100111111111111101111001111111110000001000000000000000010011100100000000000000101000000000001111011111111111111111110111101111111111000000101001000000000001001110011100000000010011100101000000000100111001111000000001001110011111110000010011100111101100000100111001110001001011001110011111111100010011100111111101
-9067761713185816544,20,meet_semilattice,1001100000010001010011011010000100110110111111111111111111100001000000000000000000011000000000000000110111100011011111101001101000010001010011011111111111111110110111101111111111101101111001110111111010011010001100110100000110000001000001001101101000111111111011011010001101111110100110100001001101000001100000010001010011011010000100111110000110000000000001001001101000010011011011111111111111111111
-7299891671817242822,20,meet_semilattice,1011111111111100011011111111111111110110001111101111110000100001111011111100001000001100111111000010000001001001000000100000111011111100001000111111111111000010000000001000000000000000010011010000001000000100111111000010000000001001000000100000010011011100001000000100110101000010101111111111111001101011111111111101011011111111111111111110001111111111110001100000000010000000001011111111111111111111
3794916959386761042,20,meet_semilattice,1001000000000000000011111001100100111101101100000000000000000001000000000000000010111001000000100001111111111101011111111111101111010111111110110001000000000000101100011000001000011111100111010011110111111111111111111111101110011001001000011111111111011111111111111001110101111101101100010000001000011011100110010011110110111001100100101001101110011001001011011111100111010011111110110001000000000001
-2679336807039181498,20,meet_semilattice,1101111001110111111101011110011101111111111111100111111111110001111001110111111100001000001100001100000011100111011111110000101001110111111011111111111111111111111111101111111111110000100001110011111000000000001000000000000000000011000000001101111001111111111100001000011101111110000010000011001111000000100000110001110000000000001100001000000000000011000011000000100000110011111000001010011101111111
6956065899761696227,20,meet_semilattice,1000000000010000000011000000000100000000111111101011110011011101000000010000000011011110001111001101110101000001000000001101011000010100000111011111101111101101110111101011110011011111111111111111111111010110001101000101000000000001000000001101011000111100010111010100000101000001110111101011111011011111111110111111111111010110000101001101110101100001010001011111111010111110111111010100000100000001
5013862035356554487,20,meet_semilattice,1111100111100111111101111001111001111111001110011110011111110001000111100111111100011001111001111111111111111110011111111111101111100111111100000001110000110001000000001100000100010000000001000000000100000001111000110011111111111111011111111111101111101111111100000001111001110011000000001100001100010000000001000001000100000001111000111111000000011100001101110000000111000011001100000000000000000001
7701914399465247210,20,meet_semilattice,1000011010110010000111010111111111111011111111111111111110111001011111111011001110011111111111111011000001101011001000010000001010110010000110000111111100110011000000001011001000011000011011110011001100000000001000000000000000000011001000011000011111111011001110010111111111110011000000000010001000011000011010110011001110010111111111111011111111111111111111111000011010110010001100000000001000000001
6869703631180515991,20,meet_semilattice,1110000011010010000001000000100100100000011000001001001000001111000011010010010011111000110110100100111111111111111111101111101111011011111011111001110110110100000000001000000000000110000011010010000011111011111111111110000000001001000000001111000011011010010011111011110111111110000000001001001000001111100011011011010011111000110110101100011000001101001001001111100111011011111011111111111111111111
2345376751453719494,20,meet_semilattice,1010100011010000000011111000110100000000001000001001000000001011100011010000000000101000100100000000111111001101000000001111111111111101110011111101111101001100000000001001000000000010100011010000000011111100111101001000000000000001000000001111110111111100110011111100110101000000111111111111111111101111110111111101110011111100110101001000111111001101010001001111111111111101111011111111111111111111
1221536035782999597,20,meet_semilattice,1111101101101110111101110000010011101111001000000100001000100011000001000110101100111000010011101111111111111111111111110011101001101110111100111011011011101111111110111110111011110000000001000000000000111000011011101111111110111111111111110011000001001110101100100000010001101011000000000100001000001111101111101111111100100000010000101011001100000100111011110000000001000010001000100000010000100011
2788194326599009778,20,meet_semilattice,1011011100111011111111111111111111111111001000000000000000000011000000000001000100111111001110111111001001000000000000010011011100111011111100110101000000010001101111111011101111111011111111111111111100110101001110111101001101010001000100010011010100011011010100111111001111111111001101010001001100010010000000000001000100110101000110111101001101010001001101010011010100111011111100100000000000000001
4202479063480376445,20,meet_semilattice,1011000011010100110111110000110101001101001100001101000011010001000010010000000111111000110101001101111111101111011011111111101011010110111111111111111101111111000000001001000000000001000011010000110111111010111101101111000000000001000000001111111111111111111100010000110101001101111110001101011011011111111011110111111100000000000100001001000100001001000011011111100011010110111100000000000100000001
5576104695588375019,20,meet_semilattice,1000000100000100110011010011000001011100111100110000010111001001001100000101110011111111000011111100111101110000110111000000001100000100110000000001000000001100111111111000111111001111111111011111111011111111111111111110111111111001111111101111001100001101110000000001000001001100111101110000111111000000001100000101110000000000000000001100000000000000000001001111111100001111111011111111110111111111
8276718595685089667,20,meet_semilattice,1010100001010010011111101000010110110111001010000101001001111111110101111011111100001000000000000101111011010111101111111111111101111011111111101001011110111111111111111111101111110000100001000000011111101000011110111111000010000101000001111010100001011011011111111111011111111111000010000101001001111010100001010011011111101000010110111111000000000000000001010000100000000000011100000000000000000001
-5665179906541316260,20,meet_semilattice,1001000000100000010011111011111111111111101110111011011111110001000000000000000010011011101101111111101111111011111111111001001110110101011010010001101101000110100100001011000001101011101111111111111100010000001000000000100100000011000001001011101110111111111110010000101101000110100100111011011111111001000110110101011010010011101101011111000100000010000001001001000000110000011010010011101101010111
-2102888774053702796,20,meet_semilattice,1000100000000010001011011110001011101010111111101110111111111001111000001010101000001000000000000000100011000000101010101000111000001010101011111111111111111111110111101110111111111001111001101110101010011110001010101010111111101111111111110000100000001010000010011110001011101010000010000000001000001101111001101111111110001000000010101010110111100110111011110000100000000000001010011110011011101011
-4612727235669245321,20,meet_semilattice,1101001001101011111001010010011010110110111111111111111111110001000000000000000011011010011011111110110111101111111111110001001000000010000011011111111111111111110110101110111111100001001001101010000000010010001010100000110110101111111111100001001000001010000011010010011011111110000100000000001000000001001001101011000001010010011010111110000100100110101101100001001000101010001011011010111111111111
-5505157755378532758,20,meet_semilattice,1001111110110111101001011111100101111010101111111111011110100001000000000000000000011010000000010000000111101001010100100001001000000000000000011111100101110010000100101000000100101001111111110111101000011111101101110010000100101001000100101111111111111111111000011010000001010000000111101001011100100001001000000001000000011111100101111010111111111111011111100001001000000000001010111111111101111011
2800381873896654150,20,meet_semilattice,1011010001100000000011111101111111101011001101000110000000000001000000000000000010111101011010101011000101000000000000001111111111111110101110110101011000001011101111011110111010110001010001000000000000010100011000000000101111010111111010111011010101101010101110111101011011101011101101010110001010111111110111111111101110110100011000001011111111011111111011110011010001100000001000110100011000000011
8203372163012741732,20,meet_semilattice,1110001011101001010101000000001010000000011000101110100101001111011011111001011111111110111111010111111001101111100101110100001011101001010011111111111111110111010000001110100101000000000001101000000000000000001010000000111000101111100101110000000000001000000011110110111111010111111111101111111101110100000001101001010011111110111111111111010000000010100001000110001011101001011101100010111010010101
2954148592590965252,20,meet_semilattice,1011110110111111111101011111101111111111001111011011111111110001000010000001000000011100100000110000000101001000000100000001111110111111111100011101100111110100000000001000000000001111111111111111111100011101101111110100000111001001101101000001110010001011000000011100100111110100000101001000001100000000000010000001000000011101101111111101000111001000101101000001110110111111111100011101101111110101
1765935149219838001,20,meet_semilattice,1001100001110110110011011100011111101100111111110111111111000001100001110110010000001000010000100100000111000111011011001101111101111111110011011101011111111100111111111111111111000000000001000000010000001000011001100100000000000101001001001001110001111110110000001000010001100100000000000100001001001101110001111111110000011000011101101100000000000000000001001111111111111111111111111111111111111101
2318826881087945083,20,meet_semilattice,1000100000000000000011001100000010000000111111111111110111111101111111111001111100001000000000000000100011000000100000001100111110011001011111001101000010000100110011011000100001011100110111111001011111001101101110010111110011011001100001111000100000001000000011011111111111011111111111111111111111111100110110011001011111001111111110011111100010000000000001001100110110001000011111001101000010000101
-1541001567036825407,20,meet_semilattice,1000000000000000000011101110101011011101101011101010100010001111111110111101110110001110101010001000100001000000000000001000011000100000100011101111101111011101100001001010000000001111111111111101110110000100001000000000111011101011110111011000011000101000100010101110101011001000111111111111111111111010111010101101100010000100001000001000101011101010110111001111111111111101111110101110101011011101
-8148564760689143731,20,meet_semilattice,1001001101111010010011111111111110101100101111111111101011000001000101000000000000011011111110100100000111111111101011000000001101000000000000000001000000000000000100111111101001000000000101000000000000010011011000000000000100110111001001000001001101111010010011111111111111101100000100110110001001001111111111111111110000011011111110101100000100110110000001001111111111111111111111111111111111111101
5048445768458603181,20,meet_semilattice,1000000001011000000111010000110110101101111101111111111111111001000011011010010111111111111111111111100101011101101011011101011111011010110110010001110110101101100000001101101000010000000001000000000111010111111110101111000000000101000000010000000001011000000111010111111111101111100000000101101000011101011111111111111110010000110110101101100000000101101001011101011111011010111100000000000000000001
-8777018941878789211,20,meet_semilattice,1000001110010000000011111111111111111111101000111001100000001011111111111001010110101111110110010001101001111101100100010000001110000000000000000001100000000000000000001000000000001010001111011000000110101111111110010101000000001001000000001000001110011000000010111111111111111111101111111111101111111010001110011001000110111111111110011101101011111101100101011011111111111001111110100011100110000001
2573621987082977770,20,meet_semilattice,1000000000000000000011011000101000000100111110011111111111111001000000000000000010011000001000000100110111011111111111111111101111111111111111011001101000001100100110001010000001001101100111111001110010000000001000000000110110011011000111001101100110111001110011011001111111011111110110011111111111111101100010100001010011011000101000001100100100000010000001001101100111111001111111011001111110011101
4039934332236573443,20,meet_semilattice,1111111111111111110101111110111011011100001101100100010101000001001000000000000000111110011001011100000101100100010101000000001000000000000001111111111011111101001111101110010111000001001001000000010000110110011001010100011111101111111111010011111011101101110000010010010001000100011111101110111111010001001001000101010000110110011001011100000100100000000001001111111111111111111101111110111011011101
2461128359701749992,20,meet_semilattice,1000000110000110001111101111100001110111101000111000011100111111111111000111011110101111100001110011101001111000011100111000001110000111001100000001000000100010000000011000011000111110111111000111011111111111111001110111111111111111111111111111111111101111011100000001000001100011000000000000001000100000000110000111001111111111111011111111101011111000011101110000000000000000001000000001000000100011
-2489800329022501083,20,meet_semilattice,1000000000000000000011001000000010000000111010000000110000001111100000101100100010001000000000000000111111110011110111001111101100101101110011111001001011011100111111111111111111101111111101111111111011101000001011000000111110110011110111001000100000001000000011001000000011000000111111110011111111101111100000101101110011101000001011001000111110000010110011001111111100111101111011111111001111011111
-1096562646053236972,20,meet_semilattice,1111111111111111111101111111111101111111001011110101000111010011111101110111111100001111010100011101000001000100000100010000011101010001110100000101010000011001001111111111011111110000000001000000000000101111011100011101000001010101000110010111111111111111111100101111011101011101001011110111011111010000000001000001000000000000010000011001000001010101000111010010111101110111111100000000010000010001
5916464296246040267,20,meet_semilattice,1000000000000000000011011110011110101100111111100111101011001001001001111010100010011010011110101100100111100111101011001000001000011010000011011111011110101100111111111111111111111000001001011010100010000010001110101000100000000001000000001000000000011010000011111111011111101100100000000001001000001111111101111111110010000010000110101000100100100111101011001111111101111111111111111111011111111101
-6799060132712467129,20,meet_semilattice,1000000000001000000011010111100011110111111111111100111101111001010100001011010111011111110011110111100001000000101001011001011100001111011110000101000010110101100101111000111101111101011111001111011111111111111011110111111111111111111111110000000000001000000010010101000011110111100000000000101001011000000000001011010111111111111011111111100000000000100001011001010100001011011110000000000010000001
-325623286518247643,20,meet_semilattice,1010001100000001011011100011000101110111001000110000000000001111101100110111111111101011000101110111111111110111011111110000001100000000000000000001000000000000111110111111111111111111101101110111111111101011001101111111101000110001011101101111101101111111111100100011000001010010101000110000011101100010001100000001000011101011000101111111001000110000000101100010001100000001001010100011000101110111
-1526943701543723106,20,meet_semilattice,1110111011010111111101100010010101111011001000100101011110111111111011110111111101101010010101111011011011100101011110110000001000010010100111111111111101111111011010101101011110110000001001010111101111101110111101111111000000000001001000001111111011111111111100000010000101101011000000000000001000000000001000010111101100000000000100101001011011101101011111110000001000010010101100000000000100100001
5411334062200954265,20,meet_semilattice,1001110010100000000011011100101000001001111111011111010011010001110010000000000000001000100000000000000011001000000000001111111111110110110111011101111000001001000000001000000000001101110011100000100100011100101000000000110111001111000010011111111111111111111111011101111101001001111111011111011011011111110111110111111110011100101000001000110111011111010011011111110111110110111110011100101000001001
-7214689704004312221,20,meet_semilattice,1011111000001111011111111110101111111111001010000000110100100011100000001101001000001000000000000000001111000000110100100011111000001111011110111111101111111111101111101001111101111011111111111111111110111110101111110111001111000001111101110000100000001000000000001000000011000000001110000000111100100000100000001101001010111110101111111111001111000000111101110000100000001100001000111100000011010011
-6149450522126976051,20,meet_semilattice,1000000000000000000011111011111111111111101100111111010111111001000010000001101110111011111101011111111111111111111111111001001111110101111110010001111101011111100000001000000110111001000011100101111110010000101001011111100100001011010111111011101111111111111110010000100001011111101110111111011111111000000000000001000010000000000000011011100000001000000111111000000000000001001010000000000000010011
8837424200244574999,20,meet_semilattice,1101010110011000110101000000000010000000111101011111111011110101010000001000000011011101101111101111010001000000100000001111111111111110111101010101100010001001010101001000100000011101010111111110111101010101101110001001010101011001100010010000000000001000000011010101101111001111110101011011111011111111111111111111111101010100100010001001010101011001100011011101010110111000111101010100000010000001
-5090150048974857824,20,meet_semilattice,1110001011111101111001000000100000000000001000001000000000001111011111111111111111111111111111111111111001101111111111110110001010000100111011100111111111111111000000001000000000000110001011101100111001100010101001001110011000101111110011100110001010101100111001100000100001001110111000101111111111100110001011111101111001000000100000001100000000001000000001000110000010000000001011100010111111111111
-8593266470288704440,20,meet_semilattice,1000000001001001000011110111111111111111101001001100101111111011011111111111111111111111111111111111100001000100101100101010011011001011111110000101110010111111100001001100101111110000000001001001000010100111111011111111101001111111111111110000000000001001000010100111110011111111100000000100101100000000000000000001000010000100010010111111100001000100101101111000000001001011001010000100010010110011
-4313489200079869097,20,meet_semilattice,1110101111110011111101101011111100011100001010111111000111001111111111111011111100001000000000000000111011111111001111110000101000000000000000001011111100011100000010101111000111000000101001110001110000001010001100011100000010100001000000001110111111111011111111111111111111111111011010111111001111110000101000010001110000001010000100001000000010100001000011000110101111110001111001101011111100011111
-664428080925301738,20,meet_semilattice,1010100001111011001011101101011111110111001010000111101000001011111101111111111100001000010110100000001011000111101100101010111101111111111110101101011111110111111111111111111111110000000001010000000000001000011110100000000000000001000000000000000000011000000010101100011111110111000000000001101000000010100001111011000010101101011111111111101011000111101101110010100001111011001000101100011110110011
1033873252414665818,20,meet_semilattice,1111111110111110111101011100101011001011001111001010110010110001100010000000100000001000000000000000000111001000000010000101111010101100101101011111101011001111000010001000000000001111111111111111111100011100101010001000010111111011110011110001110010001000100000011100101011001011010111111011111011110101111110111111111100001000100000001000010111101010110011110001110010101000101000011100101010001011
1884616796194315586,20,meet_semilattice,1011111110110011101111111111101110111111001111111010001110110001111110100011001100001111100000110011000001000000000100100000011110000001001000000101000000010010000000001000000100101111111111111011111100001111101000110011001111111011001110111011111110111011101111111111111111111111000001111000001100100000000000000001000000011111101000111011101111111011101111110000000000000001001000000000100000010011
2438699032329749329,20,meet_semilattice,1000010000010000000011111101110111011111101111011101110111111001010000010000000010011100110111011011000001000001000000001111111111011101111110011101110111011011100101001101110110011001010001010000100011111101111111011111000000000001000000001001010001011101100010010100000101001000111111011111111111111001010001010101100010010100000100001000100111011101110111111001010011011101101110010100010111011001
3193440935226950660,20,meet_semilattice,1100100101100001010001000000001000000100111110111111111111111101100101100001010101001001011000000100111111111111111111111101101101100011010101000001011000000100110110111110101111110100000001100000010000000000001000000100110110111111101111111101101101101011011111011011111111111111110110010110001101010100100101100001010011011011011000111101000000000000000001001101101101100011011111001001011000010101
-3109602052280835952,20,meet_semilattice,1100101111110101011101000010000101000011111110111111111111111101101111111101011101001011111101010111111111111111111111110000001000000000000001000011111101010111000000101001010000110100001011010100001101000010111101010111000000100001010000111100101111111101011100000010000001000011110110111111111111110000001000010101001111001011111111011111010000101101010001110000001000000000001000000010000000000011
-8955936431194415255,20,meet_semilattice,1111111111110110111101010010101000101111001100101010001010110001000000000000101001111111111101101111001101101010001011110001001000100010101001110111111101101111000100101010001010100111011011110110111100010000001000101010011101101011001011111111111111111110111101110110101101101111000100000000001010101111111111111111111100000000000000001000000100101010001011110000000000000000101000010010101000101011
223795893611370278,20,meet_semilattice,1110000010111101110101100000101011011100001000000010010110001111011110111111111111111111101111111111111001101011110111011110001010111101110111100111101111011101001000001010110110001111111111111111111100000000001000000000011000001011110111010000000000101101100000000000001001011000111001111011111111010000000000100001100000000000001000001000001000001010110111001110011110111111111101100000101011011101
5103108987539032630,20,meet_semilattice,1010010000001001100011111111111011111111001001000000100110001011110101001001100010101100000010011000000001000000100010001011111101101001101010101101000010011000101111111110111111111010110101001001100010111101011010011010111111111111111111110000000000001000100010111111011011011010101111110110111110110000000000000001100000000000000000001000101111110110110111111011110101001001101010111111011011011011
-1494430028325521764,20,meet_semilattice,1001111000100100101011111111111111101111101111111011111011110001111000100100101000001000000000001010000011000010010010100000111000100100101010011111101011101111100111101010011011111011111111111110111100001000001000001010100111111011111011111001111010101110111100001000001001001010000111100010011010101011111111111111111100000000000000001010000111100010011011100000000000000000001010011110001001101111
-1259239659154674802,20,meet_semilattice,1101111011101011000101000000000000000000111111101110101111010101000001100010000001011110111010110001010101101110101000000101001011101010000011111111111111111111010000001110001000000100000001000000000001000000011000100000111111101111101111110101000011101010000011111110111111111111010000000100001000000101011011101011000011011110111010111001110111101110101111011111111011101011111101010110111010110001
-6114085458454020275,20,meet_semilattice,1111111111111111111101100010001010111101001000000000000000000111101010101011111101101010101010111111011111101011101111110010001000001010000001111111101111111111011000101010101111010111111111111111111100100010001010100100011110101011101111110010000000001000000001111110101111111111001000000000101000000010001000101011010000100010001010111100001000100000101001000110001010101011111100100010001010110101
-8113162844106575086,20,meet_semilattice,1001000000000100110011111101010111001111101101000000010011000001000000000000010010111101010101001100000101000000010011001111111111111110111110110101000001001100111111011101110011111011010101010100110011111101011111101111101101000001010011001011110101011100110100010000000001001100101111010101111011011111111111111111111100010000000000001100000000000000000001001011110101010100111110111101010101001101
-8048509292999744603,20,meet_semilattice,1111111111101110011101110001111011100110001000010000010001000011000100000100010001111111111011100111011101111110111001110111001111101110011000000001000001000000001100011110111001100010000101100100010000100001001001000100111111111111111011110011000101101100010000000000000001000000001000010110011001001111111111101111111111111111111011101111000000010000010001000011000101101100011001110001111011100111
7471948441393092077,20,meet_semilattice,1111110111111110111101111101111011101110001100011110011011000001000000000000000000111001111001101110001101011110011011100111111111111110111100010001110001101100000100001100001001000001000001000010010000010001111001101100011111011111111011110011110111101110111000010000110001101100000100000000001001001111111111111111111100010000110000101100000100000000000001000011000111100110111001111101111011101111
-1635176737039473758,20,meet_semilattice,1010111100100000010011111111001100001100001001100000000000001011111100110000110000101111001000000100000001100000000000000000001000000000000000100111001000000100111111111011010011101111111111111111111100100110001000000100101011110011000011001111111110111100111010111111001101001100111111111011111011101111111110111111111010101111001000001100000001100000000001001111111100110100111011111111101111111111
5847244903274274226,20,meet_semilattice,1011111101111101011111111111111111111111001001110101110101010011011101011101010100111111011111010111000001110100010000010000001101000000000000000001010000000000101111111111110101110000000001000000000000110111011111010111000001110101110101010000011101001101000100000001010001000001101111111111111111110000011101000101000110111111111111011111000001110100010101010011011101011101011100000001010000000001
-4340701746002794534,20,meet_semilattice,1111111111111111111101100010010010010110001000100000100000000111111101011101111100101010010010010110011011110101100111100000001000001000000001101011010110011110011111111101110111110010001001001000001001111111111111011111011010100101100101100000000000001000000001101111010111011110011111111111111111110010001001001001001001100010010010011110001000100100100101100010001000001000001001101111010111011111
5063996558325700339,20,meet_semilattice,1010101111001011111111111011110010111111001000010100100101011011101111001011111100101001110010111111101111111100101111110010101111001011111100000001010000010101001000011100100101010000000001000000000111111011111111111111101110111101101111110000000101001001010111111011110111111111001000011100101101010000000001000001000100100001110010111111000000000100000101010010000111001001011100000000000000000001
3533357199236298568,20,meet_semilattice,1111011110111111111101110111001101010101001101110011010101000001000000100001010001111111101111110111000101110011010101000001001100110101010000010001001001010100011101111011110101011111111111111111111100000000001000010000000100010011010101000111011100111101010100000000001001010100011101111011111101110000000000000001000001110111101111111111000000000010000101000111011110111101011100110111001101010101
7986816135028615187,20,meet_semilattice,1111111110101011111101001000001010000000011111111010100111110001100000101000000000001000000000000000010111100010100000100101101000101000001001011111001010000110010111101010100001101111111111111111111100001000001000000000111111111011111111110000100000101000000011111111101011111111011111111010101111110101111110101001111101011111101010001110010111100010100001100001100000101000001001011111101010001111
-8525743076872614646,20,meet_semilattice,1001011111101110111101010111111001101111111111111111111011110001010000000000000011011111111111101111000001000000000000000001011000000010001100010111000000100011000101101000011011110001011111000110111100010111111001101111000101111111111011110001011111101110111100010100000001101011000101000000001000001111111111111111111100010100000000101010000101100000011011110001010000000010001000010100000000100011
9051436284212456016,20,meet_semilattice,1111101111101010111001111011111010101110001000000000000001000011001010000000110000111010111000101100111111111111111011110010001000000000010000111011111000101110001000101000000001000011001011000000110000110010111000001100011110111111101011100011101111101010111001111011111111101110001100101110001011001111101111111011111100100010100000001100000000000000000001000011001011100010111011111011111110101111
5834544819531532783,20,meet_semilattice,1101110000110011101101000100000000011000111111111111001111110101010000110011100101011100001100111001000001000000000110001101111111110011101111011101101100111011110111001011001110111101110111110011101101000100001100011001010001000001000110011111111111111111111111111111111101111111010001000000001110010000000000000001100000000000000000001000110111111111001111110101110000110011101101000100000000011001
-3853010591925804521,20,meet_semilattice,1000000000000101000011010101000001010001111101010111111100010001000000000001000011111111111111110111100101010000010100011111011101111111010100010001000001010000111101111111111101111101010101111101000111010101001111010001110101010001010100011101010100011101000100000000000001010000110101010111111100010000000000000001000011111111111111111111111101010111111101011111010101111111011110010001000001010001
7883932605368955921,20,meet_semilattice,1100111101111101111101000001000011000010011011110111110111101111111111111111111101001111011111001010010001110010110000100100001100101100001000000001000000000000110011111111110111110100011101111100001001000001001011000010010001110011110000100000000100001100001000000001000001000010111011111111111111110100111101111101111001000111011111001010010011110111110011100000000100000000001001001111011111011111
6903295866227177735,20,meet_semilattice,1111111110111110111101101001000011001100001010010000110011000111111110101110110100001000000000000100011011010000110011000110111110101100110100000001000000000100011011011000110011010111111111111111111101101101101011001101011011111011111011010000100100001100110000001001000001001100011011111010111011010111111110111111111100001001000000001100000000000000000001000111111110111110111101101101000011001101
-3150572032628498196,20,meet_semilattice,1000000111111100101011000011111111001110111111111111111111111101111111111111111111001011111111101110110011111111111111101000001111111100111000000001000000000010000000011100000010100000000101000000101000000001111000001010000000011111000010100000000111111100101000000001111101001010110000111111111011101100101111111111111000000000000000001010100000011111110011100000000000000000001011001111111111111111
4281683889665798954,20,meet_semilattice,1111111111111101111101110111111110011111001000001000000000100011000110000000111101111111111110011111001001011000000011110011011110000000111100100001100000001111000000001000000000100011011111010001111100110111111100011111001101111001000011110011011111111001111101110111111111011111111111111111111111110011011110000001111100100000100000001111001000001000000001100000000000000000001000100000100000000111
-8885921453502008477,20,meet_semilattice,1110101111001110101001101011110011101010001000101000001000001111101111001110101000101010100000100000111111111111111111100000001010000000000000101011100000100010000000001000000000000010101111000110101011101011111011101010111110111111111111100010101111001110101000101011100001101010000000101000001000001111101111101111101000101010100000101000111110111110111111100010101010000010001011111011111111111111
-8152999863064961973,20,meet_semilattice,1000100000000000001011011001011110101011111111111111111011111001100000001000001000001000000000000000110111110111101010111001101101011010101110011001010110000010100110111101101010111000100001001000001010011001011110101011100010000101100000101000100000001000001011011111111111101111100110010101101010111101111111111111111110011001010110001011110111111111101011110000100000000000001010011001010110000011
-2681575404022555682,20,meet_semilattice,1111111111111111111101101110110011101110001001100000111001000011111111001110111000101110110011100100000001000000000000000000011000000000000000101111110011101110001001101100111001000010011001001110010000111111111011101110011111111111111111110000011000001100010000000110000001000100000001100000111001000111111111101111111100101110110011101100000001000000000001000010111011001110111000111111111011101111
7459334035645156801,20,meet_semilattice,1010000100000100111011101011111001111111001000000000000000001111111111111111111110101011111001011111111011111111111111111010001100000100111000100001000000000010101000111110010111111010001101100101111110100011001001011111101000110011010111111110101111111111111100100001000001001010101010111110011111111010001100000101111100100000000000001000001000010000010011100010000000000000001010100011000001001111
3300653438468055993,20,meet_semilattice,1111111111111111111101000001100000010000011111011111101111110101010110001011100001001101100010111000010001011000000100000111111111111111111100000001000000000000000000011000000100000101110111001011110001011101111110111111010111011101101111110100010110001001000001111101111111111111010001011000101100000000000100000001000001000101100010111000010101011000101111000101110111001011111101011101110010111101
-6264851183469710771,20,meet_semilattice,1111111111111111111101000110101001010001011001101110010100010111011011100111011101111110111001110111000001000000000000000000011000100000000101111111111011111111000001101010000100010100011011100101000100000100001000000001011111111111111111110111111011101111111100000110101001010001011001101110011100110000011000100001000101110110111001111111011001101110010101010100011010100101001100000100000000000001
-8085379170911096429,20,meet_semilattice,1101111001011011110101011110010110100100111111100111101111010001111000011010010000001000000010100000000011000001101000000000101000011010010011111111011111111101111111111111111111110001111001011010010011011110011110111101000010000001101000000000000000001010000011111110011111111101000000000000001000000101111001011011110101011110010110101100000010000001101001001111111101111111111101011110010110101101
-1756172139015186808,20,meet_semilattice,1111101111110001111101001001100000011011011110111111000111110101101111110001101100001000100000000000111111111111001111110000101110110001101100001001100000011011000000001000000000000100101111110001101100001001101000011011000010011011000110111111101111111011111111111111111111111111111110111111001111110000100010000001100100001000100000001001000010001000000111110000100010000001101100001000100000000001
-3514142073228790784,20,meet_semilattice,1111011111110111110101110111110001110101001101111100001101010001001110000011010111111111111111111101000101111100001101010000001000000010010000000011000000110101000000101000001101010001001111000011010101110111111001111101011101111111011111011111011111111111110100110111110001110101000000000000001000000000001000000011010001110111110001111101000000000000001001001111111111111111111100000010000000110101
8163883274719239539,20,meet_semilattice,1101100100110101101001011001000001000010111110110111010110110001000100000000000000011001000001000010111111111111010110111101101101110101101100000001000000000000111110111111010110111101100101110101101001011001001001000010010110010001010000101111111111111111101100010001000001000010111111111111011110110101100100100101001001011001001101011010111111111111011111110001000100000000001011011001011101011011
-5929169652495260931,20,meet_semilattice,1111111111111111111101001000000000000000011010000000000001000111100101000101110000001000000000000000011111010100010111000110101101000101110001101001010001011100011111111111011111100110100001000101110001111111011001011100011111110111011111000111111111111111111101101000000001000100011111110110011111000110100000000101110001101000000001001100000010000000000001000111111101110111111001111111111101111111
-2649931058028209225,20,meet_semilattice,1000100010001000001011011000100010001010111110001000100010100001100010001000001000001000000000000000111111001100100010101111111011011011111111111111110110111111000010001000100000101001100011001000101011111110111111111111110110001001100010100000100000001000001011111110110111111111111111001101101111111111110011011001111010011000100010001010111111001101100011100000100000000000001011111100110110011111
-361912487162054322,20,meet_semilattice,1100000000000000101001000000000000000000111011101110111110111111111011101111101111001110011011111011110001000000010110101100011000100111101111101111111011111011110011101110111110111100011001100111101111000100001001111010111111111111111111111100011001101111101111000000000001001010110001000000011110101100000000000101101001000000000000001010111111111110111111110100000000000000001011000100001001111011
-2491946246253393478,20,meet_semilattice,1000000000100000000011000000101010000000111010001010111010111111100011111110101111001000101011101011111111111111111111111111101011111110111111111011111111111111100000001010000000001110100011101110101100000000001000000000110010001011111010111000000000101000000011000000101011101000110000001010101010001111101011111111111111000000101010001000111110001111111011111100000010101110101011000000101011101011
8749256883156679406,20,meet_semilattice,1000100010000111111011001100100001111110111011011001111111111111110110011111111100001000000000111010100011001000011111101111111110011111111111001101100001111111000010001000001110101111110111111111111111111101101111111111110011011001011111111100110110011111111100001000100001111110000000000000001000000000000000000011000000000000000000111000000010001000001111100000000000000011101011001100100001111111
5947238647559973449,20,meet_semilattice,1000100100000000100011011111111011011000111111111110110111111001101100101100100000001000000000000000100111111010110010001000101100001000100000001001000000000000100110111010110010001001111111101101100010001011001011001000111111111111110111110000100100001000100010001011000011001000111111111111111111111001111110101101100000001001000000001000110111111110110111111101111111101101101011011111111011011011
5617520238032189994,20,meet_semilattice,1000000000000000000011101110010011011011101011100100110100111111111001111111101110001100010001010011100001000100000100001000011001000101001111111111111111111111111111101111111110111000000001000000000011101110011111111011111011100101111110111000111001001101001110000000010001010010111011100100111110111000000001000001000010101110010011011011111111101111111111111000000001000001001010000100010001010011
-3009086644981280466,20,meet_semilattice,1000000000000000000011010110101100000000111111111011110111111001000000000000000011011111101110001000100101000010000000001001011010100000000011010111101100000000100101001010000000001101111111111111101110010000001000000000100101101011000000001101011110111000000011011111101111011001110111111011111110111101111110111001100111010111101110001000110111111011110111011101111110111101101111011111101110001001
-3841736703098118289,20,meet_semilattice,1011100110001000100111111111111111111111001010010000000010010011100110001000100100001001000000001001101111011000100010011011111110101111100100000001000000001001001010011000100010011011111111101111101110111101101011011001101111111111111110110010100100001000100110111101100011011001101111011010111110011011110110001001100100000000000000001000101111111111111111111011111110101111101100000000000000001001
-1580100534301177382,20,meet_semilattice,1010011000010100111011100110000111001110001001000000000011101111011011111111111011111111111111111110000001000000000011100010011000010100111011110111111111111110111001101001111111101110011001011111111011100110111111111110000000000001000001100010011000011100111000100100000101001110111001100001111111101110011000011101111000000000000000001110000000000000000001100000000000000000001011111111111111111111
6802757184000367155,20,meet_semilattice,1001100101101110000111111111111111111111101111111110111111110001000001100000000100011000011001100001100111010110111101111001111101101111111100011001011011100001100111111110111111110000000001000000000100000000011000000001101111111111111111110001100001101110000100010000011001100001000000000100001000011001100101101111011110011101011011111111100110010110111001111001100101101110001100000000000000000001
3284354903471954602,20,meet_semilattice,1111110111101110111101111101111011101111001110001110110001110001000010000000000000011000111001000111001111001110111001111111111111111111111100111101111011100111000000001000000000000001000011100000010000010000101000000100111111011111111111110001100011101100011100010000111001000111001110001110111001111111110111101111111100111101111011101111000100001000000001000001000011100000011100010000111000000101
-2978027678110481087,20,meet_semilattice,1000110011000101100111001100110001011001111011001100110110011111111111001101110100001000000001000000000011000100010110011110111011001101110111101111110011011101000011001100010110010000100001000101100011111111111011111101111111111111111111111100110011001101100100000000000001000000111111111100111111010000100000000101100000001000000001001000111011001100110111011111111111001111111100001000010001011001
8728610498065413547,20,meet_semilattice,1111101110011011111101000010100000011001001000101001000110010111101010011001100101101010100110011001111111111111101111110000001000000000000101111011100110011001000000101000000000010111101111011011111101111011111110111111000000101001000110010110001010011001100111111111111111111111011110111001101111110000001000000001000100000010100000011001011110111001100111010111101110011001111100000000000000000001
8570372933523462194,20,meet_semilattice,1111111011111111111101101000000000000001001010000000000000010111111011111111111100001000000000000000011011000000010100110110111001111111111111111111111111111111011011001111111111110110110001000101011101101100011101110111011011000101011101110110110001111111111101101000000001000001011011000100011101110110100000000101000101101100011101111111011010000000010101110110100000000101001100001000000000000001
7816671207391845252,20,meet_semilattice,1011101101111110001111111111111111111111001100000110001000010001000000100000000000111000011101100011101111110111111100110011001001110110001100111011011111100011101111111111111100110001000001100010000000000000001000000000001100000111001000010011101001111110001100110000011101100011000100000010001000001011101101111111001110111111111111111111101111111111111101110011000001110010001100010000011000100001
-1017489866199202624,20,meet_semilattice,1011101100111111111111111011001111111111001100100010110111110001000000100101011100111010001011011111101111111111111111110001001000100101011100111011001011011111101110111111111111110011101101101111111100000000001001000010001110110011111111110001001000101101111100000000000001000000001110110010111111110000000000100101001100010000001001011111000000000010010001100000000000000100001000000000001001000011
1409252346512099412,20,meet_semilattice,1101111111111010001101011101111110000010111111111111101000110001010010001000000000011101100010000000000001000000000000000101111111111000001000010101100010000000000001001000000000000001010111001000000000011101111110000010000111011001100000000000010010001000000011111111111111100011010111111111101000111111111111111111001111111111111110101011111111111111111111110001110111001000001001011111111110000011
4740623103381079657,20,meet_semilattice,1110010110001101111001000000000000010110011000000000010111101111111111111111111111101111111111111110010001011000010111101110011111111111111001000001000001011110010000011000010111101110010111101111111011100101101011111110111001011111111111100110010110001101111001000000000001011110111001011000111111100000000000000001001001000000000000011110000000000000000101100000000000000000001011101111111111111111
-3526380623105031332,20,meet_semilattice,1000000000000010000011001110111110111011111111111111111111111101111111111011101110001000000000100001100011100110101000011000101000000010000111001111111110111011100011101110101100011000101001000010000110001010011010100001100011101111101110111000101001001010000111011111111111111111000000000000001000001000101001101011000110001110111010111001110111111111101111111000111011101011101110000000000000100001
-1307691721262955784,20,meet_semilattice,1101101011111111111101000010010101001110111111101111111111110101001001111111111001011010011111111111110111101111111111110000001000010000010011111111111111111111010000101101011111100000001001010000010001000010011111111110000000000001000001000100001001011111111000000010010101000110010000100101011011100100001001010111111000000000000000001100000000000000000001000000001001010000011001010010011111111111
8782199531312086149,20,meet_semilattice,1111001110111111100101100000100011101000001000000000000000000111000110001111100011111111111111111101111101111011111110010111001110101111100001100001100011101000001000001000100000001111011111111111110101110001101011111000011100111011111110000010000000001000000000100000000011000000001000001000101000000110000110001111100000100000100011001000111101111011111111011111011111111111111101110011101111111001
589960360324779352,20,meet_semilattice,1100101000000000101101001000000000001011111011101111111111111101111011111101111100001000000000001011110011100011010011110100101000000000101111111111111111111111110011101011010011111100111011110100111111001010001100001011110010100001000010111100111011111101111111001010001101001011110011101111111111111100111011110101111100000000000000001011110010100011010011110000000000000000001100000000000000000001
6339344015508432665,20,meet_semilattice,1111111111111001111001001010101010011000011010111110100110000111101111101001101000001010000000010000011111111111100111100000001000000000000001001011101010011000000010101010100110000100101111101001100000001010001000011000011010111111100110100000101000101001100011111111111111111111111111111111101111100000001000000001000000001010000000011000011110111111100111100110101111101001101011111111111110011111
7779250149312687460,20,meet_semilattice,1000000000000000000111010000000001110101111101011111111111110001000000000000000111111111111111111111110101010000011101011111011111111111111111010001000001110101110101011111111111111101010101001111010111010101011111110101110101010101111101011101010100001111010110010000000001010101100100000000011101011001000000000001000111010101011111111111000100000000000001011101010101111111011100000000000000000001
-9091892498997960614,20,meet_semilattice,1000111001010001011111011111011100010111111111111111111111111001111001110001011100001010000100000000000001100001000000000000001000010000000010011111011100010111110111111111000101110000111001010001001010001110011100010111000000000001000000001101111111111001011111011111111101110111110111110111001101110000111000010001001011011111111111111111000011100101000101110000101000010000001000001110010100010011
-5798996406817343213,20,meet_semilattice,1010011111111100101111110111111111111111001001001111110010111011011111111101111111111111111111111111000001000100000000010010011011111100101100100111111111001011000001001100000000010000000001000000000100000100111000000001000001001111110010010000010011101000100100000100111011001001101101111111111111111010011111111101111100000100111000001001101001111111110011110000010011111100101100000000000000000001
-6134742954062141847,20,meet_semilattice,1001111011111101110011011110111111011100101111111111111111100001011011001101110000011110111111011100000001001100110111000000011011001101110010011111111111011100000000001100110111000000000001001000100000010110111011011100000101101111110111000000000000001000100000000000010011011100100111111111111111100000000001001001110000000000000000001000000000000100100011001001111111111101111011111111111111111111
-4202395489172514414,20,meet_semilattice,1000000100001100100011101101111111011010101010011011110010101111110111111111111110001001101011001010101011011011110010101110111111111111101100000001000001001000100000011010110010101010110111111101101010000001001011001000100010011011110010100000000000001100000000000000000001000000111011011111111110101010110110111101101000000000000001001000111011011111111111111000000100101100101011101101111111111011
4698225021095498609,20,meet_semilattice,1000000100000000000011001111010010001100111011111101100011101111111111011110111110001001000000000000100011010000000001001000111101001000110000000001000000000000110011111101100011101000110101001000110011111111111111111111110011110101100011001000110100001000010011101111110111101111111011111101101011111111111111011111111110001101000010001100100000010000000001001100111101011000111011101111110110001111
8140261623505296061,20,meet_semilattice,1011001011110000000111110111111111111111001000000000000000000011000000000000000011111111111111111111101101101111000001010011001000000000000010110111111111011111001100101000000000000011001011110000000100110010101000000000001100101011000000001011011011111000110110110110111111011111101101111111111111111011011011111001111110110110111100001101101100101111000001011011011011111000111100110010101100000001
-6088414067534524040,20,meet_semilattice,1100001001000000000101000000000000000001111000111100100010111111111111111111111111101011110010001011111011111100100011110100001001000000000111000011110000001001110000101100000000010000000001000000000111101111111111111111111011111101101011111100001111001000101111101111110111101111111010111100101011111110111111011111111111000010110000001001111010111100100011111100001111000000101100000000000000000001
1981861682484185808,20,meet_semilattice,1111111111010111111101001110010000000000011011100101010000000111111001010100000000001000000000000000000011000100000000000000101001000000000001111111010101000000011111111101011111010000100001000000000001111111111101111101010011100101010000001111111111011111111101001110010001000000011111110101011000000111111101010111110101111111010101101101011111110101011001010111111111010111111101111111010101100001
1046003722084349985,20,meet_semilattice,1010110111110001101011101111111100111011001011011110000110101111111111111111101100001001100000011000000011011110000110001010111111110001101000000001100000011000000000001000000010000000100111100001100000000001101000011000001011011111000110101110111111111111101111101111111101111011101011111111001110110000000010000001100000000000000000001000111011111111111111110000110111100001101010101111111100011011
6835371962208776723,20,meet_semilattice,1010111001000001011111111111111101111111001001100000000000011011111111110111111100101110000000010111000001100000000000010000001000000000000010101111010000111111101011111111011111110010111001000001011110101111011101111111101011100101001111111111111111111111111110101111010001111111101011100100001101110010011000000001010110101110010000111111001001100000000001010010011000000001011100000010000000000001
17357774502273995,20,meet_semilattice,1010100001000000001011101001010000000011001010000100000000101111100111110110001100001000010000000010111011011111011000111110111111111111001110101001010000000010111010011111011000110000000001000000001011101001011101100011111010010101011000111110110111111111001111101001010001100011111010010100001000111110110111110111001111111101111111111111111111011111111101110000000000000000001010101001010000000011
1054578702658270990,20,meet_semilattice,1111001111011111101101000000000011000001011100101100110110110101001001001101100111111011110111111011111101111111111111110100001001001101100101110011110111111011010100101100110110010100000001001101100111110011111111111011011100101101110110110000000000001100000100000000000001000001011100101101111110110100000000001101000101000000000011011001111100111111111111110101001011001101101100000000000000000001
-5026507936603000150,20,meet_semilattice,1101001001111111110001010000000000110100111100100111111111110001000000000000000011111010011111111111111101100111111111110101001000000011010011110011011111111111111111101111111111110101001001001111010001010010011011110100010100100111111111000101001000001111010001010010000001110100000100000000001000000001000000000001000001010010011011111100000100000000001101001101001001111111111101010010011011111101
-3857276071288705515,20,meet_semilattice,1111011110111111101101110111101111101010001001100001011010000011011010010110100011111111101111111011000001000000000010000000011000010000100000110111100111101010001001101001011010001111111111111111111100110110101111101010000001000001000010000011011010011110101000000110000101001000000001100001011010000111011110111111101000000000000000001000111111111011111111110011011010010110101001110111101111111011
3697181465800945083,20,meet_semilattice,1111111111101111111101100111011011001110001001110110110011100111111111101111111101101111111011111110000001110110110011100000001100101000000000000001001010000000011001111110110111100000001101101000110000000000001000000000111111111111111111110000000000101000000000000011011011001110011001111110111111100110011101101101111000000011001010001100000000000010000001000000001101101000111001101111111011111111
5015338063585988145,20,meet_semilattice,1000001000000000000011010010101000011001111100101010100110111001001000100000000111111111111111111111111101101010100111110000001000000000000011110011111010011111100100101010000100011101001011101001101100000010001000000000111101111111110111111101001010101001100111110111111011011111111101111111111111111001001000100001000110010010001000001001111100101010100111111101001010101001101110000010001000000001
9074003134271322378,20,meet_semilattice,1000000000010000000011011001100101111111111110111001111111111001000000010000000010011001100101110010111111111111111111111101101110010111111110010001000100000010100100011001000000101111101111011111111111111011111111111111000000000001000000001101100110011111111110010001100101100010100100010001001000101001000110010111001010011001100101111111100110011001011101111001000000010000001010010001100101100011
8584180903946787149,20,meet_semilattice,1111011111111101111101000000000000001000011101101101010110110101011011010101100111111111111111111111010001000000000010000100011011000100100001110111111111011111010001001000000010000100010011000000100001110110111111011111010001101101010010000111011011011101111101000100110001001000111101111111111111110100011011000101100000000000000000001000010101101101010111110101011011010101101101000110110101011001
1178479027244433650,20,meet_semilattice,1111011111111111111101110111011111111111001001000000000000000011010101111100101111111111111111111111000001000000000000000011011101111100101100100101011011001010011101111111111111110010010001101100101000100100001010001000001001000011110010100010010000001000100000100100001011001010001101110111111010110011011101111111111100100100000000001000001001010110110011110010010000101000101000100101011011001011
-3471105272063589400,20,meet_semilattice,1010001010101000000011100010101010010000001000000000000000001111101011101011110111101010111010011101111011101110101111010010001010101000000011111111111111111111001000001010100000001110001011101001110100100000001010000000111110101111101111010010000000001000000011111110111111111111111010101110101111011010001010101001000011100010101010011100111000101010100101001111111011111011111111100010101010011101
-3283461083789970480,20,meet_semilattice,1101000111110100111001000000100000000000011100011101010011100101000010000000100011111111111111111111111101111111111011111111001111110110111001010001100101001100000000001000000000000101000111010100111001010001111101001110010100001001010010001111001111111110111001010000100001001000011100011111011011101111011111111111111101000000100000001000010100001001010011000101000110010100111011110011111111101111
-2089480957649069671,20,meet_semilattice,1000000000000000000011100000010110010100101000000101000101001111001011011101011011111111111111111111111101101111111101111110001011011001010011110111111111110111111000001101100101001000000001010001010011110010111111010111100000000001000000001010000001011001010011100010110111010100111000101101111101101000000000010001010011110110111111111111100000000001000001001110001011011101011011110010110111010111
-8212505375528061366,20,meet_semilattice,1100010110100011010001000001101000000000111111111111111111111101111111111111111111001111111110111111000001001010000000001100011111110011111100000001101000000000000000001000000000001100010111100011010000000000101000000000110001011111001101011100010111111011111111000111111101111111010001011010001100000100010110100001000011000101111100111101010001011010001101001100010111110011111111000101111000110101
-547422887021835209,20,meet_semilattice,1000000000000000000011110111101111101111101000000000000001001011010000101010111011111111111111111111101001000010100011001011011100111010111110100101001010101110101101111011111011111011011111111110111110100000001000001100101101010011101011111010000000101000110010110111001111101111101001000010101011001111011111111111111110100000000000001100100000000000000001001010010000101010111010110101001010101111
7133983368208364408,20,meet_semilattice,1100000011110111001101000000111101110011111011001111111110111111110111111111111111001100111111111011110001001111111110111111111111111111111111101101111111111111000000001101010100110000000001010000000000000000111101010011000000000001000000001100000011111111101100000000010101000010000000001111011100110000000001010101001111000000111101111011111011001111111111110000000001010000001000000000010101000011
-3764121025343302441,20,meet_semilattice,1000111111110100101011101111111111111111101011111111110010111111111111111111111100001111101101001010000001000010000000000000011000100000000000000111101101001010000001101010000000000000111111110100101000000000001000000000000001101011000000000000111111111100101000000110101101001010101011111111111110111010111111111101101100000110001000001000101011111111111111110000011010110000101010001111111111001011
8577939232911033143,20,meet_semilattice,1000000000000000000011111111111110111111101000000000000000001011101011101000000010101010011000000000101111111111101011001010001000000000000010111011111010001000101010101110100000001010000001000000000010100010011000000000101110111111101010001010101001101000000011111111111111111111101110111110101010001011111111111011111110101010111010001000101110111111101011001011111111111010111110111111111110101101
5615277643662721575,20,meet_semilattice,1110111000111101100001001110001111011000011011100011110110001111111101111111111100001100001110001000000001000000000000000000111000111000100011101111011111111111111111111111111111111110111001111101100000000100001110001000000001000001000010000000010000011000100000001110001111011000111011100111111111110000111000111001100000000100000000001000111011100111110111011110111001111101101111101110011111011001
2116559633932009462,20,meet_semilattice,1011101011011000001011111011111111110011001000001001000000100011101011010000001000101010110100000010111111111111111111110010001010010000001010111011110111100010000000001000000000100010001011010000001010111011111111110011000000000001000000100011101011011000001000111010110111000010101110101101111000101011101111011111001111111011111111111111111110111111111101110000000000000000001010111011110111100011
7440596020571924855,20,meet_semilattice,1010000010010010010011111111101111111111001000000000001001001011111110010010010010101000100100100100101011001001001001001010111110010010010010101101100100100100000000001000001001001111111111111111111110111111101100100100001000000001001001001011111110111010010010111111101111101111000000000000001000001011111110111011111110111111101110101111000000000000001001001010110110010010011010111111101100100101
-6855772645783626309,20,meet_semilattice,1000000000000010000011100101111010111111101000001000001100001111010111101111111111111101111011111111101001001000101110111111111111101111111110100101110010111111100000001000001000001010010011001011111110100101111010111111111111111111111111111010000010001011001111100101111011111111000000000000001000001000000010000011000010100000100010111011101001001000101111111000000010000011001010100000100000110001
-2690703777976716209,20,meet_semilattice,1001000110001101101111010001100011011011111111011010111110110001000010000001000111011001100011011011110111011000110110111111111110101111101100010001100001010001000000001000000000001111111111101111111111011101101011011011111111111111111111110001000110001101101100010000100001010001110111011010111110110000000010000001000100010001100001011011111111011010111111110000000010000001001100000000100000000001
-686933326779540638,20,meet_semilattice,1111111010011111001001111110100101110010001111101001011100100001010010000001000000011100100000010000000001001000000100000001111010000001000011111111100111111010000000001000000000001111111111011111111111111111111111111111000111101001000100000111111010011111001000011110100101010000000111101001001100000000000010000001000001111110100101111010111111111001111111110001111010010101001011111111100111111011
-8558098907903578860,20,meet_semilattice,1111101111111110111101111011111111101111001100100010011010100001001000100110101000111010101001101010111111111111111111110000001000000110101000111011101101101110001100101010011010100011101111110110111000000010001001101010001110101011011010100011101111111110111100000000000001000000000000000000011010001111101111111111111100000000000001001000001110101011011011100000000000000110101000111011111101101111
659470487493619038,20,meet_semilattice,1010110011000111010111101111111011111101001011001000010100001011111111101111111100001100100001010000000001001000010000001010111111100111010100101101110001110101000000001000000000000010110011000111000110101101111001110101111111111111111111111010111111101111110100000000100001000000001011001000011100010000010010000101000010101111111001111101001011001100011101011010111111101111111100101100100001010001
-9128207168957878955,20,meet_semilattice,1101011101101001100101010110000010010001111111111110100110010001000000001000000011011111111010011001000101100000100000010001001000001000000101010111000010011001110101111110100110010101011101101001100101010110001010011001110101111111101110010000000000001000000011111111111111111011110101111110101110010001011000001001000101010110000010011001111111111111111111111111111111111011101100010000000010000001
-8819387653671954863,20,meet_semilattice,1000000000000000110011000011001110001100111110111011111011011101101110111110110111001011001111001100111111111111111111110000001000000000100010000011001100001100110010111011110011001111101111111111110110000010001100001100000000100001000011001000001000111000110011000011001111001100110010111011111011001100101110111111110100000000000000001000000000000000000011001111101111111111111111001011101111101101
3908792469489823731,20,meet_semilattice,1000000000000000100011001001001011101011111011011110111011111111111111111111111110001001001011101011110011010010111010111100111100101110111110000001001000001000110011011110111011111100110101101110111110000000001000001000111011111111111011111000000100101100100010000001001001001000100000010010111010101110111111111111111100000000000000001000110011010010111011111000000100101100101010000001001011001011
-6002032551738313428,20,meet_semilattice,1100011010011010100001000010100100001000111111101101111011110101011010011010100111011110100111101001010001101001001010000000001010000000000011111111110111101111000000001000000000001101111011011110100111111111111111101111000000101001000000000100011010011010100011010110100111101001010000101001001010001111111111111111111100000010100100001000110111101101111011111101111011011110101101000110100110101001
-5553681717090743739,20,meet_semilattice,1101011101101111011101010111001011110111111111110111111101110001000100000101010011011111011011110111000101010000111101010001011100001111011100000001000000010100110111111111111101110101011101101111011100010111001011110111110111110111111101110001000100001111010100000001000001010100000100010000011101000000000000000001000011111111011111111111000000000000000101000001010100001111011100010001000001110101
5182406109232099769,20,meet_semilattice,1111101111100011111101000000111000010110011000101110000101100111001111100011111101111011111000111111011101111110001111110100001011100001011001100011111000111111000000001010000101100000000011100001011000000000001000010110111110111111001111111111101111101011111111111111111001111111000000001110001101100000000000000001010001100010111000111110000000000000000001000000000000000001011001100010111000111111
3194187134215687139,20,meet_semilattice,1011101100010001111011111111111111111111001000000000000000000011100000000001011000101000000000000000101111111111010111100011101100010001111000111001000100011110101110111111010111101011101101110101111010111011001101011110001110000001000101101011111111111111111110111011000101011110101110110111011111100010100000000001011000111000000100011110001000000000000001100010000000000000001010111111111101111111
-6659313304129365865,20,meet_semilattice,1100001000000001000001000010000000010000111010110110111101101101101101101111011011001011011011110110111111110110111101100000001000000000000011000011011011110110111111111111111111101100001001000001000011000010011011110010111111110111111111101100001001001001000011000010010011010000110000100100111100000000001000000001000011111111011011111110110000100110111101101100001001000001001011111111111111111111
-9082085486987832694,20,meet_semilattice,1011111010111101111111111111101111111111001000000000000001110011001000100001111100111110101111011111001101101011000111110010001000100001111110111111101111111111001100101011000111111011111011111111111100000000001000010111001100100011000111110011011010111101111100110110101101011111101111101011111111110000000000000001011100100000001000011111000000000000000001010000000000000000011100000000000000000001
-1299172030738565886,20,meet_semilattice,1000000000100000011011111011011100100110101000000010000001101011100100110000011010101001001000000110111111111111111111111011101100110000011010100001001000000110111110111111001011101011101101110010011000000000001000000000101010010011000001101111101111111010111011111011111111101110101110010011001001101111101111111111111111111011011100101110000000000010000001100000000000100000001011111011011100101111
-1122316720760787604,20,meet_semilattice,1111111111011110101101111111110111100011001100010001000000010001000000010000000000111111000100000001001101110001000000010011001100010000000100010001000100000001001111111001000000010011111111010100001111111111111111101011000000000001000000000011111111011100001100111111100101000001001111111101111000111111111111111111101101111111110111101011111111111111111111110011111110010100001100000000000100000001
5335229078735580404,20,meet_semilattice,1010000000000100110111111100011011111101001000000000000000001011110000001100110110101100000011001101101001000000010011011111111101101111111111111101011011111101111111111111111111111011110001001110110110111100001011101101111111110111111111111010010000001100110100100000000001001001101111000000111011011011110001101111110100100000000000001000001000000000000011011111110101101111111100100000000000001001
-1282871160593818526,20,meet_semilattice,1101110111111111011101000100010010100111111111111111111101110101010011011010011101011101111111100111000001000000100000001101111111111111011101010101110110100111010001001100101001110000010001001000001001010101111111100111010001001101101001110000000000001000000001010101110111100111000001000100101000110101110111111111011111111111111111111111000001000100101001110000010000001000001000000100010010000011
7272288716610335453,20,meet_semilattice,1110011011111110101101100110111101001010001000001111000010101111111111111110111111101110111111101011001001101111010010100010001011110000101011101111111111101011000000001001000010100000000011110000101000000000101100001010000000000001000010100110011011111110101100100010111101001010011001101111011010111111111111111111111100000000000000001010111011111111111011110000000000000000001001100110111101001011
29717218791363108,20,meet_semilattice,1000000000010000000011100000100100000010101000000001000000001111011111111100101011111111111111101111111001001001000010101110011010010000101011100111110110001010101000001001000000101110000011010000101011100111111111001010000000000001000000001110011011011000101011100111110111001010111101111111111011111111011111111101111011100000100100001010111101111111110011101010000000010000001011110111111111001111
5405412200536951046,20,meet_semilattice,1111111111111110101101100001010000100010001000010000001000100111001101101010001101111111111111100011011101110110111000110110001101000010001000000001000000000010011101111110111000110010000101000010001001100011011010100011011101111111111000110110001101001010001001110011011011100011000000010000001000101111111111111111101101111111111111101011111111111111111011110000000000000000001001100011010010100011
-222454994147561740,20,meet_semilattice,1110000101101100100001000001001001000000001000010000010000001111101111111111101011101011111111111010111111111111111110101110001111111111101000000001000000000000111000011111110010100110000101101100100000000001001001000000111000010111110010000110000100101100100000000001000001000000111000011111111010101110000111111111101001100001001001001000111110111111111111100110000101101100101011111111111111111111
-4020761407995465762,20,meet_semilattice,1000001000000100001111010111011011100111111101111111111111111001011101001110011111111111111111111111100001100100111001110000001000000000000110000011010011100111110101111110111011111000001001001100001110010111011011100111110101111111111011111000001000001100001100000000000001000001100000100100111000111101011111101111111111010111011011101111100000100100111001110000000000000000001100000000000000000001
-7853351350828201101,20,meet_semilattice,1001001110001111111011110111100111111110101100111000111111100001000010000100000011111111110111111110101101111001111111100000001010000100000000010011100001000000000000001000000000001011011111011111111011111111111111111110101100111001111111100001001110001110100000000000100001000000000100111000011000000001001110001111101000010011100001101000000100111000111111100001001110001110101011111111111111111111
-2100160298726252516,20,meet_semilattice,1000000000001100100011011101010111101100111111111111111111111001100101001110110010001001000011001000100111010100111011001101111111111111111110000001000011001000110111011111111111111000100101001110110011011101011111101101100111010101111011000000000000001100100000000000000001001000100010010000111010001101110101011111110100000000000000001000100000000000110011001101110101111111111111011101010111101101
5331195629074297932,20,meet_semilattice,1111111110111111111101111111101110111111001111111011001110010001101100000010100000001011000000100000000111110010001110000000001000000000000000000011000000100000000110111010001110000111111111111111111100011011001000111000000111111011001110010011111110111011100101111111101111111111000000100000001000000001101100000011100000001011000000101000001111111011101111110011111110111011101100011011001000111001
-8156650485495724545,20,meet_semilattice,1010100000010100000011111001111111111111001000000000000000001011100001010100100000101000000100000000101111011111111111111011101111111111111110111001111111111011101110001111010110010010100001010100000010111000011101001000001000000001000000001011100011111101101100101000000101000000101110001111111110111011100001110101100000101000000100001000101110011111111111111011100011110101101110111000011101001001
-2084341859529224051,20,meet_semilattice,1110101000111110111001100000000100000110001000000000000001101111101011111111111001101000001111000110111111111111111111110110101000111110111011111011111111111111011010101011111011100110101011111110111001100000001100000110001000000001000001100110000000111100011001100000001101000110011000000011111001101110101011111111111001101000001111101110000000000000000001000000000000000000011011111010111111111111
5883518065052855196,20,meet_semilattice,1000000000000000000011011111010111110111111111111111111111111001011000001101001010011110010011110010100001100000110000101000001000000100001010011111010011110110110111111101111111111001011001001101001010011111011111110111100111110101111101111000001000001100001010000000000001000010100101100100111100101000011000001101001011011111010111111111100111100100111101101000000000000000001010011110010011110111
-2939838137939379458,20,meet_semilattice,1001010100111011000111010101101111111011111111111111111111110001000000000010000011011111111111111011000101000000101000001101011111111111101100010001000010100000100101011011111110111101010111111111101100010101001010110000000101010011101100000001000000001010000010010101001111110011000000000000001000000001010100001011000010010101001111111011110111111111111111111001010100111011001100010101001010110001
-4060824290610162425,20,meet_semilattice,1000010000100000010011111111111111111111101111101111111111111001111010101111111010001110101011110110000001000010000001001000011010101111011010111111111111111111100001001010100101101001111011101111111100000000001000000000100111101011111111111000010000101001011010000100101011110110100001000010101101100000010000100001010010001110101011111110000000000010000001000000000000100000011010011110101011111111
2785748160254552711,20,meet_semilattice,1010000000000001000011111011011110111101001000000000000100001011000100000001000010111001010000010100111111110111101111111011101101100001010010100001000000010000111111111111101111111011000101000001000010110001011000010100101110110111101111001011101101101011010011111111111111111111101110110110001101000000000000000001000010111011011010111100101100010100000101001111101101111011111110111011011110111101
563802446759177989,20,meet_semilattice,1010000010000100001011101011111111101011001000001000010000101111101111111110111110101000110011101010111111111111111011111010101111101110101010100001110011101010000000001000000000001010000011001100101010101001111011101010101010111111111010110000000010001100001000000000100001000000101000001100111010101111101111111111111110100000100011001010111010111111111011110000000010000100001010101011111011101011
2963400397134105619,20,meet_semilattice,1111111111111111111101100110101100001001001001101000000010010111011010111100100101111111111111101011000001100000000010000000001000000000000001110111101111001011000001101000000010000111011011111100101100100110101100001001001001101001000010010110011010111100100101100110101101001001011101101111111010110111111111111111111100000010000000001000011111111111111011110111011010111100101100000110000000001001
-5404519984232700721,20,meet_semilattice,1110111111101111111101000000000000000000011010101000000000001111111111101111111101001000000000000000011011101010000110100100101010000000000001101111111010111110010010001000000000000110101011100001101001101010101000000010111111111111111111110110111011101001111001101111111011111111011011101110101111100110101010100001001001101010101000011010011010101110000111100110101010000000001001101110111010111111
-202788133356077107,20,meet_semilattice,1111111110111111111001110010000010010010001000000000000100000001001000000001000001111011100110111010011111111011111110100000001000000001000001110011100110111010011100101001101110100111101111111111101001111011101110111010011100100001100100100010000000001001000001111011101111111010011100100001101110100000000000000001000001110010000110011010011111111011111111100011001000001001001011111111101111111111
3518807632679338927,20,meet_semilattice,1111100101001111111001011001010000010110011110010100010111100001100000000001011000001000000000010000111111111111111111101111101111101111111000011001000000010110111110011110111111100001100101000001011011111001011011111110111110111111111111100111100101001111111001011001010001010110011110010100011111100000000000000001000001011001010001011110000010000000000101100000100000000001001011111011111111111111
32734252275383160,20,meet_semilattice,1000010001010000000011000101011100010000111001010111000100001111110111111101111011101101111101011000000001000000000000001111111111111101111010000101010100000000111001011111000100000000010001000000000010000101011100010000000001000101000000001110110111111101101011100101111101011000111111111111111111101000010101010001000011100101111100011000111011011111110111101110110111110101101011111111111111111111
8130005100672811297,20,meet_semilattice,1110111011011111111101000000000000000001011010101101011111111111111011011111111101001010100101011001011011101101011111110100001000000000000111111111111111111111010000101001010010010100101011010101111111111110111111111111010000100001000000010110111011011111111101000010000101000001010010101101011111110100001010010101100101000010000101001001010010101001010111110100101010010101101100000000000000000001
5376267006929383953,20,meet_semilattice,1110111011111111111101001100101111101111011011001011111011111111111011111111111100001100000011000110000001000000000000100110111011111110111111111111111111111111000011001001110011100110110011111110111100001100101111001110000011000001110001100000010000001000001000000100000011000110000011001011111011110110111011111111111100001100000111001110000001000000100001100000000000000000001000001100101111001111
-8594329286121443743,20,meet_semilattice,1111011001000000100001000000000000000000011101100100000010000101011001000000000011111110111000011000010001000000000000000100011001000000000011111111111000011110111101101100000110000100010001000000000011110110111000011000111111111111011111111111111111111111111111111111111001111111111111101110001111101111011001000001100001010110010000001000111111101110000111101111111011100001101011111110111000111111
-3033844636501628356,20,meet_semilattice,1110000100101010111101100001000000101100001000010000000011001111111111111111111111101111001110101111111001110010101011111110001100101010111100000001000000000000111011111111111011111110111101111110111101100001001000101110111001110011101011110110000100101010111111101111001111101111000000010000001000001110111111111111111100000001000000001100000000010000000001000110000100000010111001100001001000101111
-1170020527731481130,20,meet_semilattice,1011100010101000101011111000111010001010001110001010100010100001100010100000000000001000000000000000111111001110100010101111111011101000111011111111111111001111000010001010000000001011100011101000101000001000001000000000111111101111100011100001100010101000101011111110111111001110111111111111111011111111111111111111111100011000101000001000111110001110100011100001100010100000001011111110111111001111
1948452332186572091,20,meet_semilattice,1000000000000000100011000101111101111111111001011111011111111111011111110111111111111111111111111111100001011111010110011110011111110111111110000001100000001000100000001000000010001000000111100101100010000001101001001000100000011111010110011111011111111111111110000001100001001000100001011111011111111000000110100101100000000000000000001000100001011111010111111000000111110101101110000001111001011001
158792338374335740,20,meet_semilattice,1001111100111100111111111111101111011111101111111011110011110001111000111100111100001010001010000110000011100010110001100000001000101000011000011111001111001111100111111011110011111111111111111111111100000000001000000100000011100011110001100000000000101000011000001010001011000110101111111011111011111011111110111101111100001010001011001110000000000000000001000000000000100000011000001110001111001111
-4640316401971475115,20,meet_semilattice,1000010000000000000011111110111111111111101011100011001011101011111010111110111110001110001100001000000001000000000000001000011000110000100010111111101111111111100011101011001011101011111011111111111100000100001000000000100001000001000010001010111010111010111010101110101111101111100011100011001010001011111010111111111100000100000000001000100011100011001011101000111000110000101010101110101110101111
6418680037359412727,20,meet_semilattice,1011110000011101101011111111011111111010001011000001110110100011110000011101101000001000000001011000000011000001010110001011111000011101101010111101000111011010101111111111111110101011111101011111101010111111011111111010000010000001010110000000110000011101100000000000000001000000101111010001111110100000000000000101100000000000000001001000101111110111111111100000110000011101101011111111011111111111
9173463388598727880,20,meet_semilattice,1110001001000101010101000000000000000001011000000000010001011111001011101101011111101010110011010101111111101111110111110110001001000101010111111111111111011111111000101100110101010100000001000100000111100010111011010101111110101111110111111110001001001101010101000000000001000001111110101111111111110110000001000101010111110010111011011111010000000000010001011110001011101101011100000000000000000001
6063802376225389370,20,meet_semilattice,1000000010000000010011111000101011001110101000001000100001001011000010001000011010111000101010000110111111111011111111111111101010111101111011111011101111111111000000001000000000001111111111111111111110110000101010000110111110001011110111101000000010001000010010111000101011000110111110101011111111101011100010101101111010111000101011001110000000001000000001001010000010001000011011111010101111111111
-953541270297337871,20,meet_semilattice,1111111101111110111101000110000001000000011001110000010000000111111100101110000001101111000001000000000001100000010000000000001000000100000001000111000001000000111111111111111011110111111101101110111101101111001011000000011111110011111011110110111100001100000000000000000001000000011011110010111000001111111101111111111101111111001011101101011111110010111001010111111100101110111101111111001011100001
8665546831027039363,20,meet_semilattice,1010010101000010111011100101010010111110001001000000000000001111011101001111111111111111111111111111000001000000000000001010011101000010111000100101000000001100111101111111111111110010010101000000111011110111011111111111111101110101111111111010010101001011111011100111010011111111001001010000001011101010010101000011111000000100000000001000000001000000000011000010010100000000111011100111010010111111
-9214611383410825787,20,meet_semilattice,1000000100001011110011111101010111111111101010010000111111001011110101001111110110001001000011111100101011010000111111001111111111111111111100000001000010111100111111011111111111111010110101001111110011111101011111111111101111010101111111110000000000001000000010000001000011111100000000000000101111000000000000001001010000000000000010011100000000000000100001001011110101001111111110101101010011111101
1761249244777158400,20,meet_semilattice,1111111111111011111101111110111110111110001101100011001111100001000000100011111000111110001100111110000101100011001111100001001000100011111001111111111110111110001111101011001111100011111001110011111000000000001000010000000100100011001111100011111011111011111001111111111111111111000000000010001111000000000000000001000000000000001000011000000000000010000111000000000000100001111001111111111110111111
4040171853534829985,20,meet_semilattice,1001000000010010001111110001111111100111101100001111111001110001000000010010000011111001111111100111111111011111111101111111111111111111011110010001111111100111100100001101001001111001000001010010001110010000111110100111000000000001001000001001000011011010011110010000111111100111000000000000001000001111100111111111011111111001111111111111100100000101001001110001000000010010001000010000000100100001
1191319413516636025,20,meet_semilattice,1001000000000000011111110010110000000111101100000000000001110001000000000000010111111011110000000111111111111100101001111011001011000000011111110011110000000111000100001000000001011001000011000000011111111111111111111111111111111101101111111111101111001000011111111111110111111111111110111100101001111111111111001011111111111111110010101111000000000000000001010001000000000000011100000000000000000001
2481551009520630413,20,meet_semilattice,1111111111011111111001111101100111111110001000000001010110000011010110010111101000111101100101111110001001011001010110100111111110011111111000100001000101011000001000011001010110000111111111011111111011111111111111111110000000000001000110000011110110011111111000000000000101011000001001011001011110100000000000000001100000000000000000001000001101011001011111100010000110010101101011111111110111111111
2593649255771587100,20,meet_semilattice,1010111111101111111111101111111011111111001011110010111111111111111111101111111100001111001011111111000001000000000000100000011000100111101000000111001001111111001011111010111111110010111111101111111100000100001000100010001011111111111111110000011100101111111100000100001001100010000001000000001000100000010000100111001000000100001001111010000001100010011111100000000000000000001000000110001001111111
681916092855468542,20,meet_semilattice,1011110111111111111111111111111111111111001111011001011011110001000010000000010000011101100101101111000101001001000001101011111111111111111100010101100101101111000000001000000000000011110111010110111100111101111101101111000100001001000001000011110111111111111100010100100101101111000101001001001001100011110111110111111100010100100100101111000000001000000001000001000010010000011000010100100100100111
1777976753537112599,20,meet_semilattice,1000000000000000000011100000000000000000101000000000000000001111010000110001001011111101001111110011111001000001000000001111111100111111001111110101001110010010111111111011111100111111111111111111011111100100001100010010111000000001000000001111010000111001001011110101001111010010111101010011111100111110010000010001001011111111101111111011111111111011111101111110010000010000001011110101001111010011
1673542875200887318,20,meet_semilattice,1011100111010100011111111011110111011111001000000100000000100011100001000000001000101000010000000010111111111101110111111011101111010100111100111001010000000010001110011100000001100000000001000000001010111011111111011111001110011101000001111011101111011100111100111001110101000111111110111111111111111011101111011101111110111001110101001111001110000100000001100000000000000000001000111001110000000111
-3426776277552280698,20,meet_semilattice,1010100110011101101011101001100111011010001000000000000000101111111111011111101100101000100011010010111011011001111110111110111111011111101100101001100011010010001000001000000000101110110111011111101111111111111111111011001010011001110110100010000010001100001000100000100001000010111010011001111110110010000010001101001000101001100011011010111111111111111111110000000000000000001011101001100111011011
3594824824207137087,20,meet_semilattice,1111111111111111101101101110111111001011001000000000000000000111111111111111101100101100111111001001001001000000000000000010111011111100100101101111111111101011001001001110110010000010010001000000100000100100011011001000001001001111110010000010010001001100100000100100010001001000011011101111111010110110111111111111101100100100000000001000111111111111111111110010110011111100101100100100111111001001
9158168698417153283,20,meet_semilattice,1001010111011111101111111111111111111111101101111111111111110001000000000000000010111111111111111111000101000001010100101001011111011111101100010101010111110011000101011101111110110001010001010111001010010111111111111011000100000001000100100001010001011111001000010000000101010010000101000001011100100001000000000001000000010101010111111011100101111111111111110001000000000001001000010000000101010011
758739548118872366,20,meet_semilattice,1000000000100000000011001010011100101000111011111111111110101111111111111111111010001000011100101000110011100111001010101000101001110010100011001111111111111010110011101111111010101000000001110010100000000000001000000000100000000011001010001100111001111010101011001110011111101010100000000010001000001100111011111111101010000000001000101000111011111111111111101100101001110010101011111111111111111111
-4865490068722993286,20,meet_semilattice,1110011101011010111101000010010000001011011001100101001010111111111111011111111111101111110111111111010001100101001010110000001001000000101101100111010110101111111001111101111111110000000001000000100111101111111111111111010000100101000010110110011001011010111111100111010111101111010000100100001010111110011101011111111100000000000000001000010000100101000011110000000000000000101100000000000000001001
3882278320644395107,20,meet_semilattice,1101101010100000000001011010101000000000111110111110000001100001001010000000000000011010100000000000111111111111010001100000001000000000000011011011101000000100000000101000000000001101101011100000011000011010101000000000111110111111000001101111111111111101011111111011111101000110111111111111111111111111111111110101011111111111111111011111110110101010000001001101101010100000011011111111111101000111
8432497674073712771,20,meet_semilattice,1101101111110111101101011001000101110011111111111111111111110001000000010000001100011001000101010011110111111111111111110101101100010111001100010001000100010011010110111111011110110101101101010111001101011011001101110011000000000001000000111101101111111111111100010001000101010011000110010001011100110001000000010001001101011011011101111011010110111111011111110000000000000000001100000000000000000001
-5865074653773278502,20,meet_semilattice,1000000001001110000011011100010111101001111111011111111110111001000001001110100010011100010011101000100101000100111010001111111111111111101111011101111111111011110111001101111010110000000001001000000010011100011111101001100111000101111010000000000000001000000000000000010011000000000000000100111000001101110011111111101110000000010011101000111111011111111111111101110001011110101110011100010111101001
-5758923878285960132,20,meet_semilattice,1000000000010010000011111111111111111111101111111111101111111001000000011010000010011111110110111101100101000001101110001001011111011011110110010101110110111101100101001001101110001001010001011011100010011111111110111111000000000001000000001000000000011010000010111111111111111111000000000001001000001000000000011011000010010000000110111000100101001101101111011001111111011011111110010100110110111001
-1964848815800569180,20,meet_semilattice,1100000000010001010001000000000100010100111001101111000111011111011011110001110111111110111100011101110001001111000101011100011011110001110111111111111100111111110000001111000101011100000001110001010101000000001100010101000000000001000101001111111011111011111111111110111101111111111111101111001111010000000000000001000011000100111100011101000000000000000101001111111011110011111101000000000100010101
5773013522494415085,20,meet_semilattice,1110000100000101010001000000000001010000001000000000010100001111001100001111110111111111011111111111111101110111111111111110001100000101110001000001000001010000111101111111111111111111001101011111110111110011001011111101111100110001111111011110001100001101110000000000000001000000111000110000111111010000000000000101000001100001000001011100011000010000010101001111001101111111111111100011000011011101
-6941196418929475627,20,meet_semilattice,1111111111111111011101000000000000000001011010010000000000010111111111111101011101001001000000000001010001010000000000010110111111101101001101000001000000000001011011011000000000110110110111101101001101101101101011000011011011111111110100110110110110001000001101101101100011000011011111111111111101110110110110101101001111111111111111111111011011111111110101110110110100000000001100000000000000000001
-3466668695982870370,20,meet_semilattice,1100101000111100111101001010001111001111111010100011110011111111111111111111111100001000001101001111111011100111111111110000101000110100111111101011011111111111111011111111111111111110101001111111111100000000001101001111000000000001000000000000101000111100111100000000000101000111111010100011111011111110101000111111111100000000000101001111000000000001000001000000000000010000001100000000000100000001
8190365484502384441,20,meet_semilattice,1010100100101100000111111011111111111111001000000000010000001011100100101100100100101001001001000001101111111111111111111011101111111111111100100001000001000000101110011011111010111011100111111111111100100001001001000001101110010011111010110010100100101100000100000000000001000000101110010010111010011011100100101111100110101001001011001001101110011011111011111011100100101110101100100000000001000001
-2931291189966542682,20,meet_semilattice,1011101000111111110111111010001111111101001000100000010000000011101000010111110000101010000001010000111111111011111111110000001000000000000011111011001111111111111110111011111111111111101111111111111100111010001101111101001010100001011100000011101000111111110100000010000001000000000000100000011000000010001000000101000000101010000101111100001010100001011101001111101000111111111100101010000101111101
8590948793016016454,20,meet_semilattice,1001110111110111111011011101111101111110111111011111011111100001110011110110110000001000001001000100000011000111010001001111111111111111111100011101111101101100000011001111010001000000100001110100010000000000001001000000000010000011010001001111110111111111111000000000000001000000000010000111011001000000110011110111110000001100111101101100000000000010010001000001110111110111111011111101111111111111
5801364599317689455,20,meet_semilattice,1000000011000000010011000000110000000100111001011111010001111111111111111100111111101111111111001111110001001101000001001110011111110100011111000101110100000110000000001000000000000000000011000000000011000101111100000111110000001101000001001110011111111100111111000101111101000111111111111111111011111111111111111101111111100111111101001111000000001100000001001100010011010000011011000101110100000111
1409492607307153352,20,meet_semilattice,1001110010100001101011011111111101011110101111111111010111100001110010000001001000001100000000010010000001000000000100001001111010100001101010011111111100011110000011001000000100101001111011100001101000011100101000010010100111101111000110101111111111111111111010011111111101011110111111111111011111100000000000000001000000011100101000011010100111101111000111100000010000000001001010011110111100011011
5865843690200494046,20,meet_semilattice,1011100100101101111011111111101011011110001010000010010110000011100100100101101000001000000001011000101111011010110111101011111110101101111000101001001001011000101110011010110111101111111111101101111100000000001001011000111111111011111111110011100100101101111000000000000001000000111111111010111111110000000000000101000000000000000001011000001110010010010111100000000000100101101011111111101011011111
7201865855427588291,20,meet_semilattice,1111010110111000101101110101101110000001001001001001000000010011010110110000000111111111101110101111000001001001000000011111011110111000111100100101100100000001000000001001000000011111111111111111111100100101101100000001000000000001000000010011010110111000000111111111101111111111111101111011101011111111111110111011111100110101101110001001111101011011100011110011010110111000001100000000000000000001
8463279844957547780,20,meet_semilattice,1111110101100111011001001101010000000000011111010110011100000101110101000001000000001100000000000000000001000000000000001111111101100111011100001101010000000000111111111110011101110000110001000000000001011101011001110000111111111111111111111111111111101111011101011101010001010000010111010100011100000100110101000001000011111111111011111111011111010110011101000111110101100111011001111101011001110111
3392729640228033376,20,meet_semilattice,1110110101011001101101101101000010011011001010010000000100011111110101011101101100001001000000010001001011010000100110111111111111011101101100000001000000000001111111011101110110110110110101011001101111111111111111111011011011010001100110110010100100001001000111101101010111011011111111111101111110110000000100000001000100101001000010011001111111111111111111110010100100001001101100000000000000000001
-6819335993579815253,20,meet_semilattice,1010111111101111111111101111111011111111001000000000000000001111111111111111111100101000100010011011001011001110110111110010101011101101111100101111111011111111001000001000000000010010100011101001101100101000101010011011111011111111111111110010000010001000000100101000111011011011001010101110111111110010000010001001101100100000100010001001001010001110110111110010000010001000101100100000000000000001
9202170648432345715,20,meet_semilattice,1111110111111111110101000000100100010001011011011011001110010101010110110011110101001101101100111001010001011001001110010111111111111111111101000001100100111001000000001000000000010111110111110111110101000101101100111001000000001001000100010111110111111111110101011101101101111101010000001001001110010000000010000001000101000000100100011001010001011011001111010111110111111111111100000000000000000001
-961166461562191318,20,meet_semilattice,1101001100100111110101010011001001111001111101111111111111110001000000000101000111111111111111111111110101111110111111110001001000100111100100010011001001111001110100111110111111111101001101101111111100010000001001011001110101111111111111111101001100101111111100000000000001010000000100000010011110010000000000000001000000010000000001011001010100110010011111011101001100100111111100000000000001010001
2545056400523528045,20,meet_semilattice,1001001110000000000011111011101011011011101110111000010100110001000000000000000010011011100001010011111111111010110111110001001010000000000000010011100000000000000100001000000000001111111111111111111110111011101001010011111111111011111111111011101110101101001110010011100001000000111111111010111111111001001110000101001010111011101011011011111110111010110111111001001110000100001010010011100001010011
1379169489692643476,20,meet_semilattice,1111111111111111111101100100110000000000001001001100000000000111110011111101111101101100110111011111000001001000000000000111111111111111111101111101111111111111000000001000000000000000010011000000000001101100111111011111011001001101000000000110010011011100000001100100110101000000011011001101111111110110010011011101000001100100110111011010011001001101110111100110010011011101001001100100110111011011
8992046241450114613,20,meet_semilattice,1111010111111110100001010101101010100000011101011111111000000001000110100010000011111111111111111011000101011010101000001111011111111111101100000001101000100000000000001010001000000101010111111110000000000000001000100000010101011011111000000001000110101010000001010101101011100000000000000000001000001111010111111111100001110101111111101000111101111111111111111111010111111111101011110101111111111001
570566657337358239,20,meet_semilattice,1000000000001001101011010000000110011110111101111001111111111001000000001001101011111111111111111111110101011001111111101101011110011111111011010001100111111110110100001001100111101111011111011111111111010111101111111111100100000001100110100000000000001000100011010000000111011110110100000001111111100000000000001001101000000000000000001000100100000001100111100000000000001000101011010111100111111111
-4975640976083587472,20,meet_semilattice,1110000011000001110001100000110000011100001000000000000000001111100111011011110111101001110100011101111111111111101111111111101111111011111111100001110100011101001000001100000111000010000001000000000011111001111110111101001000001101000111001110000111011001110111111111111111111111111010011101101111010010000001000001000000100000000000001000001000000000000011001111100111111011111111100000110000011101
-6624452350656002339,20,meet_semilattice,1010100010011100010011111111111111111111001010001001110001001011100110011100010000001000100111000100101111011111110001001011111111111100010110101001100111000100000000001000110001001011100111111100010010111001101111000100000000001001110001000000000000001100000000000000000001000000101111111111111101011011111111111101010110111111111111111111000000000000110001001011111111111111011110111101111111000101
2916408038186822440,20,meet_semilattice,1001011110101100011111010111101011000111111101111110110101110001000010000000010011111111111011010111000101101000110001000001001010001100010000010111101011000100000000001000000000001101011111101100011100010110101011000100111111111111111101110001000010001000010000010000100011000100111111111110111101111101011111101101011111111111111011111111000000001000000001000001011110101100011000010111101011000111
3504893820485925170,20,meet_semilattice,1110111110101111111101101111101011101111001010111010111011101111111110101111111100001011100010000110000011111010111011100000001100001000000000000001000010000000000000111000100001101110111111101111111100001011101011101110111111111111111111110000000000001000000000000011100011000110000000111000101001100110111110101111111100000011100011101110000000110000100001100000000100001000001000101111101011101111
7328992514682487676,20,meet_semilattice,1111111111111111111101110111001111011111001000100011010011100011001000111100111101111111101111011111001101100011110011110000001000010000001000110111001111011111011101111011110111110111111111111111111100000010001100000010000000000001000000000010001000111100111100000010001101000110011111111011111111110011011000111101111100000010001101001110000000100011000001100000000000010000001000100010001101001111
2016596515819032107,20,meet_semilattice,1000000010010000100011111111111111111111101000001101000010001011011111011111101110101001111101111011101001111101001110111010001111010011101110100001110100111001000000001001000000001000000011010000100010100001111101111011000000000001000000001010000111011111101110100001110101111011101000001101001010001010000011010011100100000000100100001000101111111111111111111010000111010011101110100000110100001001
-2455720622513854644,20,meet_semilattice,1000000000010000000011100110010101111010101001100101010100101111111111111111101111101110110101111010100001100001010000101000001000010100001011101111110101111011111001101101011110101000011001010101001011101111111101111011000000000001000000001110111111011111101100000000000101000000101001100101011100101000011000010101001010100110010101111010111111111111111111111000000000010100001011101110110101111011
-6656797135859946807,20,meet_semilattice,1101000001011000100001010000000110001000111100010101100010000001000000011000000011111111011111011101111101010101100010011111011101011000100101010001010110001000111111111111111111110101000001011000100011110111011111011101000000000001000000000000000000011000000011110111010111001001111111110111111111111111011101011101110100010000000110001000111101010101100011011111011101111101111111110001010110001001
5737485409131213330,20,meet_semilattice,1000000000000000000011110100110001000011101101001000010000111001000000000000000011111110110001010011100101001000010000101011011010000100001111111111110111110111100100001000000000001011010011000100001111111111111111111111111111101101010100111111111011011111001110010000000001000000111111101101011100111111011011000101001111111111110111111111111111101101111101111001000000000100001010010100100001000011
-4009901468237065898,20,meet_semilattice,1111111011111101111101111010111111010110001010001001000000000011100010011100010000001000000100000000011111101111110111100011101010111100010001111111111111111110000010001001000000000011101011111101011000111000101111000100000000000001000000000010100010011000000000001000100101000000011111101111111111100011101010111101011001111010111111011110001010001001110001000011101010111100011001111110111111011111
-2514562841412833541,20,meet_semilattice,1111110011011011110101001000110110001101011010001101101111010111100011011011110100001000100110001101011111001101101111011111111011011011110111111111111110111101000000001001000011010000100011011000110111111110111110111101000000000001000000000000000010011000110111111111111111111101010010001101101111010100100011011001110100000000000100001000000000000001000011011111111111111111111100000000000100001001
3136497576214983327,20,meet_semilattice,1000010001100000000111111111111110111001101111111111101110011001110111111011100110001100011000000001000001000110000000011000111111111011100110000101011100100001100011001111101010010000000001100000000100000000001000000000100001000111000000011000110001111010100111111111111111111011100001000111001000011000110111111011100110001100011100001001101111111111101111011011111111111011101100000000001000000001
5423768234207899752,20,meet_semilattice,1111011011001110101101000100100000101010011101101000111010110101010010000010101011111111111111101111000001001000000000100101011010001010101011110111111111101111000000001000000000100101011011001110101111110110111111101111111101101101111010110101010010001010101001010110100011101010000001001000001010101111011011111111111100000100100000001010111101101101111011110000000000000000001001010110100011101011
336417848298559910,20,meet_semilattice,1000000000000100010011111110011001110111101110100100011101111001101001000111011110001010000001010110101111100100011101110000001000000100010011111111111111110111111111101110011101111000101001000101011010111110011001110111111111101111111101111111111011101111011100000000000001000100100010100000011101101000001000000101010011111110111111111111000000000000000001001000001000000101011010001010000001110111
8423638848170773387,20,meet_semilattice,1011111110111101111111111111111111111111001000010011100011010011011110111101110100101111101111011111001001110011110011010000001100111100110100000001000100001100001001111011110111011011111111111111111100000001001110001101000000000001000001000000000100011000110000000001000111001100101111111011111111110010011100111101110100000000000100001100000000000000000001000010011110111101111100000001000110001101
-4622112048682366398,20,meet_semilattice,1100001000000000000001000000000000000000111110100100001001001101101001000010000011001010000000000000111111100111011011000100001000000000000011111111011101111100111111111111111111011100101001000010000011111010011000100100111110100111001001001111111101111111110111111010011101100100110010100000001000001111111001110111110011111010011100101100110110100100001001001111111111111111111111111110011101111101
5681850821434442611,20,meet_semilattice,1111111111111111111101010111011001110011011111111111111111110001000101100110001101011111011001110011000101010110011000110001011101100111001100000001000000000000010111111111011111110000000101000110000000000001011001100000010111110111011101110101111101111111111100000001000001100000000000010000001000000001010101100111001101011111011101111111010101110110011101110000000100000110001000000001011001100011
-3834152755459913176,20,meet_semilattice,1000000100000101000111001011110011010011111010111100111100111111111111011111111110001011110011010001111011111101111111110000001000000101000100000001000001010001000000011000010100011000001111001101000111101111111111111111111010111101111101110000001110001101000100000000000001010001110010111100111100110000000000000001000011101011110111111111111010111100111101111000101111001101001100000000000000010001
552462456982636179,20,meet_semilattice,1111011100110111110101110101001101011101001101000001000001000001010000010000010011111111011111111101000001000001000001000111011100110101110100110101000101001100111111111111111111111111011101111111110100110101001101001100000000000001000001001111011100111111110100110100000101001100011101110011011111010011010100110101110000110100000100001100000000000000000001001111111101111111111100110101001101011101
9114282496645923036,20,meet_semilattice,1010101110111110100011111111111111111111001010111011111010001011111110111111111000001000100101101000101011111011111111100000001000010100100000000011100101101000000000001001011010001011111111111111111000001011101101101000000000000001010010000000101110111110100000000000000001001000000000000001011010001010101110111111110000000000000000001000101010111011111011001010101110111111111010111111101111111111
-997755630689173590,20,meet_semilattice,1011100010101011111101111000101010111111001010000000000000000011100000100011001100001000000000000000111111001010101111111111111111111111111111111101101010111111001110001010001111111111110111101011111100101000001000010011111111011111111111110011100010101011111111111101111011111111001010000010001100110000100000000001000000111000001000111011001110000010001111110000100000000001001000101000000000010001
-2096831587350527555,20,meet_semilattice,1101111100100011010101011010000000010100111111110111111111110001001000000000000000011010000000010000010111110010000101000000001000000000000001011011001000010100111111111111111111111101111101110111111100011010001000010100110111110011001101011101111101111111111111011111001101110111010111110010001101010001001000000001000011011111001100111111000110100000000101001101111100110011011101011111001000010101
-1079007283902182368,20,meet_semilattice,1111101010110111111001001010101101111110011110101011011111100101101010110111111000001000000000100000111111101011011111110000101000110111110011111111101101111111000010101011011111001111111111110111111100001000001000100100000010000011011111001111111111111111111100001000001001111100000000000000001000000000100000100011110000001000000000101000000010000000001001000000101010110111111011111010101101111111
-4843059845065450935,20,meet_semilattice,1111111111110111111101111101001000101101001110010010001011010001000000000010100000011001001000101000001111010010001011010111111111110010110100010001001000101000011111011110001011010111110101100010110100010000001000101000011111011111001011010111111111111111111101111101111101101101000000000000001000000111111111110111110100000000000000101000000100000010001011000111111111110111111100011001001000101101
-7026828492936918019,20,meet_semilattice,1001000010001010000111110111111111111111101101111110101001110001000010001000000011111111111111111111100101111100101001011001001011001010000110010011110010100001000000001000100000001001000011001010000110010011111010100101101101111111101001110000000000001000000010110111111111111111000100001000101000001011011111111011111110110111111110101111100100111100101001011001011111101010011100010000100010100001
741989379159987340,20,meet_semilattice,1011001111011110000111111011110111101101001000000000000000000011000111001100000010111011110111100101111111111101111011010011001111011110000000100001000000000000001000011100110000000010000101001000000011111111111111101101001100011101110000000010000100001000000000100001010011000000001100011101111000001111111111111111111110110011110111101101101100111101111001011111111111111110111100110011110111100001
3339025525679498350,20,meet_semilattice,1111110010101101001101001000101001010010011010001010010100100111100010101101001100001000100000000000011111001010110100111111111011111101001111111111111111010011000000001000000000000111110011101101001100001000101000010000111111001111110100110110100010101101001000001000101001010000111111111111111111110000100010000001000011111111111111011111111111111111110101110000000010000000001001101000101011010011
-5440515107795519404,20,meet_semilattice,1111111111111111111101010100110010110000011101101101101110100001000000000011000001111111111111111011000101001100101100000101011011001011001001110111111111111011000100001000001100000001000011001011000001110110111111111010010101101101101100100001000010001011000001110110110111111010000000000000001100000000000000000001000001010110110110111010011111111111111111110101010011001011001001110110111111111011
5027171133807596892,20,meet_semilattice,1011000011011101001111111101111111111011001000000000000000000011000010001000001010111100110111011011101101001101110110111011111111111111111110111101110111111011001000001000100000100011000011011101001010111101111111111011001100001001100000100010000000001000000000110000100111000010101111001101111110110011000010011101001010110000110111011011101111011111111111110010000000001000001000110000110111010011
8589942248699934645,20,meet_semilattice,1111000011100111100101110000110001111001001000000000000110010011000011000111100111111101111011111001111101011110011110011111111111101111111111110001111001111001001000001000000110010010000011000011100101110000111001111001111111111111111111111111010111101111100100100000110001111001001000001000001110010000000000000001000100000000000000011001111111011110111111011111110111101111111100000000000000000001
-7583232661780884071,20,meet_semilattice,1011110110011001110111111111111111111101001011010000000100000011110110011001100000001000000000010000000001010000000100001011111110111011110100000001000000010000001011011000100100001011111111111011110110111101101110111101001011011001100100000010110100001001000010111111111111111101001111011001101111010000000000000001000000101101100110011000001111011001100111001011111111111111111100111101100110011101
6302601851983137148,20,meet_semilattice,1011011100110000111111110111001100001111001100000000000000000001000000000000000011111111001100011111001101000011000010000011011100110000101000110101001100001010111111111111111111111111011101111011111100110000001100001000001100000001000010001111011100111001111111110111011111111111111101110011101111111111011100110001111100110000000000001000001101110011000011110011010000110000101000110111001100001011
8471998973064602323,20,meet_semilattice,1001011000111111011111010110001111110111111111110011111101110001000000010000010011011111001111110111000101000001000001000001011000110010011011010111001111110111111111111111111111111111111101111111111100010100001100100100000000000001000000000001011000111010011100010110001101100111000000000001001000000001011000111011011111111111001111111111000000000001000001000001010000110010011000010110001100100111
-3889587150690639187,20,meet_semilattice,1111011111101100001001010111111011000010011101111110110000100001000000000000000011111111111111011111000101111100110000100001001011001100001000010011110011000010000100001100100000000001000001001000000000010111111011000010111101111111110011110001000000001000000000010000110011000000111111111111111111111111011111111101111111110111111011001110111101111110110001100001000011001100001011110111111011001111
195435109305640635,20,meet_semilattice,1110110101101111100001101101011011111000001000000010000010001111111101111111111100101101011001111000001001010110011010001110111101101111110100100001001000001000111111111111111111110010000101100000100000000000001000000000111011110111111111110010110101101111100000000000001001001000001000010110001010000010010101100111100000000000001000001000111011010110111111011110111101101111111111101101011011111001
-3847374980154184875,20,meet_semilattice,1001111010110011111111011111101101111111101111111011011111110001000000000000000000011000101100011010000111001011001110100001111010110011101010011111101101111111000100001000000110001111111111110111111100010000101000011000000100001011000110001111111111111111111110011110101101111111000110001011001110100001000000000001100000010000000000001000000111101011001111110001000010110001101000011110101100111011
5511860015826652391,20,meet_semilattice,1011110110011101001011111101100111010010001101001000100100000001010000001000000000111101100111010010000001000000100000001111111111111111011100110101100110010000000101001000100000001111110111111111011111111101101111010010001101001001100100000000000000001000000000110101100111010000111111011011111101110001010010001001000011111111111111111111111111011011110101110011010110011101001011111101101111010011
-5762740209037277552,20,meet_semilattice,1000100000000000000111001000000000000001111010010000000001011111111101011011010100001000000000000001111011110000101101011110101100001011010111001001000000000101111111111101101101011110111101001011010111111111111110110101111010110001101101011110100100001001010111111111111111111111111010010000001101011110100100000001010111111111111110111111100010000000000001011111111111011011011100000000000000000001
-6616589432027851930,20,meet_semilattice,1101110001111001011001010000001010010000111111011111100111110001000000000001000001011000011110010010010111000111100101101111111111111111111111011101111110011111110111001111100111110101000001101001000000010000001000010000010100000011100100000001000000101001000011111101111111111111111111011111101111110000000000000001000001011100011110011110010110000111100101100101000001111001001011011100011110010111
-4833789741038512738,20,meet_semilattice,1000000000000000000011000000000000000000101000000000001000001111010101100011110011111101011000111100111001010110001011001111111101100111110011100001011000101100111111111111011111001000000001000010000011100000011000101000111111110111011111001111111111111111110011111101011001111100100000000000001000001110000101100011110011100000010000101000111000000110001011001111111111111111111011111111111111111101
-4339127998615952564,20,meet_semilattice,1010010000000000000011101111100100001000001000000000000000001111111110010010110010101110100100000000001001000000000000001010011010010000000010100111100100000000101001001001000000001111111111010110110011111111111101101100101001000001000000001111111111111110111111111111100101101100111011111001001011001111111111010111110010101111100100001000111011111001000011001111111111110110111111111111111101101101
-5690485617311718369,20,meet_semilattice,1101001100001001111101010001000000001011111111111110111111110001000100000000101111011011001010111111110111111110101111110001001100000000101100000001000000000011110110111110101111111101101101101011111111010011001010011111110111111111111111110101000100001000101111011111111011111111110100110010101111110101001100001001101100000001000000001011010100110000100111110000000000000000001000000000000000000011
5510556757475976185,20,meet_semilattice,1111111111111111111101111110010111111111001011100100101010110011111001001010101100001110010010101011000001000100101010110000001001001010101101111111010111111111011111111111111111110000000001001000001001111110011111111111001111100101111111110000000000001000000000111110010011111111000000000100101000110011111001001011101100000000010010101011001111100100101111110000000000001000001000000000000010000001
1687103843961275647,20,meet_semilattice,1101001011111111011101010000101011110110111101111111111111110001000000101000001011011111111111111111110101101111111101110001001010101111011011010111111111110111000000001000100000100101001011111111011000000000001010000010010100101011111101100000000000001000000000010000101011010110000100001010111101100001000010101001011011010111111111111111000000001000100001100000000000001000001001010010111111110111
8838847759267644306,20,meet_semilattice,1101000000111111011001010000001011110110111101011111111111110001000000001111000011111111111111111111110101001011111101101111011111111111111111010001101111110110110100001011111101101101010111111111111100010000001011110110010100000011111101100000000000001100000000000000000001000000000000000000111000000000000000001111000011010101101111111111000100000000111101100001000000001111001011010001101111110111
5803334576855695168,20,meet_semilattice,1100110000000000010101001100000000000101111111111111111111111101111110100100110100001000000000000000000011000000000000001100111110100100110111001101101001000101010011001000010001011101111111111111111111001100101001000101110111111011010111011101111110111111111101001100000001000101110111111010011011011100110110100101110111001101101001001101000011000000000001011101111110110111111100001000000000000001
-6698537142077242648,20,meet_semilattice,1111110111110011101101111001111000111011001000001000000000000011100011000000001100101000110000000010011111011111001110110111111111110111101100111001110000000011000000001000000000000010000011000000000000111001111000111011011110011111001110111111111111111111101101111101111101111011001110011100001110110011100111000001001100111001110000011011011111011111011111110010000010000000001000101000110000000011
5429443716571615945,20,meet_semilattice,1000000000000000001011000101101100101010111001011111101111111101010111111011111111101101111110111111100001001011001010101111011111111111111110000101101100101010100000001011001010101100010111111010111110000000001000100010100000000011001000101100010110111010101011110101111111111111100000000000001000101100010111111011111110000000001100101010110001011011101011110000000000000000001011000101101110101011
2677697195226295088,20,meet_semilattice,1101010010101111111101000100100010111111111101001110111111110101010010001111111111111100111011111111000001000000001000001111111111101111111111010101111011111111000001001000101000001101010011101111111101010100101011111111111111111111111111110000010000001010000001000100100011111111000000000000001000000000010010001011101000000100000010101000000001001000101111100000010010001010001000000100100010111111
6934074781065958533,20,meet_semilattice,1111011011111110011101010000110000100001011100101110011000010001000011000010000111111110111111100111011101101110111001010101001011000010000111111111111111111111000000001100000000010000000001000000000101010010111000100001011101101111111001110111001011101110010101010010111001100001000000000100001000011111111011111111011111111110111111111111011100101110011001010111011011101110011100000000000000000001
7280810196590154983,20,meet_semilattice,1000000000100000100011001110011111111011111111110111111111111001111101111111111110001100001010011001100001000010100110011000111001101111101110001111011111111111111111111111111111111000110001101101101100000000001000001000100011100111111110110000000000101000100010001100001011011011100011000110111110111000000000101001100100000000000000001000100011100111111111111000110000101001101100000000001010001001
-929977475564529205,20,meet_semilattice,1000000010000001100011111111111111111111101101111010110111101001001010000001100010111111111111111110100101101000110110001000001010000001100010010111100011011010000000001000000110001011011111111101111010010111101011011110101101111011110111101001001010001101100010010010100001011000101101111111111111100000000000000001000000000000000000011000100101101000110111101001011010001101101010111111111111111111
968935726722030392,20,meet_semilattice,1100010010100001100101000100101000011001111001111010101110011111111111111111110111101111101111111001000001000000000000001100011010101001100111000101101010011001000001001000000000001110111111111111100100000100101000001000110001111011101110011100010010101001100111100111101111111001110001111010101110010000010010000001100000000100100000001000111011111111111111011110111111111111111100000100101000001001
-8087804164648969606,20,meet_semilattice,1000000110001001000011101111111111011111101001011011100110011111111111111101111110101101111110011101000001010000100100001010011111111001110100000001000010010000000000011000100100001010010111111001100100000101101110011001000000011001100100000000000000001000000010101111111111011111111111111111111111110000000000001001000000000101100010011000101001011111100111011010111111111001111100000101100110011001
-528508062615313454,20,meet_semilattice,1010100100111110001111111001001111110111001000000001010000111011100100111110001100001000000101000011111111111011111111111011101100111110011100101001000111100011111110111011111101111111111111111111111100101001001111100011000000000001000000100010100000011110001100000000000101000011001010000001011000111011100100111111011111111011101111111111101110010011111001110000000000000000001000000000000100000011
-2927368255134866695,20,meet_semilattice,1111011011101001101101100010110000000001001000000000000000000111001011000000000111111111111110111111011101101110000110110010001001000000000011110111111010011011001000101100000000000010000001000000000001110010111000011011111101111111100110110111001011101001101111111111111111111111111101111111101111110111001011000001000101110010110000011011111101111111100111110111001011000001001100100010110000000001
224214953898517209,20,meet_semilattice,1111101010111111011101111010101111110111001110100001101100010001101000000000000000001010000000000000111111111111111111110000001000000000000001111011101111110111001110101011111101111111101111111111111100111010001110110111000110100001101100010001101000001000000000111010001111110111000110100000101000000001101000001011000011111011101111111111001110100001101101110011101000011011001100011010000010100001
3063643328849896510,20,meet_semilattice,1110111111111111111101101111111111111111001000000000000010001111111111111111111100101110010101101111001001100101001011110000001000000000100000101111111111111111001011101101011011110010001001010010111100101110111111111111001000100001001010010010111011011111111100100110010101101111001000100000001010010010111011010111111100000000000000001000001000100000001011010010001000010010111100100010000000001001
-593007484154406672,20,meet_semilattice,1100000000000110011101000000000000000000111001000000011001111111010000000110011111111111111011111111110001000000011001111111011100000110011111110101000001100111111101111110111111111111011101100111111111110111001001100111111111111111111111111111011100101111011101000000000001100101010000000000001001011111011100100111011111100100000001101111010000000000000001010100000000000000011101000000000000000001
-2406237918084629142,20,meet_semilattice,1111111000011001110101111010000000011101001000000000000101010001001000000001010100011010000000010101011111100000000111010000001000000001010111111111000111111101111111111101111111111111111101011111110111111111111111111111011111100001100111010111111000001001110111111110000111111101111111100001101111010000000000000001000000011010000000011101000000000000000101011111111101011111111100000000000000010001
-859072214555834003,20,meet_semilattice,1111000110111101111101110000101011011111001100001010110111110001000000000001001011111101111111011111111101011011110111111111111111111111111100010001101011011111000100001010010101111111010111111101111100010000001000010010011100011011110111110001000000101101001100010000001001010010111111011111111111110000000000000001001000010000101011011111000100000010010101110000000000000000001000010000001001010011
8349725142648005491,20,meet_semilattice,1101101111111111101101000000010000000000111111111111111111110101000011001000000001011000111010011010110111111111111110110101101011101011101101010001111010011000010000001100000000000000000001000000000001010000111010001000010110111111101110110100000011001000000001011000111011111011010110001110101110110101000011101001100001010000110010001000110111111111111111110101000011101001101001011000111010011011
-5194866069962189892,20,meet_semilattice,1111111111111111011101111010001010000000001110000010000000000001100000100000000000001000000000000000011111111111100000110011101000101000000001111011111110000011011110101011100000110111101011111000001100001000001000000000001110000011100000100011100000101000000001111111111111100111011111111111101000110111111111111111011111111111111111111111011111111111100001110011100000101000001001111010001110000011
4753328288503413786,20,meet_semilattice,1111111111111111111101111100110111010111001001000000000001010011110011001101011100101100110011010111000001000000000001000111111111011101111101111101110111010111000001001000000001010010010011000000010101111111111111111111001111001101110101110010010011001000010100100100110011000101011111111101111111110010010011001101011101111101110111011111000000000000000001000010010011001100011100000100000000000101
-484751257198603420,20,meet_semilattice,1000110101100111101111001101011101111011111111111111111111111101111111110111111100001101011001111011000001000000001000111100111111110111111100000101011000111011110011011111011111110000010001100011001100000100001000100011100011010111011110111101111111111111111100000101011001111011000000000000001000000000010000100011001100000100011000111011110011010111011111110000000000000010001100000000000000100001
1449551941628061193,20,meet_semilattice,1110110101111100101101101100011111001010001001000111110010001111111111111110101100001100011011001000000001000000000010001110111101111110101101101101011111001011111011011111111010110000010001001100100000000100011011001000000001000111110010000000000000001000100000000100000011001000111011010111111010111111111111111111111100000000000000001000111111111111111011110000010001101100101001101100011111001011
-7316877028927772281,20,meet_semilattice,1000100001010101001011011111111111111111111111111111111111111001100101110111101000001000000001010010100111111111111111111001101101110111101010001001011101111010100110111111011111110000100001000101001000001000011101010010000010000101010100101001101111111111111100000000000001010010000010000111011100100000000000000001001010001000011101111010100110110111011111100000000000000000001010011011011101111111
8109979156917914455,20,meet_semilattice,1100000001011101001001000000010101010010111001000101110101101111010101011111011011111101011111110110110001000101110101101111111101111111111111100101010111110110111111111111111111110000000001000001000011110101011111110110000000000101000100100100000001011101001000000000000001010000111001000101111101100000000000000001000011111101011111111111010000000101010101100000000001000001001011111101011111110111
-8460662446651431570,20,meet_semilattice,1011101001110101110011111010111101011100001010100101000011000011101001010000110000001010010100001100111111111111111111110000001000000000000011111011111111011100101110101111010111000000001001000000000000111010011101001100000000100101000011001111101011111101110000111010010101001100111110111111111111110011101001110101110000000010010000001000000000100100000011001111101011111101111011111011111111011111
6328775660064908164,20,meet_semilattice,1000000001001011010011110000011011110110101000000110101101101011000001101111011011111101111111110111111101000110111101101111111111111111111111110101011111110111111101001110111101100000000001000010000010000000011010110110111100000111111101100000000001001010010010100000011011110110000000000000001000000000000001001011010011111101111111111111000000000100001001001000000001001011011011110100011011110111
1988559920551557139,20,meet_semilattice,1100001000000011001001000000000000000000111000100000101101101111011000011111011011111111000111110111111001100000101101100100001000000011001011110111000111110111111111111101111101111111111101011111011111100010001010110110111001100001101101100100001000001011001011100110000011110110010000000000001000100100000000000011001011111111000111111111110000100000101101100100000000000000001011110110000111110111
-5927819772469312823,20,meet_semilattice,1111110111110111000101100001100100000001001000000000000000010111100110110011000100101001100100100001011111011111011100011111111111111111111100100001000100000001001000011001000000010111100111110011000101101001101100110001001000000001000000011111110111111111000101111001111101110001001000011001001000010010100110010011000111111101111111111001111111011111111111111111110111111111101100000000000000000001
5429930872133908014,20,meet_semilattice,1111111111111111111101000000001000011001011110111111101111110101101111111011110101001011111110111101011111111111101111110100001011111011110101000011111110111101010000001111001111010100000001110011100100000000001000011001010000000011000110010100000011111011110101111111111111111111010000000011001110010000000000000001100000000000000000001000010000000011000111010101101111111011111100000000000000011001
-8669311626783990913,20,meet_semilattice,1000000000000000100001000000000000001000111001111010010110011111011110101101111111111111101011011111110001011010010110011100001110100101100111000001101001011000110000001010010110001111111111111111111110000000001000001000111111111011110111111110011110101101110111000000001001011000111111111011111111111000000000100001100000000000000000001000111001111010010111011110011110101101111111000001101001011001
8062151468460573453,20,meet_semilattice,1100000010000010000101000000000000000001111100001000001011011101000010000010000111111101101011101111111101001000001011011111111110101111111111110101101011101111010000001000001000011111010111111110111111110100101001101101111101011011111011111111010010101110111111110000100001101101010000000000001000011111110110101111111111010000100000101001110100001000001011011111010010100110111100000000000000000001
3928168286233871820,20,meet_semilattice,1001101001010000001111111111110101011111101110111101000111110001000000010000000000011000000100000000101111111101000111110001101001010000001110011011010100011011100110111101000110110001100001010000000011111111111111011111000000000001000000001111111111011101111110011011110101011111111111111111111111111001101001010001001110011010010100011011100110111101000111110001100001010000001100011000010100000001
-327644066908304890,20,meet_semilattice,1011101101100000110011111011011000011100001110110110000011000001100000000000010000001000000000000100111111110110000111000001101000000000110000011011000000001100111111111111111111110001101101000000110000011011011000001100111111110111011111111111111101111111111111111111011001011100111111110110011111001011101101100001110000011000000000001100000000000000000001001111111101100111111111111111011001111101
8976427607630032354,20,meet_semilattice,1100011110001001000001000101100000010000111001111001100101001111011110011001011011111111100111010110000001000000000100000000011110000001000000000101100000010000000001001000000100001111111111111101111011111111101111011110110001111001100101000000010110001001000011100111100111010100111111111111111111110000000000000001000011111111100111011110110001111000100101001110011110011001011011111111111111011111
7344290160219640646,20,meet_semilattice,1111111111111111001101101111011101110011001011110110011100110111111111111111001100001000011000010011000011110110011100110000101001100111001100001011011001110011011011111111111100110000000001100001001000000000001000000010001011110111011100110110111101111111001100001000011001110011000010000110001100110000000000100001001011111111111111111111111111111111111101110000000000000000001000000000011000010011
-8199427295488607234,20,meet_semilattice,1001110111101001110011111111111111111111101111111110100111000001000111100001100000011001111010011100000101011110000110001001111111101001110000000001111000011000000000001010000110000000000011100001100000000000001000011000101111111111101111000000000111101001110010111111111111111100101111111110101111000000000000000001100000000000000000001000000000011110000111001011111111111111111110111111111111111101
6232808473085299004,20,meet_semilattice,1011011110010010101111111111111111111111001101111000001010100001011110000010101010111111100111101111000001100000001000100000001000000000001000000111000000100010000001111000001010101011011111011010111110111111111111101111000101111001001010111011011110011010101110110111100111101011000000000000001000101011111111111111111100000111000000101010101101111001101011110000000000000000001000010111100000101011
-6979748477437542526,20,meet_semilattice,1100100001101000001001000000000000000010111111011110110101111101100001101001011001001000001000000010110111001110110101101111111111111111111111011001111011010110110110001110110101100100100001101000001001000000001000000010111111011111110101110100100000101000001011001000011011010110111111011111111101110100100001101001001011111101111111111111110010000110100101100000000000000000001011011101111011010111
-830593059745712950,20,meet_semilattice,1001011110011001110111111111111111111111101101111011110111010001011110011001100110111111111111011101000001000000000000010000011000000000000100000111100110011001000001101001100100011011011111111101110110010111101110011101000001100001000000010000011000001000000110010111101111011101101111111111111111110000011000011001000100000110000110011001000101111001100111011011111111111101111100000000000000000001
6575887801738251724,20,meet_semilattice,1000000000100000010011111101101101101111101110010010001001011001000000100000010010011001001000100101101111011010011011111111111111111110111110010001001000000100101110011010001011111111110111111110111100000000001000000100101111011011011011111111110110111110111110111001101001101111100100010010001001001111111111111111111110111001001000101111000000000000000001001011100100100010011110010001001000000101
7394958091587063808,20,meet_semilattice,1100100100101010011001000001001010100110111110010110101101111101100101101011011101001001001010100110111111010110111101111111111101101111011100000001001010100110111111111111111101111100100101101010011000000000001000000110111111110111111101110000000000101010011011111001011011110111000000000010001001101100100101101011011011111111111111111111000000000000000001000000000000000000011011001001011010110111
1550664218144557096,20,meet_semilattice,1101111111111111111101010110100101011000111111111111111111110001000000000000000001011111101101111010000101000000000000000001011000000100000000010111100101011000000101101000010110000101111111111111111001010111101101011000000101101001010110000101111110111111101000010100000001000000010101111011011110000001011000000101000000010110000001011000010111111011111111100101011110110101101001011111111111111111
3079048478083064041,20,meet_semilattice,1111111111110101111001000000000100000000011101011011010011100101010000110100111001111101101101001110010001000011010011100111111110110101111001010101101101001110010101001011010011100111111111110101111001000000001100001000000000000001000000001111111111111101111101000000001101001100011111111111011111100100010000110101111001000000000100001000010000000011000011000100000000110000111011111111111101011111
-5423077780883927984,20,meet_semilattice,1101110111101010010101000000001000100000111111111110111001110101000110100010000001011101111000100101010101011010001000001101111111101010010101000001001000100000010000001010001000000101010111100010010100000000001000100000111111111111111111110101110111101010010101011101111011100101000000000000001000001111111111101111011111111111111011111111010100011010001001001101111111101110011101010101101000100101
7564172360606785860,20,meet_semilattice,1101011100110101101001010101001100011010111111111111111111110001010100000000101011011111111111111110000001000000000010100101011100110101101000000101000000001010110101111111111111101101011101110101101000010101001000011010000101010001000110101101011101111101111001010101001101011010110101110111111111100001010100000001101000000000000000001000110101110111010111100000000000000000101011010111111111111111
-3871447966740858840,20,meet_semilattice,1000001011001011000011000010110010110000111111111110111111111101011011001011101111011110111011111111110001101100101110110000001011001011000011011111111011111111000000001000100000000000000011001011000011010110111010111011110111111111111111110000000000001000000011010110110011111011000000001000101000000000000010001011000011000010110010111000110101101110111111111100001011001011101011000010110010111011
8206756482683032181,20,meet_semilattice,1111011111111101111101110111010111011111001000010000000000000011010101000000100011111111111111111111001001010100000000000011011101010000100000000001000000000000011101111101110111110010000101000000000001110111011111011111001101010101000010000011011101011000101100110111010111001111111101111111111111110011011101011001111100100101010000001000001101110101100011110011011101010000101000110111010100001011
-3208640923650241534,20,meet_semilattice,1111011101111101101101010010000011011010011100110000110110100001000000001000100011111111111111011111011101110000110110100001001000001000100000010011000011011010011101111101110110110111011101001101101001110111001011011010011101110101110110100000000000001000000000010010000011011010111101111111111111110001001000001001101000000000000010001000111101111111110111110001001000001000101001110111010111011011
6562767998570479142,20,meet_semilattice,1111000110111000110101000000000000001001011000000001000011010111000110010000110111111001101111101101111101011011111011011111001110111000110101100001000100001101011000011001000011011111011111111110110101110001101110001101010000000001000011010111000110011000110111110001101111101101111100011011101011011111011111111111110100000000000000001001010000000000000011011111111111111110111100000000000000000001
-6180421496739289657,20,meet_semilattice,1111110111011110111101111101110111101111001110011101011001110001100010010110010100001000000101100101001111011101011001111111111111111110111100011001110101100101000010001001011001010001100011010110010111111101111111101111000000000001011001010011110111011110011100000000000001100000000000000000001000001111110111111111111100111101110111101111000000000000011001010001100111010110011100000000000000100001
-2028929332347243686,20,meet_semilattice,1111111111010111111101110100000100001001001000000000000000010011010000010000000101111101100100101011001001000001000000010111111111010111111101110101000100001011011101011001001010110111110111010111101111111111111101111111001000000001000000011111111111111111111101111101100101101011001101000001001010010111110110010111101100110100000100001001011111011101011111110111010000010000101100000000000000000001
-1868908118176676203,20,meet_semilattice,1100110111111001011101001101111110010111111011011111100101111111110111111111011100001001000000000111000011010011100101111110111111111111011100000001000000000001000011011111100101110000110101111001011100000001001000000101000010010001000001110000100100111000011111101101111111110111111011011111101101110000100100111001011111111101111111111111000000010000000001010000000100000000001100000000000000000001
2267456294206428573,20,meet_semilattice,1111110001111111111001111100010011011110001010000100010101000011110001001101111000001000010001010100001011000100110101101111111011111111111011111111111111111111111111001111111111100000000001000000000001111100011011111110011111000111111111100010100001001101011000000000010001010100011111000100111111100000000001000001000000101100010011011110000000000100000101000010100001000101011011111110111111111111
4047646290489901117,20,meet_semilattice,1100000000000000101101000000000000001010111110011000101110111101000000000011101111011000100000111011111111111100111110111111101111001111101111011001100010111011110100001000001110111111100111001111101111111011111011111011111111111111111111111101100010001011101111011000100011111011110000000000001010111100000000000011101100000000000000001010111111111110111111110000000000000000001000000000000000001011
-4595514153747407050,20,meet_semilattice,1111011111111111101101110010000111010011001100000001000000000001000000000000000001111111111111111011011101101101110100110011001000010000001101110111111111111011011100101001110100110111001011011101001101110110111111011011000100000001000000000011001000011000001100110010000111010011011101101111111110110011001000011001001101110110110111011011111111111111111111110001000000010000001000110000000100000001
-7495234273219972734,20,meet_semilattice,1000000000010010100111001000000101101101111010011011011011111111100111110111111110001000000100101001111111011111011111111111101111110111111111001001100101101111110010001001011011011110100111110110111111001001101101101111000000000001000000001111111111111111111110001000000101101101000000000001001010011110100111110111111100000000000100001000100010000001001011011100100000010110111100000000000100001001
-3902353684967805392,20,meet_semilattice,1111111111111111100101110010010101011001001100000000000000000001000000000000000001111010110101011001011111111101010110010011001001000101000001111011110101011001011100101101010110010011000001000000000001111011111101011001001100100101010100000111111111111101100100110000010001000000011111111111111110010011000001000101000000110010010101011001111111111111111111111111111111111111101100110010010101010001
104683494456231667,20,meet_semilattice,1100011000010000001001000010000000000010111111111111111111111101011001111101001111011111111111111111010001100001000000100000001000000000000011010111011111010011110101111111110101111100011001111101001111000110001101000010010000100001000000101100011000111101001011000110000101000010110101111111111101111100011000010101001011010111111111011111110101110111110101110000001000000000001011000110001111010011
-704042477574828485,20,meet_semilattice,1000000100000000001011000001000000000110111000011000100011101111100110011000111111101001100010001110111111111111110111111111101110011000111100000001000000000000110000011000100011101111101111011100111111111011111111001111111010011001100011111100000100001000011011111011100111001111111110111111111011111111101111111101111111000001000010001110100000010000000001100000000100000000001011101001100010001111
-3309075803378753393,20,meet_semilattice,1010100110110111010011101101101101110100001010011010011001001111110110111111110000001001100000100100101011011011011101001111111110111111110100000001000000000100000000011000001001001111110111111111110000001001101001100100001010011011011001001110110110111111010000001001100001100100000000010000001001000010100110110111010011101101101111111100000000000000000001001111111111111111111111111101101111111101
2710070967963449497,20,meet_semilattice,1111101111111111110101111011111111111101001000000001000000000011001000011010000000111011101111111000011111111111111111010010001000011010000000110011100110111000001000101001101000000011101111111111100000110011101110111000000000000001000000000010000000011010000000110011101111111000001000000001001000000011001010011011100000110010100110101000001100111001101111001111101111111111111100111011111111111101
-4194270178475169829,20,meet_semilattice,1000101000000010101011001110000100101010111011100001101010101111111001111110101100001000000000100000100011100000001010100000101000000010000011111111111111101011111111101111111010111100111001111110101011001110001111101010100011100001001010101100111000011010101011001110000111101010000000000000001000001111111111111111101100001010000000101010111111111111111111110000101000000010001011101110011111101011
-8917185700860385391,20,meet_semilattice,1111011111101111011101110111110011110111001001100100001001010011011001000010010101111111111011110111000001000000000000000000011001000010010100110111010001100111001101111100111101110000010001000010010101110111111011110111011111111111111111110011011101001110011100110110010001100101000001000000001000000011011001000111011101111111111011111111000001000000001001000011011001000110011100000100000000100001
7359160990461723798,20,meet_semilattice,1000010001101101100011010111011011011011111111110110111110111001011101101101101011011111011011011011000001000000000000001000011001101101101010000111011011011010111111111111111110110000010001101100100000000100001011001000111111110111111110110000010000001000000000000100000011001000110111110110111110110000010001101101100000000100000010001000111111111111111111111000010001101101101010010111011011011011
-7830557343372716883,20,meet_semilattice,1011101001111111101111111111011111111111001010000000000000000011101001000010101000001000000000000000101111100111111111110010101000000000100010111011011111111111101110101111111111110010101001000010101000111010011110111011001110100101101010110011101001001010101100111010011111111011001010100000001010000011101001011011101100101000000000001000101110100111111111110010101000000010101000111010010000101011
-1048588742123862509,20,meet_semilattice,1111101101111111111101011010001110001001011110110111111111110001000000010000000000011010000100000000111111110111111111110001001000010000000001011011001110111011111111111111111111110101101101111011101100011010001100000000000000000001000000000001101000111000100101011011011111111011010110100011101010010001101000111001100100011010000100001001010110110011101111110101101000111011101100011010000100000001
4294402332708809726,20,meet_semilattice,1000000000100000000011111101111010011101101110000110100010011001000001100000000010001000011000000000101111011110100111011111111111111111111110111001111010001101101110001110100011011000000001100000000000000000001000000000111111011111111111111001100001101000100111111101111011011101111111011110111111111011100111101001110110011000011000001001100110000110000011011111110111101101111110001000011000000001
442125602151551946,20,meet_semilattice,1101011111111110011001000000111100100000011101111111111001100101001011111010001011111111111111100111010101101111101001100100001011110010000001010111111110100110000000001000000000000000000011100000000000000000101000000000000000001111001000000100001011111010000001010111111111100110000000001110001000001111111111111111011111111111111111111111010100101111101001100100001011111010001001110111111111100111
5670787467079949451,20,meet_semilattice,1000010100000000000111010101000101000001111101111111111011011001010100000100000111011111011111101101000001010000000000011101011100011110010100000001000000000001110101111111111011011101011101011110110111010111011111101101100101010001010000011101010100011110010110000101000001000001110101010001011001011101011111111111110111010111000111101101110101010001010001011101011111111111111100000000000000000001
8559628265784714276,20,meet_semilattice,1111101000010100011101000010000000000000011000100000010000110111001000000100001101001010000001000011111111100111111111110000001000000000000011111011011111111111111111101111111111111111101001111110111111111010001111001111011110100001010000111111101000011100011100000010000001000000111110100011111011111111101001111111111111111010000101001111011110100001010001110100001000000100001001000010000001000011
6096023816395806140,20,meet_semilattice,1111111111111111111101100111100101011001001001000000000110010111011110010101100101111111100101111101000001000000000010010010011110000101100100100101000001011001001001001000010110010111111111110111111101111111101101111101001001111001010110010111111110111111111100100100000001011001011101111001011110010000010000000001100100000000000000001001011101111001011111010111111110110111111100000000000000000001
4437980368873175451,20,meet_semilattice,1000000101000010111011111111110111111111101001110101011111101011011101010111111010111111010101111111000001010100001011101000011101000010111000000001000000000000101101111101011111110000000101000010111011111111111111111111100001110101011011101011111111011111111110000111010001101110000000010000001011101000011101010111111000000001000000001100000000010000000001000000000100000000111010110111010101111111
3980236701030423013,20,meet_semilattice,1100000000011001111001000000000000000000111011011111111111101101110111111111111011001000011110111110110011010111101111101111111111111111111011001001011110111110110011011111111111101100000001111011111011000000001110011110010000000001000011000100000000001000010011000000011111111110110000000011101111100100000000010001110001000000000000001100010000000000000001000100000000010001111011011101111111111111
5462730622838021351,20,meet_semilattice,1111111111011100000101111000110011000000001110001100100000000001000001001000000000001000010010000000011111111101110000010111101011011100000101111011110111000001000110001100100000000000000001000000000011111111111111111011011110001101110000000000000001001000000000111000110011000000111111111101111000011111111111011111000111111111110111111011111111111101111111111111111111011111001101111000110111000001
-1637501270804979249,20,meet_semilattice,1001001101011101111001010011010111011110111110110101110111110001001100000001101010011011010111011110111111110111110111110000001000000000000000000011000000000000111110111111111111110001001101011101111011111011011111011111000100110001000111100001001100011101111000010011000101011110111110110111111111110000001100000001100000000011000000001000000100110000000111100000001100000001101011010011010111011111
905639430713086657,20,meet_semilattice,1111101011111111111101011000011001000100011110000110010001000001100000100000010000001000000000000000111111101111111111110111101011111111111111111111111111111111000110001110010001000001100001100100010000001000001000000000011110001111110101110111100011101101011100011000001001000100011110001111111111110111100011100101011101111000111011011111000010000010000001000101100011100100011001111000111001000111
7866313846814246061,20,meet_semilattice,1000000000001000100011111111111111111111101011001111110111111001110011111101111110001000111110001010100001001111100010101010111011111111111110101101111111011111100000001111100010101000000001111000101010000000001110001010100000000001100010000000000000001000000010001100111111011111100011001111111111111000110011111001101100000000000010001000100011001111100111111000000000011000101010001100111110001011
6106454568083525179,20,meet_semilattice,1110111111011111111101000100000101011110011001101101010111101111111111111111111101101111110111111111000001000000000110100100011000010101111001100111110101111111010001101101010111100100011001010101111011101111111111111111000001000001000111100110011111011111111100000100000001011010010001100001011111100000000000000001101000000000000000001010000001000000000111100000000000000000001001100110110101111111
9179939471140652817,20,meet_semilattice,1000000000100000000011100101001010111000101000010010101110001111111110101011100111101111101010111000101001010010101110001110011110101011100010000001001000000000111001011010101110001111111111101011100100000000001000000000111111111111101110011000000100101001100011111111111111111001100000010010101110001000000100100001100010000000001000001000111111111111111111011111111111111111101111101111101010111001
1317904407758184287,20,meet_semilattice,1100011000000000000001000000000000000000111111111111111111001101011000000010000011011111111111111100010001000000000000000100011000000000000011010111111010100000110101101010101000001101011011101010000011010110001000100000110101111111111011001101011000101010000011010111111011101100110001100000001000001101011111111111110011010111111010101100110101111110101001001111111111111111111011111111111111111101
4537483595369289512,20,meet_semilattice,1111110111110111111001000000000000000100011001011011011111100111010111110111111001111101111101111110010001011011011111101111111111110111111101000001100101111110010000001001011111000110010111110111111001000001101101111110010000000001000111001111110111111111111001000000000101011100010000000001011111000100000000000001110001000000000000001100000000000000000001000100000010010111111011111101111101111111
-7130002168154007667,20,meet_semilattice,1100000000011101110101000000000111000101111110000101111111011101100001011111110111001000010111011101111111001101111111111111111011111111111111111111111111111111111110001101111111111100000001011101110111111000011111111111000000000001110000000000000000001000000000000000000011000000110010000101111111010100000000011101110101000000000111001101000000000001110001001111100001011111111100000000000010000001
-20604105955950473,20,meet_semilattice,1001100101111101011111011011011111111111111110110111111111110001100000110000010100001000001100000101100111110111111111111001101101111111111100011001001100000111110111111111111111110001100101110001011100000000001100000101000000000001000001010001100101111001011100011001011101010111100110010111111111110001100100110001011110011001011111011111000000000000000001010001100000110000011100000000000000000001
1957398234705239379,20,meet_semilattice,1110001011001111110101100010110011111101001000101100111110011111111011011111110111101010110011111101111011101100111111010000001000000000000111111111111111111111000000101100110010010000001001001100100111111110111111111111111011101101111111010000001000001100000100000010000001000001000000101100111010010000001011001111100100000010000011001001000000101100111011011111111011011111111100000000000000000001
370148482226491064,20,meet_semilattice,1111111111010110111101000001000000000001011011111001000011010101111110010010110101001111100000000101010001011000000000010100011110000000010100000001000000000000010000011000000000010111111111010110111101111111111111101111010011111001000001010111111111011110111101111111100101101111010011111001001011010111111111111111111101001111100100001101010001011000000001010111111110010010111100000001000000000001
1296668753797170390,20,meet_semilattice,1000000000000000000011000011010111001000111000111101110110001111001111011101100011101011110111011000111111111111110110001000001101001000100010000001000000001000110000111101110110001000000101001000100011110011111111011000100000110101110010001000000000001000000010000001010011001000111111111111111111011100001101011101100010000000000000001000111111111111110111001111111111111111111111111111111111011101
6628054205117435149,20,meet_semilattice,1111111111101111111101111111111011111111001000000000000100000011000000000001001000111100100001010011001101001000000100100011111011000111101100111111111001111011001000001000000100000011110011000111101100111110111001111011011111111111111111110011111111101111101100110100100001010011001111001000011110110000000000000001000000111100100001011011001111111110111111110010000000000001001000110000000000010011
4246093924556239487,20,meet_semilattice,1111011110110111111101100000000001000010001000000000010000100111000000100101001011111111101111111111011101001011011110110111011010110111101101110111101101111011011100001011011100101111011111111111111101100000001001000010011100000011010100101111011110111111111100000000000001000000011100000011011100100010000000000101001001110000101101111011011101111011011111110000000000000100001001110000001101110011
-7906663769787595165,20,meet_semilattice,1011000111010000010011111111111111111101001100010100000001000001000100000000000010111111111100111101101101011111001101001011001111110011010000000001000000000000001100011101000001000001000101000000000010110001111100000100001100010101000001001011111111111011110110111111111111111101101100011111001101001011000111110001010010110111111100111101000100010100000001001111111111111111111110110101111100110101
-1736113128283254341,20,meet_semilattice,1010001000000100000101100000000001000001001000000000010000011111001100100101010111111111001111011101111101110010010101010010001000000100000110100011000001000001111111111111111111011111111101111101110110100011001001000001111101110011010101011111011100111101110100000000000001000000111111110111111111011010001100000101000111110111001101011101111000110010010001011111111101111111111100000000000001000001
-3852716022260406317,20,meet_semilattice,1000000000011000110011011101010111111101111111111111111111111001100000011100110010001000000110001100100111010001111111001101111101111111110110011001000111111100110111111111111111111001110101011111110111011101011111111101000000000001000011000000000000011000110010001000000111001100100110000001111111001001100000011101110000000000000000001000000000000000000011001101111101111111111110011101000111111101
-1714258640143270568,20,meet_semilattice,1000010000000100000111100110011101110011101001000100010000111011011001100111001111111110111111110111000001000000000000001010011001000111001111111111111111110111111101101111011100111000010001000100000110100110011001110011101001100111011100111111011011111111011100000100000001000000100001000100011000111010010001000111001111111111111111111111111101101111011101111000010001000100001100000100000001000001
-5661375661055395089,20,meet_semilattice,1000100000000000000011111111011111111111101111000100011001011001100001000110010100001000000000000000100111000100011001011011111001010110011110111111010101100111111111111111111111111000100001000110010110111111011111111111100110000101011001011011111101011111011110001000000001000000100010000000001000001011111101010111011110111111010111111111100010000000011001011001100001010110011110001000000000100001
235954438887747966,20,meet_semilattice,1010000010000011100011100010111010111000001000001000001110001111011111111011110011111111111110111110111001111110101111001010001010100011100011100011111010111100000000001000001110001010001011101011100010100000101000111000111001111111101111001010001010101011100011111111111111111111000000000000001000000000000000000011000000000000000000111000111000101110101111001110011111111011111011100111111110111111
8140735053394446556,20,meet_semilattice,1000000000000000000011111110111110111111101011000001000011101011110000010001111010001000000000000100100011000000000011001011111001110011111111111111111111111111101111101111001111111011110001010011111010111100011100111111100011000001000011101011111011111011111111111110111111111111101111000001001111101010110000010001111010001000000000001100100000000000000001001000100000000000011010111100010100111111
4866784308393962313,20,meet_semilattice,1101011100100100010001000001001000000000111101110110011001010101000100100000000011111111011101100101010101010010010000000101001100100100000000000001000000000000111111111111011011111101011101100100010100000001001000000000111101110111011001011111111101111110111101010001001001000000110101110110011001011111111111111111111111111111011101101101010101110010010001001111111101110110111111010111001001000101
-6185091690843259840,20,meet_semilattice,1000000000000000000011010101111100110101111101111111011111111001000011010001010011111111111111111111100101011101001101001101011111110111010110010001110100010100100000001101000001001000000001010000000010010101111100110101100000000001000000001111011111111111111110010101111101110101100100001101001101001000000011010001010011010111111101111111100000000101000001001101011111110111011110010101110100110101
-2392157946384061163,20,meet_semilattice,1111001011110010101001000000110000000000011000001111001010100111000011110010101011111111111101111111111101111111001111100111001011110010101011110011111100101010000000001100000000000000000001000000000001000000111000000000010000001111000000001111111111111111111111110111111101111110010000001111001010000111001011110011101001000000111100001000111100111111001111100100000011110010101011110111111101111111
8501038029988267054,20,meet_semilattice,1000000000000001100011000110011110011101111101101111100111111101011011111001111111011110111110011111100001000000000110001000011001000001100011011111111110011111110001101111100111111000010001000001100010000100011000011000100001000101000110001000011001111001100111111111111111011111111111111111111111110000000000000001000000000000000000011000100001100111100111011100011001111001111110000100010100011001
-2262652082274688624,20,meet_semilattice,1000011101110000110111001111011110101101111111111111111011111001111101111010110110001111011110101101000001000110000000000000011101100000100000000001001000000000100111111111101011010000000001100000000000000000001000000000000001110111000011010000011101101000110110011111111111101111100001110111101011011111111111111111111100000100011000001000000001110110000011001001111111111010111100000111011000001101
6044440910087002810,20,meet_semilattice,1011111010001001111111111110101010111111001000100000000000010011001000000000100100111110000010011001001101100000100110010000001000000000000010111111101010111111001111101000100110011011111111101111111110111110101010011111111111111111111111110011001000001000100110111110101011111111101111101010101111110011001000001001100100100010000000001001001111101000100111110011111010001001101100000010000000000001
-5916917116970160057,20,meet_semilattice,1011000010100110000011111011101001110100001100001010011000000001000010000010000010111010101001110000111111111111011101101011001010100110000010111011101001110100000000001000001000001111101111110111011000010000101000100000111110111011011101101111111111111111011100010000101001100000000000000000001000001011001010100111000011111111111101111111101110101010011101001111101110100111011011111111111101110111
6272396364990988555,20,meet_semilattice,1111101011111000111101000000000100000011011110000011100000110101100000111000001101001000001100000011111111101111100011110111101010111000101111111111111111111111011110001011100000110111101011111000111101000000001100000011000000000001000000000100100000111000001111111110111111111111111111101111101111111111111011111001111101111000101110001011011110101011100011110000000000010000001100000000000100000001
2332598615110289920,20,meet_semilattice,1111011101100111011101000111010001110111011001110100011101110111011101100111011111111111011011111111000001110100000101110000001101000001001100000001010000000000111111111110111111110000000001000000000001100111011001110111111111111111111111111111011101101111011100000111010001010111000001110100011101110000000101000001000111110111011001111111000000110100000101110000000101000001001100000001010000000001
7915156123324298065,20,meet_semilattice,1001110011101000111111111100111010001111101111001110100011110001000010100000001000011000101010000010000111001110100010111111111111101001111111111101111010001111000000001000000000000001100011101000101100000000101000000010111111011111100011110001000010101000001011111101111111011111111111111111111111111111110111101001111100011000101010001010000111001110100011110000000010000000001000011000101010001011
-9095002927145897674,20,meet_semilattice,1111111111001110111001101000110011000110001000000000010000000111110111001110011000101000000011000100011011001100110001100111111111001110111001101101110011000110001010001000110001000010100011001100011011111111111111101110111111111101111011100010000000001100000000000000000001000000011011011100111001101111111111011111111101111101110011101110001000000000110001000010100010001100011011111111110111101111
1299228195517173071,20,meet_semilattice,1001010111011101111111111111111111111111101101111101110111110001000000000001000010111111111111111111000101001101100101110001011111011101111100010101110110010111000100001000000100000001000011011001001110110111111111011111000100001001000100000001000010011001000100010101110111010111101101111111111111110000000000000001000000010101110111011111000100001101100101110001000010010001001100010000100100010001
-4402540904031635533,20,meet_semilattice,1110111100011011101101101110000010111000001011100000000110001111111100011011101100001000000000001000000011000000000010000000111000000001100001101111000010111000111011111001101110110110111101011011101111111111101110111011011011110001101110110010111000001001100011111111101111111111001011100000101110000000100000000001100000000000000000001000111111111011101111110110111000001011101001101111000010111011
7793963034471687529,20,meet_semilattice,1001100000101010100011111010001110111100101110000010101010000001100000000010100000001000000000000000111111100011101111011011101000101010110011111111001110111101111111111111111111111111111101111011110100011000001010101000101110100011101111000001100000001010100011111111011111111111000010000000001000001011101000101011110000001000000000101000101110000010101011001111111101111011111111111010001110111101
1307017597152150931,20,meet_semilattice,1010001110000010010111111111111011111111001000000000000000001011001110000010010110111011110000100101101111111100001111010010001110000010010100100001100000000001001000001000000000001011001111000010010110111111111001111111101111111111111111111011111111101111111110111111110001111101001000011000001001011011101111000011010110111011110000101101001000011000000001011011111111000111111100100000100000000001
2271982569252255007,20,meet_semilattice,1110111111101111111101000001000001000110011000010000010001100111111111111110111101101111111001101111011001011010010001100110011111100110111100000001000000000000011000011010010001100110010111100110111101100001001001000110011011111111111011110110111111101110111100000001000001000110011001011010011011100110111111101111111101100101101001001110000000010000000001000000000100000000011001100101101001101111
6206362047529172073,20,meet_semilattice,1101001001000111110101010010010001111101111110110101011111010001001001000011010111011011010101111101111111111111111111110000001000000010000011010011010101111101111110111101111111110000001001000010010011111011111111111111010100100101011111011111101101011111110100000010010001111101000000000000001000000000000000000011010000000010010000111101000000000000001001001111101101011111111100000010010000110101
1879994834435511258,20,meet_semilattice,1111001010000111111001110010100001101010001100100000011010100001001000000110101011111010111101111111111101101111011111110000001000000010101011111011111111111111001100101000011010101111001011000111111011110010111101111111111100101101011111101111101011111111111100000010000001101010000000000000001010100111001010000111101000000000000000001010011100101000011111100000000000000000001011110010110001111111
-734602297263756198,20,meet_semilattice,1110101101111111111101100011011110111011001000000000000000001111101111111111111101101011011111111011111111111111111111110010001101111011101100100001011110111011111010111111111111110010000001111011100100100000001110010001001000000001000000000010000000011001000001100011011111111011001000000011101100010010000000010001000000100000001110111001011010110111111111110010000001111011101100100000000110010001
-7723632682451136400,20,meet_semilattice,1111011110111111111101000110100011001110011001111000111111110101011110001110111111111111111111111111000001101000110001100000001000000000000001000111100011101110000000101000100000001111011111111111111101110111101011111111011101111011111111110000001000001000000000000010100011000110000001101000111011100100011110001111111100000110100011001110000000100000000001000000001010001000011001000111100011101111
8534015349279301800,20,meet_semilattice,1000011000010100000111111110111101111111101111101111011111111001111010010111111110001110000101010001000001000001010000000000001000010000000011111111111101111111100011101001011110011001111011010111111110011110111101111111000000000001000000001111111111111111111100000000000101000000100011100001011100010000011000010101000110001110000101111001100011101001011111111000111000010111101100000110000101000001
-3438844402784443883,20,meet_semilattice,1101111111111111111101000000000000000000011111111111111111110101011010101111111101011111101011111111010001100010110000010100001000000000000001010111101011111111010001101010110000010101111111101111111101000010001011000001010111111111111111110100001000001100000001000010000001000000010001100010111010010100011010101111111101000110001011001001010001100010111011110100011000101110101101000010000011000001
-5873688513501973186,20,meet_semilattice,1101001100111010011101000000000000000110111111111011101011110101001100110010011111011111001110100111110101110011101001110100001000010000011001000011001100000110110111111011101001111111111111111010111101000010001100000110010000000001000001100101001100111010011111111111111111111111010000100001001001101111111111111011111111011111001110101111000000000000000001000000000000000000011001000011001100100111
-8486525019401746194,20,meet_semilattice,1000010010000100101011111111111111111111101101111000011111111001010010000100101010111111100001111111000001001000010000001001011110000110101110000101100001001010000000001000000000001011111111000111111110111111111111111111101111111101111111111011011110001111111100000000100001000000100101011000011010111001011110000111111100000100100001001000100101111000011011110000010010000100101010010101100001001011
-6253005030167582357,20,meet_semilattice,1111011111111111111001000010010000000100011000100100110101000101001001001101010001111111111111111110011101110100110101000000001001000000010001100011010011010100011101111101110101000000000001000000010001110111111111011100011101110101110101000100001001001101010001000010010001010100011101111111111111000100001001000001010001110111110111011100000000000000000001000111011111111111111011111111111111111111
6541335020100148719,20,meet_semilattice,1111111111111111111101000011111010011011011000111110100110110001001111101000101101111011111111111011011111111111111110110000001111101000101100000001000010000000000000011000100000010000000111101000101100000001101010000001011100111111110110110000000000001000000001110011111011011011011100111111111110110000000110101001101100000001101010001001011111111111111111110000000110101000101100000001000010000001
-7939653927024261778,20,meet_semilattice,1111111011111110101101001000000000000000011011000001000010110111111011011100101100001000000000000000010011000000000010100110111001010100101111111111111111101111011011101101010010110110110001010100101101111110111111001011010011000001000010110110111011011100101101101100000101001011011111101111111010111111111111111111111101001000000000001010111111101111111011110100100000000000001001001100000000001011
-9167727844110710368,20,meet_semilattice,1100010101110010111101000000000000100000111001110111011011111111111111111111111111101111011101111111010001000110001001111100011101110110111101000101011100101111111011111111011111110100000001100010011101000000001000100000010001000111001011111110111111111111111111000101011101101111000000000000001000001100011101110111111101000100011000101111010000000010001001110100000000100010001001000000001000100011
2423066234440147258,20,meet_semilattice,1000000000000000010011100101010101001101101001010101010011011111010101010100111111111101011101001111100001010101010011011111011101110100111110000001000000000101111111111111110111111000000101010100110111110101011101001111100000010001010001011111111101111101111110000000000001000101111111111111111111111111111101110101111110000001000101001101000000000000000001001110010101010100111110000000000000000101
7157350968610778790,20,meet_semilattice,1110100100010101000101101001000101010001001000000000000000011111100100010101000100101000000000000001111111111011111110111111101100010101000100101001000100000001111110111011110110111111111111111111101111111011001111010001001010000001000000011111101100011101000100101001000101010001111110110011111100110010100100010001000111111011001111011011111111111011111111111111101100111101001100000000000000000001
2629319176261148846,20,meet_semilattice,1111111111101111111101110101010001110100001101010100011101000001010101000000010001111111010001110100000001010000000001000111011101000111010000000001000000000000011111111100111111110000010101000000010001111111111011111111111111111111111111110111111101001111111100000101010001000100000101010100011101000001010101000101010001111111010001111111000000010000000001000111111101000111011101111111010001110101
-4169569947049029756,20,meet_semilattice,1101111001101101101101000010000010000000111111101111111111110101111001001101000101001010000010000000010011100000100000000000001000001000000011111111111111111111110111101110111111110100111001001001000001011110011011010011110111101111111111110000000000001000000001001110000011010001010111100110111100110100111000001001000001011110010011011011110111100110111111110101111001001101001101001110000010010001
-6074573301394629487,20,meet_semilattice,1111101111101011101101000000000000100000011000000010001000000111101111101011101101101000101010110001111111111111111111110110101010101011000101101011111010111001010000001010101000000110101011101011000101000000001000100000111110111111101110110100000000101010000011111011111111111011000000000000001000000110000010101011000001101010111010111001111110111110101111110110101111101011101101100000101010110001
-5521018719133446539,20,meet_semilattice,1000000001000010001011100110111110101110101001000101001011101111011011111010111011111110111110101110000001000100001000101010011001010010111011111111111111111111101001001101001011100000000001000010001010100110111100101110100001000101001010101010011011111010111011111110111111111111000000000000001000001111111011111011111100000100010000101010000001000100001001100000000000000010001011111110111110101111
6503850160503980587,20,meet_semilattice,1011111011111100000001101110111111000000001011000001010000000011111011111100000000001100000000000000000001000000000000000010111001010100000011111111111111011110001011101101010000000000110001010100000000101110111111000000000001000001000000000010111011011100000000001100000101000000111111111111111111111111111011111101011011111110111111011110101111101111110001001111111011111100011011111110111111010111
7539830241729134427,20,meet_semilattice,1000000000100000000011110101101111011100101101011011110111001001000110111101110011111101101111011110100001011011110111001111111111111111111100000001001000001000100000011010110011001111110111111101111100000000001000000000100000011011110011001000000100101100110010000001001001001100111111011111111111111000000110111101110000000000001000001000100000010010000011001111010110111101111011111101101111011111
8922735825743546557,20,meet_semilattice,1100000110010010100101000001100100101001111100011001001010010101000110010010100111111101100111111001111101011001101110011111111111111111100100000001000000000000000000011000000000001111110111011111100111111101111111111001000000010001000000001111000110011010100111110101100111111001000000011001001010011111000110011011100100000001100100001001111111111111111111011111111111111111101100000001000000000001
2670114320108118199,20,meet_semilattice,1110101111011100101001001011110011001000011010111101110010001111101111111110111000001000000000000000111111111111111011110000101111001100100000001001000000001000000010011100110010000000100101001000100011101011111111101110010010111101110010000000100100001000100000001001010011001000111010111101111010101111111111111111111100001000000000001000111010111101111011100110101111011100101011101011111111101111
2163906363565907253,20,meet_semilattice,1101110101111111010001011101011100110100111111011111111101010001000001100011000000011000011000110100000111000110001101001111111111111111111100011101011000110100110111011111111101010000000001000001000000000000011000010000000110000111001101000101110101111011010001011101011111110100000000000100001100000000000000000001000011011101111111111101000100000110001101001111110111111111111111011101011111110101
1959357153160079372,20,meet_semilattice,1010111011111110110011101110111111101100001000000001000000001111111011111110110000101010111100100000001011101111011000000010001010010000000011101111111111101100001000001001000000000010001011110010000000100010101100000000000000000001000000000010111011111110000000101010111101100000001000101011001000001111111111111111110000101110111111101000001011101111111011001111111111111111111011111111111111111101
-1373462387173374124,20,meet_semilattice,1010001011101101011111100010111111011111001000101110110101001111001011111101111111111010111111011111111111101111111111110000001001101101010011111011111111011111000000101110110101000000000001000100010000000000011001000100101000101111110101110000000001101100010000000000000001000100111110101111111111110000000001101101010010100010111111011111000000000000000001000010001011101101011000100010111011010111
-3522394375215632232,20,meet_semilattice,1010001000000110101111100010000101101011001000100000011010111111111010011111111111101110100111111011111001101001111110110000001000000000000011111111101111111111101000101001011010111111111011111111111111111110101111111111101000100001011010111110001010011111101100000010000001101010000000100000001000001110001010010111101100000010000000101010111011101001111111110000001000000000001000000010000001101011
5992591408766336602,20,meet_semilattice,1111111111111111111101111011111111111111001000000000000000000011100011101110000100101000000000100001011111111111111111110011101011101110000100111011111011111011001010001110101000010010100001000010000100101000011010100001001110111111111110110010100001001010000100101000111011100001001000000000001000010011101011101111000100111010111011111011001110111111111111110011101011101111001100100000000000000001
-4146714725002049180,20,meet_semilattice,1011100001011111111111111001111111111111001110000100111111000001100001001111110000001000000000000000111111011111111111111011101111111111111110111001011111111111101110011111111111110000100001000100010000111000011111111111001110000101111111110000100001001100110000001000000001000100000010000100111011000000100001001101110000001000010001001100000010000000000001000011100001001111111000111000010011111111
-2107728304847208030,20,meet_semilattice,1100011110000000100001000111100000001000111001111001000110111111011111110001101111111111111101111111000001101000000010000000001000000000000000000011100000001000000000101000000000001100011111010001101111000111111100011011110001111001000110111111011111111111111111110111111101111111111101111111001111111100011110000001101100000010100000001000111101111111000111111100011110000000101111000111100000001001
-1120653000745873844,20,meet_semilattice,1000100000010000000011001100000100001000111011110001110010111111111111111101101100001000000100000000000011000001000000001100111100011100101011001101000110001000111011111111110110111110111101011101101111101111001111011011000000000001000000001100110000011000100011001101000111001000111111111111111111111110111100011101101100000000000100001000111111111111110111111100110100011100101011001101000111001011
8840986656445595302,20,meet_semilattice,1000000000100100100011101111111111111110101011111111011111101001110011111111111010001100001001001100000001000000010010001000111011110111111010001111111101111110100011001010010011001000110011110101110000000000001001001000100011000011010011001000110011111111111000000000000001000000100011001111011111101000110010110101110000000000000001001000100001000010010011001000110011110101111011101111111111111111
8941080954127550405,20,meet_semilattice,1010000100000000000011110011000101111101001000000000000000001011001100010111110111111111111111111111111101110001111111011010001100000010110100100001000000000000111101111001111111111111011111011111111111110111111111111111101000110001001111011111001100011111110110100011000101111101101000010000001011011010001100000011110100100001000000001000101000010000000011001111001100011111111110100001000000001101
2415005273822467590,20,meet_semilattice,1100100000000000110001001000000000001000111111110101101011111101100000000000110000001000000000000000110111010000100011001101111100001000110011011001000010001100111111111101101011111101111101011000110011111111111110111111110111110001100011001101100000001000110011111111111111111111110111110000101011001111111111011011111100001000000000001000010010000000000011001101111101011010111111011111000010001101
2752916698759587591,20,meet_semilattice,1010100001110001010011111111111111111111001010000000000001001011111111111111110100001000000000000000101011010111000111001010111101110001110110101001011100011100101011011111001111010010100001000001010000101000001100010100001010000001000101001010111111111111110110101111011101111101101011010111001111010010100000000001010010101000011100011100000010000000000001001011111111111111111110101101011100011101
-6227200296550341776,20,meet_semilattice,1101101000101110101101011010001010101011111111101110111110110001101000101010101100001000001010001000110111100010111010110000101000101000101111111111111011111111110111101110111110111101111001101111101100000000001010001000111111101111111110110000000000001000100001011010001011101011000010100010101010111101111000101111101100000000000000001000111111101110111111110000100000101000101000001000001010001011
518563481282377908,20,meet_semilattice,1111000000001101110101010000000011000000011100000000110101010001000000001100000011111011001011111101111111111110111111011111001100001101110111110001000011011101111110111010111111011111101111101111110111110011001011111101111111111111111111110000000000001000000000000000000011000000111100010000111111010101000000001101000101010000000011011101010100000000110101011111111111101111111101010000000011000001
4327933512232881805,20,meet_semilattice,1111111111111111111101011000011000011111011111110111111111110001100001000001010000001000000000000000010111010110111111110101111101101111111101011001011001111111011111111111111111110000100001000000010000011000011000011101010111010111111111110101100101101111111101011000011001011111010110000110011111110000100001000001010000011000010000011101000010000000000001000001100001100001111100011000010000010101
3393414324073063068,20,meet_semilattice,1111111100011111111101110111000100101111001100010001000000000001000000000000000001111111000111101111001101010001000010000011011100010000100000010001000100000000111111111001111111111111111111111111111111111111101111111111000100000001000000000111011100011010111101110111000111101111001101110001001011000111111100011111111100110001000100001000001101110001000011000011011100010010111000110111000100101101
4698828016905929907,20,meet_semilattice,1000000000000100000011100000110001010000001000000000010000001111001111010101000111111111111111010111111101111111110100111110001011000101000111100011110101010001101000001000010000001010000011000101000011110011111111010011111000101101010100011111001111011101001100000000000001000000111111111111111101110000000000000101000011111111111111011111111100111111110101111111001111010101001111100000110001010001
-7998442588146344882,20,meet_semilattice,1000000000010000000011011110011110100111111111110111111111111001010001110000010110011100011100100111100001000111000001001001111001110010011111011111011111100111110111111111111111110000000001010000010010000000011100000100000000000001000000001001110001111010011111011110011111100111100101000111001001111101111101111111011111011111011111111111000000000001000001001001010001110000011110000100011100000101
3889397872397283080,20,meet_semilattice,1010000100010001000011110011011100111011001000000000000000001011000101110011100011111111111110111111101101110111101110111011001101110011101100100001000000010000111101111111101110111010000101010001100010100001011100111000001000000001000100001011000101111011101011110111111111111111101000010101001110000010000000000001000010100001000100011000111101111111101111111011000101110011101010110001011100111011
5064760187887389761,20,meet_semilattice,1111100100001110111001000000000000101100011100000000101011100101000000000010110001011000000010101100111111111001111111111111101100001110111001111001000011101110111110111001111011101111111111011111111111111111111111111111111110110001111011100101000000001010110001110000000011101110000000000000001011001111101110011111111000000000000000001100000000000000000001000101000000001010111011111011100111111111
-302960540176233120,20,meet_semilattice,1010000100001000000011101011010110111111001000000000100000001111111101011111111110101011000110011101111011110101101111111010001100011000000100100001000010000000111111111111111111111010101101011011110111111111011111111111101000010001100000000000000000001000000011101111010111111111101010110001101111011010001100011001010110100011000110011101101000110001100001011010101101011011111110100001000110000001
-9223133958732409294,20,meet_semilattice,1011100000100110111111111010111101111111001110000000011000010001000000000100000000011000000001100001111111101111011111111011101011110111111111111111111111111111101110001111011111111011100001110111111100111000001001101111101110000011011011111111101011111111111100000000000001000000000100000000011000011011100000110111111100111000000001101101001110000000011001010011100000000110111100010000000001000001
-5152239355665965840,20,meet_semilattice,1111101111100110111101100001111001000001001000010110000000010111101111100100000101101011111001000001111111111111111111110110001111100100000100000001011000000001001000011110010000010000000001100000000000000000001000000000111110111111011111111111101111111111111100100001011001000001011110111110011011111111101111100111111101111011111001001111011110111110010001110111101111100100001100000000011000000001
3086097882331230182,20,meet_semilattice,1101111111011111111101001101000100100110111111111101111111110101110100010010011000001000000100000110000011010001001001100101111110011011111100001001000100100110010011011001001001100101111111011111111111011111111111111111000000000001000001100100110110011010011001011111100111111111000010000001001001100101110110010011011001011101100110111110000000000000000001000000000000000000011001011101100110111111
3881191663583815334,20,meet_semilattice,1000000010010001000011111101111111111111101001011001000110011001010010010001100110111101111101011111100001001001000100011111111111111111111110000101100100011001000000001000000000001011010111110101100110110101101101011001000000001001000100001011110111111111111110000101100101011001101111011111011111110000000010000001000010000100100100011001101101011111010111011011010111110101111110000000100100010001
403226668274964546,20,meet_semilattice,1001010000010100001011110111111101100111101101000001010000110001000000000100001011111111111101100111000101000001010000101011011001010100001110110111111101100111101101101111011001111011010001010100001110110110011101100011000000000001010000101111111111111110011100000000000001000010101101100101011000111111111111110111111111111111111101101111101101100111011001110000000000000000001010010100000101000011
-5246117745035983084,20,meet_semilattice,1111101111100110010001011010000000000000011110111110011001000001101000000000000000001000000000000000111111111110011011110000101000000000000001011011110001100100010110101100011000000001101001000000000001011010111001100100111111111111111011111111101111101110011101011010010001100000010110100100001000001111111111111111111111111011111001101111010110101100011001001111101111100110011111111011111001100101
-1138036298609566776,20,meet_semilattice,1100011111100110010001000010010000100000111111111111111111011101111111100111010111001111111001100100010001111110011001000000001001000000000001000011010001100000010000111110011001000000000001000000000001000011011001100000110111111111011101011101111111111111010101000010010001100000000000100100001000001100111111100111010011011111111101111101010000110110011001001111111111111111111111001111111001110101
-6813119906496969018,20,meet_semilattice,1111101111111010110101111011111110101101001000000000000000000011101111001010000100101001000000000001011111111111101011010010101111001010000100100001000000000000001010011000100000010010100111001010000100101011111010100101001110111111101001010010100100001000000101111111111111101101001010011000101000011111111111111111111100111011111110101101001010111100101001011111111111111110111100100001000000000001
3592134948502310988,20,meet_semilattice,1100000100000010000001000000000000000000111000010000001000001111000111000010001111111011111111111111111101111111011111111111001111110111111101000001000000100000111000011100001000001110000101000010000011110001111001110011111100011111011101111111001111111111111111110001110001100011010000000000001000001111000111000011001111110001111101111111111100011110011101111110000111000010001111100001110000100001
-2961458633764351882,20,meet_semilattice,1000101111000010011111111011111011111111101010111100001001111011101111101111111100001010110000100111111111111111111111110000001011000010011100000011110000100111000000001100000001010000000001000000010110101011111010111111111110111111111111111010101111001010111110101011111011111111000000001100001001011010101111001011111110101011110000101111000000000000000001000000000011000000011100000000000000000101
-6922043446963316593,20,meet_semilattice,1111001101011010011101000001000000000110011100110101101001100101001101011010011011111011011110111111111111111111101111110100001100010000011000000001000000000010111110111111101111110100001101011010011001110011011110110111010000010001000001100100001100011010011011111111111111111111010000110001001001100111001101011011011111110011011110111111000000000000000001100000000000000000001001110011010110100111
6310779780873474232,20,meet_semilattice,1000000000000000000011000001000000000001111000010000000000011111111111111011110111101111111110110101111001010011100100011110011111111001010110000001000000000001111001011011100101011110010101111001010111100001001010010001111000010011100100011110000100001001000111101111111111111101111001111111101101011110000100000001000111101111111110111101111001010011100101011111111111111111111110000000000000000001
5194924707196415459,20,meet_semilattice,1111101111111111011101110011111111110111001000001000000001000011001111001110011101111011111111110111111111111111111101110010001111001010010000000001100000000100000000001000000000000000000011000000000000110011111011110111001100111111111101110010000111001000010000100011110011100111001000011100101001000010001111001011011111111111111111111111000000001000000001000010001111001010011000100011110010100111
3137183057660630374,20,meet_semilattice,1111111111111111111101000000000000000000011000000000000010000111111111111110110001101000000000001000011011110101101011000110101100000010100001000001000000100000011010111111101011000110101101011010100001101011011110101100011010110001001010000110101100011010100001101111111111101100010000000000001000000111111111111111111101000000000000001000011010110101101011000111111111111110111001111111111111101101
-5241763951226676972,20,meet_semilattice,1111111010100101101101111110101001011011001000000000000000000011000000000000100000111110101001011011001101101010010110110011001000000100101011111111101001011011001100101000010010101111111111100101111100110010101001001010111111111111010111111111111111111101111100100000000001001010111111111111111111110011001010100101101000100000000000001000111111111010010111110010000000000000101000110010101001011011
6383434949789138577,20,meet_semilattice,1000111000001001010111001110000010010101111111111110110101011101111000001001010100001010000000010000000001000000000100000000001000000001000011011111000011010101110111111000110101011101111111101101010111011111101011010101111111111111110111110000111000001001000011011110000011010101111111111110111111110000000000000001000011111111111011011111000011100000100101001111111111101101011100001110000010010101
-2205244447943288767,20,meet_semilattice,1001000010000110010111010001101101111101111100111111011111010001000010000110010011111011111101111101111111111111011111011101001111110111110110010001100001110101000000001000000001001101000111110111110110010001101001111101100100011001011111011111101111111111110100000000100001000100000000001000011001001001000010000111010110010001100001111101000000000000000001001111101111110111111100010000100001100101
-7963530399543290284,20,meet_semilattice,1000000000000010010011101011111010110110101010111100101101101111111111111111011010001000000000100100111011111110101101101000101000000010010010001011000010110110100010111000101101101000101111001011011010101011111010110110111011111111101101101000100000001010010011101111111111110110000000000000001000001000100000001011010011111111111111111111000000000000001001001000101000001011011011111111111111110111
6102478544793071259,20,meet_semilattice,1101111101001110010001000000000000000000111111111101111001010101010001001010010001001110010011100100010001000100100000000100011001001000010001001111010011100100110111111101111001010100000001000000000011111111111111101111110111110101111001010100000000001000000001000100010011000100010001000100101001001111111111111111111111111111110111101101010001000100100001001111111111011110111111011111010011100101
8031217466487860123,20,meet_semilattice,1000000100000000000011100101000010110101101001010000101101011111110110111111110111101101101010110101100001010000000001011111111110111111110100000001000000000000111001011010101101011110110111111111010111100101001010110101111011011011101101011000010100001001010111101101101111110101100001010000101101011000010100000001010111101101101110111101100000010000000001011111111111111111111110000001000000000001
3049109505268993999,20,meet_semilattice,1001000001000100000011111111011111111110101111010111111011000001000000000000000010011100011111101000100101000100111010001011111101111111110010011101011111101000111111111111111111110001000001000000000010010100011011101000100101000111111010001001000001001100100000010000010001000000100100000100111010001011110101111111110010010000010001001000100111010111111011001011111101111111111011111111011111111111
7808240825930380025,20,meet_semilattice,1111000111101011101101110000011010111001001100000000001010000001000000000000100011111111111110111111111101011110101111111111011111111011111101110001011010111011011100011110101110110011000001001011100000110000011010111000111101011111101111110001000000001011100011111111111111111111000100000000001010000001000000000011100000000000000000001000111100011110101111110111000001101011101100110000011010111001
5185336877355115263,20,meet_semilattice,1001111111111101111111011111111111011111111111111111111111110001000110000001000000011011111111010111000111111111110101110001001111111101011100000001100000000000000000001000000000000001000111100101000000010001101000010000000100011111010100000001000111111101010100010001100001010000000111111111111111110000000110000001000000011111111111011111000100011111010101000001000111111101011100010001111101010101
-45134854817053927,20,meet_semilattice,1000001000001000100011111011000011111110101110110000111111001001001000001101100010011011000011011000111111111110111111110000001000000000000010010011000011011000111110111000111111101111101111001111111011111011111011111110111110111111111111110000001000001000000010000010000011011000100110110000111111000000001000001001100000000010000010001000100110110000110111001001101100001111111011111011111011111111
-2427029809786229051,20,meet_semilattice,1111000111110111101101110001111101111011001100000110010110010001000000000000000011111111111111111111111101011111011111111111001111110111111100110001111001011011001100001110010110110001000001100101100100010000001000011001001100011111011110111111010111111111111100010000001001011001001100001110011110110001000000000001000100010000000000001001111100011111011111110001000000100101101100010000000000000001
3772900725289710213,20,meet_semilattice,1111110111111111111101000000000000000000011111010111111111010101100100110011110001001001000000101100010111010011111111001111111111111111111101000001000000000100011111011111111111110101110101111111110001001001001100101100010000010001000011000101100100111011110001011001001111111100010000000000001001000100100100110011110001000001000000001100010000000000000001000111110101111111111101011101001111111101
-9187104478403101124,20,meet_semilattice,1000000000000000010011111110011011111111101111100110111111111001011000001011110110011110010011111111100001100000000011001000001000000000110011111111011011111111111111101110111111111001011001001011110110011110011011111111111111101111111111111000011000001010110110010110010011111101100001100000001011011000011000000001110110000000000000001100000000000000000001001001011001001111111110000110000000001101
-7611182538564113757,20,meet_semilattice,1000000110101010000011000001101010100100111010011010101001001111111111111111110110001001101010100100111011011110101111001110111111101111110100000001000000000000000000011010001000001110100111101010010000000001001000000000111011111111111111010000000100001000000011101101111011111100000000010010001000001110100111101011110011101001101010101100100000011010101001001110111111101111111111101101111011111101
-2456922041102224030,20,meet_semilattice,1000000000000000000011110000100010001001101100000000000000001001000000000000000011111111111111111101111101001001110010011111011110011100100111110101100111001001101100001000100000011111011111011110110111110111111111111101111100001001110010011011000000001000000110110000100011001001111101111001111010011111011111011111110110110000100010001001111101111001110011011111111111111111111110110000000000000001
9054525355131801274,20,meet_semilattice,1100010000010000000001000100000100000000111011111111111111101111111111111111111011001100000100100000000001000000000000001100111111011110011011001101100111100110110011001001111000101100110011011110011011001111111111110110000001000001000000001100110000011110001011000100000101000000010001000001001000001100110010011111011011001111111111111110110011001001111001101100110000010110001011101111111111111111
4328787743647384414,20,meet_semilattice,1000000001001000100111110101010111111111101000000100100010011011010001011101111111111101010111111111101001000100110011011111111101011111111110100101010111011111111111111111111111110000000001000000000011111111011111111111101001000101110011010000000001001000100010000000010011001001101101010101111111111010010001011101111100000000010000001000101000000100110011011010010001011100111100000000010000000001
-1831373657159055472,20,meet_semilattice,1010010110100101111111110101111101011111001000000010010010111011010110100101111110111101111001011111001001010010010111111111111111111101111100100001001001011011001001011010010111111011010111100101111100000000001000000000101101011111010111111011110111111101111100000000001001001011111111111111111111110010000000100101101100000000001000001000001000010010010111110000000000100000101100000000001000001001
-7825100723137635479,20,meet_semilattice,1001000000000100000011111111110111111111101100100001010000010001000000000100000010111110110111000111101101101001110001111001001000010100000010111111110111111111101100101001110001011011011011011100011111111111111111111111100100000001010000001011001000011100010100000000000001000000101111101101111011111011111011011111111110111110110111001111100100100001010001011011001010011100011110010010000101000001
-1965556846803029072,20,meet_semilattice,1101101101101001111001011011011010011110111110111111100111110001000101000000001000011001011010011110111111111111100111110001001101001000111000000001010000000010110110111110100111100000000001000000001000010001011010011110110110111111100111100001000101001000101011111111111111011111111111111111111111110001000101001001111000010001010000001010000100010100100011100000000000000000001011011011111010011111
1347672578102732679,20,meet_semilattice,1010011000011111010011110111111111110111001001000000000000001011011001111111010011111111111111111111000001000000000000000010011000011011010010110111011111110100101101101111111101001010011001111111010010100110001111110100001001000001101101000010010000001001010000100110000111110100001001000000101101000010010000000001010010110111111111111111001001000000000001001011011111111111011010110111111111110111
-7117031333871138219,20,meet_semilattice,1100010111010011111101000101010000110110111001111101011111111111011111010111111101001101110101111111000001010100001101101100011111010011111100000001000000110110010001011100001111100000000101000011011011111111111111111111010001011101001111101111111111011111111101000101110101111111000000000000001000100000000000000011001001000101010000111110000000000000001101100000000000000000001001000101110100111111
8384925558609678941,20,meet_semilattice,1110000110100110010001100001000000100000001000000000000000001111110111101110111011101001111001100100111001011010011001001111111111101111111000100001000000100000011000011000001000001110000111100110010001100001101001100100111111111111111111101110110111101110111001100001100001100000001000000000001000001111110111101111111011101101111001101100011000011000011001001110110111100110111011111111111011111111
3262617710059375384,20,meet_semilattice,1000010000001101110011001101011111011110111111111111111111111101110101111101111010001101011011011110000001000000000101001101111101111111111010000101000011011100110111111111111111101000010101001101111010000101001011011110100001010011110111100000010000001001010000000100000011010100110111010111111111100000000000000001010000000100000011011100000000000000000001001000010100001101111011011111111111111111
-3797070917219781273,20,meet_semilattice,1011001101010101000111110111111111111111001100010001000100000001000000010000000010111011010101111101101101110101111111010011001100010101000100010001000100010000101101111111111111010011001101010101000110110111011111111101000000000001000000001011001101011111110100010001000101010001101100110101011101010001000000010001000010110011010101111101101100110101010101011011011101111111111100010001000100010001
5949447922403033970,20,meet_semilattice,1100101101101010110001001010000000001000111011110110101111101111111111111111111100001000000000001000110011110110101011000000101000000000100001001011001000001000111011111110111111110100101101101010110001001010001000001000111011111111111111110100101100101010110011101111011011111110010010110010001011001100111101101011110000000000000000001000010010110010000011001100111101101011111011101111011011111111
3490141077441972672,20,meet_semilattice,1100000010000010001001000000100000000000111011111110001001101111111111100011011011001101111000100110010001001000001001101100111111100010011011000101100000100110000000001000000000001100010111000010011011000101101000100110111111111111001101101111111111111011111111111111111111111111010000001000001000001110111111100011011011111111111100111110010000001000001001000100000010000010001011111111111100111111
1776063593964830714,20,meet_semilattice,1000000000000000000011011011011111011011111111111111111111111001000000000001001010011001011101011010110111111111110111111001101101111101101010010001010000011010110110111111110111111001000001000001101010010001011101011010100100010101000110101001100101111101101010010001010001011010110111111111111111111000000000000001000010010000000000011010100110110111110111111000000000000001001010011011011111011011
-688886241632338420,20,meet_semilattice,1110101111111110011101001000000000000010011010111010110000111111111111111110011100001000000000000010111011111111111001110100101000000000001001001011101011000010010010101010110000100110101111101110011101001010001001000010011010111111111001110100101000101100001001001010000001000010011010111010111000111111111111111111011111111111111111111111011010111010111001110000000000000000001001001011101011000011
-1837137429639615279,20,meet_semilattice,1001000100001000001011111111111111101111101100010110111001110001000100001000001010111001011011101111101111010110111011111011111111111110111100000001000010000010101111011110111011111001000101101010011100000001001010100010101111011111111011110000000000001000001010010001001011100111000000010000101000101111111111111111111110010001001011101111100100010010101001100000000000000000001010010001001010100111
6389602016886489419,20,meet_semilattice,1111000100110111011001010001001100110010011100010011001101100001000000100011001011111101011111111110111101010011011101101111111111111111111100010001001000110010111111011111111111101111010101110111111000000000001000110010000100000011001100101111010100111111111001110001001101110110000000000000001100100000000000000001000011110101001101111110010100010011001101100000000000000001001011111101111111111111
8844925083567181609,20,meet_semilattice,1010000010110111011011100000101101110110001000000011011101101111001111111111011111111111111111111111111101111111111111111110001111111111011111100001101101110110001000001011011101101110000111110111011100000000001100010110000000000001000101101110000111111111011100000000001101010110000000000011001101100000000000000001000011110011111111111111000000000000000101000000000000000001011000100000101101110111
5971106975487282180,20,meet_semilattice,1000100000000000000011111110101111010111101111101011110101111001110010111101011000001000000000000000100011000001100100101001111010111101011111111111101111010111100011001001100100101111111111111101011110001100101111010010100010000001100100101000100000001000000010001100100111010010111111111111111101111000100000001001000011111111111111111111100011001001110101101000100000001000001010011100101111010111
9075236164191540899,20,meet_semilattice,1001000000000000000011111011000001101110101110010000010000000001000000000000000000011000000000000000111111110001011011101011101100000100111010011001000000000000111111111001111111111111111111111111111111111111101111111111111110110001011011101111101100011110111110011001000001000000101110110000011011101111111100011111111110011001000000001000100110010000010011001001000000000000001011111011000101101111
-5123282087822882804,20,meet_semilattice,1001110000111000100011111110001110101010101111100011101010100001010000111000000000001000000010000000000001000001100000001001111000111010101011111111111111101111111111101111111011111111111001111110111100000100001110000000000000000001100000000000000000001000000011111110001111101111100111000011101010101111111011111111111100011100001110001000111111100011101011111001110000111000101011111110001110101011
4044743852961480735,20,meet_semilattice,1000000000000000000011110110001101101101101000000000000000001011000000000000000011111111111111101111101101100010000000011011001000000000000111110111111111101111111101101111111011011111011001110110110110110010001000000001101100000001000000001111011001111110110110110110001001100001101101100010001000011111111111111111111110110110001101101001101101100011011011011111011011111110111110110000000000000001
-7209397741740705490,20,meet_semilattice,1011101000100011111111111110011111111111001110100010001111110001100000100000000000001000000000000000101111100010001111110001101000100000111011111111011111111111111111111111111111111011111001111111111100001000001000000000101111100011101111111011101000101011111110111110001111111111000110100010001111110001101000100001111000011000001000001000000010000010000001000001100000100000101000011010001000011111
-5176313178558016995,20,meet_semilattice,1000000101000011001011111111110011111011101001011100111110101011110111001111101110101101110011111010100001011100111110101011111111001111101100000001000000110010100000011100111100100000000101000011001011111111111111111111111111111101111111111000000101001011001010000001010011110010000000000000001100100000000000000001001010000001110011111010101111111100111111110000000000000000001010100101110011111011
-3892706622494637523,20,meet_semilattice,1100100000100001000001000000001000010000111010000010000100001111101111111111111101001000001000010000111011111111111111111110101110111111101011101001101011011000111010001010000110001110101111111111101000000000001000010000111010011011110110001110100010101101100011101000101001011000111010011011111110100000000000000001000011101000001000011000111010111111111111111110100110111101101011101001101111111011
-1451528022031580261,20,meet_semilattice,1111100111111101110101001001101111011101011110011111110111010101100110111101110100001000101011001000111111111111110111011111101111111101110100001001101111011101000000001010010000000101100111111101110100000000001000000000000010001011110111010000000010101100100000000000001001000000111111111111111111110000100010101101100000000000101001001000000010001010110111011111101111111101111100001000101011011001
6691450091677292117,20,meet_semilattice,1111100001100110100001111000010001101000001110000100011010000001000000000000000000011000010000000000111111101110111111011111101011101111110111111111111111111111111110001110011010000001000001000000000001111000011001101000111111101111111111111111100011101110100000010000010001000000000110000100001000001111100011101111110100011000010001101000111110001110111011011111100011101111111111111000111011101001
4284869228087801196,20,meet_semilattice,1000011101000010000011111111111100111100101101110111001110001001011101000010000010111111011100111000000001100100000000000000001001000000000000000111010000000000101111111111001111000000000001000000000010010111011100110000100101110101001000001111111111111111111111111111111101111111000001110100001000001001011101010011000010010111010000101000101111110111001111001111111111110011111011111111111100111111
-489280146660571163,20,meet_semilattice,1110011000110001111101100110001100011111001001100011000111111111011000111011111111111110001110111111000001100010000000100000001000000000000011100111001110111111111111111111111111111111011101111011111100000010001000000010000001100011000111111110011000111001111111111111011111111111111001100011101111110000011000100001101000000110001000001010000001100010000111100000001000000000001000000110001000011111
644285791835962250,20,meet_semilattice,1111011111110011111101110101100100001001001001001000000000000011010010000000100111111111111111111111000001000000000000000111011111110011111100110101100100001001000001001000000000000011010111010000100101110101111100101111001101001001000010011111011111111011111111110111111111111111011101011101001011110111010111110011111100100100100000001000011101011101000011010111010111010000111100000100100000000001
8150338532857354059,20,meet_semilattice,1101011101101111111101000000000011000000011101111110111111110101000000101101100001011111111011111111010101000110110110000101011101101101110101010101011011011000010101111110111111110101000001101101100001000000001011000000111101111111111111110000000000001000000000000000000011000000010101010110111111010100000000101101100001000000001011001000010101010110110111000101011101101111111101010101011011011101
-6855097136679345599,20,meet_semilattice,1000000010000100000011001010100001000111111111111111111111111101111111011110111110001000100001000000110011111101111011111000101010000100010011001011110111100111000000001000010000001100101011010110011111001111111111111111110010101001011001111100101010011110011100000000000001000000110010101000011001111100111111011111111111001011110111101111100010001000010001001000101010000100011010001010100001000111
-4927053119130363918,20,meet_semilattice,1100101000110011011101001000001100000110011010100011001101111111101010110011111100001000000100000010111111111111111111110100101000110001011111111011111101111111111010101011001111111111101011110011111100000000001100000110000000000001000000001111101011111111111111111010111101111111010010100011001101110100100000110001011001101010001100111111000000000001000001100000000000010000001001001000001100010111
5703289712672750209,20,meet_semilattice,1111101111111110110101100000000101100001001000000000001000000111100100111110110101101000000111100101011111110111111011010111101101111110110101101001000111101101011110111111111011010111100101111110110101101001001111101101001000000001001000000010000000011110000100100000000101100001000000000000001000001111101111111111110101101000000111101101011000000001011001011111111111111111111100100000000100100001
-7851400488112723331,20,meet_semilattice,1010010010010110001111110110101111111111001001000001011000111011011010111111111111111111111111111111000001000000010000101010011010111110111111110111111111111111001001001001011000111111011011111111111110100100101101100111000001000001010000101010010010111110011100000000000001000010000001000001011000111010011010111111111110100100101111101111101001001001011001110000000000000000001000000100000001000011
9089636774301708024,20,meet_semilattice,1101011111111111111101000111011111110111111101111111111111110101011101111111111111111111111111111111000001000000000000010000011000100010001100000111001000100011010101111111111111110000011101111111011100000100001000000011000001110011111001110000011100101110011100000111001001100111000001000010001000110000011100111111011101000111011111111111000001000010001001110000010000000000001100000000000000000001
3624446152605733250,20,meet_semilattice,1101110110100001111001011101100000010010111111111010000111100001000010000001000000001000100000010000000111011000000100001101111110100001111000011001100000010000000000001000000000001111111111100001111001011101101000011110111111111111110111101111111111101101111011111111101001011110111111111111111111110000000010000001000001011101100000011010010111011000000111100001110110000001001011111111111111011111
7714261973858880013,20,meet_semilattice,1111001111011111101101010011110011111011011100111100111110110001000110000010000011111111111111111011111101111101111110110001001110000011101100000001000000000000000000011000000000000001001111000011101111110111111111111011011100111101111110110001001110001011101100010011110001111011000000010000001000000001000110000011000000010001100000111011111111111111111111110001000110000011001000010001100000110011
-1701661779732529162,20,meet_semilattice,1011010111110110010111111111111101111111001000000001001000000011010101110110000010111111111101111111000001000011001000001011011111110111110100100101011101100000001101011111011000000010010001110110000000000000001100100000000000000001000000001111111111111111111100100000000101100000000000000001001000001011010111110111010100110101111101101101001101011111011001011011011111110111111100110101111101100001
2343779458091326466,20,meet_semilattice,1111111111111111101101000000000000001000011001100110101110010111011101101011101101111111011011111011010001100110101110010100001000000011100101100111011010111011011111111111111110110100000001000011100101000010011010111001011101110111111110110100001000001011100101110111011011111011000000000000001010000100000000000011100100000000000000001000111111111111111111110110011001101011101101000000000000101001
-4996679477994972821,20,meet_semilattice,1111111111111111111101000000000000000000011111111111101011000101110110000000100001001100100000000000010001000000000000000101111111101010110001001101100000000000010001001000000000000101110111101010110001011101101000101100010111111111101011000101110110101010110001111111111111101100010111011000001011000111111111111011110001001101100000001000010111011000000011000111111111111110111001111111111111111111
-2413573212318684797,20,meet_semilattice,1100000010000011001001000000100000100000111101011000001100111101010010000011001011111111111011111111110001001000001100101111011110101111111111010101100000110011000000001000000000001111011111101111111111110101101011111111111101111011111111111111010110001111101111110101100001110011000000001000001000000100000010000011000011110101100001111011111101011000111111110100000010000011001011010100100000110011
6009118428100875763,20,meet_semilattice,1110111001110010010001101110011100100100001000000000000000001111111001110110010000101010011100100100001001100111001001000010001001010010010011111111111111100110111111101111011001000010000001010010010000100010011100100100001000000001000000001111111011111110010011101110011101100100001000000001001000001111111111111111011011111111111111111111001000000001001001001111111011111110011011111111111111110111
-1716880026333024603,20,meet_semilattice,1011011111111111111011111111111111111110001000011000001001000011011111110011111010111111111111111110001001111100001001000010001111000010010000000001000000000100000000011000001001000010000111000010010000100111111000100100001001111111001111100011011111111011111000110111111111111110000000010000001001000010011111100011010000100111111000111100000000000000000001000010011111100011111011111111111111111111
-4413179353219552727,20,meet_semilattice,1110110111011010111101000000000100000000011011010101101011111111110111011010111101001100010110001111010001000001000010011111111111011111111101001101010110101111011011011101101011110100010001010000110111111101111110111111000000000001000000000100010001011000111111111101110111111111010011000101101011111111110111011011111101000000000100001001010000000001000011010100010001010000111101000000000100000001
-2332190515979487251,20,meet_semilattice,1111111011111011111101000000000000100000011000000000001100110111001001010011111101111010010100111111011111100101101111110100001000010011101101111111111111111111011110101101101111110110001001010011111101111110111110111111010000000001001110110111101001011011111101111110111111111111000000000000001000000100000000000011000101000000000000111011011000100001001111110100000000000011001101000000000000100001
-4319792980247672965,20,meet_semilattice,1001010001001100111011111100110011111110101111001100111111100001000001000000100000011100010011001110000101000100000011101111111011101111111011111111111011111111100111001100111011100000000001000000100011111100111011111110111111101111111111110001010001001000111000010100010011001110000111000100111011101001110011001111111000000000000000001000000000000100000011000001000001000000111011111110111011111111
-7068456036515090323,20,meet_semilattice,1111100011101011101101111000111010111011001010000110100100100011100001101001101000001000010010000010111111001111111110111111111011111111101111111111111111111111001110001110101110110000000001000000001000001000011010000010111110001111111110110000000001001000001011111000111011111011001110000110101110110000100001101001001000001000011010011010111111101111111111110000000000000000001000111000011010011011
-1083200723914201507,20,meet_semilattice,1000010100000000011111000101001100100111111101011111111011111101010100110010111111111101111111111111000001000000000000011111011111111111111100000101000000000111110101011111111011111101010101111110111110000101001100100111000001010001000001111101010100111110111111010101001101101111100001010001001001111111010111111111111111000101001100101111000001000000000001010000010000000000011100000000000000000001
-6454981549915956555,20,meet_semilattice,1111101010011110011101111000000001000000001110000000010000000001100000000100000000001000000000000000111111111111111111110111101000011100001001111011100111100111011110101001110001101111101111111111111111111010101111100111011110000001010000100111100000011100001000001000000001000000011110000001111000101111101110111111011111111011101111111111011110100001110001100001100000000100001001111010100111100111
85459637387476628,20,meet_semilattice,1000001001110100001011000111111111100110111111111111111111111101011111111110111011011111111111111111000001100111010000100000001001110000000010000111011101000010100001111111010001100000000001100000000000000000001000000000000000000111000000001000011111111110011000000010011101000010100000100111011000101101011111111111111111000111111111101110100001110111010001100000000001110000001011010111111111101111
126799484216033391,20,meet_semilattice,1101111110111101010101011111001111010101111111111111111111110001011100010000010000001111001101010100000001000000000000000000011100010000010000000101000000000000010111111011110101011101111111111111111100000111001100010100000001010001000000000000111100111101010000000111001101010100110111111011111101010000011100010001010011011111101111111101000001010001000001001101111110111111111100001111001111010101
4682871420279705260,20,meet_semilattice,1000000000000001100001000000000000011000111110111101111111101001000000000001100011011011110111111110111111111111111111101101001010010001100011010011110111111110100100001000000110001101001011011001111011111011111111111110110100001001000110001101001010011001111011010010100111011110110100101001111111100000000000000001000000000000000000011000110100101001000111001101001010010001111011111011111111111111
-252121955725739867,20,meet_semilattice,1111101111011111111101111011110111101110001110111101111011100001000010000100000000011001110011100010011111111111111111110001101111011110101000010001100001000010000000001000010000000001000111000100001001111011111111111111000100011101111000100001000111001100001000000000000001000000000100011100111000100111101111011111111000011001110111101010000110111101111011100001000010000100001001111011110111111111
2146481406348023389,20,meet_semilattice,1111111111110101111101111111111101011111001100100000010000110001001000000100001000111111001101011011001101110001010110110000001000000100000000110011000101001011001111111111010111110011111101110101101100110011001101011011001100100001010010111111111111111101111100000000000001000000111111111111111111110011001100010101101100110010000001001011001111110111010111110000000000000100001000010010000001000011
6991455079393286615,20,meet_semilattice,1101000000000010000001010000000000100000111100101001011111100001000000000010000011111110101101111111110101101001011011101101001000010110100011111111111101111111110100001001011010001111111011110111111111110110101101111111110100000001011010001111111011111111111111010000000001101000000000000000001000001101001010010111111000010000000000101000110100101001011011001101001010010110111011010110100101101111
-4529678090644960983,20,meet_semilattice,1000000000000000000011011011000001101001111111111101011110111001000000000000000110001000000001100001110111111101011110011001101100000110000110001001000001100001110110111101011110011101101101010110100111111111111111111011100110110001011010011111111111011111101110000000000001100001100000000000001000011101101101010111100110011011000001101001111111111111111111111101111111010111101110000000000000000001
-1685117516783075646,20,meet_semilattice,1010100011111100101111101011111111111111001000000010010000001111101111111111111100101000001001000000111011111111111111111010101111111110101100101001111111001011001010001011010010000010100011111100100000000000001000000000001010000011010010000010100010111100100000000000001001000000101010011111111010111010101111111111111100101000001001001000101010111111111011110010100011111100101000101000111111001011
5500325925751794922,20,meet_semilattice,1100010110111000111101000101101110001111111011111011110011111111111110111100111111001111101111001111000001001001000000101100011110111100111100000101101100000010000000001000000000001111111111111111111100000000101100000010000000001001000000000000010110111000111111000101101111001111111111111011111011111110111110111101111100000101101100001111000001011011000001110000000010010000001000000101101100000011
-2995883993054013432,20,meet_semilattice,1000000101111101101001000001011111011010111011111111111111111111111111111111111111001111111111111111110001110111111111100100001101111101101000000001010110010010110001111111111111110000000001011001001000000001011110011010000000000001000000000000000000011000000000000001011111011010100000010111111110100000000000011001001000000001010110011010110000110111110111100000000000010000001011000111011111111111
-8733665947680416361,20,meet_semilattice,1011101010011011001011111111111110111110001110101001101100100001000000000001000000011010100110110000001111101001101100100001001000000001000010111011110110110110000100101001001100001011101011011011011010111111111110110110000100100001001100000000000000001001000011111111111111111110000100100000001100000000000000000001000010111111111110111110101110101001101101100001101010011011001011111111111111111111
5637314915287931241,20,meet_semilattice,1010000001011100101011111110111111111111001000000000010000101011111011111111111110101010111111001110101011101111110111101010001001011100101011111111111111111111101000101111110011100010000001011100101010100010011111001110001000000001010010100010000000011100101000000000000001000000101011101111111111111010001011111101111000100000000001001010101000100101110011100000000000000100001010101110111111011111
2549693315772539103,20,meet_semilattice,1001001000000000000011111111010110101111101101100000001001000001001000000000000010111111010110101100100101100000001000000000001000000000000010110111000000100100111111111101111111111011011101000010110011111111111111111111101101110001001011001011011101011010110011111111010111111111000100100000001000001111111101011011111110110111000000101100000100100000000001001011111101011010111010111111010110101111
-8147621436723054703,20,meet_semilattice,1100000001011100011001000000000001000110111010111101111101111111111111111111111111001011110111110110110001111101111101111100001001011101011011000001010111000110110000011101110101100100000001000100011011000111111111110111010000000101010001100100000001011100011000000000000001000000110000111101111101101100000001011101011011101111110111111111000000000000010001000000000000000100011011000011110111110111
2389018457089518592,20,meet_semilattice,1000000001111000110111001101111110101101111111111111111111111101111111111111111110001000011110001101100011001111100011011100111111111010110110001101111110101101100010001111100011010000000001011000100100000000011110001001000000000001000000000000000000011000000011001111111111101101100011001111101011011100111111111111110100000000000110001001000000000111100011011100111111111111111100000000000110000001
7418983001652226558,20,meet_semilattice,1010011010110011100111111111111111111111001001101010000110000011111010110011100100101110101100111001000001100010000100000000001000000001000010111111101100111011000000101010000100001011111111110011101100000010001000010000000001100011000100001011111111111011111110111111111111111111001001101010001110000000000000000001000000000110001000011000101111111011001111111011111010110011101100100110101100111001
5033675345959483512,20,meet_semilattice,1000100100101011101111101011111111111011101010111111101110111111101111111111111100001001001010001011111111111111111111111000101100101011101100000001001010001001100010111011101110111000101111111011101100000000001000000000100010110011101110110000000000101000100110101011111111111011000010010010101010110000100100101011101100000000001000001001111010111111111111110000000100101000101100000000001000000001
301095282815717943,20,meet_semilattice,1001111000100110011111111111111111111111101111100010011001110001000000100000000000011100001001100101000101000010000000000001111000100110010110111111111111101111101111101111111011111011111001110110111100000000001000000000100111100011011011111011111001111110111100010100001001000000000101000010001000001011111111111111111110011110001001101111000101000010010001010001111000100110011100010100001001000001
-6994442311897282200,20,meet_semilattice,1001010010001010000011011110100110100000111111101001101100100001010000000010000000011100100010100000000001000000001000001001111010011010000011111111110110110010000101001000001000001111111011011011001011111111111111111111000111001001101000000001010010001010000011111111110111110010000000000000001000001101111010011011000011111111110111111111110111101001101001001101111010011010001011111111110111110111
-7624008455372496227,20,meet_semilattice,1100001010100110000001000000000000000000111111111110111111111101001010101110000111011010101011100001110111101010111011110100001010000010000011011111111011101111010000001000000000001101111011101110111101000010101001100000111111111111111111111100001010101110000001000010100001100000010000001000001000001101111111101111111111000010101011101001110110101010111011011101101010101110111111000010101011100001
-3876665085763638585,20,meet_semilattice,1000000001000000000011111101011110111111101111000111100111111001010001111001000110011100011110011111100001000111100100011111111111111011111110111101011110111111111111011111101111110000000001000000000010000000011010010000100000000111100100011000000001001000000011111111111111111111101111000111101111111000000001000001000010010100011110011111100101000111100101011001010001111001011110000000011010010001
3433737880883465470,20,meet_semilattice,1001100000011101100111011011000111011011111111111111111110110001000000000000000000011000000001000000110111110001110110111001101000011101101110011001000111011011110111111101111110111101101101011101101111011111111111111011000110000001010010000001100000011101100100010000000001000000110110110101111110110001100000010101100000010000000001001000111111111111111111111001100000011101101100011000000101011001
-3401444616753116259,20,meet_semilattice,1001110010000001001011111100101100110111101111001001000101110001110010000000000000001000100000000000000011001000000000001111111010110011011111111111111100110111000000001000000000001111111011110011011110111100101100110111100111001001000101111111111111111011011111111111111101110111101111001001001101110001110010000001000011111110111100111111000111001000000101000001110010000000001010011100100000010111
4070874160805567018,20,meet_semilattice,1110101010110011101001101010100000110010001000101000001100001111101110111111111100101010100000110000111111111011111111110000001000000010000011101011101111111111000000101000001100001111111111111111111101101010101000110010011010101001001100101110101010111111111101101010100001110010000000000000001000000000001000000011000001101010101100111010111010101011011111110010101010000011001011101010101101111011
-3339825324284761340,20,meet_semilattice,1011100001111000111111111010011110011111001110000101000011100001100000000000000000001000000000000000111111111111111111111011101001111000111111111011111111011111111110101111110111110001100001010000111000111000011110001111000110000001000001100001100001011000111011111010011111011111111110111111111111111011101001111001111100011000000000001110000110000000000001000001100000000000011000011000010110001111
3419059600437125838,20,meet_semilattice,1011010111101110111011111111111111111111001101011110111011100001000000100000110010111111111111111111000101001010011011001011011111101110111100010101101001101110000100001010010011000001010011100110110000000000001000000100101101111111111111110001010111101110111000010000001001001100000100001010011011001011010111101111111100000000001000001100000000000000000001000001010010100110111010110101111011101111
-3155385451505289095,20,meet_semilattice,1110001011011100000101000000010010000001011000101101110000011111101011011110000111101010110111100001111111111111111111110100001011011000000111101011110111100001000000001100100000000000000001001000000011101011111111100001010000001101100000010000000000001000000001000010110111000001111000101101111000011111101011011111000111111011111111111111111110111101111101011111101011011111001100000000010010000001
3573938190401205261,20,meet_semilattice,1111011111111111111101000000010000000000011101111111111111110101000001000000001111111111111111111111010101110111111111110101001101010010111101010001010100000111010101111111111111110000000001000000000001010001011100101111010100000101000000110101000101111010111101010011011101101111010100000101001000110101001101111111111101010001010100101111010100000101000001110000000001000000001001000000010000000011
4521528719048168086,20,meet_semilattice,1011101111100111111111111111111111111111001100000000000000000001000000000000000000111011011000111111101111111111011111110011001000000000010000110011000000000101001110111110001111110011001101100011111100110011001000110111101110111111011111111011111111111111111100111011111001111111001100110000001101110011001000000001011100110011001000111111001100000000000001000011001000000000011100110010000000000101
-3527947000947796316,20,meet_semilattice,1000110000000100000001001100010001000000111011011110111110111111110111111111111100001100000001000000000001000000000000001111111111111111111111001101110011111011110011001100010000000000110001000100000011001101111011111011111011011111111110111100110011001111100000000100000001000000110011001100011100001100110011000101000011001100110001111000110011011110111111111100110011001111101011001100110011111001
4576645321863342873,20,meet_semilattice,1011101111111111111111111111111111111111001000000000000010000011101100011010101100101001000000101000101111111111111111110010101100011010101100100001000000101000001110111111111111110011101101111111111100111011001110101111001010010001101010110010100100001010100000111011001111101111001000000000001010000011101100111111111100000000000000001000001110110001101011110010100100001010101000101001000010101011
3958741202785330386,20,meet_semilattice,1011100110011010111011111111111110111110001100010001100001000001000000000000000000111001000110101100101111111001101011101011101110011010111000010001000010000000001110011001101011001011111111111010111000111001101110101110000100000001000000000001000000001000000011111111111111111110001100010001101001001011111111111011111000110001000110101100000100000001000001000011100110011010111011111111111111111111
1448062089636966906,20,meet_semilattice,1111110111111111110001111101011111111100001111000111111011000001000000111110100000011100001111101100000101000011111011001111111111111111111100111101011111101100001111011111111011000001110001111110110000000000001000000000000000000011101010000000000000101000000000000000001111101000000000000010101010000011110101111111110000000000001010001000000100000011111011001111110111111111111001111101011111111101
6087681618616458541,20,meet_semilattice,1000011001000000110011000110010000001110111011110100000011111111111111111111111111001110010000001110000001100100000001000000001000000000010011001111010000001110111011111111100111110000001001000000010011101111011010011111111011110111100111111110111101001000111111101111111111011111111011111111111111111110111101001001111100000110010000001100000000000000000001000000011001000000011011001111010000001111
-7705921148894904399,20,meet_semilattice,1111111111111111110101000011000000000001011111111111101011010101111100101000000101001011000000000001010011110010100000010000001100000000000100000001000000000001010111111110100000010100111101101000000101001011001010000001010111111111100001010100101100001000000101011111111011010101010111111111101011010101111111101001000101011111111010001101010111111110100001011111111111111111111100000000000000000001
-5660831407992951168,20,meet_semilattice,1111101111011110111101010011000110101101001100110001101011010001000000000000000001111011100110101111111111111101111011110001001100011010110100010001000010000000011100111001101011110111101111011110111111111011111111111111000100010001101011010001000000001000000001111011100111101111000100010000101011011111101111011111111100010001000010001100000100010000100001000011001100011010111100010001000010001101
2093583117625218262,20,meet_semilattice,1101100010111110110001010000101111001100111110001011111011000001000000000100000000011000101011000100111111111111111111111111101110111111111111111001101111111101000100001000110000001111101111111111111100010000101011000100000100001011110011000001000000001100000000000000000001000000010110001011111011001111100010111111110100010000101011001100000100000000110001001111100110111111111111111000101111101101
-9203982606249324402,20,meet_semilattice,1101000000001000001101010000000010000011111101111100100001110001000000000000000011011010110010000011110101101100100000110001001000001000001011010111110010000011110100101100100000110101001001001000001111111111111011101111111111111111111011110001000000001000001011111111110011101111111101111100101001111111111111101111111111110111110010101111110101111100100001110001000000000000001000010000000000000011
-761133246983253154,20,meet_semilattice,1011001001110011111111110010011100111111001100000011000110110001000000000000000011111010011100111111111111101111001111110011001001110011111111111011111110111111111110101111001111110011000001110001101100010000001100000010000100000001000000101111101011111011111111111111111111111111001100000011001110110001000000110001101000010000001100001010001100000111000111110001000000000000001000010000001100011011
-8137236707867237386,20,meet_semilattice,1100010000101011010101000000000000000000111111111111111111111101010000101011110111011100001010111101010001000010000101001101111100111011110111011101001110111101110111111111111111011101111101111011110101000000001000010100110101000011101111010100010000101001010011011111011111111101010001000010101101010100000000000001010011000100001010111101010000000000000001001101110100111011111101000100001010010101
351427942248498445,20,meet_semilattice,1000000000000000000011111111110111101101101000000000000000001011010110000100110110111111110111101101101001010000010001011010011111001100010110100001000000000000101001011000010001011010010111000100010111111111111111111101101101011101111011011010010111001100010110100001000001000101101101011100111011011111111111011111110110100001000001001101101000010000000001011111111111111111111110100001000000000001
-3806741518454726892,20,meet_semilattice,1101110111101110111101000001000000000010111111111111111011110101010100000000001001011101111011101111000001000000000000101101111111101110111100000001000000000010010101011000000010100101010111000000101001010101111011001010110111011111111011110101010111001000101001010101110011001010010101011100111010101111111111111111111101010101000000001010010101011110111011110000000000000000001001010101110011101011
385988999212286810,20,meet_semilattice,1100001111100010111001000010011000101000111100111110111111111101001111101110111111111011111011111111111101111110111111110000001000000000100001000011011000101000010000111110001011100000001001100010100000000010001000101000111110111111111111111100001111101010111011000011111011101110000000100000001010001101001111101111111100000000000000001000010000110110001011100100001101100010101011000011111000101111
6000600178371465078,20,meet_semilattice,1111111110101101111101111111001010011011001000000000100000000011111100101001101100101011000010010011001011110000100100110010001100001001000000100001000010010000011111111010110111111111111111101111111100101111001010011011111111111111111111110000000000001000000001111111001011011111111111111010111111110010000000001001000000101111000010011011001111110010100111110010001100001001001100100011000010010001
7624755516853398357,20,meet_semilattice,1101111111111110111101011110101111100111111111111111111111110001110010011110011100001100100011100111000001001000111001110001111010111110011101011111111111100111000000001000000000000101111011111110011100011100101111100111000011001001111001110000000010001010001100000000100011100011000000001000001000000101111111111111011101011111111111101111000000001000101001110000000010000010001100000000100000100001
6375568033309788365,20,meet_semilattice,1000100011010001001011111111111111111111101010101101000110101011101111010001101100001000100100010010101111111111111111111000101011010001001010001011110100011010000000001001000100100000000001010000001010101011111100011011000000000001000000001011101111111111111110111011111101011011101110111111011111110000000000010001001010001010110100011010101110111111010111110000000000010000001010101011110100011011
3910644360762479954,20,meet_semilattice,1000100000000100000011001000000001000000111111011001011111101101110100000101000000001000000000000000100011000000010000001111111110110111111111001101000001000000110111011001011111101111111111111111111111111101101101111111110111010001011100001111111110111111111100001000000001000000110011010000011100001100110100000101000011011101000101111110110111010001011101101101110100010111001011111101100101111111
-5150237101906354832,20,meet_semilattice,1001101111101101011111111111111011011111101110111110110111110001000000001000000000011000000010000010000111111110110101110001101000001101001000011011000011010011000110111110110101110001101101101101011100011011001011010111111111111111111111110000000000001000000000011000000011000010101110111110111111110001100000001101001010011011111011011111000110110000110101110001000000001000001000011010000011010011
-8407419110894915335,20,meet_semilattice,1000000110000100100011111101110111111111101111011001111111111001000110010100101010011001100101001010100111011001011111111001111110011111111100000001000000000000000000011000000000001011110111011111111111111101111111111111100000011001010010101001110110011111111100000001100001001000100110011001011011111001100110010111111100000001100000001000100110011001010011100000000110000100101010011001100101001111
1268536283497891309,20,meet_semilattice,1110100100000001000001000000000000010000011000010000000100001111111100101111110101101001000000010000111011110010111111011110101100101111110101000001000000010000111011111110111111011110111101101111110111101001001000111101111011111111111111111110100100101111110111101001000001011101111010010000001111010000000000000001000011101001000000011001111010010000000111011110111111101111111111101001000000010001
5066233365208804507,20,meet_semilattice,1000000000000000010011101011110101011101101000000000000001001111101111011101111110101011110101011101111111111111110111111010001011010100110110100011110101001101101000001000010001001010000011010100010011111011111111011111101000001001010001001110101111011101110110000000000001000100111110111111111111111010001111010101110110100000110101001100000000000000000001001110101111011101111110100000110101001101
1700812508982029112,20,meet_semilattice,1000000010000100000011110111101111101111101001011000010010001011010110000100100011111111111111101111100001011000010000001011011110010100101010000001100001000000000000001000000000001111011111111110111110110111101111001110101101011001010010101011011110011100111000000000100001000000101101111011111011111111011110111111111110000001100001001000101101111001010011101011010110000100101010110111100111001111
-4244562339837828686,20,meet_semilattice,1101111001111011011101011000001000000000111111110111111111110001100000100000000000001000001000000000010111000010000000000101111001111011001111011111011111111111110111101111111111110101110001100000000000000000001000000000010111000111001000000101110001111011001111011110011111111111010111000110001000000101110001110011001101011110011110111011010111100111101101110101110001110010001101011100011100100001
-5991936349742427309,20,meet_semilattice,1000010001111101000011011111011111011100111111111111110111001001010001111101000010011111011111011100000001000000000000001000011001111101010010010111011111011100110111111111110111000000010001100001000000000100001000010000000001000111110100000000010000101101000000000100000001000000111111111111111111000000010000000001000010010110011111011100100001000111110101001111111111111111111011111111111111111101
-4053806500665666313,20,meet_semilattice,1000001000110101010011100010011111110101101000100011010101001111111111111111111111101010011111111101111011100111111111010000001000000101010011101111011111111101111011111111111111011000001001110101010000000010001001010100000000100011010101000000001000111101010000000000000001010100100000100111111101010000000000000001010011100010011111111101000000000000000001001110111111111111111110000010011101010101
-9168436169628680194,20,meet_semilattice,1011101101111110111111111011011111111111001110010111111001100001100101111110010000001000000101000000111111111111111111110011101101111110011000000001010101000000111110111111111111110000000001010100000000001001011111000000000000000001010000000000000101011100000000000000000001000000000010010111111000001011101101111111111100111011011111101110000010010111111001000001100101111110011000111011011111101111
-6937025472743899559,20,meet_semilattice,1111011111111111111101100101111111101101001000010000011010000111011111111111111101111111111111111111001001010100011011000110011111111111110100000001000001101000001001011110111011000010000101000110110000100101011011101100001001011111111011000010010101001110110000000000000001000000000000000000011010000110010111111111110100000000000001001000001000010000011011000110011111111111111100100101111111101101
6447676616578042516,20,meet_semilattice,1111111101100011111101110001011000111011001000010000000110010011000101000001101101111001011000111011011111010110001110110111111101100011101100000001000000010000111111111110111111110010000101000001101100100001011000011011111111111111111111110111111101101011111111111111011011111111001100010110001110110000000000000001000000000001000000011000011111110110001111110000000100000001101100000001000000011001
-616845766425354345,20,meet_semilattice,1111111111011111111001101011110000001010001000000000000000000111111111001100101000101011110000001010011011111100100010100010001110000000000000100001100000000000001000001000000000000010001111000000101001111111111111111110011111111101110010100110101111001000101001101011110011001010011111111101111111100111111111011101111000100011100000001000011111111101110011100010001110000000101001111111111111111111
-8037950083285715302,20,meet_semilattice,1000100000100010100011101111111111111110101010000010001010001111111111111111111100001000000000000000101011100111101111101010101001100011110010101111011110111110101011111111101111101010100001100010100000001000001000001000101010000111101111001010100001101011100010101111111111111110000010000000001000001010100001100011100000001000000000001000101010000110001111001010101001111011111011101111111111111111
-4933800314161848998,20,meet_semilattice,1111100111111111110101000000000000000001011110011111111111010101000010100111000101011001111001111001111111011111111111011111101111111111110101010001101001111001010000001010001000010101000111100111100101000000001000100001010110011111111111010101100111101111110101000000101001110001010000000000001000010100000010100011000101010000101001111001010110011110011111011111101111111111111100000000000000000001
1389830543325637235,20,meet_semilattice,1101000010110000000101010000001100000001111110101011110000010001000000000000000111011000101111000001111111101011110000011101001010110000000111111111111111011111010100001011000000011111111011111101011100010000001000000001000100000011000000011101000010111000000111010000101111000001111111101111111101111111101010111101010111111110111111011111111110101011110001011111101010111101011100000000000000000001
4433187927807297576,20,meet_semilattice,1000000000000000000011011110001101110111111111100011011101111001000000000100010110011110001101100111100101000000010001011001011000000100010111111111011111111111111111101011111111111111111001110111111110010110001101000111100101100001010001111111111000111111111110000000000001000000100101100001011001111001111000110111011111111110001101111111100000000000000001001001011000000100011110000000000001000101
-4106574407858190343,20,meet_semilattice,1110001001000010001001100010010000100010001000100000001000101111101101110111111111101010011100110010111111111111111111110000001000000010001011101011011101111010111110111111111111110010001001000010001011100010011100110010011000100101001000101111101101111111111111101010011101111010000000000000001000100110001001000011001011101010011100111010111010110111011111100000000000000000001011101011011101111111
1400629498172594370,20,meet_semilattice,1011000100110101110011110001111101011100001000010011010111000011000100110101110011111011111111111100111101111111111111001111001111111111110000000001000101001100001000011011010111001011000111110101110000000001001101011100000000000001010001001111000111111101110000000000000001000100111100011111111111000000000000000101010000000000000101001100000000000000000001001111001111111111111011110011111111111101
6210333237408749990,20,meet_semilattice,1000110100001001100011111111011111111011101011010100101110001011110101001011100000001001000000011000000001000000000100001011111101111011101100000001000000011000111111111111111110111000110101001011100010111101011110111011101111010101101110110000010100001001100010111111011111111011100011010000101110000000000000000001000000000000000000011000101111110111111111111011110101001011101110111101010010111001
-3119421823739809764,20,meet_semilattice,1000011101000100110111111111010101011111101101110100010011111001011101000100111110111111010101001111000001000000000001010000001001000100010100000111010001001101111111111101010111110000000001000000010111111111111101011111100001110101010011111111111111111101111100000000000001000100111111111111111111111011111101010101111100000110010001001101000000000000000001001000011101000100111100000000000000000101
-7395834774037801506,20,meet_semilattice,1111100101110110010101111001011100000101001100010101000001010001000100010000000100111001011100000101011111010111011011011111111101110111110100000001000100000001111111111111111111010001000101010000010100010001001100000101000000000001000000001111111101111111110100110001010101000101011110010111011001010111100101110111110101111001011101101101000100010001000001011111111111111111111100000000000100000001
-1312175763008275052,20,meet_semilattice,1100001101010101001001000010010100010000111110110111111101110101001101010101001011011011011101010010111111111111111111110000001000000000000000000011010100010010111110111111111111110000001001010001000011000011011101010010000000100001000100001101101101111111011101000011010101010010110110110111011101110000001000000001000011111011011111111111110110110111010101100000001001010001001011011011011101010111
7172432400165724747,20,meet_semilattice,1010011011110011111111100111111101111111001001000001000101111111011111111111111111111111111111111111000001000001000000100010011001010011111110100111111101111111001001001101001111110010010001010001011100100110011100111111000000000001000000101110011111111111111110100110111101111111001001000101001111110000010000010001011100100100010100011111000000000000000001100000000000000000001000000100000100000111
-7563340808584749157,20,meet_semilattice,1100111011010001011101001100010100000111111011111101010101111101111111010101011100001100010100000111000001000001000000000100111011010001011111001111110101010111010011001101000001110000010001010000000011111111111111011111000000000001000000001111111111011101111111001110110101010111111111111111111111110100110011010001011111101111110101011111000001000101000001110000010000010000001000000100010100000001
-8695277958829581577,20,meet_semilattice,1000000101011001000011011111111111111111111111111111111111111001111111111111111110001111111110111111100001010111100101111000011101111011111100000001010010010000100000011111101111110000000001000001000010000001011110010000000000010101100100000000000001001001000010001111111111111111100000010111101111110000000000000001000010000001011110011111100000010111100101101000000101111001001010000001011110010111
5648043438609891474,20,meet_semilattice,1001111101001111111111111111011011111111001111110110100011110001111101001000111100001000000010001111000011010100100011110000111101001000111100001001010010001111111111111110111111110000100001001000111100001111011010001111111111110111111111110000000000001000100100011111010011011111000111110100111111110000111101001001111100000000000000001001000000000000100011110000000000001000101100000000000000000001
-6943373785624477582,20,meet_semilattice,1111110111111111111001010100110001000010011111001100010100100001010011000000001001011100110001000010000001001000000000001111111111111111111101111101110011111110000000001000000000000000010011000000001001111101111011111110011111011111111111100111110011001101111000010100110001000010011111001100011111100101010011000101001001111100110001011110010111001100010001100000010010000000001001111101111111111111
-1354355061940430261,20,meet_semilattice,1111111101011100111101111111010111001111001100110101110010110001001101010100101100111011010111001111001111110101110011110000001101010100101100000001010001001000111111111101111011110000000001000000100011111111111111111111000000010101010010010001001101011100101100000000010001001000111111110101111011111111111111011111111100000000000000001000001100110101110011110000000101010100101100000001010001001001
-517309590916196416,20,meet_semilattice,1000001000001001010011000010000110010110111110111001100101111101101110011001011111001011000110010111111111111111111101110000001000000001000011000011000110010110110010111001100101111101101111011001011111111011111110110111100000100001100101100000001000001001000011111011111111110111111110111001101101110000000000000001000011111111111111111111000000100000100101001000001000001001011011000011000110010111
4762404961680162825,20,meet_semilattice,1111101110011101101101011011000111010010011110111001110100110001001000011101001000011010000111010010111111111001110110110000001000000000001000011011000111010010000110111001110100101111111111011101101111111111111111011011000000100001110100100000001000001001001000000010000001000010111111111111111110110000001000000001001001111011100111011011111111111101110111110000000000000000001001011011100111010011
3700712973116197224,20,meet_semilattice,1000011101111001110011111111111111111111101111111111111111111001111111111111111100001111011110011110000001010111100111000000011101111001110000000001000000000100100001111111100111000000000101101001010000000001001010000100000000010111100111000000000100001000010010001111111111111111100011111111101111110000000100101001010000000001011010011100000000000000000001000000011101111001111010001111111110011111
9219233947332106304,20,meet_semilattice,1111100001000101011001111000010001010110001100000000010100000001000000000000000000111000010001010100111111000101010111101111111111110111111111111101011101111111111111001111011111110011000001000101000011111100011101011110111110000101010111101111110011111111111100010000000001010000111111000101011111100001000000000001000011111000010001011110001100000100010101000011100001000101011011111100011101111111
9114234928188334724,20,meet_semilattice,1000011000101111101011000110001011111010111101100010111110101101011000101111101011111110011011111010000001000000100010000000011000001110101011111111111111111011111111101111111110111111011001101111101000000100001011111010111111100111111110100000000000001000100000000100000011001000000001000000111010000000010000001111100000000000000000001000111111111111111111110000010000001110101011111110011111111011
8143806018148034485,20,meet_semilattice,1011100001001010011111111110010111101111001110000100101000100001100001001010000000001000000000000000101111100100101011111011101001001010011111111111010111101111101111101101111011110000100001000010000011111111011111111111101111100101111011110000100001001010000010111110010011101111000010000000001000001111111101011111111110111010010010101111001110000100101001110001100001001010001000111000010010100011
1982413279392656675,20,meet_semilattice,1011111011011111111111111110110111111111001000000000001000000011000001001010000000111010010010110110001111100101111101100010001000000011010011111111111111111111001111101101111101110010000001000010000011111110111111111111001110100101101101100010000001001010000000111010010111110110000000000000001000000010000000000011010000111110110111111111001000000000001001000011001001001011011000111110010111110111
-4294032206489827038,20,meet_semilattice,1011011111111111111111110111111111111111001101111111101110110001000010011010001111111111111111111111000101111011101110110001001110011010001100010001100110100011000000001001101000110001001111111011101100010011101110100011000000000001000000010000000000011000001100110111111111111111000000000001101000110000000000010001001100010011101110111011001101111111101111110000000000010000001100000000000000000001
-4451181460806391656,20,meet_semilattice,1000000010010100000011100100110101001010101001001101010010101111111111111111111111101111111111111011100001001001010000001110011111111111101111100101110101011010000000001000010000001000010011010100001011100101111111111011000000001001010000001110010111011111101100000000000001000000111001011101011110111110010011010101101010000100110101001010111001011101111111111000010010010100001011100101110101011011
-7049083269436563810,20,meet_semilattice,1001001000111101011111010010001111010111111110110111110101110001000000000000000011011010001111010111111111110111111111110001001000111101011111010011001111010111111111111111111111111101001101111101011100010000001101010010000100000001000000100001000000111101011100010000000101010010111110110111111111110001000000000001000011111011011111011111000100000011010101100001000000000000001000010000001101010011
6325134758591667072,20,meet_semilattice,1111111010101111000001011110101011110000001111101010111100000001100010001111000000001000100000110000000111001000111100000001111010101111000011111111111111111111000000001000000100001111111011101111111100011100101011110000111111101011111111110000000010001011000000000000100011110000000000001000001100000000000000000001000000111110101011111010111111101010111101100011111010101111001011111110101011111111
6023533916014789677,20,meet_semilattice,1000100000000010010111111111111111111111101111110111111111111001101001001110110100001000000000000000100011100000111011011000101000000010010110011111011111101111100111111111111111111000101001001110110110011110011111101101100010100101111011011000101000001110110110001010000001101101000010000000001001011001111101111111111110001010000000101101000010000000000001001001111001111110111100001000000000000101
1462049147466866445,20,meet_semilattice,1011000111010011110111110001110101111111001100010000001010000001000000000000000011111111111111111111111101011101111111111111011111111111111100010001000000100000001100011101001111010011000101000010100011110101111111111111001100010001001110001111000111011111111100110001110101111101000100000000001000000001000100000011000000010001000000101000000100010000001101010011000111010111111100010001000000110001
-8204101907481097360,20,meet_semilattice,1000001000001010000011000110010110100110111101101111101011111101011001011010011011111111111110111111100001100001101000100000001000001010000011110111111110101111110101101111101001101000011001011010011011010110011110100110100000100001101000000000000000001000000011110111111111101111000000000000101000001111011111111011111111010110111110101111100001100001101001101000001000001010001011010110011110100111
-6047388876952790165,20,meet_semilattice,1001101101101000011111011111111111110111111111111111111101110001001101101000011100001011010010000111000001110110100001110000001001001000000000000011010010000010100111111110111001110000000001000000000000000011011010000111100111111111111001110000000001001000000010011011011011000111100111110110101001111001111111111111011110011111111111111111000000110100100001110000001001001000001000000011010010000011
-5435008817695682900,20,meet_semilattice,1001000110110101001111010011111101111011101111111111011110110001000110100101001010011111111101111011100101111111011110111001001111110101101100000001000000010010000000011000010100101001000111110101001100000001101001010010000100011011010100111011111111111111101100000001000001010010100100111111011110110000000000000001000010010001111101011011111111111111111111110000000000000001001000010001101001010011
8281988975272529075,20,meet_semilattice,1110000000000000100001000000000000001000001000000000000010001111001010100100110011111010111001001101111111111110110111111110001000000100100011111011111001011101111000101010010011001111001011100100110111100010001001001000111111111111110111111111101111101101111111100000000001001000111111111111111111111111001011100101110100000000000000001000111000100010010011001111101111100101111111110010101001001101
8236449821331344754,20,meet_semilattice,1100011111111101111101000001101101011010111001111111110111111111011111111101111111111111111111011111010001111111110110110100001110111101101100000001100101011000000000001001010110000100001111111101101100000001101101011010000000000001010110000100000110111101101100000000000001000000111111111111111111110000000000000101100000000000000001001000010001111111110111110000000110010101101001000001101101011011
-3020457154680668951,20,meet_semilattice,1101100110111111101101000000101011000000111111111111111111110101100010111101100001001000101011001000110111111111111111111101101110111111111101011001101111011010000000001000100000001101101111111111111100000000101010000000010010001011110010000000000000001000000000000000100011000000010110001011111110000100100010111101100001000000101011001000110110011011111111110101100010111101101001011000101111111001
-7295123171220069454,20,meet_semilattice,1110110100100111101001100100000001011010001000000000010000001111111101111111111101101101001001111010001001000000010100001110111100100111111001100101000001111010111011111110111111111110111101101111111101100101001001111010111011110111111111111110111100101111111000000000000001000000011001000000011110100010000000000101000000100000000001011000111011010010011111100010010000000101101011101111001011111111
1982007854065106108,20,meet_semilattice,1111110010111111111101111100001111011100001101000001110000000001010000010100000000111100000111000100000001000000000000001111111011111111111111111111111111111111011111001011111111100111110011111111111100111100001111011100000001000001000000000000010000011100000000000100000101000000011111000011111111000011110000011101110000111100000111001100000001000001110001000111110000111111111001111100101111111111
-5551443000668963499,20,meet_semilattice,1010010000110000010111110111111110010111001001000011000001001011011110110001011111111111111110010111000001000010000000001010011000110001010110100111101100010111101001101011000101111011011111110001011100000000001000000000000001000011000000001011011111111001011111111111111111111111111111111111101101111010010000110001010111110111111110011111000001000010000001001010011000110001011100100100001100000101
-513971995932557769,20,meet_semilattice,1010000010100101010011100100101101011111001000000010010101001111010010110111111111111100111111111111001001001010010101001111111111111111111111111101111111111111001000001010010101001111010011110111111100000000001000000100101001001011010111111111010011111111111100000000001001000100101001001011011111110000000000100101010010100100101001011111000000000000000001001010010010100101011010100100101001010111
-8901983065313812025,20,meet_semilattice,1010100000000000100011101111001011111111001010000000000010001111111100111111111100001000000000000000101011110000011110011010101000000010100110101011000000111001101011111010111110111111111111111111111110101111001011111011101011110011111111111010101100001111100110101011000001111001101010000000001010001010101000000011100100001000000000001000101011110010111111111010111100000111101110101000000000101001
-7178746255990367328,20,meet_semilattice,1100101000101010010001001010001010000000111111111011111101111101101100111111010000001010000010000000110111111011111101110000001000001000000011001011001010110100110110111011111101001111111111111111011100001010001010000000110010110011111101000000000000001000000011001011001011110100010010100010101000001100101000101011010011111111111111111111010010100010101001001101101110111111011111011011101111110101
191711401960266481,20,meet_semilattice,1101101001000000011001011000000000000100111111100101001001110001100000000000000000001000000000000000010111000000000001000101101000000000010011111111111110111111111111101101001111110001100001000000010011111110111100111111110110100101001001111111111011111011111111111110111111111111110110100100001001101111111001010011011111111110010100101111000110000000000001000101101001000000011011011010010000100111
5313729329245962100,20,meet_semilattice,1011001011110001111111111110111101011111001000100000000100000011001011010001010110111110111101011111001101101101000101110000001000000001000011111111111111011111001000101101000101010010001001000001000000110010111100011111001000100101000101011111111011111101111100110110110101010111111111111111111111110000000000000001000000110010110100011111001000100100000101010011001011010001011100100010010000010001
-15367911207305651,20,meet_semilattice,1110111101111111010101000010011100100101011010100111001101011111111101111111010101001010011100100101011011100111001101010000001001110010010101101111011111110101111111111111111111010000000001110010010100000000001000100101000000000011001001010110111001111011010101101110011101110101000000000000001001010100001001110011010111111111011111111101000000000000000001001111111111111111111100000000000000000101
-5938890722158421889,20,meet_semilattice,1111111111011111101101000000000000100000011001100100001000010111011101001010001101111111110111111011010001100100001000010100001000000010000001100111010010100011011101111101111000110100001001000010000111111111111111111111011101110101101000110100001001001010001101110111010011100011000000000000001000000111011111011111001101110111110111111011111111111101111111110100001001000010001101000010000000100001
-5309253324618852266,20,meet_semilattice,1000010110000111001111111111111011110011101001011010011100111011111110101111001110101101101001110011000001011000011100111010111110100111001100000001000000100001000000011000001100011011111111101111001110000101101001110011111111111111111101111010111110101111001100000001100001110011000000000000001000000000000100000011000111111111111111111111111111111110111101110000000110000011001100000000000000100001
-4413913151663927938,20,meet_semilattice,1000110011011111110111111110111111111111101111101111111111111001110011011111110100001000000000001100000011001101111111011001111011011111110111111111111111111111000010001101101111010000100001000000110010011110111111111111000010000101101011000000100001001000110000001000110111111101000010000100001011000000100001011011110100000000000000001000000000000000000011001001111011011111111100001000010110101101
322772898126835545,20,meet_semilattice,1000010001010000000111000100011101100011111111011111011011111101010111110110111111001100011101100011000001000101000000011111111111110110111111000101111101100111110001001111011001110000000001010000000110000100011100000001000000000001000000011111111111111110111110000100011101000001100001000111001000011111111111111111111111000100111101101111110001000111011001111000010001110110001100000000000000000001
-6451465501683300299,20,meet_semilattice,1011011111111111110101110111011111111101001000110001001101010001001100010011010100101011001111111101001101110011111111010000001100010011010100000001000100110101001000111011101111010011011101111111110100100011001110111101000000000001000000000000001100011011010100100011001111111101000000000001001000010000000000010011010100100011000110111101000000000001001001010111011101111111111100000000000100000001
7037822869317191915,20,meet_semilattice,1111111110111111111101000010100100000010011000101011001110110111101110110111101101101011101100111011011011111011011110110000001000010000001001100011101100111011000000001001000000100111111111111111111101000010101100101010000000000001000000100111111110111111101101101011101101111011010000101001001000100100001010110011101101000010100100101010011111111011111111110000000000000000001001000010101100101011
-5297523783807991650,20,meet_semilattice,1000011010000000000011110111110010101011101101111100001010010001011010000000000010111111110011101011000001100000000000000000001000000000000010010111110000101000000001101000000000000000011001000000000011110111111010101011111111111111111110111011011111001010100110110111110001101001100101101100001000001111111111101111101110010110110000101000111111111111111111111011011111001010101110010110110000101001
3005356560039756564,20,meet_semilattice,1001111111111101111111011111111111011111101111111111111111110001101000000100100000001010000001001000000111100001010011100000001000000000000000011111011101001110000111111111010011100001111001010100111000011110011101001110000010100001010010100001111001111100111000000010000001001000100111111111111111110001111111111101111100000010000000001000000110100001010011100000101000000100101000011111111111001111
-7474436590614691831,20,meet_semilattice,1000100001000000000011001001110010110011111010011100101100111111100111011111111100001000000000000000111011011101111111111111111111111111111100001001010000000000100010011100101100110000100001000000000011111101111111111111111010011101111111111000100101001011000111101001110011111111000010000100001000001000100001000011000111101001110010111011111010011100101111111000100101001011001110001000010000100001
-4122537728888291851,20,meet_semilattice,1011110010000010101011111111111111111111001110001000001010100001000000000000100000011000100000001000001111001000001010101011111010100111101110111111101111111111000100001000000010001011111111111111111110111100101001111011101111101011011110111011111010111111111100111000100001101010000110001000001010000011100010000011101000000000000000001000101111101011011111110001100010000000101000111100100001111011
-1609825864353556398,20,meet_semilattice,1010011011011111111111100111110111111111001000000100100000101111111111111111111111101111110111111111001001101101110111100010001001011101011000100011110111011110001000101101110111100000000001001000000011101111111111111111001000000101110101100000000000001000000000100000010011010110001000101101111111100010000001001001001000100010010111011110001000000100100001100000000001001000001000100110110111011111
2499374204392401876,20,meet_semilattice,1011010011110110011101110100111101100111001000000110010000010011010001110110011110111100111101110111001001000111010000011111111111110111011111111101111101110111001101001111011001110000000001000100000000000000011001000001001000000111010000011111110111111111011100000000000001000000001001000111011000011011010011110111011111111101111101111111001001000111011001110010000001110100001100000000000001000001
-5833529973193218967,20,meet_semilattice,1111010011001000100001010000110010000000011100001100100010000001000001000000000011111100110110111110011101001100100010001111111011011011111011111111111111111110000000001100100000000000000001000000000011111110111110111110111101001101101011100000000001001000000011111110111111111110011101001100101010001111010011011011111000000000110010001000111101001100101011101111010011001010101011111110111111111111
-6599190579913498715,20,meet_semilattice,1100000000010000000001000000000100000000111000100001010100001101000000010001000011111011001111010001111111111111111111111100001000010001000011010001000100010000111110111111110101011111101101111101010111110011001111010001000000000001000000001111001100011101000011000010000101010000111110111111111111111100000000010001000011111011111111011111111110110011110101011111101111111101011111000010000101010001
-4290734739035325918,20,meet_semilattice,1111111111111100111101010000100010000000011111011111110011110001000000001000000001011000100010000000010111011111110011110111111111111100111101011001100110001001000100001000100000000101100111111100111101011000101110000000010110001001100000000000000000001000000001011001101111001001011111111111111011110111111111111111111101011000100110001001010110011011110011010101100110111100111101011000100110000001
5413363334128700592,20,meet_semilattice,1000000001000010000011000000010000100000111111111111111111111101100101110110111011001000011101101110110111111111111111111101101111111111111011000001010101101110110110011111011011100000000001000000000011000000011101101110110000000101001000001101100111111110111011000000010101101000000000000100001000001101100111111111111011000000010100101000110000000101011011001100000001010110111011011011111111111111
4009416833005229918,20,meet_semilattice,1001100110111101011111011011111111110111001110011011110101110001000000000000001000011001100111010111111111111111111111111001101111111111011100010001000011000111000100011001110001110001100111111101011100011001101111010111000100010001110001110001000000001100011100010000000001000011100110011111111101110001000000001101011111011011111111111111000100000000010001110000000000000000001000010000000000000011
8430071254875684616,20,meet_semilattice,1011111110000111000011111111111011111110001001000000000000000011111110000111000000101100000000010000000001000000000000000010111000000001000000101111100001110000001011001000000100001011111111100111001010111111101001110000111111111111111111111011111111101111111000100100000001010000001001000000011100000010010000000001000010111111111001111010101111111110011111101011111110100111001011111111111011111111
-4425161622372669477,20,meet_semilattice,1000000000000000000011111111111111111111101011011111010111101011110111111101111110001000111001000000100011011110010111101011111111111111111110001001111001011110100000001010000000001000000011100000000010000000001000000000100011011111010111101000110111111101111110000000111001000000101111011111111111111000100011100101111010000000111000001000100010001110010011101000100011100100001010001101111101011111
6020446534116056554,20,meet_semilattice,1000101101000100010111111111110111011101101110110101110001011001101101011100010100001000010000000000101111110101110111010000101001000000000000001011010000000000101111111101110111010000000001000000000011111111111111111101000010100101010000001000101101011100010100001010010001000000111111111101111111011011101101011101010110111011010111011101000010100100010001001111111111011111111100001010010001000101
-7341654081772286095,20,meet_semilattice,1110001100111010100101000000001010100001001000110011101000011111001100111010100111111011001110101011111111111111111111110000001100111010000100000001001110100001111110111111111111111111101101111010101100000000001000000000000000000011101000010000000000101000000011111011011111101011000000000010101000001111101101111111111100100011001110101001111110110111101011111111001100111010101100000000001010100001
3202582926237229117,20,meet_semilattice,1000000000100100000011110011101111111111101100100010110110011001000000101100000110111011101111111111111101111011111111111000001000101101100110110011101111111101101100101011111111011011101111111111111100000000001000000000101100100011111111011000000000101100000000000000001001000000101100100010111110011000000000101101000110000000001011011001101100100010111111011011001110111111111110000000001011000001
-8442632526994737757,20,meet_semilattice,1111011111111111111101000000000000100000011100111100001100010101001110000011000011111111111111111111011101111100011110010000001000000010000001000001000000100000010000111000001000000101001111000011000001110111111111111111011101111101011111110111011111011111111101110011110001111001000000000000001000000100001110000011000001110011110000111001011101111100011111010111001111000111101101010011110000110001
-6549335318805250182,20,meet_semilattice,1001010100100011001011110101001000111010101101010010001100100001010100100011001011111111001001111110000001010010000000101111011100100111101000000001000000000000111111111111111111101111111101111111111000000001001000000000111111110011011111101111111100111111111011110101001001111010000001010010001100100000010100100001001010110101001000111010111101110010011111100000000100000000001011111111011111111111
6686343899691773072,20,meet_semilattice,1110111111101100110001001000110000000000011011101100000000001111111111101101110000001000010000000000010011001100000000000000101001000000000001101111110000001000000010001100000000000000000001000000000001101111111001001000111011111111110111000110111111101100100001101111110001001000111111111111111111011110111111101101110001101110110000001000011011111110010011001111111111111111111111101111111111011101
-1096810836009152976,20,meet_semilattice,1011110101000011101111111101111111111111001111010100001010110001100101000000000100001001000000000001000111010100001010111011111111111111111100000001000000000000101111011110101111110000100101000000000110111101011010111111101111010101101111111011110101001011111110111101111111111111000110010100001010110011110101000011101100011001010000001011101111010100001111110001100101000000001100000001000000000001
7836099751721133420,20,meet_semilattice,1011001110010011011011111011111111111111001000000001001001000011001110010011011000101011100100110110101111111111111111110010001110010010011000100001100100100100001000001001001001001011101111111011011010110011101110110110000000000001000000001011001110011011011010111011111111110110000000000001001001000010001110010011011010111011111111111111000000000001000001000010000010010010011010111011111111110111
-7475023818367526575,20,meet_semilattice,1101101000010110100101000010000100100001111111101111011110110101001000010010000101011010000100100001110111101111011110110000001000000000000011011111111101111111110110101001011010011101101011110110100111011010101101101001000000100001001000011101101011111111100101011010000101101001000000100000001000011101101011110111100101011010000100101001110111101111011111111101101011110111101100000010000000000001
-3199784748425222527,20,meet_semilattice,1111111111111101011101000000100000000000011001001000000100000111110011011001000001101100110010010000000001001000000000000111111011011001000001111111111111010110000000001000000000000110010011000001000001111110111110010000011011001101100100000110010011001001000001111110110111010000111111111111111111110000010010000001000001111111111111011111011111101111110101000111111011111101011001111111111111010111
-1926318703595058832,20,meet_semilattice,1011011110101011110011110111101010111110001000010000100001000001000000001000010011111111111110111110001101010010100101000011011110101011010000000001000010000100001101011010101101001111011111111011111000100001001010000100111101111011101111100000000000001000010011111111111111111110001000010000101001000010000100101001010000110111101010111100000000000000000001001011011110101011111011111111111111111111
406009900219749697,20,meet_semilattice,1000001100001010100011111011111011101111101110111110111011101001001100001010100010011011101011101110111111111111111011110000001100000010100000000001000000000000100100111010111011101001001111101110111010010011001010101000111110111111111011110000001100001010100010010011001011101100000000010000001010001001001100101011101000000001000000001000100100110010101011001001001100101010101010111011111011101111
8167033024038297250,20,meet_semilattice,1000010000000011110011100111111011111110101001100010101111001111011111111111111011111111111111111110000001000000000011001000011000101011110010100111111011111110101001101010101111001010011001101011110010000100001000111100111001111111111111101000010000101011110010100110101011111110000001000000001011000000010000000011110000000000000000001100000000000000000001001010011010101011111011110111111111111111
6093805367619684368,20,meet_semilattice,1011101101111010011111111111111111100111001110000111101001110001000001000000001100011000010100100111101111111111111001110011101101111010011100111001011110100111101110111111111001110000000001000000001100011000011110100111000100000101001001110001100001011010011100111011011111100111000100000100001001111011111111111111111100111011011111101111000100000100000001110000000000000000001000000000000000000011
-175060735304090373,20,meet_semilattice,1110000011100010110101000000011000101101011000000110001011011111010011100010110111111101111000101101111001001110001011011111111111100010110111110101111000101101000000001010000011010000000001100000110000000000001000001100111111011111101011011111110111101010110111111101111011101101000000000110001011011111111111111111110100000000000000001000000000000000000011001111110111101110111100000000001000001101
7086263237843768547,20,meet_semilattice,1111111111111111101101000000000010000010011101110010101000110101011100001010001001111111001010110011010001110000101000100100001100001010001000000001000010000000011111111111111110110111111101111111101101010111001010100010011111110011101100110000000000001000000001111111001111111011010000010000101000100111011100101011001101111111001110111011111111111111111111110000000000001000001001010111001010100011
-7295472261801213493,20,meet_semilattice,1111111111011111111101111111110111111111001011111101111111010011111111011111111100001000100000000000000011001000010000000000111011011100110100001111110111111101000000001000000000000000110011000100000011111111111111111111000011001101110011010000110011001100010100001000100001000000000011101101111111010000111011011101110100001100110001001101000011001100010001010000111111011111111100001000100001000001
-5574460530542871335,20,meet_semilattice,1101110111011010111101001001000010101111111111111101111111110101110100001010111100001000000000000100010011010000101011111101111111011110111100001001000010001101010111011100101011110101110101001010111111111111111111111111010111011101101011110000100000001000110111011101110111101111000010010000101011011101111111011111111100001000000000001101000000000000000001000000100100001010111100001000000000000101
-7658501442298665952,20,meet_semilattice,1100111111111111111101001111101111111111011011111111111111110101111110111111111100001100100001011000000001001000010010000000111110111111110100001101100001011000000000001000000000000100111111111111111100001101101001011101000011011011111111010000110110101111110100000000100001000000000011011010011111010000000010000101000000000000100001001000000011011000010111010000111110111111111100001100100001011001
-5769325255665004809,20,meet_semilattice,1100111101011011011001000000000000000000111111111111101111111101111101111011111001001100010010000010010001000100000000100100111101001011001001001101010010000010110111111111101111110100000001000000001011001111011110111110010011110101101101100100010001001000001011111111111111111111010011010100101000100100110101001011001011001111010110111110010011110100101101100100000000000000001011011111011110111111
3243384404163096271,20,meet_semilattice,1000000000000000000011111111111101111111101111011111001111111001110110110011011110001100001100010110100001000010000000001011111111110111111110001101001100010110100011011011000101101001110111110011011110000000001000000000100000000001000000001001110111111011111110111101111101111111100011011011001101101000010000110001000010011101111100111111100001000011000101101000010000110001001010001101101100110111
4683802484149066623,20,meet_semilattice,1101100011011000011001011000110110000100111110001101101001100001000010000000010000011000110110000100111111111111101101111111101011111011011111111001111110110111000000001000000000000001000011000000010011111000111110110110000100001101100001000001000011001000010011111111111111111111110110001101101001101111100011011011011011111010111110111111000000001000000001000101100011011000011011111000111110110111
-8860161145246893428,20,meet_semilattice,1111111111111111101001100110000101010010001001000000010100000111011000110101001001111110011101010010000001000000000100000010011000010101001001111111011111011010011111101111110110100111011001110101001001100110001101010010001001000001010100100111111001111101101000000100000001010000011111111111111110100000000000000001000001110110011101011010011111111111111111100010010000000101001011111111111111111011
-6696090059027363919,20,meet_semilattice,1011010001111111110011110111111111111111001000000001010000000011010000011100100010111101111111111110001001000001110010001011011111111111111110110101011111111110101101011111111111100011010001111100100000100000001111001000000000000001010000000000000000011100000000000000000001000000001101000111111011000011010001111111110000100000000111001000001101000111110011001011010001111111111010110101111111111111
-4387689411313185931,20,meet_semilattice,1111111111111111111101101001100111011011001010011001110110010111101110011111111100001001100011001001011111111001111111110110101110011101101100000001100011001001000000001000110010010111101111111111111101111011101111111111000010011001110010010000000000001000000000000000000011001001011010111001111110110000100110011101100100000000000010001001011010111001111111110000100110001100101100000000000010000001
3512332777028937816,20,meet_semilattice,1000000001000000000111001101010110001011111111111111111111111101110101011010111110001100010110001011100001000101100010111101111101111011111110001101010110001011110111011101101011110000000001000000000111011101011110111111100000000101000000011000000001011000001111011111111111111111110011010101101010111100110101011011101110000000010110001011110011010101101011111000000001010000001100000000000000000001
1037746740761988262,20,meet_semilattice,1010001100110101100001100011001101011000001000110010000110001011001100110101100011111011001111011001111111110011111111010000001000000000000000000011000000010000111111111011111111011111111111111111110100000011001000010000001000110011000110001111001100111101100100100011001101011000111110110011111111010000001000000001000000000011001000011000111110110011110111011111111111111111111111110011001101011001
369385596782439892,20,meet_semilattice,1111010110111110101101000000000000000000011001011011011010100111010110110110101011111111101111111011010001000000000000001111011110111110101101000101100100100010010001001000000000001111111111111111101101000100101000100010010001001001001000100111010110111110101101000000000001100000010000000000001000001111011110111111101101000100101000101010111111111111111111110100010010000010001001110101101101101011
-8332221006764358559,20,meet_semilattice,1000010000100001011111000100001001010111111111111111110111111101011000101101111111011111111111011111000001000010000101111100011000100101011111010111111111011111110101101010110111111101011011101101111100000000001000000000110101101111110111111100011000101101011110000100001001010111111111111111111111110000000000100001011111000110001011011111000000000010000001000000000000100000011100000000001000000001
-1790673172287614157,20,meet_semilattice,1001111111011011110111111111111111111111101111111101101111010001011000000010010000011111100010100101000001100000000000000000001000000000000000010111100000100101000101101000001001000001111111001010010110111111111110111101000111111101101001010001011010001010010110111111111111111101000001100000001000000001111111011011110100011111110110101101000001100000001001001011111111111111111100010110100000100101
-915117702601187553,20,meet_semilattice,1000100000000000100011011111011011101001111111110111111011111001101001001000100100001000000000000000100111110110110010011000101000001000100010011011010011001001111111111111111011111000101001001000100110011011011011001001110111110111111010111000100000001000100010001010000011001000100111110110111010011111111101111111111100001000000000001000110111110110111011111101111101101110101110001010000010001001
-7439579306727272704,20,meet_semilattice,1101101001110100111101011010011101001101111111101111111111110001100001110100000100001000011101000001010111100111010011010001101001110100000111111111111111111111110111101111011011110000000001000100000000000000011101000001000000000101010000001101111011111110111100000000000001000000110110100111011011111101111011111111111100011000011101001101000110000111010001010101101001110100111100000000010101000001
-1800381577003500399,20,meet_semilattice,1111010111011111011101110000010010000001001100000100100000010001000000000000000001111111111111110111011101011100101000010111011111111111011100110001010010000001011100011100101000010001000001000000000001110101111111110111011101011101111101110001000001001000000001110101110011110111001100010100101000010111010111001011000101110101111111111111011101011100101101110111010111001011001100010000010010000001
748946383145848470,20,meet_semilattice,1000010100101001011111111101101110110111101001010010100101111011010110101001011110111101101110110111000001000010000101001111111111111111111100000101001000010101101001011010100101111111110111111011011100000000001000010100101001010011100101110000010100101001011111111101111111111111100001010010101101110000000000000001000011111101111110111111000000000000000101000000010100100001011100000100001000010101
-6039034253791393015,20,meet_semilattice,1000100000000111100011101101101011111111101010000000011110001111110110101111111100001000000001001000101011010010011111111111111110101111111110101001000001111000101011011010111111111110110111101111111110101001001001111101111111111111111111111010100100101111111100000000000001000000000000000000011000000000000000000101100000000000000001001000100010000000011111011010100100100111111110001000000001111001
-9158190447647257532,20,meet_semilattice,1000000000000000000011100001100000100000101000000000000000001111010110000010001011111101110000100010111001011000001000101111111111111011111110100001000000000000101000011000000000001111010111000010001011111101111010100010111111011111101001101111110111001010001011111111111111111111101000010000001000001111110111101011101011111101111010101010111111011110101001101110000110000010001011111101111110111111
497553676377713184,20,meet_semilattice,1111111111111111111101111111111111111111001111000111111001110001000001000100000000011100011111100111000101000110110001000011111101111110011100111101011111100111001111111111111111110000000001000100000000010000011011000000000101000111110001100001000001001100000000000000000001000000000101000110111001000011111101111111111100111101011111101111000100000110110001000001000001101100011000010100011111100111
231761513582081236,20,meet_semilattice,1111111111011111111101000010100000000000011101101001110110100101001010001001000001111111110111011110010101101000100100000000001010000000000001110111100111011010000000001000000000000111011111011101111001111111111111111111010101101001110110100100001010001000000001010110100011011010011111111101111111100100001010001001000001010010100010011010011101101001110111100101001010001001001001111111110111111111
-1889871198308470643,20,meet_semilattice,1111111111111111111101100000000010000000001000000000000000000111010001101101010001111101111111111111011001000010110000000111111111111111111101110101011011010100011101011110111111110110000001101100000001100000001010000000011101011111111111110010000000001000000001100000001011000000011101010110111111000110010000101101000001110101011011011100011001000110110101000111010101101101011001110101011011011111
8648494005086634501,20,meet_semilattice,1111111001111111001101010010010000010000011100100111110100000001000001000001000001111010011111010000011111100111110100010001001001000001000011111111011111110011111111111111111111110000000001000000000001010010011111010000010100100101100100000101001001001001000001010010010011010000011111100111111100010000000001000001000011111111011111111011111111110111111111110111111001111111001101111010011111010001
4135797998283892520,20,meet_semilattice,1000000000000000000011111110111111111100101001100010101111001011011000101111110010111110111111111100100001100010101011001000001000000000100011111111111111111111101101101111111111001011011001111111110010000010001010101100101101100011111111001000000000001000000010000110001011101100100000100000101011001000001000001011110010000000000000001000100000100000100011001111111011111111111111111110111111111101
-6940216516254503738,20,meet_semilattice,1011110011110101111111111100111111111111001110001101010111110001100011010101100000001000000000010000001111001111010111111011111011111111111110111111111111111111000010001000010100000000100001000101000000111000111101011111000010001101010110001011110011111111111100001000000001010000101111001111011111110000000000000001000000001000010001011000000110001101010111110001100011010101101100011000110101011001
7697735848302397134,20,meet_semilattice,1001000000000001100011010001100000011000111100111100101111110001000000000001100011011011110010111111111111111111101111111101001110000001100010010001100000011000000000001000000110001101001111001011111111111011111110111111111100111101101111111101001110001001100011111111111111111111110100111000101110000000000000000001100000000000000000001000110100111000101111111101001110001011101011010011100010111011
-148213535636775030,20,meet_semilattice,1001000000100000111111010001001000001111111110010111111111110001000000000000010111011001001010101111111111010111111111111111111111111111111110010001001000001111111111011111111111111101100101101011111100010000001000001101110110010111111111111101000100101010111111011001011011111111000100000010001011011101000100101011111100010000000000001101000000000000000001010001000000100000111100000000000000000001
3671353659281113248,20,meet_semilattice,1001011100001011100011111111110111111100101101110000101111000001000000000000000010111111010111111100000101110000000000000001001000000000000000010011000000000000101111111101111111001011011101001011110011111111111111111101101101110101101111000001011100001011000010110111010011111100000100000000001000000001011100000011000000010111000010111000100101110000101111001111111111111111111111111111110111111101
-622473991402762672,20,meet_semilattice,1000111010100111100111111111111111111111101011101010011110011011111011111111111100001000001000100000000011000010001000000000111000100110000010111111111111111111000011001010011000001010111011111111111100000000001000100000101011101011111111111010111010101111101100001100001001100000000000000000001000000000111010100111100100001110101001101000101011101010111111111010111010100111101100001110101001101001
7187336775883927588,20,meet_semilattice,1110010110001011101001000000000000000000011001011000001100001111111111001011101111101111110010111010010001000000000000001110011111001011101001000101100000010000010001001000000100000110010111001011101011111111111111111111111111111101101110110110010110001011000011111111110111111011010001001000001100000100010000000001000001100101100010111000111111111101101111110110010110001011101011101111110010111011
-1520201478633466720,20,meet_semilattice,1000011000010010000111101110101111111011101011100001011110011111111110111111111100001110000100000001000001000000000000010000011000000000000111101111101111111111101011101001111110111111111111111111111110101110101111111011000001100001000000011010111000011111100110001110000101111001000001100001001000011000111000010011000110001110000100111001101011100001111111111010111000011111101100000000000000000001
-2436397579602728252,20,meet_semilattice,1000000000000000000011011011000100011111111110111001000111111001000100000001100010011011000100011111111111111001111111111001001100010001111010000001000000011000110110111001000111111111111111011111111111111111111111111111100100010001000110001111101110011101111111111011100101011111111110111001111111111000000000000001100010000000000000001000100100010001000111001001000100010001111010010011000100011111
5793884663270964380,20,meet_semilattice,1000000000000000000011010000100011111010101100000000111110101001000000001110100011111111111111111010111101111111111110101111001110001111101011110001100011111010100100001000111110101111001111001111101011110011111011111010111100111111111110101000000000001110000010000000000001100000100000000000001000001001000000001111100010000000000011101000111111111111111111111001000000001111101011111111111111111011
783669427548753998,20,meet_semilattice,1000011010000010000011001110100001100110101011101000011001101111111011010110011110001110100001100110000001000000001000000000011000000010000011111111111111111111000001101000001000001110111011010110011011111110111111111111111011101001011001101111111011011111111110000110100001100010000000000000001000001111111011010111011111111110110101111111100001101000011001101000011010000010001011101110110101100111
2116148521879808855,20,meet_semilattice,1110111101111000111101100101010000001000001000000000000010001111111111111111111101101101010110001111001001010100000010000110111101111000111100100001010000001000111011111111100011110000000001000000100001100101011100001101011001010101000011010110010101011000110111101111111111011111111011111111111111111110111111111001111100000000000000001000011001010100000011010110010101011000111101100101010000001001
1619283014815340132,20,meet_semilattice,1000000000000001000011100000000100010100101000000000000100001111001100010001011111111111000111010111111101110001000101111110001000010001011111100001000100010101111111111011110101111111111111111101111111110111001111010111101000000001000101001111011100011001011111110111000111010111111111111111111111110000000000000001000011111111101111011111101000000000000101001110000000010001011111100000000100010101
-5713807914095770188,20,meet_semilattice,1111111011111110101101111110011101100011001100000010000000000001000000100000000000111110011000100010001101000110001000100011011001100010001011111111111111101111011111101111111000110011000001100000001000000000001000000000001111100111001000100111111001111110001100111110011001100010001100000110001000101111111111111111111101111110111111101011111111101111111011110011000000100000001000111110011001100011
6666552518487420331,20,meet_semilattice,1111111111111101111101001101010100001101011011110101000111010111111111110101111100001100000100001000000001000000000000000100111101010001110100001101010100001101011011111101000111010000010001010000110001101111111101011111000001000001000010000111111111111101111101101111110101011111011111111111011111110000110000010001110100000100000000001000000001000001000011000110111111010001111100001100000100001101
3629272272807811373,20,meet_semilattice,1111110111111110111101110000000000000110001100000000000001100001000000000000001000111000000000000110011111000000010001100111111111111110111101111101101111001111011111001001010011100111110111111110111101111100101101001110011111000001010011100111110010111100111101111000000001000110011111011011111011111111111111111111111101111100000001001110000100000000000001100000000000000000001001111100101101001111
2376833112794904227,20,meet_semilattice,1010000000010000000011101000011101100110001000000000000000001111100001110110011010101000000100000000111011010111011001101111111111110111111111101001011101100110111111011111011111111010100001010000000010101000011100100110001000000001000000001111110101111111111110101000011101100110101010000101001001101111110101110111011111111101011101111111101010000001000001001010100001010000011011111101011101100111
-7565412523996510953,20,meet_semilattice,1111001111100111111101110011111001110110001000100010010101100011001000100101011011111011111111111111111101111111011111110000001000100101011000110011011001110110001100101110011101100011001001100101011000000000001000000100111100111111011111111111001111111111111100000000000001010100001100100110011101100000000000000001010001110011111001111110000000000000000001000000000000000101011001110011111001110111
7003999424970152145,20,meet_semilattice,1101100011110010101001000000001000000010111111111111111111110101100010110000101001001000001000001010110111001111101010111101101011111010101111011111111110111011010010001010000010100101100011110000101000000000001000000000010010001011000010101101100011111010101011011111111111111011010010001011001010101101101011111011101100000000001000001010110111111111111111110000000000100000001011011000111110101011
7043056428858635257,20,meet_semilattice,1011110100110100110111111111111101111101001000010000000000000011000100010000000100111001000100000001001111010001010010011011111100110111110100000001000000000000101111111111011111011011111101110111110100111101001101001001000000010001000000001011111111111111110100000001000001000000101111010011011111011011110100110101110100111001000101001001001111010011010011011111111111111111111100100001000100000001
-3855200135970729772,20,meet_semilattice,1111111111111111111101011000001001011110001110000010010111100001000000000000000000011000001001011110011111010010010111100111111111110111111100111001001001011110011111011010011111110111110111110111111100010000001000000000011111011011011111110111110111111111111100010000001001001010011111010010011111100001000000100101101000010000001000001000000100000010010011100001000000100000101001111101001001111111
8280254880236805502,20,meet_semilattice,1110111111011101111001000000100110000010011011111101110111101111111111011101111001001001110110011110010011111101100111100100101111011001111001000001110110010110000000001001100000100000000011011000001011111111111111111111000000000001100000000000000000001000000001001111110111011110111111111101111111100000000011011001001001000001110110011110000000001101100101100000000000011000001011111111110111111111
9099040992415185796,20,meet_semilattice,1000011000000011111111000110000000111111111111101101001111111101011000010011111111011110110100111111000001000000000000100000011000000000001011111111110100111111110101101001001111111101011011010011111111111111111100111111110001100001001111111111111111111011111111111111110101111111000001100000001001110000011000000001011000000110000000011110000001100000000001100000000000000000001000000110000000000011
7252973121130895707,20,meet_semilattice,1111111111111111101101001101111011011001011111111110110110110101110111101101100100001000010010000000000011000100100000000101111111101101100100001101111011001000000010001100110000000000000001001000000000001000011011000000011111111111111110110000000000001000000000001000010011000000011111111110111110110000110111101101100000001000111011001000111111111111111111110101111111101101101100001101111011011001
-4521240756978526422,20,meet_semilattice,1010000000000000000011111111111111111111001000000000000000001011011000000101001010111111111111111110101001000000000000001010001000000000001010110111000101011110101101111001010111101011011111010111111010110111111101111110101101100001010100101011011111111111111010100110000001000010101101111001011111101010011000000101001010110110000101011110101101100001010101101010000000000000001010111111111111111111
-5613288966597989519,20,meet_semilattice,1111111101111111111101111111001111011111001111110011110111110001010100110001110100011111001110011111000001000000000000000001011100110001111100000101001100011101011111111111111111110111111101111111111100000100001000001000000001000011000010000001011100111001111100011111001111011111001111110011111111110000010000110001110000000100000000001000000001000011000011000001010100110001111100000100001100011101
-4821963761147406593,20,meet_semilattice,1111111011110100001101000000011001000001011111101111010000110101011011100100001101011110111001000011010001101110010000110100001001100100001111111111111111111111010000101110010000110000000001000000000100000000001000000001010101101111010000111111111011111101111100000000011001000001111111101111111111111111111011110101111111111110111101001111111111101111010001110100000001100100001100000000000000000001
-5272511020227319527,20,meet_semilattice,1001111011011000101111111111110111111111101111101101110011110001001011001000101100011010110110001011000111101101100010110000001000001000101110111111110111001111000000101100100010110000001001001000101110111111111111011111000100101101100010110000000000001000101110011110110111001111101111111101111111111011111111011101111100000000000000001011100111101101100011110000000000000000001100000000000000000001
2712741834945198580,20,meet_semilattice,1111111111111111110101111101101111111101001001000001000011010011010000011111110100111100100111111101000001000000000000000111111110111111110100111101100111111101001101001001111111010011110011011111110100111101101111111101000001000001000011000010010000011110110100100100000101001101001001000001011011010010010000010101110100000100000000001100000001000000000001001111111111111111111100000100000100001101
5905570285119694760,20,meet_semilattice,1111111101110111111101111111011101111111001000110000000010000011011101110011111000111111011101111110001001110101000110100000001000000000000000000011000000000000111111111111011111110010001101010001101000100111011100011010001000110001000110101111111101111111111100110111011101111110001001110111001111100000001100000001100000000011000000001000001001110111000111100000001100000001101000110111011101111111
-8970670656708771186,20,meet_semilattice,1001000111010101101111010001110101011011111110111111111111110001000111010101100111011011111111111111110101111111111111111101001111010111101100000001000000010000000000011001000100000000000111010001000011010011111111111011000000010001000100001101001111011111101100000001110101011001110100011101011110110000000000000001000000000001110100011001110100111111111111110001000111010101101100000001110100010001
6588233104090129212,20,meet_semilattice,1000000000000000001011110111101011101110101101011010110011101001000100000100001011111111111011101111100001010000010000101011011110101110111010000001000001000010100101011010010001101111011111101110111110000000001001000010111101111011111011111001010110101100011010000000000001000010101101011010111011101111011110101111111010000101000001001010100000000010010001100000000000000000001011110111101011101111
9155575170910495407,20,meet_semilattice,1111111111111111111101011000000000000100011110111011111111110001000000000000000000011000000000000000011111111011111111110101101110111111011101011001000100010110010110011001100101100111111111111111111101011001101111110111010110000001000101100101100100011001011001011001100111110110010110011001101101100101100000000001010001011011101111111111000110000000000001000101100000000001011001011001100111110111
-7275939526062352752,20,meet_semilattice,1000010001000010000011111101011101111111101111010111011111101001110101100110110010001100010000100000000001000000001000001111111101110111111110001101010000101000111111111111011111110000000001000010000010001101011000101000100111010111011111101111111101111111111110001101011001101100000000000000001000001000110101100111111010001100010000101000100011010110001011001000110101100110111010111101011101111111
7762225167214370307,20,meet_semilattice,1101001000011000001101000000000100000001111101111111111111110101000000011000000111011111111111111111110101111111111111110101001000011000001111010011100111111111110100101001101000111101001011111111111111010010101111111111000000000001000000010000000000011000000111010010100111111111110100100001101000111101001010011011111101010000000110001001110100101001101011110101000000011000001100000000000000000001
-6289360043774174388,20,meet_semilattice,1111011111011111111101110101110100101110001000010101001001000011010101010010010011111111110111111111001001010101001001000111011111010010111000000001000000000100001101011101001001100000000101010010010001110111111111111111000000000001000001000111010111011010111001110111110111101111000000010001001001000111011111011111111100110101110100101110000000000000000001000011010101010010011001110111110100101111
-9091837044417061912,20,meet_semilattice,1110001000101000011001100010001010000110001000000000000000001111111011101110111111101110011011101110111001100010111011100010001000000000001011111111111011101111111011101110111011101110011001101110111000100010001010000010111111111111111011110010000000001000001011100010001011000110111000100010111001101111111011101111111111100010001011001110001000000000100001100010000000000000001011101110111011101111
163468381970675225,20,meet_semilattice,1111001110000001100101010000100000000000011100111000000110010001000000000000000011111111110000011001111101111000000110010101001110000001100001010001100000011000000100001000000000001111011111000001100111110111111000111001111101111111011110111111011111111111101111110111111001111011111101111100001110010101000010000001100001010000100000001000111101111111111111111111011111100011101101010011100000011001
6633764811617887314,20,meet_semilattice,1011010011010000000011111110111110101101001100000001000000000001000000010000000010111110111110101101000001000001000000001011011011010000000110111111111111101111001100001001000000000011000001010000000010110110111100101101000000000001000000001011011011011010100110111110111111101111101101101101001000011011111011111111111110110110110100101001101101101101001011011011111011111010111110110100110100000001
992822066282253538,20,meet_semilattice,1000000000000000000011111101110111111111101000000000100011001011000101011110111010111101010111101110101101010101111011101111111111011111111110100001000111101110101111011101111011101010000101011110111010111101111111101110101000000001101011001000000000001000100010100000000111101100101000000000101011001011010101011111111010000000000000001000100000000000100011001010000000011110111010111101110111111111
4796784559492440380,20,meet_semilattice,1010010110000010100011110111111000111110001001011000001010001011011111100011101011111111111111111110000001001000000010001010011110000010100000000101100000101000000000001000000010001010011111100010101010100111101000101000111101111111101111101111011111101011111011110111111111111110000000001000001010001010011111100011101000000000000000001000101101111110001111101010011110100010101011110111111110111111
8903508247119412854,20,meet_semilattice,1000001110010001011111111111110110011111101010111001000101111011111110011001111110001011100100010111101011111001100111110000001000010000011000000001000100000110000000111001000001101011111111011001111111111111111110011111000000000001000001000000001110011001111111111111111111011111111111111111101111110000001110010001011100000011100100011111000000000000000001000000000000010000011000000011100100000111
-2630947170597496389,20,meet_semilattice,1111011111111111111101000011000011011010011100110110111111110101001101101101101101111111011011111111011101110110111111110000001000001000001000000011000010000010011101111110111111110100001101001101101100000011001011001010011101111111111111110000000000001000001000000011000011000010010100110110111111110000001100001101101000000011000011001010010100110110110111110000000000000000001001000011000011011011
4543438825546690404,20,meet_semilattice,1111000001001001001001000000000000000000011000000000000000000111000001001001000011111000010011010010111111001101111111101111101011111111111111111111111111111111111110001100110100100110000001001000000011111000111111111110111110001101110100100110000000001000000011110000010011010010111110001101111111100110000001001001000011111000110111011010111110001101110111100110000001001001001011111000110111111111
-7193066200118194670,20,meet_semilattice,1001000001110000101101010000011100001011101100000111000010110001000000100000000111111000011101101011111101010111011010111111111111111111111111110001011101101011111111011111111010110001000001110000101100000000001000000001000100000011000010111111100001111110101111110000011101101011111100000111001010111111010101110111101100010000001000001001111111011111111111110001000000100000101100000000000000000001
7649985289960961992,20,meet_semilattice,1000100010101001111111111100111110011111101010001010100111111011100010101001111100001000000000001011000011001010100111111111111111111011111110111101111110011111000010001000100010111010100011101001111100001000101010001011101111001111100111110000100000001000101111111101111111111111111111011111101111110000100010101001101100000000000000001000000010001010100111110000000000000000101100000000000000001001
4680261172674906416,20,meet_semilattice,1111111111011111101101111001010001011010001100010000000010100001000000000000000000111001000001011010011111010100011110100111111111011111101100010001000000000000011111011100111110110011100101000101101011111111111111111011011111010101011110100111110101001111101100110001000001011010011110010100011110100001000100000001101000010001000000001000111111111111111111110001000100000000101001111001010001011011
-7098391298089396382,20,meet_semilattice,1000100110001000010011111101101110010111101110011001100101101001100110011000011000001000000000000000101111011001100101111011111111111111011100001001000010000000000010011000100000001011110111111101011110111101101110010111100010011001100001000000100000001000000010111101101111010111101111011111111101111001100110011001011010111101101110011111000010010000100001001000100110011000011010011001100110010111
-3979688790423705534,20,meet_semilattice,1111111111011011010001000100100000110000011111111001101100000101111110011011000000001100100000110000000001001000001100000000001000000011000001001111100000110000000000001000001100000111111111011011010011111111111111111100010011111001001100000100111110011011000011111111110111110100000000000000001000000000000000000011000011111111110111111100011111111001101101001111111111011111011011111111111111111111
-646145721898037910,20,meet_semilattice,1001011010110010001111110111111111111111101101101111101100110001000000100000001011111111111111111111000101101011001000110001001000100000001110110111111111111111000100101011001000111001011011110010001100000000001000000000000100100011001000111001011011111010001110110110111111111111000100100010001000111001011011111011001110010110111110111111100101101111101001110000000000100000001000010000001000000011
-719556544486046424,20,meet_semilattice,1000100000010100111111011010000101111111111111111111111111111001101000010101111100001000000100001111110111101111011111111000101000010101111111011111111111111111110110101001011111111101101011010111111111011010111101111111000000000001000000101101101011011111111100001000000101001111100110100001011111111000100000010101111100000000000100001010000000000001000011110000000000000000001000000000000100001011
817037872034609936,20,meet_semilattice,1000000000100001010011110001001011111110101000000010111101001011000100101111111011111111101111111111111101010010111111101111011100111111111110100001001011110110111101011011111111101111111111111111111100000000001000000100111101010011111111101000000000101001010010000000001011110100000000000000001001000000000000100001010010100000001011111110000000000000000001001010000000101111011011110101001111111111
1295259245072304328,20,meet_semilattice,1001001011010000101111010010110100001011111111111111111111110001001000000000001011011110111110001011110101101101100010110000001000000000001011011111111111001011000100101001000010110001001011010000101111010110111110001011000100100001000010111101001011011000101111011110111111001011110111111111111111111101111111111101111100010010000000001011110111111111110011110000000000000000001000010010000000000011
681276650680590493,20,meet_semilattice,1011111101001010011111111111110010110111001111110100101001110001000000000000000000011000010000000111000111110100101001110001101001000000011100011011010010100111101111111100101101110001000001000000011111111111111111111111101111111101101101110001101001001010011110111111110011110111000110100100001001111011111101001011011111111111110111111111000100000000000001000001000000000000011100010000000000000101
-7511173589681989421,20,meet_semilattice,1111111011011111111101011100010001011011011111101100011111110001000000000000100000011000010001001000000111000100010110110001101001000100101111111111111111111111010111101100011111110001000001000100100011111110111111111111010111000101011110110101111011011111111100000000000001001000010111000100011110110001100001000101101100000000000000001000010111100100011111110001100001000100101100011000010001001001
2429823459320513620,20,meet_semilattice,1111111011111110111101011000010010000111011111000100100001110001000001001000011000011000010010000110010111000100100001110111111011001100111101111111110111111111011111001100100011110000000001000000010001111110111111101111011111101101111011110000000001001000010001111100110011001111011111001100111011110111111011011111111101111100010010001111000000000000000001000000000001001000011000011000010010000111
-7680967824353027947,20,meet_semilattice,1001010100011101010011110111111111111111101101111111111111110001010100011101010010011111111111111111000001010001110101001001011111111111111100000001000001000000100101011111110111100001010101011101110010010101001111011100000000010001110000000000000100001100000000000000000001000000100101011111111111110000000100011101000000010101000111011100000000010001110101001001010101111101111010010101111111011111
1206052916824505650,20,meet_semilattice,1001010010101011110011011111111111111111101111111111111111110001010000000000010010011101111010111110000001000000000000001001111111111011111010010101111010111110000101001010101111001001010011101011111000010100001010111100100111011111101111100001010000001010110010011111111111111110000101000000001001000001010000001011110000010100000000001100000001000000000001001001010010101011111010011111111111111111
8247491016527469393,20,meet_semilattice,1010101000000000110011101011011101001110001000000000000001001111101111111111111100101010000000001100111011111111111011110010001000000000110010101011000100001100111010111111010011111010101001110000110010101010001100001100101010100001000011001110101111111100111110101011011101001100111010111111111011111110101111111111111100100000000000001100000000000000000001001010101101110100111011101011011101001111
-8108372369933960767,20,meet_semilattice,1000101000010010010011111111110111111111101110111101111111101001101111011110111000001000000000000100101111111101111111100000101000010010010010001011100100100100000000001000000001001000101111010010011011111111111111111111000010000001001001001000101110011010010010001011100101100110000000000000001001001001101111011111111010001011100110101100000000000000000001001000101110010010011010111111110111111111
6600068151620928053,20,meet_semilattice,1111111010111011011101111010100100110111001110101001001101110001101000000010001100001000000000000000011111101011101101110000101000000010000011111111101111110111000110101001001101111111111111111111011101111010101100110111000110100001001101110111101010111011011111111110101111110111000010000000001000000001101000000011001111111111101111111111000110100000001001110000100000000000001000001010000000100011
1410063686559980078,20,meet_semilattice,1011101111101111101111111011111111111111001010100110001110010011101011101011101100001010011000110001111111111111111111110000001000100011000100111011111011111011001010101110101110010000001001100011000100000000001000000001101110111111111110110000101001101011100100111010111011111011000000000010001100010000000000100001000100001010011000111001101110111111111111110000101001101011101100000000000000000001
1956813753303218813,20,meet_semilattice,1111011111111111111101110111111111111111001100100100001100100001000000000000000001111111111111111111001101101111101111110001001001000000000000110111111110111111000100101111001111110001000001000000000000010010011100110011000100100101001100100001001011111011111100110111111111111111000100100100001000000001001001000011000000010010011100111111000100100111001101110001001001000011001000010010010100110011
-4574761912017912196,20,meet_semilattice,1111110011111111111101101000010001011111001000000100010110010111110011110111111100001000010001011001011011000101010111111111111011111111111111111101111111111111011011001111011111110000000001000000000001101100011101011111011010000101010111110110100001011101111100000000010001010000011011000111011111110000000001000001000000000000010001011001001000000100010111010010100001000101111100000000010001010001
4572364138418113190,20,meet_semilattice,1000000000000000000011011011110111111011101110111101111111111001101001010011100010001000010000000000110111111111111110111000101001000010100010011011110110111011100110101101001110001000000001000000000011011011111111111011100010100101001010001001101011011011101010011011110111111011100010000100001010001000101001010011100010001000010000001000100110111101111111111001101011010011101010011010110110111011
-8158573026923008160,20,meet_semilattice,1110011110100111011101000111100001110111011001111000011101111111111111110111011111101111111101110111000001011000011101110000011110000111011100000001000000000010000000011000001000101110011111100111011101000111101001110111111001111111011101111111111111111111111100000001100001110111000000010000001000100000000110000011001011100111101001111111000000011000001101100000000000000000001000000001000000000011
3746874887333165794,20,meet_semilattice,1111010110000011000101000101100000100001011001011000001000010111010110000010000111111101100001110101000001001000001000011111111111100111010100000001100000100000000000001000001000001111110111100111010111111101101001110101111111011111011111111111110110001111010111110101100001110101000000000000001000000111010110000011000111110101100001111101111101011000001101011111110111100111111100000000100000100001
9125334842003487675,20,meet_semilattice,1100010000010001101001000000000100011000111011000001000110101111110110010011101111001100000100011010010001000001000110001111111110111111111111101101100100011011111011001001000110101111110111111111111111111101101100111011000000000001000000001111110110111111111111111101101101111011111011011001001110110000000000010001100000000000000100001000111111011011011111110100010000010001101011101100100100011011
6018981712795639523,20,meet_semilattice,1100110000001000111001000100000000001000111111111111111111111101111111111111111101001100000000001000000001000000000010001100111000001100111011001101100010011110110011001000100111101100111111001101111111001111111011011111110011111111110111110100110000001000100011001100000011001110110011111100111111111100110000001001111000000000000000001000010011000000100011100100110000001000101011001111100011011111
-8398804152843741272,20,meet_semilattice,1001110001111010110111111111011111101111101111110111111011110001010000001000010100011100000010100101000001000000000000001001111001111110111110011111011111101111111111111111111011110001110001001010110100011100011110101101000111000101101011010000010000001000010110011100011111101101000101000000101001011001111101111111111100010100000010101101000001000000000001011001110001111010111100000100000000000001
-7380051035260183725,20,meet_semilattice,1010101101011100001111101011110111010011001010100000010000001111111111011111001100001000000001000000111011111101111100110000001000000100000000101011010111000010101010111101110000110010101001011100001011111111111111110111001010100001110000100010101000001100001000000000000001000000101010111101111100111010101111011101001111111111111111111111111111111101111101110010101000000100001000101011010111000011
-6503896521558189775,20,meet_semilattice,1001001000001000111011111011111010111111101110111010101111110001000000001000111010011010000010001110100111111000101111110001001000001000111010011011000010001110100110111000100011111011101111101011111110011011101010011111101111111111101111110000000000001000001010111111111111111111100110111000101111111001101110001001111100000000000010001010000000000000100011100000000000000000001010010010000010001111
-2658509728556060853,20,meet_semilattice,1000010010011100111011010100111111111111101101001111111111111001010010011111111010111110111111111111000001001001110011101011011011111111111110010101111111111111000000001001110011101001010011111111111110010100101111111111000000000001000000000000000000011000000000000000000101000000100001001001111111101000010010011101111000000000000110001000000000000001110011100000000000011100001010010100100111111111
6303394787549608673,20,meet_semilattice,1110111111111001001101001111111110010001011011111111100100011111111111111101101100001111111110010001000001011101100000000000011111011000000000000001000110000000000000011001100000000000000001010000000000000111111110010001000000000001000000000000000000011000000011101111111111010011111011111111111111110000011111011001000011101111111111011011111011111111110111110110111111111001001100000111110110010001
-5711857877695104536,20,meet_semilattice,1011000101010000111111111101011101001111001000000001000011010011000101010000111110111001011100001111101111010111010011111111111101110101111100100001000100001101111111011111010111110010000001010000110110110001011100001111000000000001000000001111111101111101111110111001011101001111111111010111011111111111110101110101111100000000000100001000000000000001000011010010000101010000111100000000000100001001
-2870030444442692022,20,meet_semilattice,1000100000000001100011101001111011111001001000000000000100001111100111111111101100001000000000010000111111111111111111111111101111111111101110101001001001111001101010011110011110011010100101100111100110101000001001011001111010011111111110011010100111101111100100001000000001011000101010000010011110010000000000000001000000001000000000011000111010011111111111111110100111111111101110101000000001011001
4813716440964686063,20,meet_semilattice,1111111111111111111101000001000110000011011000110001100000110111001100011000001101111011010110000011011111111101110010110000001100011000001100000001000110000010011110111101110010110110001101011000001101111111111111111111000000000001100000100000000000001000001001111011010111000011011111111101111011110111111111011111111101111011010111001011011111111101110011110000000000000000001000000001000110000011
-6752214235976057123,20,meet_semilattice,1101111111011111101101001111000111011010011111111101111110110101111100011111101000001010000001000000000011110001110010100000001000000000000000001011000101000000010111111101111110100101111101011111101011111111111111111011000010100001010000000000101100011100101000000010000001000000010011110001111110100000111100011101101000001010000101001000111111111111111111110000101100010100001001011111110111111011
2334813024819366100,20,meet_semilattice,1000100100011110100011011111111111111111101111111111111111011001111111111111110100001001000111101000100011110111111010001000101101111110100000000001000111101000100010111111111110000000000001010110000010001001011111101000000000000001000000000000000000011110000000000000000101100000000000000001001000001000101101111111100000000000000101101000100010110111111111001001111111111111111110001111111111111001
6371195705883841519,20,meet_semilattice,1011011111111101111111111111111111011111001000101000000000000011011111011101110010111111111111011111001001101001010010000000001010000000000000100011100101001000000000001000000000000010011111011101110000110111111111011100001000101001000000000010011010011100100000100010100101001000101111111111111111110010011110011101110000000010100000001000001001111001110011000011011111011101111000110111111111011111
-4499225683987266451,20,meet_semilattice,1001001101010001011011110011111101110110001100110101010101100001001001000000001011111111111101111111101101111111011111110000001000000000001000010011010000000110100100111101010101100000001001000000001010110011111101110110000100110101000101101111111111111111111100010011010101010110100100111101011101100001001101000001011010110011111101111110000100100100000001100000000000000000001010110011111101111111
880859115456711719,20,meet_semilattice,1110000101100000010001100001000000000100001000010000000001001111100111100111010111101001011000100100111111111111111111111111101111101111111100000001000000000000111010011110011001000110000101000000010001100001011000000100111110111111111111111111100111101111111111101001011001100100111000010110001001001110100111100111010011111001111001111111000000010000000001001110100111100111011111101001111001110101
-344428969766390155,20,meet_semilattice,1110100100111110111001001000000000000000011010010001000011001111110110111110111000001000000000000000111011011011111011101111111110111110111001001001000000000100111010011011111011101111111111111111111101101001001101001110010010000001000000000110100100111110111001101001000101001110011010010011011011101111111110111111111001001001000000001100010010000000000001000100100100000000111011111111101111101111
-1865479212501470684,20,meet_semilattice,1101111111101111011101001111111001110111111111111111111111110001011111100111011100001111111001110111000001110110011101110000001000100100000000000001001001000001000001111110011101110000000001100100000100000000001000000000110111111111111101110101111111101111011100000000001001000000000000100110011000010000001101100111001111011111111111111111000000110110011001110000001101100110001100000000001001000001
8560619111884883476,20,meet_semilattice,1000000001000100000011111011111111111111101110111111111111111001101001010101000110001010010101010000111111111111111111111000001001010101000010011011110111111011100110101101010100010000000001000000000010011011111111111011100000000101010000001001101011011111001100000000010001000000100110101101011100111000000001010101000010011010110111111011100110111111111111111001101011010101001110001010010101010001
3663624065291428507,20,meet_semilattice,1011001001101111100011110111111111111111001100100110111110000001000001101001000011111111111111111111101101100111111110000001001001101111100010110111011111111111101101111111111111110000000001001000000000000000011010000000101100100111111110000000000000001000000000000000011011111000000000000110101100000000000001101001000000000000011010001000101101100111111111111011011001111111101010110110011111111011
2362153337891198682,20,meet_semilattice,1101110000001000001001000100000000000000111111111111101111110101110000001000001001001100000000000000000001000000000000001101111010101010111011011111111110111111110111001010101011101101111011111011111111011100001010101010110111101011101111100100110000001000000011011111111111111111110111000000101010101101111010101011111011011100000010001010110111000010101011100100110000001000001011011110101010111111
-7964972132110697913,20,meet_semilattice,1001010110111110111111011101101111111111111111011011111111110001000010100000000010011101101111101111000101001010000000001111111111111111111100010101101011000011000000001010000000001111110111111111111100000000001000000000000101011011110010110001010010101100001100010000101001000000000101011010111010111001110110111111111100010101101011001011000101011011111011110001010010100100001100010100101000000001
1105837574625061811,20,meet_semilattice,1101111110011100001101010110000011000001011111111001110000110001010000000100000001011111100111000011000001000000010000000001011000000100000100010111000011000001000101111000110000011111111111111111111111111111101111000111010101111001110000110001011000001100000100000000000001000000111111111011111101111111111110111101011111111111101111111111011111111001110001110001011110001100001100010100000001000001
3697896355684233103,20,meet_semilattice,1000010000001010011111011111101011100111111111111011111001111001010010101110011110011101101011100111000001000000000000001001011110101110011110010101101011100111100001001000101001111101111111111110111110000100101010100111110111111011111001110000010000001000010010000100000011100111000001000000101001101111111110111111111111011111101111101111000001000000000001000000010000001000011000000100000010100111
2766469796808247710,20,meet_semilattice,1101111111011100101101011111110001001011111111111101110011110001001101000100101000011111110001001011000101110100010010100000001100000000001000000001000000000010000101111100010010110000001101000000001011111111111111111111010111111101110010110101111111001100101100000011010001000010110111111101111011111111111111011101111100000011010001001010110111111101110011110000000000000000001000010111010001001011
8645418243401477619,20,meet_semilattice,1111001110000011110001010011000000111000011100111000001110000001001000000011100011111011110011111101111101111100111111010000001000000001000000010011000000111000010100111000001110001111001111001011110111111011111011111101111111111111111111011111001110001011110011110011110011111101000000000000001100000000000000000001000000000000000000111000011100111000001111001111111111111111111111110011100010111101
4957813083118233304,20,meet_semilattice,1001100100001000010011111011111111111111101110010000100011000001100100000000000000001000000000000000111111111111111111111011101101101110110000001001000000000000101110111110111011001011100101101110110010111001001011001100101110111111111011000001100100001000010010011001000011001100101110010010111011001011101111111111111010011001000010001100000110010000000001001011101111111110111010111011111111111111
7426658215735822314,20,meet_semilattice,1010101011100111101011101010111011111111001000101000000010001111111011111111111100101010100000111010111011101110111111110000001010000000000011101111111111111111000000001000000000000010101011100011101000101010101000111010111011101111111111111010101011101111101000101010111001111010001000101000001110100010001010000001100000000010100000001000101010101110011111100010001010000001101010101010111011111111
3858474048964133728,20,meet_semilattice,1111111111101101111101011111111001011101001111111110110111110001110110100100100000001101101001001000000001000010010010000000011110100100100000000101101001001000000001001010010010000001111111100100100100000000001000000000111111111111110111110001111111101101110100000000001001000000000111111110011010110001111111100101110100000000001001001000000111111110010011010001111111100100101100011111101001001001
25178927896990839,20,meet_semilattice,1101011111110111111101000000001001110101111111111111111111110101010110110111010111011111111111111111010001001011011101010101011111110111111101000101101101110101010000001011011101010101010111110111110100000000001000100000010000000011011101011101011111111111111100000000001001100101000000000000001000000000000000100111010101000101101101111101000000000010001001010101010111110111111100000000001000100001
-5506210074627381149,20,meet_semilattice,1100101001001110100101001010010001001000111010101100111010011111101011101111111100001010010001001000111111111110111111110000001001000000000011111011111011111111110010101100111010010000000001000000000011101010111011101001111111111111111111110100101001001110100100000010010001001000010010100100011010001110101011101111100100000010010000001000111010101110111111111110101011101111101101001010010001101001
6931681935682782984,20,meet_semilattice,1000101100100010011011001011001000100110111010111010111101111111101110101111011100001000000000000110111111111110111101110000101100100000011000001001000000000110110010111010101001101111101111101111011100001000001000000110111111111111111111111100101100101010011011001011101011110111000010110010001001101100101110101011011111111111111011111111000000000000000001100000000000000000001011001011101010100111
2998936273837360787,20,meet_semilattice,1000011011000110100011111111111011111101101011111110111011011011111111101111110110001110110001101000000001000000000000000000011000000100000010000111110001101000000001101100011000000000011001000110000010001111111011101001111111111111111111111000111111001110100100000100000001000000000001100000011000001010111111101111110100000110110001101000100011111110111011011111111111101111111110000111110001101001
-8435976058754656040,20,meet_semilattice,1110111111111111011101000011001010000110011001110010110101110111111111111111011101101111001011110111010001110010110101110000001100100000011000000001000000000000011011111010111101110110111111111111011100000001001000000000011011110011111101110000001100101000011001000011001011010111011001110010111101110100001100101001011101111111111111111111000000010010000001000000000100100000011000000001001000000111
-583025729846330412,20,meet_semilattice,1000001000100000000011000010001100100000111010101011011011111111111111111110111111001010101101101111111011111011011011110000001000100000000011101011101101101111110000101011011011111110111111111110111100000000001000000000100000100011001000001110111110111110111111000010001101101000100000100010001000001111111111111111111111000010001100101000110000100011011011001100001000110010101011000010001101101111
731300545450712084,20,meet_semilattice,1110111001111011110101001110001110101101011011100111101111011111111101111011110100001000000110001000000011100011100011010000101000111000110111101111011110111101111011111111101111010100111001111010110100000000001110001000000000000001100010000000000000001000000011111111111111111111000011100011101011010100111001111011110100000000000010001000000000000001100011001111111111111011111100000000001110001001
-8125567863146204304,20,meet_semilattice,1000000000000010000011111011110111111111101110000101111111101001100000011111110010001000000011111100111111111101111111111011101111011111111110111001110111111110100110001101111111101001100001011111111011111111111111111111100010000001111111001000000000001010000010000000000011101000000000000000001000001000000000000011000010000000000010101000100000000000111111001000100000011111111010111001110111111111
-6252616956441673198,20,meet_semilattice,1001000010111101011111111001111111110111101100011111110101110001000000111101010110111001111111010111101111011111110101111011111111111101111110010001111111010111000100001011110101010001000001111101011100000000001101000100000000000001010000000000000000111100010100000000000001000000101110011111111101110000000000110101010110111101111111011111000000000000010001000001000000111101011100000000001101000101
7715821621204668518,20,meet_semilattice,1110111101011111111001101000010100111110001000000001000111101111111101111111111100101000010100111110011011100101111111100110101001011111111001101111010111111110111011111111111111110010000001010001111011101111011111111110000000000001000000000110100001011111111001101000010101111110001000000101001111100000000000010001011000000000000100011110000000000001000001100000000000010000001011101111011111111111
-3415184538004903888,20,meet_semilattice,1110011111110111110101000011111101111101011000111111011111011111011111110111111111111111111101111111000001111111011111010000001111110111100000000001010101000000000000011111011010000000000001010100000000000001011101000000000000000001010000001111111111111111111100000000000001000000000000010111011010000000000111110111100000000001010101001000000000111111011111011110011111110111111100000011111101111001
-7740674825782696640,20,meet_semilattice,1000101011000000010111001010110000000111111011101110000011111111111011110000111100001000100000000000110011101100000001110000101010000000000011101111111110001111000000001000000000000000100011000000000011001010111000001111111011101111000011111110111011111000111111101111111111001111111111111111111111111110111111111101111111001010110000001111000010101100000001011000101011000000011100001010110000000001
-4837272286555643690,20,meet_semilattice,1111111111111101111001110111111111011110001101111111110111100001010001101100100001111111111111011110000001000110110010000001011111111100110000010101011011001000000101011111110011000000000001101000000000000000001000000000000101010111110010000000000000101000000000000000001011001000111111111111111111100001010101111101100000000000001010001000000101010111110011000001010101111101111011111111111111111111
2885772383571226754,20,meet_semilattice,1010100111111001101111111101111111011111001010011110100110111011110111111001111100001001011010011011101011011111100111111111111111111111111100000001011010010011000010011110100110110000000001101001001100000000001010010001001010011111100110110000000000001001000110111101111111011111101111011111111111110000000000000001000000000001011010011011101010011111100111110000000000001001001100000000000000010001
-6656796010004713849,20,meet_semilattice,1111111111110110101101101011111101001011001010011111010010110111101111110110101100001000000000000000011111111111011010110010101111110100101100001001111101001011000010001000000010000000100011100000100100001000101000001000000010001111010010111111111111111110101100001000111001001011000010001111011010111111111111111111111100001000000000001000111111111111111011110000100010100000101100001000101000001001
-2528114567370138704,20,meet_semilattice,1110111111111111111101101111011101111111001011110111011111111111111111111111111100001000000000000000000011100011011101010000101000110111010100001011001101110101011011111111111111110000111101110111111100001000001101110100000010000001001000000000111101111111111100001000000101100000000010000000001000000000100000010111000000001111001101111111000010000001011101000000101100110111011100001000001101110101
1883334880630544454,20,meet_semilattice,1011111110110110000011111111101101100100001111111011001000000001000110100000000000011111101100100000000101011010001000000001001110100000000000000001101000000000000000001010000000001111111111111110110100000000001000000000000100111011000000001111111110111110110000111111101101100000000100011010001000001111111111111111110110111111101101101100101111111011011001001111111111111111111110111111101101101101
278945120733989299,20,meet_semilattice,1100001001000001011001000010010000010000111110110101101111111101001101000001011011011011010110010110111111110101111111110000001000000000000011000011010000010110111110111101111111110000001001000001000011011011011110111111110100110101100101101101001101001001011011111011010111111111110110110101101101100000001000000001000011011011010110111111010000100100000101000100001001000001011011011011010110110111
-1909902974129313336,20,meet_semilattice,1000000110010100000011111111101111111111101010111011111010011011101110111110100110001011100101100000101111111011111011110000001100010100000000000001000100000000000000011001010000001111111111111111111110001011101101101000000000000001000000001000101110111110100100000001000101000000100000111001011000001000101110111111110110001011100101101000100010111011111011011011101110111110111110001011101101101001
456573249294788709,20,meet_semilattice,1001011101100110111111011111011111111111101111110111111011110001011001100110111110011111011111101111000001100110011011110000001001000000000000010111011001101111111111111111111111110000000001000000000000000010011000100011100101110111111011111001011101101110111100000010011001100011000000100100001000001001111101111111111100000010011000101011000000100110011011110000001001000010001100000010010000100001
9064017356989651506,20,meet_semilattice,1101011101000001110101010111010000011101111111111101101111010001000001000001000111011111110110011101000101100100000111010001001001000001100100010111010000011101110101111101100111010000000001000001000011111111111110111111110101110101100111011101011101001001110111111111111111111111110111111101101111010000000000000001000000010000010000011001000100100100000111011101111111011011111100000000010000010001
5740349307116335074,20,meet_semilattice,1111111111010111111101111111110100111111001100111100001101110001001000000001010000111011110100110111001111111101001101110000001000000001000000000011000000010110000100101000000101000001001111000001011000110011111100110111001100111101001101110111111111011111111101111111110101111111000100111100001101110000000000000001000000111011110100111111000000100000000101000000001000000001011000010011110000010111
-5182955906010866394,20,meet_semilattice,1000000100100000100111111101011000001101101000010010000010010001000000100000100110101001011000001001101111010110000011011111111101100000110100000001001000001001111111111110011111111010000101100000100100000000001000001001111111111111011111111111111111101111111111111111011001011111111111110110001111011111111101100001110100000000000000001001101010010110000011011111111101100001111100000000000000000001
1187763205928962835,20,meet_semilattice,1001000000010000000011111001111111111111101110010111100111110001000000000000000010011001011110011110101111011111101111111011111111111111111110010001011110001110100110011111100111111001000001011000000010010000011110001000000100000001000000000001000000011000000010111001111111111111101110011111101111111001000101111001111010010000010110001000100100000101100011001001000001111000111010011001011110011111
1988576833984551709,20,meet_semilattice,1101111110011111111101000000000000000000111111111111111111110101010000000001010001011111000001111111010001000000000000000101011100000111111101000101000000010100010111111001111111111101111111011111111111011111111111111111010111110001111111110101111100001111111101010101000001010111010101010000011111110100010000000001010001010101000001011111010001000000000001000100010100000001011001010100000000010101
-1609645698425972018,20,meet_semilattice,1011001011111001001011110111111111110110001100100110100100100001001001100001001011111111111111110110101101101111101101100000001000000000000010110011111110110110001100101110100100100000001001000000000000000010001000010010001100101111100100100001001001101001001010110111111111110110101100101111101100100000001000000001000011110111111111111110101100101111101101100000001000000001001011111111111111111111
8563411120887293795,20,meet_semilattice,1111111101110001101001001110000000001010011111110001000110100101111000010000101000001110000000001010000001000000000010100000011000000000101001011111000100001010111111111111000110100111111101110001101001111111001100011010010011100001000010101111111111111101101011111111111101011010111111111111111111110101111100010001101000000000000000001000111111111111010111100000000000000000101011111111111111011111
-4434351919514834527,20,meet_semilattice,1110011100111111111101100000000001000000001000000000010000001111011101111111111111101111111111111111011001000010111001010110011100101111010101100001000011000100111001111111111111111110011101111111111101100000001011100101011001110011111111110110000000001100010000000000000001000000011000000000111001010110010100101111010101100111001011111101011000000000010001000110011100101111111101100000000011000101
4595472309701104597,20,meet_semilattice,1110010000001100010001100100000000000000001001000000000000001111011100101111111111111111101011111111000001000000000000000110011100101101010001100101000011000100111101111010111111111111111111111111111101100101001011010100111111111011111111110110010000001100010001100100000001000000111001110010111111010110010100001101010001100111001011011100011001000000010001001110011100101111111111100111001011011101
35312353143132685,20,meet_semilattice,1111111001111010011101001010001000100010011010100010001000100111101000110010011000001010001000100010011111100111101001110000001000100000001011111111011111110111111111111111111101110111101001111010011100000000001000000010011010100011001000100000101000101010001011111110011111110111000000100010001000101111111001111011011111111110011110101111000010100010001001100000000000000000001001111010001110100111
-8117067913427421382,20,meet_semilattice,1010001000010101001011110111111111111111001000100001010100001011001100010101111111111111111111111111101101110001110111110000001000000000000010100011000101010011101100111001110111111011001111111111111110110011101111111111000000100001000100001011001100011101111100000010000101010000101100111001111111110000001000000001000010100011000101011111101000110001010101110010001000010101001010100010000101010011
109091209983020880,20,meet_semilattice,1011011111111000010111110111111110010101001101100001000001010001001000000000000011111111111111110111000101100001000000010000001000000000000000110111011110000101001101111111100001010011011001110000010100110110001100000101000000100001000000000011011001111000010111110111111111110111111101111111101101111011011111111001010111111111111111111111000100100000000001001111011111111001011100010010000100000001
-7075994013443011344,20,meet_semilattice,1000010010000001010011010111100001011101111111111111111111111001010010000001110111011111101101011101000001000000000000001001011110000101110110000101100000011100000001001000000000001101111111111111111111010111101101011101110101111001010111011101111110111101111110010101100001011101110111111011111111110000010010000001000010000100100000011100000001001000000101001101111110110101111110000100100000011101
-3824202497510249717,20,meet_semilattice,1010000000000000000011100010100000000001001000000000000000001111001010000000000111111111111111001111111101111101110011111010001010000000000111110011100101001111101000001000000000011111001111011100111111110111111111001111111100101001000011111111001010001000111111110010100101001111111101111111111011111111111111111111111111110010100000001111111100101000000001111111001010000000001110100000000000000001
-6482985557537706060,20,meet_semilattice,1001000100010000000111110111101111111111101100010001000001110001000000000000000011111111101111111111100101010001000001111011011100111110111100010001000100000001101101111011111011111111111111111111111110110101001110101111000100000001000000001011010100011000111110110101000111101111101101010001101011111011011110111111111110010101000100001111000100010001000001011001000100010000011100010000000000000001
6212410108515261726,20,meet_semilattice,1110011101111101010001000010000000000000011000100101000100000111011111111111111101101111111111111111011001100111110101000000001000000000000001100111011111010100011001111111110101100100001001010000000001000010011100000000010000100001000000000100001001111000000001100010011111010100011001111111111101100100001001010001000001100111111111111111011000100111100101000110011001111101011001100111111111110111
7344759231800657512,20,meet_semilattice,1111111110111111111101100110000000000000001001100000000000000111011100011001010101111111000110010101000001100000000000000000001000000000000001100111000010000000011111111001110111110111111111011111111101111111101111011111011001110001100101010110011000001000000001111111000111010101011111111001111111110110011100001001010101111111000111011111011001110000100001010111111100011101011101100111000010000001
-280580121755136394,20,meet_semilattice,1000000000000100000011011100000001001011111111111111111111111001000000000100100110011000000001001011100101000000010010111101111000010100101111011111000101001011110111111111111010111101111101010100101111011111001101001011110111000001010010111101111101111110101100000000000001000000110111110101011010111101111111111111101110000000000001001001110111111111111111111001000000000100101110000000000001000001
7077492651812461523,20,meet_semilattice,1111111001100111111101111110011001111111001101100010001000100001011000000010001000111110001001100110000001000000001000000000001000000010000011111111111001111111011111101110011111110011011001100110011000010110001000100010011111101111011111111111111111111111111100110110001001100110000000000000001000000011011001100111111100110110011001101111001101100010001001100000010000000010001000110110001000100111
-1352008704217130333,20,meet_semilattice,1111111111111111111101010100000000000000011111100011010110010001010000000000000001011110001101011001000001000000000000000101011000000101100001111111111111011111011111101011110111110111111001111101111101010110001101011001010101100001010110000111111000111101101101010100000001011000011111111111111111110000010000000001000001010100000000011000011111100011110111110101111000110101101101010100000001011001
7726326254903579209,20,meet_semilattice,1010011010010100100111111111111111101001001001101001010010011011111111111110100110101110100101101001000001001000010010010000001010010100100110101111100111101001000000001000010000001010111111011110100110101111111111101001000000001001010010011010011010011110100100000000000001000000101001101001011010011111111111111111111100000000100001001000111111111111111011111111111111111110101100000000100001001001
3486826912970456005,20,meet_semilattice,1111100101011111111101000000000000010000011110010001110101110101000000000001000001011000000010010100111111110101111111111111101101011111111101011001000111010111111111111101111111110111100101011111111111111011011111111111010110000001110101110100000000001001000001011000000011010110011110010001111101110000000000000001000001111001000111011111010100000000100101000101100000001001011001011000000011010111
-8953638403995404085,20,meet_semilattice,1101100011100111011001011000111001100010111111111110011101100001100011100010000000001000011000100000110111001110011101101101111011100111011011011111111001110110000010001110001000000000000001100010000000000000001000100000111111111111111101101111111111101111011000011000111001100000000000000000001000000101100011100111001011111111111111111111010110001110011101100001100011100110001011111111111111110111
-2705500351360981993,20,meet_semilattice,1011000101000000000011110111110111111111001000000000000000000011000001000000000011111111110111111111101101111101111111011011001111011111110100110001010000000000101100011100000000000010000001000000000011111111111111111111101100011101001100011011000111011011100110110001110111111001101100011100001100011011000111000001000010110001110000011000101100011101111111011011011111011111111110110001110000010001
3328708951452607,20,meet_semilattice,1000010100000001000011000111100010011001111111111110100110111101111111101001101111001111111010011011000001000000000100001000011110001001100100000101000000010000100001011000100100011100011111001001101111000111111010011011111111111111111111110000010100001001000011111111111011011111111111111110101111110000000000000001000010000101100010011001111111111110100111111100011110001001101100000101000010010001
-2655096885105372780,20,meet_semilattice,1100011111101111111101000100111011011111111001111111111111111111111111111111111101001111111011111111000001001110110111010100011111101101111101000101111011011111000000001010000010000000000011101101100100000000001000001000110001111111111111110000000010101001100000000000101011011001010001111110111111110000000010100001100000000000000000001000000000001010110111010000010011101101111100000000101000011001
-375302589895744689,20,meet_semilattice,1110000110101111101101000001101011111011001000010000011010111111100110111111101111101001101111111011111111011111111111111111101111111111111100000001000000101010000000011010111110111111100111111111101100000001001001111011111000011011111110110000000100001111101100000001000001101011000000000000001000000000000100000111101100000000000000101010111110011111111111110000000000000010001000000001000000101011
7826561486577817660,20,meet_semilattice,1111111111111111111101101010000011010111001000000000000001000111111011101111011100101000000010000101001011000000100101110010001000001000010101111111111111111111011011101000110101110110111011101111011101101110101011010111011111101111111111110010000000001000010100101010000011010111011011101000111101110010100000001001010101111110111011111111000000000000000001000010100000001001011100100000000000000101
-6362046857561286763,20,meet_semilattice,1000000110100000000011100101111111111010101000011110001100101111111111111111111111101111111111111111101001011111111110101110011111111111101100000001000000000000000000011010000000001000000111100000000000000001001000000000101000011111101100101000000111101010001010100001111111111010100000011110001000001000000111100011001010100001111110111010111001011111111111111000000111100010001011100101111111111011
3862777166933280529,20,meet_semilattice,1100111010100111111001000000000000111100111111101110111111100101111010100111111001001110100001111110010001001000011111000100011010000111111011111111111111111111010000001000001111001101111011100111111001001110101001111110111111101111111111101101111011101111111001000000100001111100000000000000001111000000000000000001110000000000000000001000000000000000000011000100010010000111111011111110111111111111
-493450268908003565,20,meet_semilattice,1011111101111011010111111111011110110101001111110110101101000001111000001000010000001110000010000100000001000000100001000000011000001000010000000101000010000100111111111111101101010001111101101011010000011111001010000100001111110111101101010000000000001000010011111111111111110101000011100000101001000001111100101011010011111111111110111111000000000000000001001111111101111011011100011111011010110101
-3914848230195233670,20,meet_semilattice,1100000001000101010101000000010001010101111111111111111111111101000101110101110111011001011101011101110111111111111111011101101101110101110111000001010101011101110110011111010111010000000001000100010111000001011101011101110000000101010111011101100111111101110100000000000001000000110110111111111111010000000001000101010100000000000001001101000000000000010001011101111111111111111100000000000001000001
-5077552333071238528,20,meet_semilattice,1010100100111001110111111111111111111111001000010011000000001011110111111011110100101001001100000000101011011111100111011011111111111011110100000001000000000000101010011111100111011010100101111001110100000001001100000000000000010001000000000010100100111000100110111111111111111111101011011111101111010010100100111001110100000001001100001000001010010011100011011010110111111001111100101001001100000001
-5917459659463981919,20,meet_semilattice,1111111111111111111101101011001111011111001000100000000110100111111101111111111100101011000011011111011011110111111111110000001000000000000000000011000000010010011111111111111111110110101101111111111100101011001011011111001010110011110111110010001100001101111000000010000001011010011010110011111111110000001000000001000000000010000000011010001000110000010111100000001000000001001000100011000011011111
-694233733088370435,20,meet_semilattice,1001000100111100001011111111101111101111101101111011111001100001000000000000000010011111101111100110100101110011110001100001001100111100001000010001000000000010100101111011110001101111111111111110111100010001001111000010000100010001110000100001000100001100001000010001000001000010100101111011111001101111111111111111111110010111101111101110100100010011110001100001000000000000001010110111101111101111
6755747989791787462,20,meet_semilattice,1011010011100111101011111100111111111110001000000000001010000011000000100010100010111100111001111010001101000010011010001111111011111111111011111111111111111111001101001110011110000011010001100110100000000000001000001000101111001111011110101011110011111111111000110000001001101000000000000000001010000011010001100111100000000000000000001000101111001111011111100011010001100111101011111100111111111111
-5206269556678183218,20,meet_semilattice,1101111111111111111101010001011111011111111111111111111111110001000101111001111100001001011110111111010111010111111111110101111101111111111100000001011100011110010111111111111111110000000001110000000000000000001000000000000000000011000000000000000101111001111000000001011111011110000000010111101111110000000001110001101000000000011100001000000000000111000111100000000001110000101000000001011110011111
1573214697467123317,20,meet_semilattice,1101001101000000001001010000000000000000111111110100100110110001000000000000000011011111010010001011110101110100000000100101001101000000001001010001010000000000110111111100100110110101000001000000000011011111111111111011110111111101101110111101001101001000001011011111010011011011110111111100101110111101111101001001101111010111010010001011110111110100110111110101000101000000001011010111010010000011
-3533107483526035339,20,meet_semilattice,1111011111110111110101110111111001011101001001000000000010000011011110100100100101111111111111111111000001000000000000000010011110100100100100100101001001001001001001011010010010010011011111100100100100100100001000001000011101111111011111010111011111111111111100100100001001001000011101111110011111010011011110100101100100000100000000001000001101111110010111010111011111110111111100100100001001001001
-8558144410036531367,20,meet_semilattice,1000000001101110110111111010111111111111101110101111111111111001000001101111111110011000011011111111111111111111111111111001101011111111111110011011111111111111100110001111111111110000000001001110010100000000001011101101100110000111111111110000000000001000000000000000000011000001000000000000111001011000000001101111110100000000000011101101000000000000110001011000000001101111111100000000000010000001
-3299441598747793452,20,meet_semilattice,1100111011000010000001000100000000000000111111101101011010101101111011000010000001001110110000100000000001000000000000000100011011000010000011111111110101101011010001001000000000000100010011000010000011111111111101101011110111101101001000101111111111111111101111011110110101100010010001000000001000001111111111110111101111011110110101101010111111111111111111111101111011000010001011111110110101101011
3706786643364799688,20,meet_semilattice,1111110101001011100001100000000010000000001000000000100000000111000000001010000001111000000010100000011111010000101110001111111101001011100001111001000010101000111111111111111111110111110101001011100011111111011111111111111111110101101110010000000000001000000011111111010111111111011000000000101000000111100000001011100001111000000010101000111111110101101111111111111101011011101111111111010010111001
420425258702688233,20,meet_semilattice,1111111101111111111101100110001100100000001001100011000000000111011001110011100001111110011100111000000001000010000000000000011000100000000001111111011101111110111111111111111111110110011001110011100000000000001000000000000001100011000000000111111101111111111101111110011101111110000001100010001000000110011000110011000001100110001100111000011111100111001111100111111001110011101001111111011101111111
-6753362737745203751,20,meet_semilattice,1000000001001010000011100000110011111000101000001100101110001111011011101111100011111111111011111111111001101110111110001110001011101111100011110111111011111001100000001100101000000000000001001000000011100000111011111000111101111111111111110000000000001000000010100000110011111000000000000100101000001000000011001011000010000000110010111000111101111110111111011111011111101111111111110110111011111001
8633202288161542356,20,meet_semilattice,1110001111101101110101000000000000000000011000101010100000001111111111111101111111101111111111011111111001111110110111110100001010101000000001100011101011000100010000001010100000000110001111101101110101000000001000000000111001111111110111110100000000101000000001100010101011000100111001111111111111110110001110101101010101100011101011011101010000101010100001001110001111101101111101100011101011000101
1910108294769418498,20,meet_semilattice,1111100100011110011101101000000100100100001000000001001001000111100000010010011000001000000100100100111111111111111101111111101101111110011101111001000111100111111110111111111001111111100101111110011111111001001111100111000000000001001000000111100000011010011101111000000111100111000000000000001000001111101111111111011111111011111111111111000000000001001001000000000000010010011001111000000100100111
1718203829704251897,20,meet_semilattice,1000001000001011100011101110000010111100101011100000101111001111111010101011110110001010000010111100100011100000101111000000001000001001000011111111101010111111111011101010101111011111111111111111111111101110001010111100111111111011111111110000000000001001000011111111101011111111000000100000101100000000000000000001000000000010000010011000100000100000101111001111111010101011111111101110001010111101
91282206285948812,20,meet_semilattice,1100111111111111101101001110100010010000011011111111101110110101111111111011101000001000000000000000000011101000100100000000101000001000000001001111100010010000000010001000100000000100111011011011101001001111111110111010010011101001101100000000100000001000000001001111111111111011010011101000101100000000101000001001000001001110100110111010010011111111111111110100111010011011001001001111111110111011
7623624954852583336,20,meet_semilattice,1010111111000101101111111111111101011111001010001000000000001011111111110101111100001000000000000000001011101000010010000010101010000000000000101111110001011011000010001000000000000010111011000101100010101111111101011111101011111101010110111111111111111111111100101000100001000000101011111101011111110010111010000101100000101010100001001000101011111101010111110010111011000101101000101110110001011011
4473610029516665975,20,meet_semilattice,1110111101011111111101100100000100100000001000000000000000001111111111111111111101101100000100100000001001000000000000000110111100011011010101101101000110110101111011111111111111110110111101011011110111101111011111111111001001000001000000000110110000011010010001101111000111111101001001000001001000000010000000000001000001101111000110111101011011000001001001000110111101011111111101101100000110110101
6663084059613071732,20,meet_semilattice,1101111000001111011001011000000001100010111111110111111111110001000000000110001000011000000001100010010111000000011000100101111000000110001011011111011111111110010111101000111100101101111001111111011011011110001111110110110111100001111101100101111000001111001000000000000001000000000000000000011000100101111000000111001011011110011111111110010111100000111101100000000000000100001011011110011111111111
1316877569145388191,20,meet_semilattice,1001101100110101110111011011011111111111111111111111111111110001101000000000000000001000000000000000110111110111111111110000101000000000000000011011001101011001110111111111111111110001101101110101100100011010001101001000000110100001010010001001101101111101110100011010000001001000100110110111111111010001101000110101100100011010000000001000000110100000010011001001101101111111111100011010001101001001
4970946711940155733,20,meet_semilattice,1000000000110010010111110111111100110101101100111111001101011001000101110010010111111111111100111101101101111111001101011001001101110011010110000001001100100101100100111111001101011000000101110010010100000000001000000101000000000011000001011111111111111011110111111111111111111101000000000011001001011001000101110011010111110111111100111101000000000000000001001111111111110011111100000000000000000101
82287598174231446,20,meet_semilattice,1001001101000101110011011111010101111110111111111111111111100001001000000001110010011011010101011100100111110101011111100000001000000000100000010011000001011100110111111111111111100001001101000101110011011111011101111110100100110101010111001101111101111111111000010010000001011100100110110101011111000000000000000001100000000000000000001000000000100000000011001001101101010111111011111111111111111111
3406984699453995159,20,meet_semilattice,1000000010000000010001010000100000000100111110111111110101110001000010000000010011011011111000000101110111111111110111110101001010000000010011010011110000000101000000001000000001001101001011000000010011010011111000000101110110111111000101111101101111111001011111011011111111010111111110111111111101111101101111100001011111011011111110011111000000000000000001001101001111100000011111010010110000000101
3113604442169410144,20,meet_semilattice,1000000000000000000011000000000000000000111001000001100010001111011111111101111011111111111111111110100001000000000000001110011110111101101011100101000110001000111001011011110110101110011111111101111011100100001111001010110001000001100000001100010000001000000011100100000111001000111001111111111111101110010100111101101011000100000110001000111001111011110111101110010000011100101011110111111111011111
3204275135764613687,20,meet_semilattice,1100001000011110101101000010000100100000111100100101111010111101001000011110101111111011110111111011111101111111111111110000001000010010000011110011010111101011111100111101111110111100001001011110101111110011011111111011000000000001001000000100001000011010101001000010000111101010000000000000001000001111001101011111101101000010000100101000111100111101111111110100001000010010101001000010000111101011
936299839291498856,20,meet_semilattice,1000000101000000000011011011110111011111111110111111110111111001000101000000000010011001010010000010111111111111110111111001101111011000111100000001010000000000100110011101100011110000000001000000000011011011111111011111100110010101100011101001000101001000000010011011110111001111111111111111111111111001101111011101111110010001010010001110100100010100100001101001000101001000001010011001010110001111
-5102918888687329282,20,meet_semilattice,1111100011111111011101100000111010100111001000001100100001110111100011101011011101101000111010110111111111111111111111111111101111111111011111111001111111110111000000001000000001000000000011001000011100100000111010000111011110001111111101110000000010001000011101111000111011110111000000001000101001110110000011101011011111111011111111111111000000000000000001000000000010000000011100000000000000000101
5768527175621936454,20,meet_semilattice,1111111111111111001101111011111010010001001110110010000100010001101000000000000000001000000000000000011111111111100100110000101000000000000000011011000000000000001110111110000100010011101101100001000100011011001000010001011110111111100100110011101111101001000101111111111111110011011110111110101100110001101100000001000001111111111111111111011111111111111101110111101111101001001100011011000000000001
-2430968768582516397,20,meet_semilattice,1001001100100010001111111111111111111111101100110010001100110001001100100010001110111011011100110011101111111111011111110000001000000000000000000011001000000010101110111111011111111001001101100011001100000010001000000000100100110111001100111011111111111111111110111011011101110011000000100010001000001001001100100011001110111011011101111111101110110111011101110000001000000000001000000011001000000011
-8352255837157359,20,meet_semilattice,1101000000000000000101010000000000000000111100001000000010110001000000000000000011111010100000001011111111101011100010111101001010000000101111111111111111111111110100001000000000011111111011111100111111010010101000001011111110101011100010111111101010101000101111111110101111001011111111101111111111111111111011111101111111010000100000001011111111101011100011111101000010000000001101010000000000000001
-2679778017191132134,20,meet_semilattice,1101101011011101010101000010010000010001111111101101110101010101101001001001000100001010010000010000110111101101110101010000001000000000000011011011110111010101010110101100110101010000001001000001000011111111111111111111010110100101110100010100101001001001000101011010010011010001111111101101111111010000001000000001000011111110110111011101010110100100110101011111111011011111111100000010010000010001
-586538489390012310,20,meet_semilattice,1111101110111010011101000000000000000000011100100001001001000101001000000010010001111011101110100111111111111111111111110100001000000010000001110011100110100110011100101001101001001111101111111111111101110010101110100110010100100001001001000101001000011010010001111011101111100111010000000000001000000111101110111111011111111011101110101111010000100000001001000111001010011010011001110011101110100111
6775739948685733043,20,meet_semilattice,1000000000000000000111011010101111111101111110101011111111011001001010100001000110011010101011111001111111101011111111110000001000000000000111011011101111111101100000101000000000011111111011111111111110000010101000010001100110101011111110011001001010101001000110010010101011110001100100101010101100011000001010000001000110010010101010111001100110101011111111011111101010111111111100000000000000000001
-5324591260223982754,20,meet_semilattice,1011110111111110110111111111111111101101001111011111011011010001000000100000000000011000111100000101000111001111011011011011111111111110110100011101111101101101000100001111000001010001000001110000000000000000001000000000000100000011000000000011110111111110110100011000111101101101000110001111001011011011111111111111110100011000111100001101000100000010000001011111111111111110111100010000001000000001
-303451418641465440,20,meet_semilattice,1011001011110001010111111110111110010111001000000000000000000011001011110001010110111110111110010111101101101111000101010010001000100000000011111111111110010111001000101111000101010010001001110001000100100000001000000000001000100011000100011011011011111001010111111111111111011111111111111111101111110010000000100001000011111111111110011111001000100111000101011011011011111001011100100010001000010001
-7167793475726543099,20,meet_semilattice,1000000101000000000011111111111111101110101111110110010000000001001100000000000000011011000000000000100111110110010000000000001100000000000000000001000000000000101111111110110010000000000101000000000010011011011000000000101111111111111011001011111101101100000010011011011001000000101111111110111010001111111111111111111110111111011011001000101111111110110011001011111111101100111011111111111111101111
-5662218109542379787,20,meet_semilattice,1111111111101101111001011101010011011110011111111110110111100001000100000000000000011101010010000100000101010100000001000101111111101101111000000001000000000000010111011110110111100001000101000000000001011101011011011110111111111111111111100001010101001000010000011101010011001110111111111110111111100001110101001101111000011101010010001100000100010100000001000001110101001000111011111111111011111111
-762088100274681000,20,meet_semilattice,1000000000000001101011110000101110011011101000001010000110111011000010101001101111111000101110011011111111101111100111111111101011111001111111110001101110011011100000001010000110111111100011111001101110000000001000011011101100001011100110111010000010101001101111111111111111011111111111111111111111110000000000000001101000000000000000001010111110001111100111110000000000000000001000000000000000001011
5472705963502411617,20,meet_semilattice,1000000000000000001011001000111000100111111111111111111101111101100011100011011110001000111000000111110111011111011101111101111111111111011111011001111101110111100000001110000001111000000001000000011010000000011000000111100010001111001101111101110111111111011111011000111001110111100010001110001001111000100011100011011111011111111111111111100000000000000001100000000000000000001010000000010000000111
8281981787605526863,20,meet_semilattice,1000001000000001110011110111011111011111101101100100110111111001001000000001110011111111011111011111100101100100010111000000001000000000100010110111010011011111111101111111110111111001001001000001110010110111011111011111101101100101110111111001011001001101110010010010010001011100111111110111111111110000001000000001100000000000000000001000000000100000000111001001011001001101111010010110010011011111
2670010885410042072,20,meet_semilattice,1000000000000100000011111010101001001111101010101010010010001011101010100100110010001000101001001000111111101110010111111000101010100100100011111111111111011111100000001010010010001111101011100101111110000000001001000000111110101111010111111111111011101101111100000000000001000000111111111111111111111111101010100101111110000000001001001000101010101010010011001011101010100100111010111010101001001111
4101089210902975710,20,meet_semilattice,1000000100001000100011000001011010001001111011111111101111111111111111111011111111001111111110101011110001111111101010111100001101111010101100000001000010001000110000011111101010111000000101101000100000000001001010001000110000010111101010010000000000001000000011111111111111111111100000010110101010011100111111111011101100000000000010001000110011111111101111111100000101111010101110000001011010001001
-6201232044107033242,20,meet_semilattice,1010001011101010000111100010111010100101001000101110101000011111001011101110011111111011111111100111111111111111111011110000001011001010000111110011111111100111000000001100101000010000000001000000000000000000011000000001111100101111111001110000000001001000000011100010111011100101000000000100101000011111101111111111011111111011111111101111001000101110101001011110001011101010011100000000010000000001
697013407861740252,20,meet_semilattice,1110111011110110111101101000010100101111001010000001000010011111111011110110111100001000000000001000011011101101001011110110101011010010111111111111111101111111011010001101001011110000100001010010100101101110111100101111000010000001000010011111111011111111111101101110111101101111000010000001001010011111111011110111111100000000000000001000000010000101001011010010100001010010111100001000000000001001
2188571981871473828,20,meet_semilattice,1101101110100001000101010010100000000000111111111110100111110001000010000000000001011010100000000000110111111110100111110000001010000000000000000011100000000000000000001000000000000101101111100001000101011011101000000000110111111111101111110101101111101001000111111111111111111111110111111110101111110101101110100001000111011011111010011111010110111110100101011101101111100001001101011011101000000001
6815325275231234877,20,meet_semilattice,1111111111111111111101110001100011011111001100010000100001100001000100001000010001111001100011011111011111011010111111110111111111111111111100000001000000000000001100011000110111110111100111111101111101111001101011011111011110011011110111110000000100001000000000110001000011011111011110011000111111110011000100001001111100110001000010001110000000010000100001000001000100001000011000110001000010000111
-8513729627204938349,20,meet_semilattice,1111111110111101101101010001100101001010011100011001010010110001000110010100101001111001101101001011011111011011110110110111101110110101101100000001000000000000000000011001010010101111111111111101101100000001001101001010000000010001000010000111100110111101101100000001000101001000111111111111111111110111100110110101101100000001000000001000111111111111110111110000000100010100101001010001100101001011
2596847838975310111,20,meet_semilattice,1011111111111011111101111111111110111111001100000000001001100001000000000010011000111011111110100111001111111111101001110011001111111010011100110001111110100111001100001011101001110011000001111010011100110000001110100111001100000001101001110011000000001010011101111111111111111111000000000000001000100011111111111011011100111111111110111111000000000000001001100000000000000000001000010000000000100111
6858502922727697601,20,meet_semilattice,1000001000000000001011111111011110011011101000100000000000111011111101001001101110101010000000000011101011100100100110110000001000000000001010101011010010011011111111111111100110111010101001001001101110111111011110011011101111110101100110111010101000001001101111111111111111111111111111111111101111111010101000000001001110000010000000001010111111111111100111110000000000000000001010000010000000000011
7553896946922643163,20,meet_semilattice,1110110010110111101001000000100001001010011001001000010110101111110010110111101001101100101101111010010001001000010110101111111110111111111011111101101111111110000000001000010000101111111111111111111101100100101101111010011001001001011110101111110010111111101000000000000001000000011001001000011110100100000010000101101000000000000001001010111111001011111111100000000000000100001011111101101111111111
1551590848377147811,20,meet_semilattice,1011011010100010000011111111111110111111001001101000000000000011011010000000000010111111111110110111000001000000000000000000011000000000000010110111111110100111000001101000000000001011011011111010011000110110101000000000101101101011001000101011011010101010000010111111111111111111001101101010001000001011011111111011011110111111111110111111101101101011101001101011011010100010001010110110111110100111
-8450054909261593081,20,meet_semilattice,1001111010110111101111111111101111111111101111101011011110110001010010000001100100011110101101111011000001001000000100010001011010100111100110111111101101111111000000001000000000011111111111111111111100010100101001111001000101001011011110011011111010111111111100010100100001111001000101001000001110010000000010000001000100000100100000011001101111101011011111110001011010110111101100000000000000000001
-7846047741388478045,20,meet_semilattice,1100100000001100001101001000000010000000111111110000110101111101101000001100001100001000000000000000110111110000110100111100101000001100001111011011000011000011111111111010110101111101101101001101001111111111001011010111111111111111111111110000100000001000000001001000000011000000111111111110111111111101101100001101001111111111111011011111110110110000110101110100100000001100001101001000000011000001
-7869375537263817949,20,meet_semilattice,1000000000000000000011000100000001000000111011011001010001111111111111111111011111001100000001000100100001000000000000001110111111111110011111001101100001000101110011001000010001001110110111010110011111101101101111100111110011011001010001011110110110011110011110000100000001000000111011011001011001111110110110111111011111101111111111101111110001000000010001001100110110010100011111001100100001000101
-2164325757734910974,20,meet_semilattice,1101111111101111010101000010001010000001111111111110111101010101011011101111010101011110111011110101010001101110100101010000001000001000000101011111111011110101010000101010100000010100001001101000000100000010001010000001111111111111111101110000000000001000000101000110111011110101010001101110101101010100001011101001010111111111111111111111010000101110100001011111111111101111011100000000000000000001
6817200621553633820,20,meet_semilattice,1000000000000000100011000001011110011110111011011111110111111111110111111101111111001001111110011111110011011111100111111111111111111111111110000001000000001000110000011111100111101000000101111001101010000001001110001010100000010001100010101000000000001000100011001101111111011111111111011111111111111000000100111001101000000000000000001000100000010001100011101000000100001000101011000001111110011111
-1308311146203855402,20,meet_semilattice,1111111101111111111101000010010000101000011000100100001010000111001001000110100001111111011111111111011101110110111111000000001001000010100001110011010011111100011111111111111111110000000001000000000001110010011011111100011101110111111111000111001001001111100000000010010001101000000000000100001000000111001001000111100000000000010000101000011100100100111111000111011101111111111001110111011111111111
-935634860278889542,20,meet_semilattice,1111110111111111111101111101111111111111001010011000100011010011110110101111111100001000000000000100001011011000100111110111111111111111111100001001000000000100000010011000000011010011110111111111111100101101101011111111001111011011111111110000100110001000110100101001100011001111001011011000111111110010100110001001111100001001000000001100000000000000000001000010100110001000111100001001000000000101
4138424989926203887,20,meet_semilattice,1010101100011000101111111011111111111111001010110001000000111011101110111101111100001000000000000000111111111111111111110000101000000000000000001001000000000011101010111001100010111011101111111101111110101011101110001011000010110001000000110010101100011000001110101011101111001011101010111011111010111010101110111001101100001011000100001011101010111011110111110000100000000000001100001000000000000001
-2138855096862215358,20,meet_semilattice,1000100000001000001111111100101010110111101111001010100101111001110000001001011100001000000010000011100011000000100101111111111011111111111111111111111111111111100111001010100101111111110011101011011110001100001010010111111111001111111101110000000000001000001110111100101011010111100111001010101101111000100000001001001111111100111111111111100010000000100101110000000000000000001100000000000000000001
8319140241228428828,20,meet_semilattice,1100100010100100010101001000001001000001111111111111111111111101111110101101010100001000000000000000110011101010110001011100101010101100010111001111101011000101010010001010010001011101111111111111111100001000001001000001110011111011111111111100100010101100010100001000000001000000110010001010011001011100111110101101010111001111101011111111000010000000010001001100111110101111011100001000000000000001
-2320991433264163866,20,meet_semilattice,1110010111110111111101100000011101001011001000000000000000000111010101110101101111101101111101111111011001010111010110111111111111111111111101100001011101001011011001011111010110110010000001000000000000100000011101001011001000000101000000001110110111111111111100100000010101000000011001011111011110110110000101110101101100100000010100001000011001011111011111110010000001010000101100100000010100001001
-2281912321029678081,20,meet_semilattice,1001111100011101110011111111010111011100001111110001110111000001000100011101100000011101000111011000000101010001110110000001111100011101100000000001000010000000111111111101110111111011111101011101110011111111011111111110000000000001110000000000000000001000000000000000000011000000111111110101111111100000000100011101100000000000000111001000000111110001110111001111111101011101111011111111010111011111
8296744826657178279,20,meet_semilattice,1000000100000100000011001001000001010011111010011000010100111111111111111101111100001001000000010000111011011011010110111110111111111101101100000001000000000000110010011000010100111110110111111101101111001001101101010011110010011001010100111110110110111101101100000001000001000000111011011111111110110000000100000001000011101001100001011011111011111111110111111000100100000101001100001001000001010001
4770482297844605315,20,meet_semilattice,1011000001110101101101100000011101001011001000000101010010010011000001110100101111111001011111111011111111010111111110111111111101111111101111110001011101111011111111111111111111110000000001010100000100100000011101001001000000000001000000010110000001111100101100000000000101000001101100000111011110110010000001110101101100000000010101001001111111110111111111110010000001110100101100000000000000000001
4787013538116600188,20,meet_semilattice,1110011111010001010001000100000000000100011001111101000101001111011111011001110011111111111111111100000001000000000000000100011101010001010001000101010100010100010001111101000101000100010001010001010011100111111110011100010001000001000001000100011111011001010011110111111111111100111001111111101111000100010000010001010011100111110110011100000001000000000001001111111111111111111011111111111111111111
-402275715385082808,20,meet_semilattice,1000000010000000001011111111110101111111101111111101011111101001101111010111111010001011110000111110100111111101011111101000001111000010011010000001100000100110000000001000000000101000000111000010011010111111111111111110100010111101011111101011111111011111111010001011110001111110100000001000001000101000001111000011111010000011110000101110100000001000001001100000000000000000001010001011110001111111
-2984056426680880802,20,meet_semilattice,1000000000000000000011100101100000000010101001011000000000101111011110100010001011111111111111110011100001011000000000101110011110100010001010000001000000000000100000001000000000001111011111100110001111100101101000000010111101111111111100111111011111101111001111110111101001100011111001011010001000101111011111100111001111111111111111111011111111111111111111111000000110000000001011110111101000100011
-3634969093129792548,20,meet_semilattice,1000000000000000000011000010000000000000111110111101011111011101101111010111110111001010000100100101111111111101011111111000001000000000000011001011110100110101110010101001001001011100101011010011010111111011111101111111110000100001001001011111101111111111111111001010110101110101110000100000001001011100001000010011010111001011110100111101110000100000000001001111101111010111111110000010000000000001
1429113768780905552,20,meet_semilattice,1111111100111101111101111111001111011111001011010010010101010011110100100101110100001101001001010101000001000000000000000011111100111101110100000101000000010100111111111011111111111111111101111101111100000101001000010100001111010011010111010011110100111101110100000101001001010100111111110011111111110000010000000001000000101101001001011101000001000000000001000011111100111101111100000101001001010101
8381780341553001651,20,meet_semilattice,1000000000000000000011000000100000000000111011111111110111111111111111111101111111001000100001000000110011001000110010001100111110101101100010000001000000000000100000001000000000001100111111111101110111001101101011011000110011011011110110001100000010001000000010000000100001000000111011111111111111111100110110001101100011001000100011001000110011111011110111011100111111111101111111001111101111011001
3673626080429084785,20,meet_semilattice,1000110000011010111011001110000110101111111011110011101011111101111000111010111100001100000110100110000001000001101001101000111000011010111111001111001110101111111111111011111011111111111111111111111111001110001110101111000000000001101001000000000000001000010011111111001111101111000000000000101001001111111110111111111100001100000110101110000000000000000001000000000000011010011010001100000110101111
4861211808011055859,20,meet_semilattice,1111111111111110011101101101100010000000001000010000000000000111110110001000011000101001000000000000001011011000000000000111111110001000011000000001000000000000001010011000000000000111111111011110011101111111111111100111011111011001100001100010110110001000000001111111100111000110011111111001111001111111111111111111111101111111111111101111011011011000100001000110110110001000011001111111100111000111
7792913489941062115,20,meet_semilattice,1010000011010110101101100000110100101011001000001101001010111111110111111110111111101000110101101011111011001111111010111111111111111111111111101001111111101011000000001000000010010000000011010010100111101000111101101011000000001001000010011110100011111110101100100000110101101011000000001001001010011110110011111111111100000000000000001000111011001111111011110000000011010010101100000000000000001001
180032598955886944,20,meet_semilattice,1000000000000000101111110011001011001011101100110010110010111001000000101000101111111011001011001011101101110010110010111001001000101000101110010011001011001011111111111111111011111111111101111110111110000000001010001011101101110011110010111000000000001000101110010010001011001011101101110011111010111011011100111101101100000000000000001010111111110011111011110000000000000000001000000000000000001011
-4707530726153972454,20,meet_semilattice,1001110111001000111111111111111111111111101111111111110111110001000100000000111100011101100010001111000101011000100011111001111111111001111100000001000000001110000100011000000011110001000111001000111110011101111010001111100111011111100111110001000110001000111110011101111011001111101111111111111111111001110111101001111100000000000000001110000000000000000001100000000000000000001000000001000000001111
8045319377220373814,20,meet_semilattice,1111110110101110111101100101000011100101001001010000110001010111110110001110011100101101000011100101000001000000010001010111111110001111111100000101000001000101001011011000111001110111110111011110111101111101101011101111011111011001111001110000010100001100010100000000000001000001001001010000111001010111110110001111111101111101100011101111000000000000010001010010010100001110011100000000000000000001
3749009713615356569,20,meet_semilattice,1001101011110011111101011010111100111111001111101111001111110001000001110010101100011010011100111011000111101111001111110000001001110010101111111111111110111111000110101111001111110000000001000000000000000000011100101010000000000101000010001111111011111011111111111111111111111111000000000100001010000001001001110011101100000000010000001000000110100111001111110000000001000010101000000000011100101011
-7601445137556242266,20,meet_semilattice,1001011101101111111011110111111011111110101101110110111111100001011000001010111011111111111111111110000001000000000000000000011000000000010000010111000010101110101101111110111111100001011101001110111000010111011011111110111101111111111111100000011000001000010000010111000011101110000001000000001001000001011101001111111000000110000010101110000001000000000001000000011000001000011011111111111111111111
8337224139405891163,20,meet_semilattice,1000101000100001000011001010011101110001111010100111011100111111101101110111001100001010000000000000111111110111011100110000001000000000000011101011011101110011111111111111111101111000101001100111000100001010001000010000100010100011001100011111101101111111001110001010001001110001100010100010001100000000101000000001000011111111011101111011111110110111111101111100101001110111001110001010001000110001
2751073919902909152,20,meet_semilattice,1011010001111011110111111101111111111111001001000001000110000011010001111011100110111101111111111111000001000001000010001011111111111111111110110101111111111111101101001111111111110010010001010011100000100100011100111000000000000001000010000010010001111011100010110100011111111101001001000001001110000000000000010001100000000000000000001000001101000111101111010011010001111011101100100100011110111001
-8901109352304746242,20,meet_semilattice,1111111111111011111101111111101110111111001011000000000010000011110000111001100000001000000000001000000001000000000010000011111000111011111100111111101110111111001111101011101111110111111111111011111100101100001100011000001011000001000110000010110000111001100011111111111111111111001111000011101110100010110000000001100000000000000000001000001111000011101111110011110000111001101000111100001110111011
-1356388222510279806,20,meet_semilattice,1000000000000000000011111111111100111111101000000000000100001011111110100011111110101010100000110010101011101000001101111010001000000011001010101111101000111111101000101000001100101010111011100011111110101110101000111111101111111011001111111111111111111011111111111111111111111111101000000000001100001000000000000001000010101110100000111111101010101000001101111010000000000011001010101010100000110011
1317158388227620834,20,meet_semilattice,1111111111001111111101001001100000111000011110111100111111010101100111001011100100001001000000111000011111111100111111110101101111001011100100000001000000100000000010011000001110000100100111001011100111111111111011111111111111111111111111110100100110001011100101011011110011111001000000000000001000000000000000000011000000000001000000111000010110111100111111010111101111001111111101001001100000111001
2427582283350112503,20,meet_semilattice,1111111111111111111101111011111110010100001110110111100101000001101101111000010000001000000000000000011111111111100101000000101000000000000000001011011110000000001110111111100101000000101001001000000000001010011010000000000010100111100000000000101000001000000001111111111111010100011111111111111111110001101101111001010001111111111111011101000010100111100001000111111111111101111101111111111111010101
-8938553348862221615,20,meet_semilattice,1000000000110000001111000000001101101111111101111011111111111101000000111110111111011111111111111111110101011011111011111101011110111111111111010001001111101111110100011011111011111101011111111111111100000000001000000010000000000001000000101100000000111110111110000000001101000011100000000011011011111101010110111111111100000000001000001110000000000010000001100000000000000000001000000000001000000011
-7635192145191187191,20,meet_semilattice,1110101000110111010101101010001100100001001000100000000000001111101110110111110100101010000000000000111111111111111111010000001000000000000001101011001101111101111010101011011111011111101111111111110100101010001000000001001010100011001000011111101110111111110101101010001101100101001010100000001000010110101000110111010101101010001101111101011010100011001001011111101110110111111100101010000000000001
8284105726571990860,20,meet_semilattice,1000000001000001000011111110111110111111101011001110101111011011111011101011111110001000111010010101100011001110100111011010111011101011110110101111111011111111000000001110000101000000000001000000000000000000011000000000101111101111101111110000000001101001010010101110111011111111100011001110101111010000000001000001000010001000111010011101000000000110000101001010111011101011111100000000111000010101
3384247862310952807,20,meet_semilattice,1000101000101100100011111110011111111111101011100111110010001011111001111101110000001000000011001000100011100111110010000000101000001100100011111111011111111111111111101111111111111000101001101100100000001000001011001000100010100111110010000000000000001100000000000000000001000000101111100111111111111010111001111101110000000000000011001000100011100111110011001010111001111101111010111110011111011111
-3891472836088035013,20,meet_semilattice,1000000001000000100011010100010111001001111101101101110010011001000001000100100011111110110111001001100101000101110010011101011001011100100111111111110111011111110101101101110010010000000001000000100011111111111111011111100100000101010010001001000001011100100110000000010001001000111111101101111111111111111011011101111100000000000000001000111111101101110011111101011011011100101110010000010101001001
1743270860343480819,20,meet_semilattice,1010000000001010000001100000000010100000001000000000100000001111101101111111111100101000000110100000111111110111111111110110001000011010000001101011000110111111111110111111111111110110101001011011111111101010011111111111001000000001101000000000000000001000000011101010000111111101001000000000101000000110101000011011010001101010000110111100011000100001101001000110101000011011111101101010000110111101
5159235089320932863,20,meet_semilattice,1000010011011001111111111111111111011111101101001101100111111001010011011001111110111111111111011111000001001001000000001011011011011001111110110111111111011111000000001000000000000000010011011001101110110110111111011111000000001001000000000000010010011000100010110110110111011111111111111111111111110000010010011001100000000100100100001000000001001001100111100000010010011001101000000100100110011011
-363466820881444416,20,meet_semilattice,1010100110000100011011101001110011101111001000001000000000001111111111111110111100101001100001000100111011111100111011111110101111001110111100100001100000000000000000001000000000001010100111000100011011101111111111101111111010111101111011110010100110001100010000000000100001000000101010011000011001101111111111111111111100101001100011001100001000011000010001000010100110000100011010101001110011100111
4582961269570457304,20,meet_semilattice,1111110100010111011101101001000101110111001000000000000101000111110100010111011100101001000101110111011011010001011101111111111100111111011100000001000000010100111111111011111111111111111111111111111111111101001111110111001000010001000101101111110100011111011100100001000101010110001000010001011101100000000000000001000011111111001111111111000000000000000101000010000100000001011000100001000101010111
5274246403991625189,20,meet_semilattice,1011111111111111111111111111111111111111001000000000000000000011011011111111100100111111111111111111001001100000000000000010001000000000000000110111111111111001001001101000010000000010011011110100000000100110101101000000001001101001010000000010011011111100000100100000000001000000001001101111011000000010011011111111100100100110111111001001001101101111111111110011011011111111101100100110111101000001
5434084913914739704,20,meet_semilattice,1100000010001010110001000000000000100000011000001000101011001111000011001110110011111111110111101111111101001100111011001111011011001110110011110111110111101111010000001000101011001100000011001010110011111111111111101111111101101101111011000100000000001010110011100000110011101100000000000000001000001111111111111111111101000000000000101100010000000000001001001111011011011110111111110110110111101101
5463615829280808756,20,meet_semilattice,1000000000000000000011000011100000101100111010111100001011011111101111000010110111001011100000101100111111111100101011011000001010000010110010000001000000101100100000001000001011001000000101000010110011111111111010101101111111111111111111111111101111001010110111111111111011101101100000000000001011001111111111101011111110000000000000001000100000000000000011001100101111000010111111001011110000101101
-7293481499015564189,20,meet_semilattice,1000000000000000110111001011110110001111111010111101110011111101111111111111111110001001000000001101110011111101100011111000101100000000110110000001000000001101100010111000000011111000101111011000111111001111111111101111100010111001000011111000101110011000111111001011110111001111110011111101101011111100111111111111111100000000000000001000000000000000000011001000100100000000111100000000000000001101
5143538671893149916,20,meet_semilattice,1100110110110110010001000001101000100000111111111011111111111101111110111111011101001101101100100100010001011011001001001100111110111111010100000001100000100000000000001000001000001111111111111111111100000000101000100000010000011011001001001100110110111111010101001101101101100100000000000000001000000100110110110111010011011111101111111111000000001010001001001100111110111111011101001101101101110101
-3523348409430728126,20,meet_semilattice,1111110011110000111101001000010100000000011010000101000000000111110011110000011100001000010100000000011011000101000000101111111011110101111111111111111111111111011010001101000000100000000001000000000001101100111100000011000000000101000000001111110011111111111101111100111101000111111111001111011111111111110011110101111101101100110100001011011011001111000001110110100001010000001001101100110100000011
7535187038054372012,20,meet_semilattice,1001010000000000000011110111111111101111101101111111111011110001010000000000000011111111111111111111000001000000000000001001011111111010111010010101000000000000100101011011000011001001010111111010110010010101001100001100100101010001000001001001010110111010110010010111111111101111100101010011001011001111011111111111111110010101000100001100100101010000000001001001010110111010111010010111111110101111
-3625708081903038447,20,meet_semilattice,1001011000000010110011110110010101101100101101100000001011000001000000000000000011111110010101101100000101000000001000000001011000000010110011111111010101101110111111111101111011101011011001010110110011111111111111111111101101100001011011001111111101011110111010110110000001101100000100000000001000001111111001010111110000010100000000101100000100000000000001001111111001010110111011111111110111111111
-7504592533262850163,20,meet_semilattice,1000011011111101111111100111111111011111101001101111110111111111011111111101111111101111111111011111000001001110000110010000011011101001100110100111111111011111000000001110000110010000000001100000000100000000001000000001000001001111100110010000010011101001100100000110111111011111111001111111111111110000000001100001000100000000011000011001000001001111100111010000011011111001111100000000000000000001
-1734957982795780751,20,meet_semilattice,1110101111101011011101000000000000000001011010111100101101111111111111101111111101001000010010010001111011111110101101110100101011001001001101001011110010110111010010001100100100110100000001000000000101101011111010110111111111111111111111110100000001001000000111101111111011110111010010101100101101110100000001001001000111101111111011111111010010101100100101110100100001001001001100000000000000000001
7156782893167846225,20,meet_semilattice,1110111111001000011001101111110010000110001010000000000000100011101011000000011000001000000000000000001011101100100001100010101010000000001000101111110010000110000010001000000000100010101011000000011011111111111111111111111111111101100101100010101011001000011011111111110111011111111111111101111111111110111111001001011011111111110110011111001010101000000001100000100000000000001011111111110110010111
6206678189011099645,20,meet_semilattice,1011000110011010100111110001100110101001001000000001001000010011000010011010000100111001100110101001111111111101111110011111101110011110100100110001100110101001000000001001001000011111101111011111100111111111111111111101000000000001001000010010000000011010000111110001100111101001000000000000001000001111000110011011100100110000100110101001111111111101111111011111111111111111111100000000000000100001
-7286843863168080459,20,meet_semilattice,1111000100000001000001010000000000000000011100000000000000000001000000000000000011111101001101110110111101010011011101101111111110111111111101110001000000010000111111011011111111111111111111111111111111110001001001110100111100010011011101001111010100111111011011110001000001010000111100010000011101000111000000000001000011111101001111111111111100010000010101001111000100110111011011110101001111110111
2029296410395841046,20,meet_semilattice,1111110111101111111101100000000000100011001000000000000000000111110011100110111100101000000000000000011011001110011011111111111111101111111101111101111011111111011010001010011011110110100011100110111101101000001001101111111111111111111111110111110011101111111101100000000001100111001000000000001000010110110011100111111101101000000001101111001000000000001001010010000000000010001100100000000000000001
-6908991723846588185,20,meet_semilattice,1000000000000000000011100100100101101001101001001001001010001111010110010111100111111101110101111001100001001001001010001111111111111111110111100101100101111001100000001000001010001111010111010111100111111101111101111101100000001001001010001111110111111111110110100100100101101000100000000000001000001110010010010111100110000000000000101000111111011101011111011111110111111111111110100100100101101001
3706708950118123941,20,meet_semilattice,1000000000000000000011111010101110100000101110101011101000001001101000100000000010001000000000000000111111101011101000001000101000000000000011111111101111111000100110101011000000001111111011111111100010001010001000000000100110100011000000001001101010111010000011111110101111110000100110101011001000001111111010111011000011111110101111111000111111111111111111111111111011111111101111111110101111111001
523935252528375702,20,meet_semilattice,1110111111111111111101101001000001000001001010000000000000000111111111111111111100001000000000000000011011010111010100010110111101110111000100101001000001000001011011111111111111010110100101110101000101101001001101010001011010010001010100010110110101111111000100101000000001000001011011010111011100010110100100000101000101101111011101111101011011110111011101010110111111111111111100101000000000000001
9082154660756422239,20,meet_semilattice,1000000000000000001011000100000000000010111001010001100100101111110110011001011011101101000110010110100001000000000000101111111111111111111111000101000100010010111011011001100101101111110111111001111111111101101110011111100001000001000100101100010100011001001011111101111111111111111111011111101111110000000000000001001011111101100110011111111001010001100101100000000000000000001011101101100110010111
4165300921049096636,20,meet_semilattice,1000000010000011000011111111111111111011101010001000001100001011111110111111101110001000100000110000101011111011111110111010101110111111101110101001100111111011000000001000001000001011111111111111101110101000101111111010101010001001111110101010100010001111101010101000100001111000000000000000001000000000000000000011000010101000100000111000111111111111111111111010100010000111101010101000100111111011
5222925909230918018,20,meet_semilattice,1111111111111111111101001001100101010101011111111101010111010101100110010101110100001000000000000000010111111001010111010101101110010101110100001001100001010100000010001000010101000101111111010101110101111111111101011101000010011001010101010111111111111101110100001000000001000000011111111111111111110000100000000101010001001001100101011101000010000000000001000111111111110101111100001001100001010101
-4365171543491663477,20,meet_semilattice,1110111111111111110101100100000000001000001000000000000000001111111111111111111101101111110101111101001001000000000000000110011001000111100001100111010001111000011001111101011111010110010001000111100001101111111111111101011001110101011111010110011111011111110101100100000001011000011001000000001110000110010000000001100000100000000000001000011001100100011111001110111111111111111101100111010001111001
-6659338878009542512,20,meet_semilattice,1111010001101100101101100000000010000000001000000000000000000111010001101100101011111111111111001011001001000100100000101111011111111100101111110101111111001011111101001110110010110010000001001000001000100100011010000010111101001111110010110010000000001000000001100000000011000010111101111111111011111111111111111101111101100100011011001010111101111111110011110010000000001000001001110100011011001011
6905052692677850110,20,meet_semilattice,1000100101000100101111011101111111001111111111011111111111111001100111111100111100001001010001001011100111011111110011111001111111111100111100000001000000000000100010011100010010110000000101000000000110001001111111001111100010011101110010111000100111001100101100000001000001000001110111011111111011111001110111111101111100000001010001001011100010011100110011110000000100000000001100000001000000000001
-7604645605572312091,20,meet_semilattice,1000100010000100010011111111111111010110101010011011110001101011100110111100011000001000000000000100101011011011110001101011111110111101011010001001101111000110000010001000010001001011111111111101011010001000101111000110100010001001110001101000100010001100011000001000000001000100111111111111111101101010110110111101011011111111111111011110000000000000000001001000100010000100011011111111111111011111
5294542987033030569,20,meet_semilattice,1101110101011111110001010101010111111100111111010101111111000001000000000000000001011101010111111100000101010101111111001111111101111111111000010001000110100100010111011101111111000001000101011111110011111101011111111110000100000001000000000001000000001000000000010000000111100100000100000001101000000001000100011111010000010001000111111100000100000001101001001111110101011111111011111101010111111111
6616201864943981995,20,meet_semilattice,1111101111111111101101110001111111111000001000011011100110000011000111111111100001111001111111111010011111111111111110110111101111111111101000000001000100010000000000011011100100000010000111111111100000000001001100010000000000000001000100000000000100111001000000100001101111111000000000010011101100000000000000000001000000000001101110011000011110111111111111110111000111111111101001111011111111111011
-6661316143164834997,20,meet_semilattice,1000001100000000001111101111111011010111101011111110110101111111111111111111111110001111000000010111100001110000000001110000001100000000001000000001000000000000100011111000000101111000111111101101011110001111101000010111111011111111110111111000111110101101011110001111100001010111111011111111111111111000011100000001011111101111111011011111000000110000000001110000000100000000001000000011000000000011
8819213167419113588,20,meet_semilattice,1001111011111110101111011110111111101011111111101111111010110001010000011110100000011100001111101011000001000000011000000001111011111110101111111111111111101011000111001111111010110000010001011110100000010100001111101000000001000001011000000000010000001110000000000000000001100000000000000000001000001111111111111111101100000100000111101000111111111111111111110001010000111110101000010100001111101011
-6450023250359865809,20,meet_semilattice,1111110010110001111101100100101100000100001001001011000001000111010010110000010101111100101100000111000001000000000000001111111011111101111111111101111111111111000001001001000001001111110011111101111100000100101100000100000001000001000001001111110010111001111111111100101111011111111111001111111111110111110010110001011101100100101100001111000001000000000001000110010010110000011101100100101100000101
-4754684846558904058,20,meet_semilattice,1011100000000101010011111111111111110111001000000000000000000011100000000100000000101000000001000000101111000000110101001011111111111111010110111101010011010100101111011101111101001011110001001101010010111101111111110100101111010101110101001011100000001101010000100000000001000000101111010101111101000011100000000101010011111111111111111111001110000000010001001011111111111111011110111101111111110101
2269336650486306616,20,meet_semilattice,1111111111111111111101100001010010001110001000010100100011000111000101011000111001111001010110001110011111011101110011100111111111011111111000000001000000000000011110011101100011100000000101001000110001111001111110001110011000010101100011100000000100001000000001111001110111001110011111011101111111100111110111011101111000000001000010001100000000010000100001000010000101001000111001111111111111111111
-6299194558886984245,20,meet_semilattice,1011111111110111111111111111111111111111001101010010001010100001000000000010001000111111111100101010000101000010001000100011011111110010101000010101001000101010001101011111001010100011010101100010101000010000001000100010001101010111001010101011111111111111111100111111111101101011000000000000001000100011111111110011101100010100001000101010001111111111011011110000000000000000001000111111111100101011
6738601930235210960,20,meet_semilattice,1111111111111111111101010000001100101000011111111011001111010001000000100010100001011111101100111101010101110011001110010101001100110011100101010001001100111001010101111011001110010111111111110111111100000000001000101000000100000011001010000111111111111111111101011111101101111101000000000000001010000001000000100011100000000000000000001000010101111011001111010101111110110111111101010000001100111001
-3092199070753378280,20,meet_semilattice,1000000000010000100011000011001111001010111111110111110011111101111101111100111111001011001111001010110011110111110010111000001100111100101000000001000000001000110111111111110011111100101101111100101100000000001000001000000000000001000010001000000100111100100000000000001001001000110111111111111011111101111111111101111100000000000000001000110011110111110011110000000000100100101011001011001111001011
5857829949155809086,20,meet_semilattice,1011111011011111111111111111110111111111001000000100000100000011011001010111111100101110010001111111001001000100000100000010011001000011011110111111110111111111001111101101011111110000000001000001000010111110111111111111001001100101011111110011111011011111111100100100010001110101001001000100001101000000000000000001000000100110010001111111001001000100000101000010010001000011011100100100010000110101
5186335451574523742,20,meet_semilattice,1010000000000000000111111110111111111111001000000000000000001011100000110011010100101000000000000001101111001011101101011011111010111111011110111111111111110111101110001011001101011011111011111111011110101000001100110101101010000001001101011011100010111011010110111100101111110101101010000000001101011010100000000001010110111110111111111111001010000000000001011011110010111111011100100000000000000001
285933788390632144,20,meet_semilattice,1011100001001000110011111011111011011110001100000000000000000001000000000000000000111000010000001100111111111110110111101011101011101101111010111011111011011110101110001100100011000011000001000000000010111000111011001100111111111111110111110011100001001000110010111000110011001100101110101110111111101011100011101101111000110000010000001000001100000100000001001011100011101100111011111111111011011111
-6238534267870620503,20,meet_semilattice,1001000001000100101111010001010011001011111111111111111111110001000001000000001111011111111111111111110101111100110010111101001111001100101110010001010011001011110100011100110010110000000001000000001111010111111111101111110101111101110011111001000001001100101100010000010001001011110101111101111011111101011111011111111100000000010000001011110101111100110011110000000000000000001000000000000000000011
-1851961200596086223,20,meet_semilattice,1011111011110111101111111110111101111011001101001011011010100001010010110110101000001100101101101010000001000011011010100011111011110111101111111111111101111111000001001011011010100011010011110110101000000000001100101000000000000001001010001111111011111111101100000000001101101000000000000000001000000011110011110111101100000000000000101000111111101111011111110000000000110110101000111100111101101011
3930259603532199817,20,meet_semilattice,1111111111111111101101011011011110000011011111111111101010110001000000010000000000011000001110000000010111111111101000110001101101111000001100011001011110000001010110111111100000110001100001111000000000010000001110000000000000000001000000000001000000011000000001111111111111111011010110110111101000110111111111111011101101011111111110101011111111111111111111110001100101111000001100011000011110000001
1415962300336423586,20,meet_semilattice,1010110001101011101111101100011010111011001010000010000100101111111101111111111100001000001000010010000011000110000100101110111001101011111111101101011010111111111011111111111111110000100001100001001000000000001000010010111011110111111111110010110001101001001011101110011011111111001011000110101100100000000000000001001000101100011010111010111011000110101111110000000000000000001000101100011010111011
-1488696801674967878,20,meet_semilattice,1111001011100011111101110010111000111111001100001110001111110001000000100000000011111111111111111111111101101110011111110011001011100011111111110111111111111111000000001010000000000001000001100000000000000000001000000000111101101111111111111111011011101111111111110010111001111111000100001110001110110001000001100001000000010000111000011001000100001110001111110001000011100001101100010000111000010001
-4124008949013620401,20,meet_semilattice,1011110011111011111111111100111110111111001011000111101011100011110011111011111100001000011110101100000011000111101011000000111001111011111111111111111110111111000011001111101111110000000001001000010000000000011110101100000000000101101011000000000000001000010010111100111111111111000000000100101001000000110001111011111100000000010010101100000000000000000001000000110001111010111000001100011110101101
-4589026011523139364,20,meet_semilattice,1011111111111001101101111111111111011011001001011110000000000011010111110000100100111111111110011011000001001100000000000011011111110000101100000101111000000000000000001000000000000000000011000000000000000100111000000000001001011111000000010011011111111001101100111111111111011011001111111111111110110011010111110001101100100101111100001001101111111111100111110011010111110000101100100101111000000001
-4358360385224094573,20,meet_semilattice,1000000000001000000111111110110011101101101000001100101001011011011011001110110110111110110011101101101001101100111001011010001011001110010110100111110011100101100000001100101000010000000001001000000011111111111011101101111111111111111011110000000000001000000010100000110011100101100000000100101000011111111111111111111110100110110011101101100000001100101001011111111111101110111100000000000010000001
5048216722063764910,20,meet_semilattice,1000000000000000000011110111011111111111101000000000010001011011011101111111111110101111011011111101101001000000010001011010001100000100010110000001000000000101101001111110111111111010001101000101110110100111011011111101101001110111111111111010011101001111110110000000000001000101101000110100011111011010001100000101110110100011000001001101100000000000000001011010011101101111111110000000000000000001
-6059332094848532072,20,meet_semilattice,1111100000010100010101000000000000000100011000000000010001000111100000000100010001101000000001000100111111101001010001011111101000010100010111111011000101000101011110001001010001011111111011010100010111111111111111111111010000000001010001001111111111011101111101000000000001000100111111111101111111111111111111010101111111111111110101001111000000000000000001001111101100010100011101111000000101000101
8823718786880638191,20,meet_semilattice,1001111110110101111111011111101101011111111111111111111111110001111110110101111100001111101101011111000001111000000110010000001010000000000100000001100000000001000000001000000000011101111111111101111100000111101000011011000001111011000111111101111110111101111100000111101101011111110111111011111111110000000110000001000100000011100000011001000001111010000111110000011110000001101100000000000000000001
-8016856666169929313,20,meet_semilattice,1111101111111111111101111001111111111111001110011110111110010001000100000110000000011001101011100000111111111111111111110111101111111111111100000001000000000000000000011000011000000001100111101111100100000001101011100000000110011011111000000000000110001110000000000001000001100000000000010000001000000001100110101111100000011001101011101000001110011111111111110001100111111111101100011001101011111001
3735155640823054593,20,meet_semilattice,1101011111111011111101010111111110001101111111111111101111110001010100000000000111011111111110111111000001010000000000010001011101110000100100000001000000000001000101111111100011010001010101110000100100010101001000001001000101010011000010010001011101111000100101010111111111111101010101111111101111010101011111111001110100010101000000001001000101110111100011010101011111111011111100000000000000000001
6035000483882043006,20,meet_semilattice,1001000111001100011011010001110011000110111100011100110001110001000111001100011011111101110011010111110101011100110001111111111111101101111100000001000000000000000000011000000000000000000111001100011011111101111011011111111111111111110111110000000110001100001000000001100001000010111111011110111111111111010111001101011111111101110011011111000000011000010001100000000110000000001011010001110011000111
-3100692272623981053,20,meet_semilattice,1000010110000000011111000101100000000111111111011101100001111101110110011000011111001101100110000111000001000000000000101111111111011110111100000101000000000010000001011000000001101101110111011000011111111101111111101111110001011001000001111100010110011000011111111101110111100111111111011101101001111111110111111111111111111101110111101111000001010000000001100000000000000000001000000101000000000111
-5677881073202909040,20,meet_semilattice,1110101010111010001101001000001110100011011010101011101000111111101011111111101100001000001110100011111111101111111111110000101000111010001111111011111111111111010010001011101000111110101011111110001100000000001110100010000000000001101000100000000000001010001001101010101111100011000000000000001000101110101011111111001111101010111111111011111110101111111111110000000000000000001000000000000110100011
7618546143886495783,20,meet_semilattice,1010111100000100110111111111111011101101001011000000000000001011111100000100110100001100000000000000000001000000000000000010111000000000010000101111000001001101101111111110010011011011111101000100110110111111011001001101101111111111010011011011111101101100110100101110000001000100101111111110111011011111111111111111110100101110000001001100001011000000000001001111111111111111111100101110000001000101
-2619844997830030502,20,meet_semilattice,1000111010101110001101011110101011100011111111101110111100110001111000101010001100001000000000000011000011000000000000110000111000000010001111111111111111111011000011101010101000111000111011101110001100001110001010100011111111101111111110110000111000001010001100001110101011100011000010000000001000111101111011101111001111111110111011111011111111111111111111110000000000000000001100000000000000000001
-4931845936621632525,20,meet_semilattice,1001111011010110010111011110111111111101101111101111111111010001010000000000010100001100000000000101000001000000000000000001111010010110010111111111111111111111000111001001000001010001111011010110010100011110111101110101000011000001000001011001111011011111010100011100100101100101000111001001001001010001111011010111010110011110111111111101000001000000000001001111111011111111111100000100000000000101
5304067888409462398,20,meet_semilattice,1100101001100100001001000000010001000010011010100111010010101111101111111111111101001010010001000010111011110111110011110100001001000100001011101011011111001111111010111111111111110000000001000100001001001010011001000010010010100111010000101110101001111100111100000000000001000000111010110111111111111110101101111101111101001010011001001010111010100111010011110000000000000100001011101010011101001011
5228874425855349058,20,meet_semilattice,1011111100101101111111111111101011011111001001100000110001010011111100101100111100101110000011001111000001000000010000010000011000000100010100101111000011001111101111111010110111110011111101101100111100101111001011001111111111111011110111110000011000001100010100000000000001000000111111111011111111110000011000001101110100000110000011001101000001000000010001010010011000001100111100000000000001000001
1144346717194556329,20,meet_semilattice,1000101001001001000011111011111111011111101110100100100100011001101001001001000000001000000000010000111111111111110111110000101000001001000010111011011111011111101110101110110111110000100001001001000010111010011011010011101110100111110111110000100000001001000010011010010011010000111110111111111111110000000000000001000010111010011011011111101110100110110101111001101001001001001110011010010010010001
-2982378325256792625,20,meet_semilattice,1000000000000000000011000000001110010100111111111011101111111101000100111001010111011111101110111111110101011011101111111101011110111011111111000001001110010100110100011011100101011101011111111011111110000000001000010100100000000011100101001000000000001001010011111111101111111111110100011011101111111000000000000001000011000001001110011100100000000000000101001101000110111001111111000000001110010101
-2788579801805910189,20,meet_semilattice,1000000000000000001111000101011110011111111111011111111111111101010111111111111111011101111111111111100001000001000110111101111111111111111110000101000100011011110001011111100111111000000001000001101110000000011000011011100000000001000110111000010101111001111111000101111111111111110001011111101111111000000000000001001110000000000000011011100001010101000111110000000000000000001000000000000000000011
3013473691365862114,20,meet_semilattice,1000000100000010000011000101000000100010111011111110111011111111111111101111111111001101111010101111000001010000001000101100011111101010111100000001000000000000110001011000001000101100010111100010101111000101001000100010111111111111111111111100010111101010101111000111111011101111000000010000001000001110111111101111111111000101001000101010110001011110101011110000000100000000001011000101000000100011
8805820400860640422,20,meet_semilattice,1011100111111111111101111001111111111111001000000000000000100011000000000000001000111001111111011111111111111111111111111111101111111111111100110001000000000010001100011110110000110011000101001100001000110001001011000010001100011111110101110011000100001100001000110001000001000010001110011111111111110011000100101101001100110001111111011111001100010010110101110000000000000000001000110001001011000011
-3375681637780776797,20,meet_semilattice,1011101000111100010011111011001111000101001000100011110001000011001000111100010000111010001111000100111111110011110101010000001000110000010010111011001111000100111111111011111111111111111111111111111100000000001100000100000000000001000000000000001000111000010000000000000101000100111111110011111101011111101100111101010111111111001111111111000000000001000001001111111100111111011110111011001111000101
-6395794348886278621,20,meet_semilattice,1011100101111111011111111111111111111111001100010110111001110001000100001010011100011001011011100111101111110111111111111011101101111111111100000001000000000001101111111111111111110001000101101110011100010001001010100111001110010111111101110000000100001010010100010001000011100111000000010000001000010011000101101111011110111001011111111111000000010000001001010000000100000010011100000000000000000001
8726898126830103186,20,meet_semilattice,1100000010000000000001000000000000000000111100101001000000001101001010010000000011111111111111011111110101101001000000001100001010000000000011110111110111011110010000001000000000001111011011011101100011110111111111011111110000101001000000001111011010011001100011110110100111011000111101101101111111101111011010010001000011110110100100011000111101101101110111001111011011011101111011110111110111011111
1199661242437135139,20,meet_semilattice,1111111111111111111001100101101000111010001000011010001010100111110111101011111001101101101000111010001001011010001110100111111111111111111000000001000000100000000000011010001010100110110111101011101000000001001000100010011111011111111111100110110110101011101001111101111011111110000000000000001000000010000110100011101000000001001000101010011011011110101111100000000100000010001011111111111111111111
7756362862294382785,20,meet_semilattice,1110011101010111111001100111010101110110001001100101010101101111111101011111111011101111010111111110000001100101010001100000001001010100011000000001010101000100111111111101111111100000000001000000010011111111111111111110000000000101000001000010011001011101011000000000010101000100001001100101011101100000011001010101011000100110010101111110000000000000000001000000000001010100011011111111111111111111
-8467590578383131429,20,meet_semilattice,1011010111011101011111110101110111011111001001000000000000100011010000010000001010111101110111011111000001000000000000101111111111111111111100110101110111010110001001001101000000100010010001010000001011110101111111111111001001000001000000100011010011011000011000110100110111000110111101011101111111110011010011011001011010110101110111011111001001000101000001100000000000000000001000110100110111000111
1843114824994820684,20,meet_semilattice,1000010111000100101011010111111001011110111101111111010111111001011111000100101011111111111111011111000001000000000000001000011111000100101000000101110001001010000001001000010000100000010011000100101010010111111001001010110101111111010111101101011111111101111000000100000001000010111111111111111111111001011111100101111000000100000001001010100101111100010011100000010000000000001010010111111001011111
-8971576905674869675,20,meet_semilattice,1100000110011110100101000000000101100001111111011011111111111101000110011110100111011001101111111011110111011011111110111111111110111111111101000001000111100001010000011001111010011111111111111111111111010001101111101001000000000001011000010100000000011110000100000000000001000001000000000000011000011101000110111111100101000001000111101001110100011011111111111101000110111111101100000000000000000001
-5060981858918873506,20,meet_semilattice,1100100001000000000101001000010000000001111110111111101111111101101111110011111100001000010000000001111111111111111111111100101101010011111101001001010000000011110010111101001111110000000001000000000011001011111100111111110010010101000111111101101111111011111111011011111111111111110010010101001111110100100101000001111101001001010000001011010010010100000011110000000001000000001100000000010000000001
777021459635419983,20,meet_semilattice,1111011000111101111001000000000000000000011101100001110010000101010000000000000011111110001111111110010001000000000000000101011000000000100011111111111111111111111101101011111111101111111011111111111101110110001111011000010101100001000010000100000000001000100001010110000111001000111101100011111111100111011000011101100001000000000000001000011101100011110111100111011000111101101011110110101111111111
1840045261454677090,20,meet_semilattice,1111010011111111111001110100111111111110001101001111011111100001010011110111111011111101111111111111000001001111011111101111111111111111111111110101111111111111000000001111010110100000000001100101101000000000001001001000000000000011010010100011010011111111111000000000000001000000000000001111011111100000000000100101101000000000000001001000000000000110010111100000000000100100101001110100111111111111
6599074028407459429,20,meet_semilattice,1000000000000000100011000000000000101000111100100001011111101101000000010010100011111011000101111110111111110101011111111101001000010011101011110011000101111110111111111101111111111111001101010111111111111111111111111111100000000001000010001111111101011111111111010010000101111010100000000000001010001101000000010011100000000000000000001000110100100001011111101101000000010011101011110010000101111111
4866217468680797528,20,meet_semilattice,1011101111111111111111111111111111111111001110011011101010000001000000000000000000011001000110101000101111111111111111110011101111111111111100010001000110101000000110011011101010000011100111111010110100011001001110101000000100000001100010000001000000001000100000111001111111101101000100000000001010000011100111111111111100010000000000001000001110011011101011010011100111111110111100111001101110101001
-6494398892966340434,20,meet_semilattice,1110011111110011010101000000000000000000011000110110001101001111011111110011010111111111111111110111011001110111001101000100001100100011010001000001001000110100011000111111001101000100001101100011010001000000001000010100011000110111001101001111011111111011011111110111111111110111010000000010001101000100000000000001000011110111111111111111010000000000000101001111011111110011011101100111111100110101
5631044426720203199,20,meet_semilattice,1100011111110011111001000010101000100000111001111111001111101111111111110011111111101111111100111110010001111111001111100000001000000000000001000011101100111100000000101000001000000100001111110011111000000010101000100000010000101011001111001111111111111111111111111111111101111111000000100000001000000100001010100011000001000010101000101000010000101010001001000100001110110011111011000111111100111111
-6581921571814816582,20,meet_semilattice,1111111101111110111101000000000000000000011101110011101001100101011100111010011001111111011110100110010001000000100000000100011000101010001001000111001010100010111111111111111011110100011101111010011001000100001010000000010001110011101000100100000000001000000001111111011111101110010001000010101000000111111101111111111101111111011110101110010001110011101001100100010000101010001001111111011111101111
9182855347646275143,20,meet_semilattice,1100100010110110111001000000000000000000111010101111111111101101101011111111111001001000001000101000111011101111111111111100101011111111111011111011111111111111010010001011011011101100100011111111111001000000001000100000010010000011011011101100100010111111111001001000001001101010010000000000001000001100100010110111111001000000001000101000010010000010011011100100100000100010101011101010111111111111
4358531333527528801,20,meet_semilattice,1000000000001000010011000000000110000100111111011111110111111101010000111000010011011100001110000100100001000011100001001111111111111111111111011101011110000100110111011111100111101101110001111000010010000000001110000100100000000001100001000000000000001000000011011101111111011111110111010111101101111101110101111001011011011101011110011110000000000000100001001101110101111000011011011101011110010111
5002485832528043166,20,meet_semilattice,1110100010111111101101100000000000000000001000000000000000001111101010111111101101101000100001001001111111111111111110111110101010111111101111101011101111111011011000001000000000011111101111111111101101100000101000000001011010001011011010010110100010101110101101100000100001000001011010001010011010010110100010110111100101100000100001001001111111111111111111110110100010100110101101100000000000000001
-1867461364349848438,20,meet_semilattice,1001011111001010110011110111111110111110101101111100101011000001000001000010000010111111111110111110000101011100101011000001011111001010110000010001010000100000000100011100001000000000000001000010000010110111111010101110101101111101101011100001000111001010110011110111111111111110000000000000001000001011011111111011111000000000000000101000000100011100001011001011011111001010111011111111111111111111
8423593934545048977,20,meet_semilattice,1001011001001010000011010111111010110011111111111111101111110001011001000000000011011111111010110011000001100100000000000000001000000000000010010111011010110001100101111110101100010000001001000000000010010110011010110001110111111111101100110001011001001000000011111111111111111111000001100100001000001001011001001011000011011111111110111111110111111111101101111001011111101011001110010110010010110001
1452267455958410020,20,meet_semilattice,1000011010001000000011100110100010010010101001101000100100001011011010001001000011111110101010010010000001100000100000000000001000001000000011111111111111011111000001101000100000001111111011101001001111110110101010010010111111101111100100110000000000001000000011111110111111011011111111111111111111111000011010001001000011111110111110011011111111101111110111111010011010001001001011110110101010010011
-6048666304572852155,20,meet_semilattice,1100001110001110010101000001100000100001111000111110111001011111011111101110111111111111111011101111111001111110111001110100001110001110010100000001000000100000000000011000001000001100001111101110010111000011101011100101111101111111111011110000000110001010010101000001100001100001000000000000001000001111011111111111111111100111111011101111000000011000001001011110001111101110011100000001100000100001
3453615365519131868,20,meet_semilattice,1000101111000000101111001011111011111011101010111110111110111111101111111111111100001010010000000010111111111111111111110000001000000000001000000011010000001010000010111100000010100000001001000000001010001011111001101011111010111111111111111000101111101111101110001011110001101011000010111100001010111000101111100111101100000010010000001010101010111110111111110000000000000000001000001011110000001011
-792765798732083644,20,meet_semilattice,1100111111111111111101000101110010100101011011111111111111111101111111111111111101001111110010100101000001000000101001000100011111001010010100000101100010100101000000001000101001000000010111001010010101001111111011101111010011111111111011110000000000001010010001001111110011101101000000000000001001000100111111111111111101001111110010101101000000000000000001000100111111001110111100000100100010100101
-6152529348223737600,20,meet_semilattice,1011010101100001011111110101011000010111001101010110000101110001010101100000011111111111011000010111000001000110000000101111011101100001011100000101011000000010111111111110000101110000000001000000000000000000011000000000111111111111111111111111111111101011111111111111111001111111111111110110001101110000010101100001001111111111111000111111000001010110000001110000000001100000001000000101011000000011
-5146745060509566467,20,meet_semilattice,1000000101000000000011101111011000111111101000010100000000001111111111101111111110101001010000111001101011110100001110011010101101000011100100000001010000000000101011111110001111110000000001000000000010101111011000111101111011111111111111111010111111101011111111101111111011111111101000010100001110011010000101000001100110100001010000001001101011110100001111011010111101100011111110100001010000000001
-7551490336997361588,20,meet_semilattice,1111110100111111101101101000000100110000001000000000000000000111100000110111000000101000000000000000011111000011011110001111111110111111101101111101001101111011111111011011111110111111111111111111111100101000001100110000001010000001000000000111110100111111101101101000000101110000001010000001001100000010100000010001000001111000001101111000111111111011111111110111110000110111101001111100001101111011
3623762071996491505,20,meet_semilattice,1100011100011000000101000001000110000001111101110011110011111101011100111100011111011111001111001111010001110001100000010100001100011000000100000001000100000000111111111011111111111111111111111111111111000111001110000111000000000001000000000000000100011000000111000111001111000111111111110011111111111111111100111101111111010111001111001111110001110001100001111100011100011000001100000000000100000001
4823930703986610927,20,meet_semilattice,1100111101011011110101001001010100110101111011110111101111111111111101111011111100001001010100110101000011110101001111010000101101010011010100000001010000000100110011111101101111110000000001000000010011001111011110111111000000010101000001000000111101011011110100001011010101111101000000000100001001000000000101000011010000001011010100111101000000000000000001001100111101011011111100000001010100110101
8391288754420674658,20,meet_semilattice,1111111000111010101101011110000110001001011111100011101010110001000000011000100000011110000110001000000101100001100010000001001000011000100001111111001110101011010111101011101010110111111101111010101101011110001110001001000000000001100010000000000000001000100011111110001111101011010111100011101010011111111101111011101100000000000000001000111111110111111111110101111000111010101100011110000110001001
-6619116731605708139,20,meet_semilattice,1111011111111111101101000000000010100000011001111111101100010111011111111011100101111111111111111111010001100011101000000100001000111010000001000111001110110000010001101111101100000100011001111011000001000000001010100000000000000001101000000000000000001010000001100111111111111001000000000000001000000100011000111011000001100111111110111001011101111111111111110111011111111111101101000111011110110001
-696074317258419795,20,meet_semilattice,1011111111111111111111111111111111111111001111101101101111100001111011011011111000001110110110111110000001101100101111100000001000000010100000111111110111111111000000101000101010000000001011001011110000111110111111111111000001101101101111100000001000001010100000111110110111111110000000000000001000000000001010001011110000000000000000101000000000101000101011000000001011001011111000111110110111111111
4162832898603066548,20,meet_semilattice,1101101111101011111001000000011000010110111111111111111111110101000001100011111001011000011000111110010111111110111111110101101111100011111001011001011000111110010100001110001111100000000001100001000000000000001000000000110111111111111111110101101111101011111001011011111011111111010000000110001101100000000000100001000001000000011000011110000000000110000101100000000001100001001001011011111000111111
8181994714707075796,20,meet_semilattice,1110001011101110111101000000000000100010011000001110111001111111101111101110111111101011111011101111111011111110111011110110001011101110111101100001111011101111010000001000101000100100000011001010001101000000111010100111111111111111111111110100000000001010001001000000111011100111000000000000001000001111101111101111111101100000111011101111010000001100101001110000000000000010001001000000100010100011
3615663502350785402,20,meet_semilattice,1001111111111111111111111111111111111111001111111111000111010001011000110000100100011110101100001001000001100001000010010000001000010000000000011111101100011001000101101011000010010001111111110001110100000110001100001001000000000001000000000000000000011000000000011111111111111111000111111111101111010001111010110001100100000010000100001001000111111011000111010001111111111011111100000010000100000001
-297510028578196687,20,meet_semilattice,1111010101111111111101110101010111111111001000010000000000000011000101011100101111111101011111111111001001010101110111111111111101111111111100000001000000000000011101011111111111110010000101000100000001110101011111111111001000010101110010110010000101001100100100100001000001000000001101010101111111110010000101011101111100100001010001001000001000010101110011110010000101001100101100100001010001001001
-7258324238950517944,20,meet_semilattice,1011000100101011110011110111001111111111001000000000101001000011000000001010010010111111101111111111101101010010101111001011011100101011110000110001000010110100101101111011111111111111111111111111111100110001001010111100101101110011111111110000000000001010010010110101001011111100000000000000001000000011000000001011010000110001000010111100000000000000001001001011011100101111111110110111001011111101
890335972791088028,20,meet_semilattice,1000000000000000000011001000011000000100111010000110000001001111101111101001111110001000001000000000111111111111110111111100101001100000010111101011111010001111111010101110000011111000100001100000000010000000001000000000111110111111110111111110101011101000111111111011111011011111111111111111111111111110101111101001111111101010011000001111100010000110000001001110101001100000011111001000011000000101
4268244646624811050,20,meet_semilattice,1111111111111101101101000000000000000000011000001101100000000111000011111000000001111010111110000011011111101111110110110111001011111000000001111111111111011011010000001000100000000100000011001000000001100000111110000000010000000001100000000100000000001000000001110010111111000011011111101111111110110111101011111101001101111010111111011011011111111111110111110111001011111000001101110010111110000001
4821729704373287273,20,meet_semilattice,1111111111111111111101000000000000001001011111111111111111110101101111011111101101001010010100111001010111111101111110110100001000010010100101001011110101111001010010101101011110010100001001010011100101011011111111111111000000000001000010010100101111011111100101001010010101111001000000000001001010010000000000010011100100000000000000001000010110111101111111110100101111011111101100000000000000001001
2233731676802739583,20,meet_semilattice,1101111111111111111101011011111011000111011111111110111111110001100111101100000100001000010011000000000111111110110001110000101001001100000100001001010011000001000010011100110000010000000001001000000000001001111011000001010111111111111111110000000000001000000000000000010011000000010111111110111111110101111111101101111100011011111011001111000110111110110001010001101111101100011100001000010011000001
1454431495176034035,20,meet_semilattice,1001111110111111111111011111101111111111111111111011111111110001010000100000100100011100001000001001000001000010000010010001111000100000100100011111101111111111000111001010000010011111111111111111111100000000001000001000000111101011000011010001111010111000110100011110101111001111000111101011111111110001111010111101111100000000000000001000000111001010000011010001111010111000111100000000001000001001
-3103519404531530355,20,meet_semilattice,1000000000000000000011000101111111100000111111111111111010001101011111111110100011011111111111101000100001010001100000001100011111111110000010000001000000000000100001011111110000001000010101011100000010000101011111000000100000010001000000001000000100001000000010000101000111000000100001011111111000001111111111111111111111000111111111101000111111111111111011001111111111111110111111111111111111101101
-3824908535172399930,20,meet_semilattice,1000100110000011101111101111110111111111101010011000001110111011111111011111111100001000000000101001101011011001011111111010111111011111111100001001100000111011000010001000001010111010110111011111111111101111111111111111101010011001001110111010110110011111111110101001100101111111000000000000001010000000100010000011101100000000000000001000101010011001001111110000000000000010101000000000000000101001
8156496336278532280,20,meet_semilattice,1011000010000000011011110111111011110111001000000000000000000011000010000000011011111111111011111111101101001000000101111011011111001101011110110101100001010111001000001000000000001011010011000101011110110101101001110111111101111111111111111011010011001101011110110100100001010111101101011000011101111011000010000001011011110111111011111111001000001000000001000010000010000000011010110000100000010111
-3631222102406726714,20,meet_semilattice,1001000101000000000011110001011111000001101100010101110000000001000000000000000011111011111111011111111101111111111111111111001101111101011100010001010000000000111100111111110111110001000001000000000010110001011111000000000100000101010000001001000101011100000000010000010001000000111100111111111111111111000101111101010111110011011111011111111100010111110001011111000101111101011110110001011111000001
-5047383522375473267,20,meet_semilattice,1111111111111101111101101111111101000111001011111111010001010111111111111101111100001111111101000101000001001001010000000000011111110100000100000001100100000000000000001001000000000000010111110100000100000100101101000001000000000001000000000110111111111100011100000000100101000000111111111111111111110110111111111101011100101111111101001111000001011111010001010010111111110100011100000100100101000001
-4056286712865241859,20,meet_semilattice,1000000100000000010011000001011101011101111111111111111111111101111101111111111111001001011101011101100001010111010111011000011101111101111100000001000000000000110111111111111111111000000101010001010110000001011100011101100000010001000001001000010101111101110110000001011101011101110011110111111111111000000100010001010010000001010100011101000000010000000001001000010101110101111110000001000100010101
9075777158926646929,20,meet_semilattice,1110000110100110010001000000000001000000011000000010011001001111111111111111010111101111111111110101111001011010011001001110011110111111010001100001101001100100011000001010011001001110010111111111010001000000001001100000111001011011011001001110010110111111010000000000000001000000010000000000011000001110010110110111010011111111111111111111010000000010011001001111111111111111011111100101111111110101
-8426731887549317886,20,meet_semilattice,1101110010111011010001011100101110110100111111111011101101100001110010111011010000001100101010100000000001001010101000000101111010111011010011011111101110110110000000001000101000001111111111111111011000000000101010100000000011001011101001000000000000001010000011111111101111110110000000000000001000000000110010111011010011111111101111111110000011001010101001001101111010111011011011111111101111111111
-924276573800378227,20,meet_semilattice,1001010010011111111111110101110111111111101101011001111111110001000000000111001011111101110111111111000101000001011101101111111111011111111110010101100111111111000101001001011101101011010111011111111111111101111111111111000100000001011100100001010010011111011100000000000001010000000000000000001100000000000000000001000000010100100101111110000100000001011101100000000000000111001000010100100101110111
5696341078575334259,20,meet_semilattice,1111011111111111111101010111011110111011011101111111111111110001011101111010101101011111111111111011000001100001000010000000001000010000100000000111001110001000010101111111101110110000011101111010100000000110001100001000000000000001000000000000011000111000100001010111111111111011000001110011101010000000011100111011100000000000000100001000010101111111111111110000011101111010101100000111001110101001
6461175753980019078,20,meet_semilattice,1101011010000110111001010100000001001110111111101111111111100001010000000000111011011110101111111110000001000000000000000101011000000110111011111111111111111110010101101000011011101101011011101110111011010110101001101110110101101001011011101101011010101110111000000100000001001100010101000000011011101101011010101111111000000100000000001100000001000000000001000000010000000000111011111110111111111111
-3908169171979077551,20,meet_semilattice,1100100000010100010101001000000100000000111010000001010001011111100000011100110100001000000000000000111111010001110011011111111100011101110111111001000111001101111111111001110111011111111111011101110111111111111111111111000010000001000000001110100000011100110101001000000101000000111111111101111111111111110100011101110111101000000101001101010010000001010001001111111111011101111101001000000101000101
4944737053428853983,20,meet_semilattice,1011010000000010011111111100111111110111001100000000000001010001000000000000000110111100011100100111001101000000000001111111111111111111111110111101111111111111101111001111011101110011010001000010011100110000001000000101101101000101001001111011110011111111011110111100011101110111001101000000001001111011110001110011011110111100111101111111000100000000000001010011000000000000011100000000000000000001
-3343924918050434668,20,meet_semilattice,1111111010011111111101000000000000100000011101000000001001100101010000000010001001111110100000101111010001000000001000100111011000000010011011111111100111111111011101101000001001101111111111011111111111111111111111111111011111101001001111110111011010001010111101111110100011111111000000000000001000000111111010000011111101110110100000101110010101000000001001100100000000000010001001110110100000101111
2798816728816021791,20,meet_semilattice,1001000011111000001011010110111110000010101111101111100010100001000011111000000010011110111110000010100101101111100000101001001011111000001010111111111110001010000000001111000000000000000001000000000000000000011100000000000000000101000000000000000011111000000010011110111111001010111111111111101110111101111011111001101010011110111110001010111111111111101111110000000011110000001011111111111110011011
-3428673752861246562,20,meet_semilattice,1010010111101110001111101101111111111011001000000000000000001111110111111111101110101101111111100011001001011010001000011110111111111111101100100001000000000000001000011000000000010010010111101110000100100001001000000001101001011111111000110010010110101010000100100101101011100001001000010000001000011010110111111111001110101101111111111011101011011111111111110010010111101110001100100001000000000001
9196509800780827769,20,meet_semilattice,1010000000000010000111111111101111110011001000000000000000001011000000000010000110111110101110110011101101101010001000110010001000000010000110110111101110110011101100101010001000111111111111111111011110110010001000100011101101101011101100111011011010101011001110111111101111110011001000000000001000011011001010100011001111111111101111111111111111111011111101111011001000000010001100100000000000000001
8956347181982281628,20,meet_semilattice,1101011010001111101001000100100000000010111101101000111110100101010010000011001011111110101111111011000001000000000000000101011010001111001011111111111111111111000001001000000000001111111011111111101111010110101011111010111101101011111110110101010010001011001001010100100011110010010001001000001000100100010010000011001001010110100011111010111111101111111111110000010000000000001011110110100011111011
5546413429823904601,20,meet_semilattice,1100001000100101000001000010001001010000111111100010011100101101001000100101001011011110001001110010110101100010010100100000001000100001000011111111111111111111111111101010111110101111111011111111111100000000001000000000111111101011111111111111111000101111101000000010001001010000110101100010011100100000000000100001000011010110001001111010111111101010111111101100001000100101001011111110101011111111
4958990220095247104,20,meet_semilattice,1111111111111111111101000000000000000000011101110110011111110101000000000000011001011111011001111111010101000010001001100101011000100010011001010111001001100110011111111111111111110101011101100111111101010000001000100110011101110111011111110111111101111111111101010110001001100110010100000000001001100101011100100111111001010111001001101110010000000000000001100100000000000000001001010111001001111111
967764041037054251,20,meet_semilattice,1100000011011011000001000000110110000000111100011101111100011101000011011111000111011011110111110001111111111111111111111101001111011111000111010001110111110001000000001101000000000000000001010000000011111011111111111111000000000001000000000000000011011000000011000000110111110000010000001101101000000100000011011011000011111011110111111001111110111101111111111111101111011111101111000000110111110001
-8189062521203088559,20,meet_semilattice,1011111111111111111111111111111111111111001001000101100000100011111101111011111100001100010110000000000001000101100000000010111101111001111100101101011110001011001111111111111111110000000001001000000000101100011110000011000000000001100000000000000000001000000000111111011111111111001011110111101111110010110101111001111100101100011110001011001011010111100011110000010001011000001000101100010110000011
4921455917166739681,20,meet_semilattice,1101010111001011000101000100010010000001011101011100101100010101010001001000000111111101111010110111000001000000000000011111111111111011111101010101010010000001010101011100101100010000010001000000000111110101111010110001111111011111101101110000000000001000000111111101111111111111010101010100101000010101010101001011000111111101111110111111111101011110101101111111010111101011001100000000000000000001
6966207432252723505,20,meet_semilattice,1110111111011111111101000000000001100010011001010000111000101111111111011111111101101111000111111011010001010000111000100110011100011110101101000001000001100010011011111001111111110110111111011111111111111111111111111111011001010001111010100100000100001110001000000000000001000000000000000000011000000110011100011111101101100101000011101010011011110001111111110000000000000100001001100101000111101011
-2912061499450493196,20,meet_semilattice,1001111111111011110111011111111110111101001111111111101111010001101110000001110000001000100000011100000111111100100111000000101010000001110000001011100000011100000000001000000111000001101111000001110000011111111010111101000111111111101111010001101111001001110011111111111111111111000110111100101111000000000000000001100000000000000000001000000000000000000111001111111111111011111100011011110010111101
3671220800396146882,20,meet_semilattice,1100001100011010000101000000000000000000011000110001101000011111101111111110001111001011010110100001111111111111111110110100001000000000000001000011000000100000111010111111101000011100001101011010000111101011011110100001010000110001101000000100001100001010000011101011111111100011010000100000001000001111101111111111001111111011111111111011111010111111111001111110101111111010001101000011000110100001
-2517494491234164353,20,meet_semilattice,1111111111011111111101000111100100001100011001111101011111010111011111010111110101111111110101111111000001111001000000000000001010000000000000000011100000000000000000001000000000000100011111010110110101111111111111111111000000111001000000000111111111011111111101000111100101001100010001111001011011010100011110010101110100000011100100001000000001111001000011000111011111010111111101000111100101001101
8879439492911448600,20,meet_semilattice,1101110110100111011101000001100001000111011111011010011101110101000110000100011101011001101001010111010111011010010101111101111111100111011100000001100001000110000000001000000000001101110111100111011101010001101001010111110111111111011101111101110111101111011100000000100001000000010111011010011101110100000110000101011111011101111011111111000000001000010001100000000010000100001000000001100001000111
7362908573206727993,20,meet_semilattice,1011101111101011101111111111111111111011001000000000000100000011000100001001001100111001010010111011101111111111111110110011001100001011101100100001000000010000001110111100101110110011000101001011101100111011111010111011101110111111101110110010000100001001000000111011110011111011001100010000101110110000000000000001000000110001000010011011111111111111111111110010000100001001001000100001000000010001
7197417054891295697,20,meet_semilattice,1000010000000001101111110100001010011111101101000000000110111001010000000001101111111111011010111111000001000000000000001111011000101001111111110111011010011111111111111110101111111111010001101001111110110100001010011011111101110111111111111011010000001001101111110111011011111111111101110110101111110000010000000001101100000100000000001011101101000010100111110000010000000000001100000100000000000001
-4319021304425304600,20,meet_semilattice,1000000000100000001111101101101110101011101011000010101010111111111111111011101110001000001010001011100011000010101010111110111110111011101110101101001010101011101011011011101010111110111111111011101100000000001000000011101011010011101010111000000000101000001111111111111111111011100010000010101010111110110110111011101110000000001010001011111111111111111111110000000000000000001100000000000000000001
-1698911549373523487,20,meet_semilattice,1000000000000000000011111111111101111010101011111110011000001011111111110110000010001100000000100000100001000000001000001000111111100110000010001101000000100000100011001010001000001000110111100010000010001100001000100000101011111111011000001111111111111111111110001101000001100000100000000000001000001011111111110111000010111111111101111000111111111111011111101011111111110111101011111111111101111011
-6754535291005155672,20,meet_semilattice,1011110110110111010011111111111111111110001010011000011000000011100110010111000000001001100001100000001111011001011101001011111110110111010000000001100001100000000000001000011000001011111111111111111000111001101101110100001010011001011000001011111110111111110000000000000001100000000000000000001000000010100110010111000010111101101101111100001110011001011101001011111110111111111010111111101111111101
9113684997479280684,20,meet_semilattice,1101100111100011011101010000011000000010111110111111011101110001000000000000000001011000011000100110111111111111011101111101101111100111011101010001011000100110010110011110001101110001000001100000000000010000001000000000110110111111011101111111101111111111111111011001111001110111010100000110001001100101100101100011011111111011111101111111010100000110000001100001000001100000001001011001011000100111
-5448797608794533061,20,meet_semilattice,1111010111101111111001110100001011100000001101000010111000000001010000101110000001111101111011110010000001000010011000001111111111111111111101110101001011100000011101011010111000000111010111101111000000000000001000000000011111011111111100110000010000101110000000000000001001000000000000000010011000000111010110101111000001110101111011111110011101011110111101100111010111101111001001111101111011110011
4772307000350228167,20,meet_semilattice,1111101101110111111001101011010100111100001000010101001011000111101101110011110000001001010100101100111111110111011111110010001101010010110000000001010100101100011010111111001111010000000001010000010001101011011100111100000000000001000000001111101101111111111001111011011101111100000000000101001001000000100101010011110000000000010100101100000000000001000001000111101101110111111001101011011100111101
-4321514444755335628,20,meet_semilattice,1000000001001111110011001000010011111110111111011111111111101101110111101111111010001000010011111100110011011110111111101111111111111111111011001001110011111110110010001100111111100000000001001001110011001000111011111110110111011111111111100000000000001000000000000000010011011100000000000100111111000000000000001001100000000000000010001000000000000000100111001000100001001111111011011101111011111111
-4926136932006557035,20,meet_semilattice,1100000000000000000001000000000000000000111000000011010000001111000000110100110011111111011111111111111101000111011111001111011001111111110111110111011111111111111111111111111111111111000001110101110011000000001000000000110000000011000000001111010001111111110011000000001101000000111100000011011011001111000000110101110011100000001101001100111000000011010001001111011001111111111111110100011111111101
-1471945158090801416,20,meet_semilattice,1011011111111111111111111111111111111111001100000010011011000001000000000100000010111111111111111111001101001011011011100011011010110110111000110111101101101111001100001011011011000011011111110110111100010000001001101000001100000011011011000011011010111111111000000000000001000000000000000000011000000011010010110111111000000000000001101000000100000010011011000011000000110110111000110110101101101111
1425947337004168498,20,meet_semilattice,1101000010110101110001010000101101010100111100001011010111000001000010110101010011111000111111111101111111011111111111111111101111111111111111111001111111111111000000001000010101001111000011111101110100000000001001010100000000001001010101001111000010111101110100000000000001000000111100001111111111010000000000000101000000010000101101011100000000000000010101001111100011111111111111110000101101011101
-3865867799350421379,20,meet_semilattice,1111011110100011101101100001001000110011001000000000001000010111011110100011101111111111111111111011011001111010001110110110001100100011001100100001001000110011011000111010001110110110001111100011101100100000001000100001111101111111101110111111011111101011101111110111111111111011000000000000001000010010000000100011000100100000001000111001111111111111111111110010000000100011001100000000000000000001
-590779344121699578,20,meet_semilattice,1001000101110000001111111011111111011111101100110111100111110001000101110000000110011011111110011111100101111111100111111001001101111001011100000001001000000001100100111111100111110000000101100000000100000000001000000000000000010111000000011001000101111001001110010011111111011111111111111111111111111001000101110001001110010011011110011111100100010111100101110001000101110000001100000000001000000001
-6386697311292534308,20,meet_semilattice,1011111111111111111111111111111111111111001000000000000000010011111111111111111100101010000001101001001011110111011111110010001000000000000100101011000001101011001011111111111111110010101101010110111100101011011101101111001010110001011011110010101101011111111100100010000001000001001000100000011000010010101101010111111100100010000000001001001010100000011011110010101000000110101100000000000000000001
6600419084006220685,20,meet_semilattice,1101011110001000110001010011100010000100111101111010101111100001000000000000000011111111111111111111010101111000100011000001001010001000010000010011100010000100000100001000000000001111011111111111111111010111101010111110111101111011101111110001000010001000000011110111101111111111110101111000101111001101011110001001110001010011100010001100000100001000100001001101011110001011111011110111101010111111
5482283442592212584,20,meet_semilattice,1001110011011000111111011101110110111111111111011101101111110001010010001000011000011100110110000111000001001000000001101111111111011011111110011101110110001111000000001000000000000001010011001000011111111111111110111111000101001101100001110000010010001000011011111111111111111111100111011101101111111001110111011001111100011100110110001111000000001000000001100000000010000000001000010100100010000111
5175605263987963833,20,meet_semilattice,1000011010101000110111110111111110111111101001101110101111111011011111111011111111111111111110111111000001100010100011010000001000100000100110000111101010111111000000001010000010011000011011101011111100000000001000001000101001111111101111110000001000101000100111111111111111111111000000001010001010011000011010101011110100000000000000001000000000100010000011011000011010101011111100000000001000001001
2507346035549905725,20,meet_semilattice,1010000101010110010011110111010101110101001000010101011001000011001101010110010011111111011111110101101101110101011101010010001101010110010000000001000000000000111111111111111111110000000101000100000011110111011101110101000000010101011001001111011101011111010100000001000001000000000000010100011001001010001101010111010111111111011111111101000000010100010001001111111101111111111110100011010101100101
5882558607241749108,20,meet_semilattice,1111011000110000101001000000001000001000011100100011000010000101000000100000100011111111111110111010010101100011000010000101001000100000100011110111011100101010111101101111101110101111011001110000101000000000001000000000010100100011000010001111011001111010101011111111111111111010111101100111001010101111011001111011101000000000001000001000111111111111111111110111011000110000101011111111111110111011
-3237576559771596640,20,meet_semilattice,1111111101111011111101111110011110101010001011100111001010000011111001110010100000001000001000001000000011000010000010000000111001110010100001111111011110101110111111111111111111110000110001110000100000000000001000001000000011000011000010000011111001111010101001111110011111111111000011000011001010000111111001111011111000000000000000001000011111100111101011100000110000110010101001111110011110111111
4335033278717481570,20,meet_semilattice,1000110000001011001111001100000010110011111011010000101100111111110100001011001100001100000000110001000001000000000100011111111100111011001100001101000010110011111111111111111111111111111101111011001111111101001010110011111111010011101100110000110000001011000111111111011111111111000001000000001100010000000000000001000111111111001110111011111111110111101111110000110000001011001100000000000000000001
6596501264549427748,20,meet_semilattice,1001101010110010011111111011111100101111101110111011001001110001101010000010011100001010000000100000111111111111001011110000001000000010000010011011101100100111000000101000001000001011101111110010011100011010101100100111000010101001001001111111111111111111111111111111111101111111000000000000001000001111111111110011111110011011101100101111000010101000001001100000101010000010001000001010100000100111
-6433409222571192327,20,meet_semilattice,1110110111110010101001101100111100101010001000000010000000101111111111111110111100101000101100101010001011001011001010101110111111111110111100101101111100101010001000001011000010100010110011110010101000000000001000000000001000000011000010101110110111111010111011101101111101101110001000000010001010101110110111110011101000100000001000001010111011011111001011100000000000100000001011101101111110101111
-5164938010774940265,20,meet_semilattice,1111111111111111111101001000001110010110011010010011100111100101100000111001011000001000001110010100011111111111111111100110101100111001111001001001001110010110011110111111111111100111101101111101111000000000001100000000000000000001000000000000000000111000010001101011001111011110011110110111111111100000000000110001010001001000001110011110000000000011000001000000100000111001011001111111111111111111
552901885339895039,20,meet_semilattice,1011111111000111111111111111111111111111001001000000011101000011110101000111111000101100000001110100000001000000000100000011111111000111111000101101010001110110001111011100011111100010110001000111011010111111111111111111101111111101011111111011111111011111111100000100000001110100000001000000001101000000000000000001000000100100000001111100000000000000000101000010110000000111011000111111110001111111
-3599982694822621562,20,meet_semilattice,1000000000000000000011111111111111111111101110000101100010101001100001011000101010001000010010001010101111001111110110111011111111111111111110111101111111111111101110001111100110101000000001000000000010111000011110011010100010000101100010101000000001001000001010111000111111011011101110001111101110111001100001011001101010000000010000001010101111001111110111111000000001000000001010111000111110011011
6783715071257847890,20,meet_semilattice,1000000010001000000011000000100010000000111111011100110111101101110111001101111011001100110011010010110001001000100000001111111111011101111011001101110011011110000000001000100000001100010011001100000011111111111111011111111111011101110111100000000000001000000011000100100011000000111111011100111111101100010011001101000011001100110011011010110011001100110111101100010011001101001011111101110111011111
7304818660392007,20,meet_semilattice,1000010010111001000111110110101111111111101101101011111111111001011010111111111111111111111111111111000001000000000100001000011010111111111110110111101111111111000001001000000100001111011111111111111100000100101110010000000001001001100100000000010010001001000010000100101111011011100001001011111111110000000000000001000010000100101110011001100001001011100111111000010010111001101100000100101110010001
-916600433035443325,20,meet_semilattice,1111011110101101111101000000000000010000011001000010010101100111010110100101111011111111111011111111010001000010000100100111011110100101111001000101101001011010010001001010010110101111011111101111111101000000001000010000111101111011111111110111010110101101111001000100001001010010111101111010111111110000000000000001000001000100001001011010010001000010010101100100000000100001001001110111101011011111
-5897113904648364676,20,meet_semilattice,1101101101111101110101001000011110010000111110111111110111010101100101111101100100001000011110010000110111111111110111010101101101111101100101001001011111011001110110111111110111010000000001101001000000000000001010010000000000000001100100000000000000001000000001001000011111010001111110111111111111010000000000001001000001001000011110011001010110110111110111011111111111111111111101001000011110010001
-3386834552870079779,20,meet_semilattice,1100011100101011100101000101001010111000111011110010101111011111111110101011111111001111001010111101000001000000101100000000001000101011000000000101001010111000111011111010101111111111111111111111111100000000001010110000111111111011101111110000000000001000000011111111101111111111000000000000101100000000000000001001000000000100001010111000000001000010101111001100111100101011111101000111001010111001
6190791118091559047,20,meet_semilattice,1000100110010111110011111001101111111110101110011011111111101001100110111111111000001001100000000100101111011011111111101111111111111111111100000001100000000100000000001000000001001111110111111111111010001001101111111110000010011001010111001000100110011111111000001001100001000100000010011001011111000000100110000001010000001001100001011100000000000000000001001000100110010111111011111101111111111111
-5956544490140221917,20,meet_semilattice,1001111000000000101011111111111111011111101111100010000010100001000000000000100000011110000000001010000101000000000010100000001000000000100010111111111110011111101111101011000111111011111011110001111100000000001000001000101111100011000010101011111011111001111110111110111111011111111111111111111111111011111000110001101100000000000000001000101111100011000011100001000000000000101010111110001100001011
-5945794794804872551,20,meet_semilattice,1000000000000011001011010001100010110010111111011000101101110001000110000011001011011001100010110010110111011000101100101111111111111111111100000001000000010010000000011000000100101111110111111111111111111101101010111111111111011011111111110001000110001011001011111101101011111111000000000000001100100000000000000001001011111101100010111111110110011000101101100000000000000000001011011101100010110111
-7863804049668359907,20,meet_semilattice,1000000001000000000011111111111111101100101000000110101011001011010011101010110010111110111110101100101001001110101011001011011011111010110010111111111110101100101000001110101011000000000001000000000010000000011010001000100000000101000010001000000001001000100010111111111111101100100000000110101011001111111111111111110010000000010000001000100000000100000011001111111111111111111011111111111111111101
5151172130759541275,20,meet_semilattice,1000000000010000011011011111111110111111101111111111101111111001111101111011111110001100001110010110100001000011100101101000111101111001111110001101001110010110100111111111101111111000110001111001011010000000001100010110000000000001000001101000000000111001011011111111111111111111100011110111101111111000000000010001011010001100011110011111000000000000000001100000000000000000001010001100011110010111
-1679285244710407871,20,meet_semilattice,1111111111111111011101000000000000000100011000010000000001000111000100000000010001111001100001000110011111111111110101110111101111010101011101000001000000000100011100011000010001100111100111010100011101111011111101010111011110011001010001100111101111111101011101110001000001000100011111111111111101110111100111010101011101111111111111011111000000000000000001000100000100000000011001111001100101000111
1528722792931461382,20,meet_semilattice,1000001000000110000011010010000001101000111100100101011011111001001000000110100011111111111111111111111101111111011111110000001000000110000011110011010101101111111100111101011011111101001001000110101111110011111101101111110100100101011010111111011111111111111100000000000001100000000000000000001000001111001111110111111110000010000001101000110100100101011011111001001000000110101011010010000001101011
-4307737394309037823,20,meet_semilattice,1111110111111110111101010100111111101111011111011111111011110001010010101000100001011101111111101111000001001010100010001111111111111111111101010101111111101111000000001000000000000001010011111110111000000000101000000000000101001011111011100000000010101000100000010100101011001010000101001010101010101111110111111111111100000000101000001000000101001010101011100001010010101000101000010100111111101111
4402426620250228998,20,meet_semilattice,1010000001110100110011100001011101001100001000000101000001001111111101110111111111101011011101111111111011110111011111111110001101110111111110100001011101001100111011111111111111110000000001010000000000100000011101000100000000000001000000001110111101111111111100100000010101000100111000010111011111101110000101110101110000100000010100001100000000000101000001001110000101110101111011100001011101001101
982698053324657500,20,meet_semilattice,1000010000000000000011010111010110011111111101110101101111111001011100000000010011111111010111111111000001000000000000001000011100000000010010000101000000000100111101111101101111111001011101010001010011010111011111111111100101110001000101001001011101011001111011010111010111111111110101110101101111111001011100000001010010010111010100011100100001000000000001001001011101010001111010010111010100011111
874343790678953802,20,meet_semilattice,1011101011111011111001111011111110101111001110100111001011100001101001000010101000001000000000101000001111111111101011110000101001000010101000111011111110101111001110101111101011100000000001000010101000011010011000101010000110100111001010100001101001111010111011111011111111111111000000000000001010000001101001111011111000000000000000001000000110100111001011100000000000000010101000111010111110101111
2322178034738529072,20,meet_semilattice,1000000000000110010011110101111111111111001000000000011001001011000111111111011111111101111111111111101001011111111101111010011111111111111100100001000001100100101000011111111101111010000101011111011110100001011111110111101000010001111101111010000100001111011000000000000001000000000000000000011001001010000100000111010010100101111111111111000000000000010001001010000100000111011010100001000011110111
-2867827191789247524,20,meet_semilattice,1111111111111011111101101110111110111111001001000101001110010111111011111011111100101100010100111101000001000100001000000010111011010011110101111111111110111111001011001101001111010000000001000010000000101110111100111101000001000101001010010010111011111011110101111111111111111111000000000000001000000000010001000011100100000100010000101001001001000101001111010010111011111011111100000100010000100001
3486850941675425476,20,meet_semilattice,1111111111111110111101011011111110101101011110111111101011010001100010010000010000001000000000000000010111111111111011110001101010110000110000011011101100001100000010001001000001000001101111111010110000001000001100000100000010000001000000000001101110111010110001011011111111101101000110111011001011001111111111111111111100001000101100001100000010000001000001000101101111111110111100011011111110101101
3709492173892340440,20,meet_semilattice,1001111011111111111001001110111111011110111111111111111111100001111011111111111000001000010110011000000011100101100110000000101001011001100011011111111111111110000010101101100110000000000001000001000000001110111110011110000000000101100110000000000001001001100000001110111111011110000011101111111111100000000000000001000000000000000000011000000011101101100111100000100001011001101011111111111111111111
7530545858004180197,20,meet_semilattice,1010110101110011111111101101011100111111001000010010001100000011110101110011111000101101001100111010000001010000001100001111111101111111111100000001000000100000111111111111111111110010110101110011111000000001001000110000001001010011001110101111110101111011111110101101011101111111000000000000001000000000000100000011000000100101001000111010001011010011001111100010010100100011001000101101011100111111
-6175849539258296756,20,meet_semilattice,1100001000011100010001000010000110000100111000110111110101011111111101111111111111101111011111011111111001110111110111110000001000000000000011000011000111000100111000111111110111111100001101011101010011000011011111010101000000100001100001000000001000001000000001000010000111000100111011110111111111111100001100011101010011100011011111011111000000100000000001001110001101111101011111000011010111010101
-1666638283789486612,20,meet_semilattice,1111101010010111000101110010000101110001001100000000001000000001000000000000000000111010100101110001111111111011011101110011001000000010000111111011100101110111001100101001011100011111111111111111111111111011101101110111001100100001001100011111101110111111011100110010000101110001000100000000001000000011001000000011000111111111101111111111111110101001011101111111101010010111001100110000000000100001
5309339776821720939,20,meet_semilattice,1101000000000010100101000000000000001001111101010100001111110101000000000010100111111111110101111111110101000100001111011111011101010011111111010101010000111101111101111101011111111101000001000011110111111111111101111111111101010101001111111111111111111111111111110111010101111111000000000000001010000101000000000011100100000000000000001000010100000000001011011101000001000011111100000000000000001001
58626026748172336,20,meet_semilattice,1100101100110100111101001011001101001111111010111111110011111101101111111111111100001011000100000101110111111111111111110000001000010000000100000001000100000001110010111111110011111100101101110100111100001011001100001111000000000001000000011100101101111100111100001011000101000101110010111111111111111100101111111101111100001011000100001101000000110001000001010000101100010000111100000000000000000001
-2760277967242464551,20,meet_semilattice,1011101100011010110011111111111111111111001000010000000010000011001100001010100000111011000110101000101111110111101011000010001100000000100000000001000000001000101111111111101011011011101101111010110000111011001110101100001000110001101010000010001100001010100010111111111111101111001000110000001010001011111111111011110100000000000000001000001110110001101011001011111111111010111110111111011110101101
7476740016119852438,20,meet_semilattice,1000000100000000000011000001000010000001111000010000100000011111100100101100001111101001001010000011111111110111111011111111101101111110111100000001000000000000111110111111111111111111100101111110111111100001001010000011111010010011110000111000000100001000000111101001001011000011111110010011111011111111101101111111111111101001001111001011111000010000100001011110000100001000001110000001000000000001
-7555823642172236534,20,meet_semilattice,1001111011110101011111011111111101111111101111111111010111110001111011110101011100001110101000010111000001000000000000000000011000000000000010011111111101011111000001101000000101100000111011110101011100000110101000010111000001101011000101111101111111111111111100000110101101010111100111101111011111110000011000000001010010011110111101011111000001100000000001000000011000000001011000000110100000010111
-9067128163734863734,20,meet_semilattice,1111111001111110000001000000000001000000011100000000011000000101000000000110000001111110001111100000011101000001111000000111001000010110000011111111011111110010111111101111111000100111111001111110000001110100001111100000011100000001011000000100000000001100000000000000000001000000010000000000011000001111111001111111001011111111011111111010111111110111111101101111111001111110001011111111011111111011
-1399068659589971304,20,meet_semilattice,1111111011101011101101000000010000000000011101100100101100010101011001001011000101111110010010110001010001100100001000000100001001000010000011111111111010111011011111101100101100010000000001000000000001111110111010110001111111111111101110110100011001001011000111111111111111111111010000000100001000000100011001000011000001111110111010111011111111101110101111110111111011101011001101000110010000110001
-1242188877761412289,20,meet_semilattice,1111111000111110110101110000000001000101001100000000000000000001000000000000000001111100000011000101011101000000110001010111111000101110110111111111101111111111111111101011111011011111111111111111111100010000001001000101011101000011111011010011000000001000000000010000000001000100011101000010111001011111111010111111111101110100001011101101000100000000000001001111111010111110111100010000000001000101
-7490298077874160019,20,meet_semilattice,1110110111010111011101100101110101100110001000000001000001101111111111111111111100101001110101100110001001011101011001101110111111010111111100100001110101000110000000001001010000100010000011010100011011101101111101111111000000000001000000101110111111111111111100000000000101000010001000011101011001100010100111010111011111101101110101111111000000000000000001100000000000000000001000101001110101100111
-1700847780053349380,20,meet_semilattice,1000000000010111101011111000011111111011101110000111111110111001000000010111101010011000001111111011111111011111111110111111111111111111101111111001111111111011111110001111111110111001100001111111101110010000001111111011000000000001011100001000000000011111101000000000000001100000000000000000001000000000000000000111000000000000000000101010111111111111111111110000000000000010001010000000000111111011
7241963254729731456,20,meet_semilattice,1000000111101010100011001111111011111111111111111110111111111001111111101111111110001111111011111111100001011110101011011000011111101011111100000001111010100000000000001000101000000000000011101010000000000000001010100000111111111111111111110000000000001000000010000111111011111111000000000000101000001000010111101011111100000000111010101000100000011110101011011000010111101010111110000001111010101001
2123347252284507354,20,meet_semilattice,1000000000000000000011110010000010111111101100000000101000011001000000001010000111111111111111111111111101110000101111111011001000001011011110110001000010110101111101111111111111111111011101001011111111110111011010111111111101110111101111111000000000001000000111110111011011111111100000000000101000011011000000001011000110110010000010111111101100000000101101011011000000001011011110000000000000000001
-2555518757108869052,20,meet_semilattice,1100111111101101011001001111111011010110111011111110110101101111111111101101011000001010111001010100000001101110010101000000001001000000000000000011111001010100000000101100010101000000000001000000000000000010111001010100111111111111111111110000111011101101011000000010010001010100111111111110111101110000001001000001000011111111111011111111000000100100000001000000111011100101011011111111111011010111
-3711236029691309701,20,meet_semilattice,1110011111000101111001100001110001001110001000000000000000000111011111100101111001111111111001011110011001011100010011100110011111000100111000100001010000001110001000011100010011100010000001000000111001100111111001011110111001111111010111101111111111111111111000100001010001001110011111111110011111100110011111000101111000100000000000001000001000000000000011100010000000000000101011111111111111111111
8768853268029156074,20,meet_semilattice,1111111101111111111101111111011111111111001010010111011111010011100101110111110100001001010100101001001111010111111111110011111101111111111100000001010000101001111111111111111111110000000001000010000000001001011101111101000000010101001010010011100101111111111100001001010101101101000000000000001000000000100101010111110100000000010000101000000010010101001011010011100101110111111100000000010000101001
4896872656603558318,20,meet_semilattice,1111111111111111111101111111110101111111001100010000001000000001000100000010000000111101000100110010001101010001001100100011111101010011011000000001000000000000001111111101011101110011110101010011001000111111111101111111000100010001001100100011111111111111111100111111010101110110000000010000001000000001000100000011000000111111110101111111000100010000001101100001000100000011001000111111010101110111
-4651004950165648581,20,meet_semilattice,1111111011011110101101011000010111101010011111101101111010110001000001010010100000001000000100000000010111101101111010110101101001011110101111111111111111101111010110101101111010110000000001010000000001111110111111101011000000000001000000000001000001011010101000011000010111101010000000000101001010001111111011111111111100000000010100001000111111101111111011110001000001010010101001011000010111101011
-4047402070919242948,20,meet_semilattice,1100111111111111111001001000110110101010111011111111111111101111111111111111111000001000000100001000010011111101111111100100101111011111111001001001110110101010000010001001100010000000100011011010100001001111111111111110000000000001000000000000100000011000100001001001110111101010000010001001101010000100100111011111101000000000000100001000010010011101111011100000100011011010101011111111111111111111
6392612511613038754,20,meet_semilattice,1111111101000001111001100100010000000110001000000000000001000111111101000001111001101110010000010110000001000000000001000110011001000001011001101111010000010110111111111111101111110010010001000000011011111111011110011111111111110101000111101111111101001001111111111111011111111111111111110111101111110110010001000001011001101110010000011110000000000000000001000010010000000000011011111111010000011111
-3658312121363520543,20,meet_semilattice,1111101001011010011101010000010110000011011110100101100001110001000001001000001101011010010110000111111111101111111111110101001001011000001111111011111111111111011110101101101001110000000001001000001111111010011110100111000000000101100000110000000000001000001111111010111111110111011110100101101001110111101011011011011111111010111111111111010100100101100001110000000000000000001100000000000000000001
-4890710721318262507,20,meet_semilattice,1000010000001101100011111111111111111110101111110111111111101001010100001101100010011101010011011110000001000000000110001000011100001101100010000101000011011000101111111111111111101001010101001101101010011111011011111110100111110111111111100000000000001101100000000000000001001000100111110100111111100000000000000001100000000000000000001000100101010100110111101001010100001101101010011111011111111111
-9184545123312421008,20,meet_semilattice,1100100010010010110101000000000000001000111011101111111011111111111011111110111101001000100100101101110011101111111011111100101011111110111111101111111111111111010000001000000010001100100011110110111111001000101101101111010000001001000010011100100011111110111111001000100101101101010000001001001010011100111011111111111100000000000000001000010000001001001011010100000010010010101101000000100000001001
4366111798647829030,20,meet_semilattice,1111100010110110110101000000001001100000011110001010011010010101100010100110100101001000001001100000111111001011111111011111111011111111111111111111111111111111010010001010011000001111110011111111111100000000001000000000011110001011011010011111100010111111110100000000001001000000000000000010001000000111100010110111110101000000001001101000011110001011011011011111110010111111111101000000001001101001
7192712081811870714,20,meet_semilattice,1110000010011100010001100000100111000100001000001001110001001111111011011110011011101000100111000100111001001001110001001110111011011100011011111111110111100110000000001001100000001110110011011100011011111111111111101110000000000001000000000000000000011000000000000000100111000000111011101101111001101111111111111111111111101110110111101110000000001001110001001110110010011100011011111111111111101111
7541342908749339016,20,meet_semilattice,1011000111111000000111110111111111111111001100011111100000010001000010001000000011111111111111111111101101111111110001011011001111111000000100010001100010000000000000001000100000000001000111011000000000010001111110000000000100011001100000000000000000001000000010110011111111000001101101111111111001111011001111111101010110110111111111111111101100111111110001011011011111111100011100010001111110000001
-8219450263105592710,20,meet_semilattice,1000100000111111011111111111111111111111001010000011010100011011111101111111111100001000000100000000101011000011111101111010111001111111111110101111011111111111101011111111111111111010110001111111111100001000001100010001000000000001000000000000100000111111011100001000001101010001000010000011001100010000100000010001000110101100001111111111000010000011010101010000100000110011001100000000000100000001
3055779690696862873,20,meet_semilattice,1111111111111111111101111111111111111011001111111111111110110001110110110111100100001101101001011001000001011010000110000001111110111111100100000001100000000000000000001000000000000001111111111111101100000001101000001000000011011011010110010001110110111111100100000101101001011000000011011011011110010000000110100001100000000001100000001000011111111111111111110001111110111111101100000101101001011001
7821512525614081872,20,meet_semilattice,1010000000000000000111111111111011011111001000000000000000001011111101101101110100101000000000000000001001000000000000011010111101101101010110101101011001010101101111111110110111111010110001100100000100101000001000000001111111111111110111111010110001101101010110101000001001000001111111111111111111111010110001100101010110101111011011011101101011000110010001011010110101100101011100100000000000000001
3299418374389114331,20,meet_semilattice,1111111111111111111101101011001001100010001010110010011000100111111111111110011100001001001001000000011011111111011000110000101100100100000000000001000001000000011010111010011000100110101111110110001100000001001001000000011010111011011000110110111111111110001100000000000001000000000010110010011000000111111111111111011101111111111111111111011011111111111001110000101100100110001001101011101001100011
-3739217089275069504,20,meet_semilattice,1000000000000000101011111111111011101010101101010110111010101001010100101100101010111101011011101010000001000010010010101011111101101110101010000101001001001010101111011110111010101001010101101100101000000000001001001010111111111111111011100000000000001000001000000000000001001010100101010010111010101111111111101111111000000000000000001010111111111110111011100000000000000000001011111111111111101111
4480122387149540569,20,meet_semilattice,1011101111101110111111111111111011101111001100010100011001110001000101000100011100111011010011101111101111111110111011110011001101001110111100000001000001000010001100111100111011110000000101000100011100111011111011101111001110111111111111110001000101001100111100000000000001000000000000010000011001100011101111101111111100010001010001001111000000010000010001100000000000000100001000000001000001000111
914997180099017028,20,meet_semilattice,1101010111111111111101000000000000000000011101011111111111110101000100101111011001011111111111111111010101010110111101110101011111101111111101000001000011100000010101011110111101110101000101101111011001000000001011100010010101011111111111110100000000001110000001000000000001000000010000000000011000000100000100001111011001010101111011111111010000010000111001100100000000001110001001010001011011110111
908564230379479268,20,meet_semilattice,1001001001010001000111111111111101111111101101100111000100010001000001010000000110111111111101111111100101100101000100010001001001010000000110010011011100010001101101111111011111110000000001010000000110010010011100010001000000000001000000011011011101111111111110110111011101111111100100110111001100010001001001010001000110110111011100111011101101110111001111111011011101110011001100000000000000000001
6166109582921802418,20,meet_semilattice,1011111111011111111101111111111111111111001111111101111111110001000001010001000000011011110111111111000111111101111111110000001000010001000000010011010101110100000100101101011101000000000001010001000000011111111111111111000000000001000000000001001001011111010000010000010101110000000000000101001100000000000000010001000000010010110111111111000100100101011101000001001011011111011100010010110101110101
-2805803974386336123,20,meet_semilattice,1010100011111010011011111111111111111110001000000000000000101011110111111011111000101000010100100110101011011111101001101011111111111111111010101001111110100110001010001111101001100010000001010000011000101000011100100110000000000001000000100010100001111010011010111101111111111110001000000101001001101010110111111011111010101101111110101110001000000000000001100000000000000000001011111111111111111111
7226851500742655411,20,meet_semilattice,1000000000010001011011111111111110111111101111111111101111111001100110111001111110001000100100011110100111111111101111111001101111111001111110001001101110011110100000001001000111101000100111111001111110001000101100011110000000000001000101101000100010111001111010111111111111111111100110111111101111110000000000000001000010000000000100011110000000000000000101000000000000000001011010001001101110011111
5600335833483382770,20,meet_semilattice,1000000000000000000011111001001111111111101010010001011101011011100100111111010110001000000000000000101011010011111101011111111110111111111110001001000101100001111111011011111111111111111111111111111110101001001101110101100010000001011000011010100100111111010110001000000001100000100010000000001000001000100100010111010110111001001111111111100010010001011001011010100100010111011110001000000001100001
8493680053774360271,20,meet_semilattice,1111011111111111111101100000000000000110001000000000000000100111000001000100011101111111111111111111011101111100010111110111001101000100011101110001010001000111011100111100010001110110000001000000011101110111111111011111011100111101010111110111011111011101111101100000010001000111011101111111111111110111001111000101111101110011110001001111001000000000000001100000000000000000001000100000000000000111
-6473184807543061527,20,meet_semilattice,1100010101110111110101000101000001111100111111111111111111011101110111111111110111001101111111111101000001010000001111001101111111111111110100000001000000101000010001011111111111010100010101010111110101000101011101111101010001010001011111010100010101011111110100000001000001101100000000000000001010000000000100000011110000000000000000001000000000010000001011001101110111111111111101000101000001111101
1046617661552090331,20,meet_semilattice,1111110111111110101101111101111111101011001111011111101010110001100100101010100000001000001000000000000111010010101010000111111111111110101100001001001000000000000111011010101010000001100101101010100000000000001000000000000110010111101010000000000000101000000000111101111111101011000010000010001000001111111111111111111100001001001000101000111111111111111011110001110111111010101100011101111110101001
-1482003835866025979,20,meet_semilattice,1111111111011100011101000100000001000000011011010000110000000111110100001100000001001100000011000000000001000000000000000111111100001100000001000101000011000000011111111100110001010111111101001100010011111111111111011111011111111101110001110100010000001100000000000100000001000000111111111111111111111111111111011101111101111111110011001111011111110000110001000111111111001100011101111111010011000101
8737164283211194039,20,meet_semilattice,1111111110101111111101101110101010110110001001000000001000000111111010101111111000101110101010110110000001000000001000000010011000001011011000100111101010111110001001101010101101101111111111111111111100100100001010110010111111111011111111110010010000001010001000101110101011111110000000000000001000000010010000001011001000100110101010111110001001000000101101100010010000000010001001111111101011111111
2541670840638702895,20,meet_semilattice,1000000000000000000011000100011001000101111001000110010001111111111001101110011111101100011011100111100001000000010000001110111001101110011111111111011011110111111111111110111101111000000001000100010010000100011001000101111111110111111111111110010001101110011110000000000001000000111001000110011001111111111001101111011111111111011011111111100000000000010001001100010001100100011110000100010001000101
697203962541185547,20,meet_semilattice,1000010100000100010111110111111011011111101001110000010001111011011111101100111111111111111011111111000001000000010001001000011100000100010100000001000001000101101001111100110011111010011101001100111110100111111011001111111111111111111111111010011100001100111100000000000001000100111101111110111111111011011111101101111110100111000001001111000000000000000001000000000000000100011100000000000001000101
-9212387190240105412,20,meet_semilattice,1100111001010100110101000000010000000000111111111111111111111101111001011100110101001110010001000100010001100100000000000100001001000000000011011111010111101101110111111111111111110000000001000000000011011111011111101101010011100101010001011100111001011100110101000110010001000000110111100101111011011101111001011111110101001110010101001101010001100100010001001101111101111111111101001110010001000101
1477805484327298915,20,meet_semilattice,1100111000000010101001001110000000001010111111111011011111111101111000010010111000001110000000001010000001000000000010000000011000000000101011011111000100101110110111111011011111111101111001110111111111011110001100101110010011100001000010101101111111111111111111011110001101111111010011100000001010101101111000010011111100000000000000001000110011100001001011100000010000000000101011011110000100101111
-1538200415987715197,20,meet_semilattice,1010000000000000000011100100010011000111001000000000000000001111011001101110011111111111011011110111101001000000000000001110011001001100011111110111011011110111111111111110111101111010000001001100011011100110011011100111111111111111111111111010000000001100001000100000000001000010111001100100111001111110011001001101011111111111111011111111101000000000110001100010000000000000001010100100000011000111
5871163730070657443,20,meet_semilattice,1111111111111111111101110111111110111101001000000000000101000011000101001011010000111101111110111101001101010111101111010011011111111011110100100001000000010100001101011111101111010010000001000001010000110001011010110100001100010111101111010010000101001011010001110111111111111101001000010100001101000000000000000001010000110001011010111101000000000000000001000111011111111111111100110001011010110101
-4970081469732101304,20,meet_semilattice,1000000000000000000011011010011100010101111110101111111101111001101001010001010110001010010100000001110111100111001101111000001000000000000011111011111111110111110110101111011101111000000001010000000010011010011100010101100000000001000000001101101001111001011111011010011101110111110110100111001101111000101001010001000111111011111111111111100010100101000101011101101001110001011110000000010100000001
-70168995062138648,20,meet_semilattice,1111111111110111111101011110111101011111011111111111011111110001000000000000110100011110100100001111000001101001000011110000001010000000111101011111111101011111000000001000000001010001111011110101111100011110101100001111000000101001000011110101111111111111111100011110101101011111010111111111011111110001000000000001110100000000000000001101000000000000000001010000000010000000111100000000000000000001
-3517747087582241112,20,meet_semilattice,1001001110000111100111111111101111111001101110111010111110010001000110000000100010011011100001111001100111111010111110010001001110000010100000000001100000000000000000001000000000001111111111111111101110011011101011111001101111111011111110011001001110001111100100010011100001111000000100011000001010000001001110000011100000000001100000001000111111111111111111111111111110111111101100010011100001111001
2849170227950245865,20,meet_semilattice,1000100000000110000011001000000001100000111010000000011000001111101110111111111100001000000001100000111011111101111111111110101110001111010111101001100001110101111010001000011101011110101111011111110111101011101011110101111010111001111111011110100110001111010100000000000001100000000000000000001000001110100000000111000011101011100011111101111010000000011101011110101110011111111111101000000001110001
-3894365094605810147,20,meet_semilattice,1000000000000101000011111001101111110010101000000000010100001011100000001111000010101000000011110000111111111011111110111111101110111111101010111001000111110010101110001001111100101111111111111111101110111001101111110010101110000001111100100000000000001101000000000000000001000000100000000000111100000000000000000101000011111001101111111010111110111011111111101011100000001111001011111011101111111011
1499863052527629452,20,meet_semilattice,1100000000000000100001000000000000001000111100010001000110111101000100010000101011111101000111011111111101010001000110111111011100010001101100000001000000001000111101011001110111111111110101011101111111111111111111111111110000010001000010001111000100011001101111110101000111011111111111111001111111111101000100010001101100000000000000001000111101010001100111111100000100010000101011010001000100001011
-6421942501738569315,20,meet_semilattice,1101011011101111111001000000010000010000111101101110111111100101011001101001101011111110111011111111010001000110100110100100001001101001101011110111111011111111010101101110110111100000000001000001000001000000011010010000111111101111111111110100000001001001000001000100011011011010010101101110111111100000000000000001000001000000011010011010010101100110110111100100000001101001001011110110111011111111
-5918795432573622074,20,meet_semilattice,1101011111101011111101000000100010111110011111111110101111110101000110101011111001011011111010111111010101111110101111110101001110101011111101000001101010111110000000001000100101000101001111101011111101000000101010111110010101111111101111110000000000001001000001111111111111111111000000001000101101000000000000000001000000000000100010111100000000000000100101000000000000001001001001010001101010111111
-9141718899958078510,20,meet_semilattice,1101011100110110101101000000000100000000111101110011011110110101000000010110100011111111001111111011010101000001011010000101011000110110100001010111001101101000111111111011111111111111111101111111111101010100001101101000000000000001000000001111011100111111101101000000000101000000010000000001011010000101000000010111100001000000000100001000111111110011111111110101011100110110101101010111001101101001
-6443549786849082563,20,meet_semilattice,1101001000010001100001000000000100001000111111101101010110110101000000010001100011011110110101011011110101100001000110100100001000010001100011010111110101011011110101101001000110111101011011010001101111111111111111011011000000000001000000001111111111011101101111010110110101011011111111111101111110110100000000010001100000000000000100001000111111101101010111111101001000010001101011010110000100011011
-6576618336353131012,20,meet_semilattice,1000000000010000000111001100111111111011111111111111111110111101110011111111101110001100000110010011100001000001100100111101111011111111101111011111111111111011100011001111111100111000110001111101001110000100001110010011000000000001000000011000000000011000000110001100001111010011100011000111111100111000000000011001001110001100111111111011110111111111111111111000000000011000001100000000000000000001
-2716402875856419952,20,meet_semilattice,1111110101110111101101011100000000010011011111010101011110110001110000000001001100001000000000000001000011000000000000110111111101111111101101011101000100111011111111111111111110110101110101010011101101111101011101111011010111000001000100110111110101111111101101011101010101111011010111000001001110110000110000000001001101011100000100011011011111010111111111110000000000000000001100000000000000000001
-4926896966641213026,20,meet_semilattice,1100100000010100101001001000000001000000111110000001010110111101100000010100101000001000000000000000111111001011010111111111111011111111111111111111111111111111110110001001010110111111110011111111111111111000101101011111010010000001010010001111110010111101111100001000000001000000111111001011111111111101100000010101101000001000000001001000111110000001010111110100100000010100101011011000000101011011
-7245626181650377640,20,meet_semilattice,1011011111111001111111111111111111111111001101111111100111110001011111111001111110111111111110111111000001101000100101110000001010000000011100000011110010000111000000001000000001000000001011000000011100000111111010010111000001111111100111110000001010001000011110110111111111111111101101111111101111110000001010001001011100000111111010011111000000000000000001000000000000000000011000000000000000000111
8439456368981192229,20,meet_semilattice,1010010000000001000011100101000000010000001001000000000100001111111101011111011111101111010111110111000001000000000000001110011100000001001010100101000000010000111111111101111101111110011101001001011011100111011111110110111001110101101101101110011100001001011011100111010111110110111001110100101101100000010000000001000011111111010111111111111001010000000101101110010100000001001011100111010111110111
1024383652636485227,20,meet_semilattice,1111111101101011111101100001000010000111001000000000000000000111000101101011011101111001011010110111011111110110101111110111101101101011011100100001000010000001111111111111101111110110000101101011011101100001001010010111011111110111101111110010000000001000000011111111011011111111001000010000101001110010000100001001010101111011011010111111001000010000100001010010000100001000011100100000000010000001
3168142908622724281,20,meet_semilattice,1010000001011000000111100110111110011011001000000100100000011111111111111011111111101110111110011011101001100101100000011010001001011000000111101111111110011011101001101101100000010000000001001000000110100110111110011011000000000001000000010000000000001000000111111111111111111111111001101111101111111010011011011001001110100110110110011011111001101111100111111010011011011000001100000000000000000001
1641031631856550923,20,meet_semilattice,1000011000100011100111111111111111111111101001101111101111111011111011111111111110101110111110111111000001100010000100000000001000100001000010111111111111111111100001101011001111111000011011111011111100000000001000010000100001100011001110111000011010111011111110101110111111111111000001100010001110010000000000000001000000000110001000011001100001100011001111111000011000100011101100000110001000010001
-7088738044786547852,20,meet_semilattice,1010100000011000000011111111011111100010001010000001100000000011100001011100001000001000000110000000101111000111111000101011111001111110001010111111011111100010101111111111111000100000100001011000000000000000001100000000000000000001000000000000000000011000000000001000010111000000001110000111111000101111111101111111001111111111011111101011111111111111111111110010100001011100001011111111011111100011
2548684764199042466,20,meet_semilattice,1101100111111011111101011000111110011101111111111111101111110001100011111001010100001000010110010101110111011111101111111101111111111011111100011001111110111111000010001101100101010000000001011001010100001000111110010101000000000001000101000000000000011001010111011111111111111111000110001111101111010000000000000001010000011000111110011101000000000000000001000001100011111011111100000000000100010101
-2227801380828729835,20,meet_semilattice,1000000000010000000011111110010110110011101000000001000000001011011001011011001110111110010110110011101001000001000100011010001001010001000111111111011111111111111111101111111111111010000001010001000111111110011110110011000000000001000000001010011001011011001111111110011111111111101001100101001100011010000000010001000011111110011110111011111111100101101101111010011001010011001110100000000100010001
-831514367540162012,20,meet_semilattice,1000000000000000010011100000000010000111101000000000000001001111010000001101011111111110111111111111111001000000100001111111011011101101011111110111111111111111111001001000110101111111010001101101011111110100001011010111111101101111111111110000000000001000010111100100000011010111111101101110111111111110010000001001011111110110111011011111000000000000000001001010000000001000011100000000000000000101
-7631768620363561278,20,meet_semilattice,1000010011110111000111011111111111110111111111111111111101111001010011110111000110011100111101110111000001001100011100011001011011110111011110011111111111110111000000001100010100010000000001000100000000000000111001110001000001001111011100011001111011111111011100000000000001000000000000001100011100010000000001000101000111111111111111111111100101001111011101110000010011110111001100000000010001000001
-9145427250070773522,20,meet_semilattice,1111111011011111111101010100010000000101011111101101111111110001000001000000010001011100110111100111000101000100000001010101111011011110011111111111111111111111010101001101111001110000000001000000010011111110111111111111010101000101110001110001010001001000010100010100010001000101010101000101111001110101010011011111011101011110110111111111000000000000000001000101010001001100011100010000010000000101
3809370879922812796,20,meet_semilattice,1111111111110110111001111111111101101110001100010111001001000001000000000000000000111011111101101110001111111111011011100011001101110110111000010001001100100100000100011011001011000001000101110010010000010000001000000100000100000011001001000011111111111110111000110001011101101100000100000010001001000011111111111111111000010001001100101100000100000000000001000011000101110110111001111111111101101111
4977823263915732434,20,meet_semilattice,1000000001000100000011111111111111111111101101000101011100011001010001000101000110111110111101111111100001000100010100001011011011110111111110111111111111111111101101001101011100010000000001000000000010110100111101111111100001000101010100011011111011111111111100000000010001000000100101000101011100011000000001000101000010110100110101111111101101000101011101011000010001010101001110000100010001010001
-5831992187040300877,20,meet_semilattice,1110110010011101111001101000100100011110001010000000000000000111110011011111111000001000000000000000011011001001100111101111111011111111111011111111111111111110001010001001000110100110110011011111111011101100101111011110001010000001000000000110100010011001111001101100100111011110011011001001111111100010100000010001000000101000000000001000001010001001000111100010100000010001101011111110111111111111
-8859769057460060140,20,meet_semilattice,1111010001100111000001100000010000000000001000000100000000000111000001000000000011111110111111111111011101000110011100001111011011110111011011110111111111111111111101001111011100000000000001000000000001110000011001110000111101000111011100001111011011111111111101110000010001100000011100000100001000000111000001000001000011110110111101111111111101001111011101001111010011110111011011110110111101110111
-8240194545256929670,20,meet_semilattice,1001101111110111010111111011111111111101101110111111111111010001000010000111010100001000110001110101111111111111111111110000101111010111010100001001110001110101000000001000011001010000000011000111010100011011111101110101000010011101011101011001101111111111010100000000000001000100000000000000001001000000000010000111010110011011111111111101000000000000000001001111101111111111111100000000000000000101
-1722712432399393223,20,meet_semilattice,1101111111010010001001010010010000100000111111111101011000100001000001000000000001011111110100100010010101111101001000000001001001000010000001010011010100100000010100111101001000000000000001000000000011111111111111101111010100100101001000001111111111011110011001011111110101100010000100000100001000001111111111111111111111111111110111101110111111111101011001100101011111010010001011111111110111101111
-6846877855002406832,20,meet_semilattice,1100011010001101111001000010000010011110111011111111111111111111111111111111111101001010000010011110010001101000100111100000001000001000111001001011100110011110010000101000100111101100111111011101111001000010001010011110010010101001100111100000000000001000111001000110100011011110110011111111111111110000000000000001110000000000000000001100000000000000000001000000000000000000111011001111110111011111
-9072082173823398343,20,meet_semilattice,1010000111111100111111100001111111101111001000011111100011111111011111111110111111111111111111101111101001011111110011111010011111111110111100000001111110001101000000001010000010000000000011111000110100000000001000001000000000000011000010000000000010111000100100100001111111001111101000011111111011111111111111111111111100000000000000001000000000001011100011010000000111111000111100000000001100001001
5865864220279950793,20,meet_semilattice,1111111111111111111101111111000010001010001111110000100010100001111100001000101000001111000010001010000001110000100010100000001100000000100000000001000000000000011111111111110110110111111101111101101101111111001111011011011111110001110110110000001100001000101001111111000011011011011111110011111111110111111100001001101100000001000000001000011111110011110111110000000100000000001001111111000010001011
-1016137926729521950,20,meet_semilattice,1000000001010000000111010100110101100001111111101111111111111001000001010000000111011100110111111111100101000101001000011101111011011111111111010101111111111111100101001101011000010000000001000000000111010100111111111111000000000101000000011101010011011110111110010100010101100001100100000101001000011101010011011111111111010100110101101111110101001101011001111101010011010110001100000000000000000001
6763100124560497531,20,meet_semilattice,1000000000100011000111111000101011110011101110001010111100011001000010101011000110011000101010110001111111101111111110111011101010101111001111111111111111111011100000001010001100011011101011101111001100000000001000110001111110101111111100111000000010101011000110011000101011110001000000000000001100010000000000000001000010111010111011111011111111111111111111111011100010101111001100000000000000010001
8324205661759683550,20,meet_semilattice,1101010110101111111001000000000000000000111101011110111111110101010110101111111011111111111011111111010001011000010011101111011111101111111101000001000000000000010000011000010011100101010111101111111001000101101001011110110101011011111111110100010110101111111001000001000001001110010001011010011111100100010110000101111001000001000000001110010000010000000001100100000100000000001011010101101011111111
-3939406129747297229,20,meet_semilattice,1110111010111010101001101110101110101010001010100010001000000111111010111010101000001000001000000000001011100010001000100000101000100000000011101111101110101110000010101010001000001110111111111011111000000000001000000000001011101011001010100010111000101010001011111111111111111110000010100010001000001110111110111011111000101110101000101010111011101011101011100010101000100010001001111110101110101011
-6642694748200749388,20,meet_semilattice,1100000000010000000001000000000000000000111111000101011011111101110000010000100011001100000100001000010001000001000000001111111111011110111111111101110111101111111111001101111011111101110001010000100011111100111111101111010000000001000000001111110001011110111111011100010101101011110111000101001010001111110011011111111111000100000100001000110111000101001011001101110001010010101011011100010100101011
-892816484131066480,20,meet_semilattice,1001001011101110010111011011111011111111111110111110111111110001001011100110010110011011111011101111111111111110111111110000001011100110010110010011111011100111000000001010001001000000000001100010010000000000001000100100111110111111111111110001001011101110010100000000111001100101000000000000001001001001101111101111111110010010111011101101000000000000000001001001001011101110011100000000111000100101
6271869771037010187,20,meet_semilattice,1000010000000001010011000110111111111101111111111111111111111101111111111111110110001110111111111100000001000000000101001000011011111111110011001111111111111101000001001010100101001000010011111111110000000100001010010100100001000011100111000000010000001001010010000100101111111100100001001011101111000000000000000001010000000100001010011100000000000000000001001101111111111111111110000100111111111101
-7365570672056302231,20,meet_semilattice,1001000000101000100011011000101010001000111110111111111111110001000000000000000010011000101010001000110111101110111110111101101011101100101011011011111011111111100100001010100010001101100011101100101000010000001000000000110110111111111111110001000000101000000011011000101011001000110110101110111110111101100011101101101000010000001010001000110110101110111111111101100010101000101011011010111011011011
3862026893629853760,20,meet_semilattice,1000000000010000010011000000010101000111111110110111110001111101101101111100011111001001010111000111110111110111110011111100101101011100011111000001010111000111111110111111111011111000000001010000011011001011011111000111000000000001000001001100000001011100011110000000010101000110110110110111111011111100101101111101011111011011011111001111000000000000000001001000000000010000011010000000010101000111
4487035970316150133,20,meet_semilattice,1001110110100011011011011101101111110110101111011011111101100001000000000001000000011101000000010010000101010000000100001111111111111111111100010001000000010000000111011010001101101111110111111111111100011101001000010010100111011011111101101001110110101011011010011101101011110110000111010010001101100000000000000001000010011101101111111110000111010010000101100001010100000001001011011101101111111111
-5423797584932362559,20,meet_semilattice,1110100000111011010001001000001110110000001000000001001000001111100010111011010000001000000100100000111111011011111101001111111110111111010011111001101110110100111010001011101101001111100011111011010000000000001110100000000000000001001000000000000000011010000011111000101111110100000000000000001000000000000000011011000011111101111111111110011010000011101101001111110111111111011011111111111111110111
-6646784786957749677,20,meet_semilattice,1111101011011111111101000000100100000111011100001001100101110101000010010000011101111000100111111111111111111111111111110111101011011111111111111011110111111111000000001000000001000111100011011111111111111011111111111111000000001001000001010101000010011000011101010000100111010111010100001001111101110101000010011001011101010000100111111111000000000000000001000000000010010000011100000000000000000101
-4861210262724892120,20,meet_semilattice,1110101010011110110101101010100111101101001000001000000000011111111111111111111100101010100111101001011011101001111011010000001010000110000101101111100111101101000000001000000000011110111111011111111101101110101111111111001000101001011000010010001010011110100100000000100001100001000000001000001000010110111010011111110100100010100101101001001000101001111011010110111010011111111100000000000000000001
146867873539573027,20,meet_semilattice,1001010000001100100101010100000011010001111101000000110110010001000000000000000011111110000011011101000101000000100000011111011000001101100111111111110011111101111111101100110111011111111001001101110111111111111111111101111111111101111111010001000000001000000000010100000011000001111111101100111111010001010000001101000100010100000011001001111101100000110111011111111111111111111100010000000010000001
6490956155477578931,20,meet_semilattice,1111100001011001111101011000000010011011001110000000100110110001000000000000000000011000000000010001111111101111111111110111101001011001111101111011010110111111111110101111111111110111100001001001101111111010011111011111011110000101100111110001100000001001101111111010010111011111011110100101101111110001000000000001000000011000000000011011011110000100100111110001100000000001001100010000000000010001
-984391161067805635,20,meet_semilattice,1011101111111111111111111011111111111111001110000110010101110001000000000000001000011000010000010111001111111111110111110011101111111101111100011001111001010111000110001110010101110001000001000000011100011000011001010111001110011111110111110001100001101101011100011000010001010111001110111111111111110001000001000001011100111000011001011111000100000000000001100000000000000000001000010000000000000111
-7356944768038905956,20,meet_semilattice,1111110011011111111101000000000000000000011011001000001111100111110011011111111001001000100000100110010011001000001111100110111011111111111011111101110111111111010000001000001000100110110011011011111001101100111111111110011011001001001111100100100010001011111001101100110111111110010000000000001000100100100010000011011001001000100000111110010000001000001001100100000000000000001001111100110111111111
-2956504722136821299,20,meet_semilattice,1110111111111110111101000000000000101000011010101111101010101111111111111110111101001010110100101010011011111111111011110100001000010010100001101011111110101011010000101001001010100100001011010010101001001010111100101010000000000001001010000100101011111010101001101011111111101011000000000000001000001111111111111111111100000000000000101000011010111111111011110100001000010010101001101010111110101011
-4040225454653490310,20,meet_semilattice,1111011011111111110101000000110110110101011000101111111101010111001011111111010101001000111111110101011001101111111111010100001011111111010111110111111111111101000000001001000000000000000011010011010101000000111111110101000000000001000000000000000011011011010101000000110111110101000000001001001001000000000010010011010101100010111111111101000000000001000001001111011111111111111100000000100100100101
-1210097035019434541,20,meet_semilattice,1010000000000101000111101111111101110111001000000000000000001111111111111111111110101000010101010001101011100101010100011010101001010101000110101011010101010001101011111111011101010010000001000100000110101011011101010001001000000101010000011110111111111111011100100000000001000000101011100101011100010010000000000001000011101111111111111111101011110111011101011010111111110111011100100000000001000001
-4210763643500570362,20,meet_semilattice,1000100011000000000011101100110010010111101011001100100101011111111111101011011100001000000000000000100011001100100101011110111111101011011111101101110010110111000010001000000000000000100011000000000011101101111010110111111111111111101101111000100011001000000011111111111111110111111011001100101101111000100011001001000011111111111010111111100010001100100101011010110011001001011110001000110010010001
1889343624670456539,20,meet_semilattice,1000000000000000000011111010011111111110101010000100000000101001100001000000101010001000000000000000111111100111111111101001101001010000111011111111011111111110111111111111111111111000100001000000001010111010011101001110100010000001000000101011101001111111111010111010010101001110101110100111011011101011101001110111111010001000000000001010100110000101000011101000100000000000001011111111011111111111
-5645262521834457116,20,meet_semilattice,1111111111110011111001111111101100011010001101011011000110000001010110000001100000111101101100011000000001011000000110000011111110110001101000000001100000010000000000001000000000000111111111110011111000000101101000011000000001011011000110000111111111111011111001111111111111111111011111111011001110100000000010000001000000000000100000011000011111111011001111100000010110100001101001111111111110111111
-9025561528300863811,20,meet_semilattice,1100100100100100100001000000001000001000111010010110110010101111100101101100101101001001001001001000111011010110110010101111111101101101101101000001001001001000111111111110111110111100100101101100100000000000001000001000111111110111111110111100100100101100100001000000001001001000111111110110111110111110100101101101101100000000000000001000111111110110111111111100100101101100101011101001011011001011
4817852101988085480,20,meet_semilattice,1000000010000000001011001001101100011111111011111111001111111111111111110011111110001000100000000010110011111111001111111100101110110011111110001001101100011110000000001000000000101100100111110001111110000000101100000110100000001001000000101110111111111011111111111111111101111111110010011011001111111000100010110001011010001000101100011110100000001000000001100000000000000000001010001001101100011111
-5845119948372621928,20,meet_semilattice,1000000001000000100011001100111100101100111011001111001111101001000001000000100010001100011100001000100001000110000010001110111011111011111011101101111110111110100011001111000011000000000001000000000010000000011000001000100001000111000010001110110011111011111011101110111111111110100011000111001011001100110011110011111000000000010000001000100011000111000011001100110011110010111011101110111111111111
-9185084371721321750,20,meet_semilattice,1000101001110010000011011110111100100100111111101111001001101001101011110010010000001000000000000000100111101111001001000000101000000010000011111111111111111110100010101111001001000000100001000000000000001010011000100000000010100111001000001111111011111111111011111110111101110110000010000000001000001111111011110011011011111110111100111110100010100111001001001101111011110010011011111111111111111111
7112519743602912145,20,meet_semilattice,1000001000111000100011111111011111011110101111100111100011001001001001111000110010011110011110001100100101100111100011000000001000110000100010111111011110001100111111111111110111101000001001111000110000000000001100001000000000000001000010000000000000111000100010111111011111011100111111111111111111101011111001111001110000000000000000001000100000100011100011001001011001111000111011111111111111111111
6311360960897576264,20,meet_semilattice,1001100110110001111111011011111100011111111110111111100111110001100100100000000000001000000000000000110111111111110111111001101111110001111100001001000000000000000110011011000111111001100111110001111100001001001000000000000110010011000111111101101111111001111111011011111111011111110111111111111111110001100100100001000000011001001000011100000110010010000101000001100100100001111100011001001000011101
426060838613265650,20,meet_semilattice,1011110011110111001001111110111101110111001000000000000000000011000001100000000000111100111101010010001101001111010100000011011011110101001011111111111111111111001100001110010100000010000001100000000000100000001000000000001100001111010100000111111011111111111100110000011001010000001111001111011100100011000001100001000000111100111101011010001111101111011101110011010011110101001000111110111101110011
-5547238945426482576,20,meet_semilattice,1000000010000010100001000000100001101000111101101101111011111101010011010110110011111110111111101111110001001101011011001101011011011110110111110111110111101111000000001000000010001000000011000010110011110110111111101111110000001001011011001101010011011110110100000000100001001000000000001000001010001111111011111111111100000000000000001000100000001000001011001101011011011110111111010100110101101101
-5572059829070418191,20,meet_semilattice,1000000001000001000011011110111100110111111111101111101101111001000001010001000010011000110100010001100111001111000100111001111011110001011111111111111111110111100000001101000100000000000001000000000010011000111100010001100000000101000100001101111011111011011110011110111101010111100110001111001100010000000001000001000011011110111110111111100111001111000101111001000011010001001110010000110100010001
-3419275144735186183,20,meet_semilattice,1111110110111111111101000000000000001000011000000000000010100111110110111111111101101100000000001010011001000000000010101111111111111111111101101101000000101010011011011010101010111111110111111111111101101101001000101010011011011011101010110110110100101010101101101101101111111111011001000000001010100110110110111011101100000000000000001000011011011011101111110100000000000000101001101101001000101011
3265912968667692690,20,meet_semilattice,1111011111111011101101110101010100000001001000000000000000000011010000000000000011111111111111111011001001000000000000000111011101110000101100110101000100000000011101111111000010110011010101010000000100110101011100001011001101000001000000000111011111111010101111110111111111111011011101111111001010110111011111110011101100110101000100001011111111111111111111110011010100010000001000110101000100000001
-8474258111394378572,20,meet_semilattice,1101110011101011000001000100000000000000011111001111101100000101110011101011000001001100111000110000000001000000000000001111111111111011101111111101111110111011010001001110000000000100010001000000000001000100011000000000010111001111101100000100010011101011000011111111111111111011010001001110001000000100010011100011000011011100111110111011111111111111101111111101110011111011001011011100111010110001
5899395666387195937,20,meet_semilattice,1111111111111111111101000010010010010110011110111101111111100101101001001001011001001010010010010110011111111111111111110000001000001000000001011011010111110110010110111101111111100000001001001000000001111011111111111110010110100101100101100000000000001000000001000010010011010110010110100100101101100000001001001001010001011011010111111110000000100100100001000000001001001001011001111011110111111111
7921475306862724987,20,meet_semilattice,1111101000100100001101000000000000000000011000000010000000110111000000100000001101111000001000000011111111110010111101110111101000100100001111111011001001000011111111111110111101111111111101101111011101000000001000000011111111110011111111111111101100101110011101111000001001000011111110110010011001111111101100101111011111111111001011111111111110110010010001110100000000000000001001000000000000000011
-1650001553978210982,20,meet_semilattice,1110100010111101111001001000100100000100011010001001100011001111101110111101111000001000000000000000111111111011111111100110101010111000110011101011101111011110000010001000000001001111101111111101111001101000101110001100000010001001000001000100100010011000110001101000101111001100111110111011111111100110100010111101110001001000100100001100000010000000000001000110100010111100111011111011101111111111
-6302928415461742668,20,meet_semilattice,1100010100100001100001000100001000011000111001010010100110101111011111111011111111111111111110111111000001000000000010001110011110111001111000000101001000011000111001011011100111101110011111111001111100000100001000011000111001010011100110100100010000101001100011110111111111111111111001111111101111110000010000000001100000000000000000001000010001000010100111000100010000101001101011100111101110011111
8769291772231641257,20,meet_semilattice,1101110010011100010001011000100110000100111111001111110001000001100000000000010000001000000000000000010111001001100001001111111111111111111111111101111111011111000110001000100001001101110011111100010011011100101111000100000110001001100001000001100000001000010001011100100111000100111111011111111111111111110011111101110111111100111111001100000010000000000001001111110011111101111111111100111111001101
8249379737567352108,20,meet_semilattice,1000000000000000000011110111111111111111101000000000000000001001000000000000000011111111111111111111101101000111010010001011011111111101100110110101111101011001101101001111010010001011000001110000100010010000001100000000100100000001000000001011010111111101100110110000000101001000101101111111111110011011010011110101100010110000000100001000101101111111111111011011011111111111111110110100111101011001
8619090674441022861,20,meet_semilattice,1000000001000000000011101000110010101011101000000100000000001111100011001010101110101000010000101011111111011100111010111111111111011110101111111001110011101011101010001100001010110000000001000000000011111001111011101011111111011101111010111010100011001010101111101000110011101011101000000100001010011111110111011111101110100000010000001000111110011110111011111010000001000010101110100000010000000001
7216580224281221496,20,meet_semilattice,1000011000010000000011110110010110100010101001100001000000001011011001011010001011111111110111110111000001100001000000000000001000000000000011110111110111110111111101101101111101111010011001011000000011111111111111111111000000100001000000001010011000011000000011110110010111110111101001100101101000101111011001011011011110100110000110001000101001100101100001101010011001011000001011110110010110100111
-5888235499599358339,20,meet_semilattice,1010101000001110101111101010111111101011001010100000111010011111101011111111111100001010000011101001111011101111111111110000001000001000100011101111111111111111101010101111111010111010101001011110101110101010011111101011101010100001111010110000000000001000000000000010000011101001000000000000101010001110101011111111101100000000000010001000111010101111111111110010101000001110101100000010000010101001
-3086343822903000701,20,meet_semilattice,1011110111111111111001111111111111111110001110011111110000100001000000000100000000011000100001000000001111011111111111100011111111111111111000011001111111000010000100001000010000000001100011010100001000011000101101000010000110001001010000100001100011111100001000000000000001000000001110011111111101100011100111111101001000111001111111111110001110011111110001100001100010000100001001111111111111111111
3249336046824828701,20,meet_semilattice,1000000000000000000011011100000100001110111111010111101111111001010000000000000010011100000100001010100001000000000000001111111101111011111111011101010110101111111111111111101111111101110001010000111011011101011110111111100101000001000000001101110001011010111111111101011111111111110111000101001011111101110001011011111110010100000000001000100111000001000011101001010000010000001011011100010100001111
8391521013883738681,20,meet_semilattice,1101110111101111111101011101111011111111111111011111111111110001000011000111000100011101111011111111000001001100011100011111111111111111111100010101111011110101000000001100011000000000000001000110000000000000111001110001110111011111111111110000010011101111010100000000000001100000000000000000001000000000000011000111000100010101111011111101000001001100011101010001010111101111111100000000110001100001
4366907031714557371,20,meet_semilattice,1100000000110000011001000000000000000010111000001011100101101111111011111111011111001000111110010110111011101111111101111110001010111001011011111111111111110111110000001011000001101100000011111001011001000000001100000010010000000001000000101100000010111000011011000000111111010110111010101111111101101100000010111001011011101010111111111111010000000011000001100000000000000000001011101010111111110111
3935551753018462635,20,meet_semilattice,1000000000100001000111101011111111111111101000100010000100111011111111111111111110101011111011111111101011111111111111111000001000100001001110100011011000010011101000101010000100111010001001100001001100000000001000000000101010111111111111111010001101101001001110100010101001010011101000110110101100110000000000100001000110100011111001011111101000101010000101111000000000100001001100000000001000000001
8789182989870719961,20,meet_semilattice,1111110111111100011001010100001100000000011101000011010000000001000000000000000001111101111101000110000101000010000000001111111111111101011000010001001000000000011101001011010001100111010101110100011000010000001000000000000100000001000000000111010101111100011001010100001101000000011111011111011011110111010101111101011001111101111101001110011101000011010001000111010000110100011001111101111101001111
-7786253353697668839,20,meet_semilattice,1000000000100000010011111111011111111110101000010010000001001011111101111111111010101101001010011100101001010010100101001010111100111011110010000001001000000100111111111111111111101010111101111111111000000000001000000000101011010011101111001010000100101001010010101111001111111110101011010010101111001010000100100001010010100101001010011100000000000010000001001010111100111011111011111111111111111111
1936531760633439266,20,meet_semilattice,1110111111111100100101100011101001001001001000101010000000011111111111111101100101101011101001001001011011111110010010010000001010000000000000000011100000000000000000001000000000000110101111100100100100000010101000000001011010111111010010010110101111111100100100100010101001000001111111111111111111010110101110100101100100100011101001001001111111111111110111011111111111111111111100000000100000000001
-434370146574244525,20,meet_semilattice,1001001011111111111001010010111111111110101110101111111111100001001011000011100010011010111111111110101111111111111111110000001010000010000010011011111111111111000000001000001000000000001011000010100000000010111000111110000100101111011111100001001011111111111000010010110001111000000000000000001000000000001011000011100000000000100000101000000000101100001111100000001011000011101010011010111111111111
664864600913753913,20,meet_semilattice,1011110011110111110101111100111101111101001000001000000000000011010011110101100100111100111101111101001001001010000000001111111111111111111101111101111101111101000000001000000000000010010011110101000100000000101000000000001001001011000100001111110111111111110100100100101101010000001101001111011110010010010010100001000000100100111101011001001001001111010101011111110111111111111100100100101101010001
-2014513863599689049,20,meet_semilattice,1110000110101111111101000001000000010000011000010000101101111111100111101111111101001001000010110110111111011110111111111111111111101111111100000001000000010000011000011010101101111110000111101111111101000001001000010010111111111111111111110100000100001001011001000001000001010000010000010000101101100000000000000001000001100001101010111111010000010000000101100100000100000001001001000001000010110111
1432986945893914128,20,meet_semilattice,1000001101011111001111000011010111110011111101110111111100111101011101011111001111111111111111110011110001110101111100110000001000000010000000000001000000100000111101111111111100110000001001011110001111000111011111110011000000100001101000100000000000001010000000000010000111100011000000000000001000000000001001011111001111111111111111111111110001110111111101110000001000000010001000000010000110100011
7491580200686958577,20,meet_semilattice,1110101001100010001001100000001000000010001000000010000000100111101001100001001001101010011000000010111111111111001111110110001001100000001001111011011000011010111110111110001110100110000001100000001000000000001000000010111110111111001110111111111111111011111111111111111111111111011010100110001000100110101001100001001001111010011000011010111110111111001111110000000000000000001011111011111000111011
-3352919933349222749,20,meet_semilattice,1100011100011101011001000000000100000100111001110001111101101111111110011111111111101111000111110110010001110001110001000100001000010000010001000011000111000100111011111001111101101110111111011111111101000111001111010110000000000001000000000100001000011000010001000010000101000100010001110001111101100100011100011101010011101111100111111111000000000001000001000100011100011101011011101111100111110111
-5260073108277039723,20,meet_semilattice,1100011110001001100001000111100010011000111101111000100111110101011110001001100011111111111011111111000001011000100100000000011110001001000000000001100010010000000000001000100000001111011111001001111111110111111010011111111101111111111111110000000000001000000011110111111011111111111101111110101111110000000010001001000000000000100010011000010101111000100111001101011110001001111111010111100010011101
5323629881569357944,20,meet_semilattice,1010010011101110100011111111111011101111001001001010111010001011011011101110110010111110111011101100000001001010111010001010011011101110100010100111111011101000000000001010101010000010010011101110100000000000001000000000111111111111111111110000000000101010100000000000101011101000000000000010001010001011111111101111111100000000001000001000101001101110111011001011111111101110111110111110111011101101
7865673126378489613,20,meet_semilattice,1101111111111010111101000001100000000100011111111111101011110101000110001010010101011011110110101111010111111111101011110101001111011010011100000001000000000000000000011000000000000101000111011010011101010011111110101111010100011001101001010100000110001000010111011111111111101111010000011000101001010101101111011011111101010011110110101111000000010000000001000101000110011010011101000001100000000101
-1691504050825856740,20,meet_semilattice,1000000010000000000011100000110000001100101000001100000001001111010011101011111011111100111010111111111001001110101111101111111011101011111111111111111010111111000000001000000000001000000011000000000011100000111000001110111111111111111111111110000011101000111011111111111011111111111000001110001111101110000011100001111010100000110000001100100000001000000001001000000010000000001010000000100000000011
5868280610358449243,20,meet_semilattice,1000000000000000000011101110101111111011101000001000000000001111111010111111101110101000100000000000101011101010010110001010101010100101100011111111111111111011100000001000000000001111111011111111101110101000101001011000101011101011111110101010111010101101101010000000000001000000101011101010111110101010100010000101100010101000100000001000111011101011111111111010101010100101101010101110101111111011
8073711011456226134,20,meet_semilattice,1000001100010000100111110111100110101101101101110001101011011001011100011010110111111111111110101111100001110001000010010000001100010000100100000001000000001001101101111001101011011111011111011010110111110111111110101101000000010001000010011000011100011010110111110111111111111111100000110001001011011111011111111011111100000000000000001001100000110001000011011111011111111010111100000000000000000001
1854989170852712770,20,meet_semilattice,1001001110100111011001111111111111111111001100111010011111100001000110000001000000111111111111111110001101111011111111100001001110100111011000000001100000010000000000001000000100000011011111111111111000000000101000010000001100111011011111100001001110101111111000000000101001010010000000001010001100100000000000000001000000010011101001111110000000001010011101100000000010100001001000110111111111111111
7618471781710846341,20,meet_semilattice,1001000000000100001111111111111111111111101110010110111111110001000000000000000010011001001011011111101111010110111111111001101110111111111110010001001001000011100110011010111111111001000001000100001110010000001001000011100110011011111111111001000100101101111100010000000001000001100110010010111111111001000100100101111110010001001001001111100100010010010001110001000000000100001100010000000000000001
-6922992488853680274,20,meet_semilattice,1000110000100110001111101101001111101111101011010011011000111111111110111110111100001100001001100011000001000000001000001110111110111110111110001101001001100011100011011011011010111111111111111110111100000100001001100011100011010011011000111010110100111110111100000100000001100011000000000000001000001110111110111111111110001101001101101011101011010011011011110000000000000010001000000100000000100011
-4829992110494659990,20,meet_semilattice,1111101111011111111101101011010111101110001000000101011001000111101101011110111000101001010111100110011111111111111111110000001001010110010000100001010101100100011110111101111111110000000001010110010001111011111111111111000000000001011001000010000101011110011000000000000001100100000000000000001001000010100101011111111000101001010111101110000000000000000001000010000101010110011001111011010111101111
2901915436087280360,20,meet_semilattice,1100010110111101111101000001100000011010011111011111110111110101010110101101111101001101101111011111010001011010110110110111111111111111111100000001000000001000000000011000000010000100110111111101111101000001101001011010010001011011110111110100000110101101101001000001100001011010011111011111111111110000000110000001100000000000000000001000010001011010110111110000000110000000101001000001101011011011
-5306034958065020420,20,meet_semilattice,1000101001111000100011111111011110101111101111100111100010111001101001111000100000001000001000001000100111100111100010100000101001111000100010011111011110001011111111111111111011110000100001110000100000000000001000001000000010000011000010000000100001111000100011111111011111101111101111110111101010111111111101111011111100000000000000001000101111110111101011111001101001111000101010011110011110001011
-3096004770701950482,20,meet_semilattice,1011100101011111111101111001011111111111001100010101001111010001000001000010000100111001010110111101101111010101111111110011101101011011111100010001010100100101101110111101111111110000000001000000000100111001011110111101000000000001000000010011000101011011110100111001010111111111000000000100001000010001000101010011010100010001010100111101000100000100001001010011100101011011111100000000000000000001
133755183764018378,20,meet_semilattice,1111111111111011110101111011110000111101001110110100000101010001001000000001010100011011010000010101011111111110101111010000001000000001010000000001000000010100001110111100001111010000000101000001010001111011111010111101011111111111101111010111101111001011110111111111111111111111000110110100001111010000000000000001000000011011010000011101000000000000000101000111101111101011111100000010000000010101
-930288094763079831,20,meet_semilattice,1000100000001000101111011010100111111111111111101111111111111001101010011111111100001000000000001010110111101101111111111000101000001000101111111111111111111111100010001000101010111001101011011111111111011110111111111111100010000001100010110000100000001000101110001000000111001011100010000000101010111000101000011111111100000000000000001000100010000001110011110000000000000000101000001000000000001011
-2519586281524054442,20,meet_semilattice,1110100001100010011101100000000000000110001000000000000001001111110001111011111101101000010000100110111011000110001011111111111001111011111111101101011010101111111011001110101011110110000001000000011001101000011000100110111010000111001001111110110001101010111111101100111011111111011000000100001001101110110001101011111111101000011000101111000000000000000001000010000000000000011001101000011000100111
-2045098844446429698,20,meet_semilattice,1111111111111101111101111110010111000001001011100101110000000011111001011100000000001010000011000000000001100100110000000000001000000100000001111111011111000001011111111111110001010000001001001100000001111110011111000001000011100101110000000000001000001100000000000000000001000000011111111111111101110111111111111101010100111110010111001000011111110111110001010111111111111101011100111110010111000001
7381754997904897219,20,meet_semilattice,1000010011010000010111000100110100001111101001001101000011111111111011110101111111101100111100011111000001001001000001001110111011110101111111111111111101111111000000001001000001000000000011010000010011000100111100001111000000000001000000001110110011111001111111101100111101011111111111101111011111111110010011110001111100000100110100001101000000000001000001001000010011010000111100000100110100000101
552610335224577650,20,meet_semilattice,1111001000111000010101000000000000000001011100100011100001010101001000100000010101111010001110000101111111110011100111110100001000100000000111111011001110010101111111111011101111111111111111111111111101000000001000000001010100100011100001010101001000101000010111111111101111111111111111110011101111111111101000111001010111111010001110011111010000100010000001011111101000111001011100000000000000000001
2155891561357403646,20,meet_semilattice,1011111111101011001111111111111010111011001010000000000000000011111001101011001000001000000000000000001011100010001100100000101000000000000000111111111010110011001011101110101100100010111001100011001000001010001000000000111111111111111110110010111001101011001011111111111011111011000010100010001000000010101000100011000010111111111010111011001111100110101101110010101000100011001000111110011010110011
-782373111854192762,20,meet_semilattice,1111011111111111111101000000000000000101011001000100000111110111011011001101111111111111111111111111010001000100000011110110011001001101111101110111111111111111011001101100110111110100000001000000010101110110111011111111011101101111111111110110010001001101111101100100010001011111011101101100111111110100010001000001111101000000010000001101000000000000000001010100000001000000011100000000000000000001
7818991374637594285,20,meet_semilattice,1111011010110101011001110010001001010010001100100000000000100001000000000000001011111110111111010110011101100010010100100000001000000000001011111111111111011111000100001000010000101111011011110101011000110010001001010010011101101011010101101111011011111101011000010000000001000010111111101111111101100001000000000101001011111110111111011111011101100010010101100000000000000000001011111110111111010111
988616480829176676,20,meet_semilattice,1101100101010010100101000001010000101000111110010101101011010101100101010010100101001001010000101000111111010111101011111111111111111010111100000001010000101000111110011111101011110000000001000010100011011001011100101101010000010101001010001101100101011010110101011001010101101001000000000000001010001111110101111111111100000000000000001000110110010101001011011111100101111010111100000000000000001001
6341911179037584374,20,meet_semilattice,1010100001101101101011111011011011111010001010000110110010000011100101101100101000001000000001001000111111110110111110101011101101101111101000101001011011001010101110111110111110100000100001001100100000001000011011001000101110111111111110100000100000001100100000000000000001000000101110010110111110100000100001001101100000000000000001001000111110111111111111100010100001101100101010111001011011111011
-4696174867370273303,20,meet_semilattice,1010100010110001110011111110111110111111001000000001000000001011101011110011111000101000000100001000101011101111001111111010101010110001110011111111111110111111001010001001000010001010101011110011111000101000101100001000000000000001000000001010111011111011111110111010111101111110101010101011001111100010100000010001100000000000000100001000001010001011000011001010101010110001111010101010101100111111
9563404043899171,20,meet_semilattice,1100111110010100101101000110000000000000011011111001011010111111111111111111111100001100000100000000000001000000000000000000011000000000000001001111000101000011010011111001010010110110111111010110101101101111101101101011000001000001000000001110111111111111101101001110000101000001010011111001011010111100111110010101101101001110000101001011111011111111111111110100111000010100001101001110000100000001
-2858677058202237898,20,meet_semilattice,1000000010000000000011101110100100101010101011101001001010101111111010011111111110001110100100101010000001001000000000000000011010000000000011111111101111111111000000001000000000001111111011111111111111111110101111111111100001101001001010101010111010011010101011101110100111111010100000001000001000001110111010011011101010000110100000101000111011101001001011101000011010000010101011101110100100101111
-1151825172766919562,20,meet_semilattice,1001000000101001001111110101111111010011001000000000100100010001000000101001001110111101111111010011000001000010100000111111011111111101101110110101101111010011101101001011100100111011010111111101001100000000001010000011101101000011100100110000000000001000000110110100101111010011111111011111111100110000000000001001000110110101111111011011111111011111111101110000000000001000001100000000000000000001
-7883668921787214594,20,meet_semilattice,1110011110011101101101100101100111011011001000000000000000001111011110011111101111111111110111111011001001010000110000000110011110011101101100100001000011000000001001011000110010011111011111011111101111111111111111111011001001010001110010010010000000001100000000100000000001000000111001111001111110110010010110011101101100100101000011001001111101111101111111110010000100001100001000100101000011000001
2609613390969995653,20,meet_semilattice,1111100111111011001001010000010110000010011100000111100000100001000000010000001001111000011110010010111111111111111111101111101111111011001001111001011110010010011110011111101100100001000001011000001001010000011110000010000000000001000000000001000000011000001011111011111111110010011110010111101100100000000000010001000011111011111111111010111110011111101101100000000000010000001011111001111110110111
5401004707287759385,20,meet_semilattice,1000111011111100011111111110111111111111101111101111110101111001111011111100011100001000000000000000000011001110100001110000111011111000011110111111111111111111000010001110000001000000100001100000000000001000001000000000000011001111100001110000100001101000010000001100111111000111101111101111111111111001111011111101011110111110111111011111000010000110000001000000100001101000011100001000011000000101
5312455263228598543,20,meet_semilattice,1011110001111101111111111101111111111111001111000111110110100001000001000000000000011100011100000000000101000111000000000001111001111101111010111101111111111111101111001111110111110000000001000000000000010000011100000000000000000101000000000001110001111001000000011100011111011010101111001111111111110001000001000001000000011100011110011010000111000111110111100001110001110000001000111100011111011011
-4327593011081138239,20,meet_semilattice,1011100110001101101111111011110111011011001000000000000000010011100010000101101100101000100001010011111111111101111111111011101111011101101100101001100001010011001000001000000000011011100111011101101111111111111111111111001110011001110110110011100110001101101100100000000001000001111110111101111110110000000000000001000100100000000000001001111110111101111111110010000000000101001100000000000000000001
-568018463165398985,20,meet_semilattice,1001000000000001100011010000010000011000111110110100000110110001000000000001100011011011010000011011111111111100000110111101001101000001100000010001000000011000111110111100000110111001000001000001100011111111111110011111111111111101000111111111111111011001111111111111110111011111111111111111101111110000000000000001100000000000000000001000111111111100000111111101001101000001101011010011010000011011
3689664956831476913,20,meet_semilattice,1001000000000000000001010000100000000000101100010000000000000001000000000000000011111111111111111111110101111000001001101001001100000000000010010001000000000000000100001000000000001111011111000010011011110111111011101111111101111101011011101111011111001110011011110111110001100110100100110000001000001111011111010111111011110111110001101110100100111000001001101001001100000010001011110111110001101111
2507012832163486920,20,meet_semilattice,1110010110100010111101000000101000000000011000001010000001111111110111110011111111101101111100111111010001001010000000111111111111110011111101100001101000000111000000001000000000001110010111110011111100000000101000000000111001011011001111111111111111111111111111111111111101111111011001011010001011111110010110100011111101000100101000001011000000001010000001000100000010100000001101000000101000000001
-5747623055420663039,20,meet_semilattice,1011111010101100111111111111101111111111001100000000000000010001000000000000000000111000001011000011001111101010110000110011001000101100001110111111101111011111001110101010110000111011111011111101111100110000001011000011101111101011110111110011000000001000000100110000000011000011101111101010111011111011111010101101111100111010101011001111001110101010110001110011000000001000001100010000000000000001
7044333408455832571,20,meet_semilattice,1111101111101111011101000011001000000000001000010010000000000111001100101001000001111011101011110111011111111111111101110000001100100000000000000001001000000000011100111010100101000111101111101111011100000000001000000000011110111111111101110110001100101001000001110011101011010111011100111010111101110100001100100001000001111011111011111111011100110010100101000111001100101001001001110011101010010101
-4831236341496846409,20,meet_semilattice,1000000000000100000111000000000011010101111100100000110101011101001000001101010111111111110011011111111101111100110111111100001000001101010111110011010011010111110000101100110101111100001001001101011111110011011011010111111111111101111111110000000000001100000100000000000001000000110000100000111111110000000000000101000111000010000011011111100000000000110101011100001000001101011100000000000001000001
3769287940896993777,20,meet_semilattice,1000100001000100000011111111111111110111101111001111111101101001100011111111011000001000010001000000100111001111111101101001111011111111011010111101111111110110100010001110010001000000000001000100000010001000011001000100100010001111110101101000100011101101011000000000000001000000100010001110011001001000100011100101010010011100111111111110100010000100010001001000100011100101011010011110111111110111
-1920921238531909231,20,meet_semilattice,1010000100100001001011101111111011111111001000000010000100001111111111101111111110101001001001111110101011111110111111101010101101100111111000100001001000010010101010111110111111101010000101100111111000000000001000000000111111111111111111111010101101101111111010100001001001011110101000010010011111100000000000100001000010100001001000011010101000010010000111100000000000100001001010101111111011111111
-4519775193957225823,20,meet_semilattice,1011100110101111101101111011111011111011001000010010010010010011000100100111101100111001101011111011011111111110111110110011001100100111101100000001000001001001001100011010011110110011101111101111101100000000001000000001111110111111111111110010000100101111101100000000000001000001001000010010011110010010000100100101100100000000000001001001111110111110111111110010000100100111101100000000000000000001
3816729074938490884,20,meet_semilattice,1000101010100000100011011011101010101000111110111010101010001001101010101000100000001000001000000000111111111110101111100000101010100000000010011011101010001000000010001010000000001111101111101010101000000000001000000000111111111111101111100000000000101000000011111111111111111111100110111010101010001111101110101011101000001010101000001000111110111110101011101111101110101010101011111111111110111111
-1745770652504697521,20,meet_semilattice,1000000000010111011011110110111111111111101000101111111111101011001011111111111011111111111111111111100001001101011111101000001000010111011011110111111111111111100000001101011101101000000001010111011010000010111101111110000000000001001000001000001011111111111000000000000101100000000000000000001000000000000000010011000010000000110101111110000000000001001101100000000000010011001010100110111111111111
7905884624471406215,20,meet_semilattice,1111010000000000000001110100000000000000001101000000000000000001010000000000000011111100101111100001000001000000000000001111111010111110000111111111111111110011111101001000000000001111111011111111001111110100101101100000111101001001011000001111010010011110000011110100000001000000111101000000001000001111111010111111001111111110111111111011111111101111111111111111111010111110001111110100100111100001
-5460588440475242534,20,meet_semilattice,1110001111111100100101100011111111001001001000111111110010011111001111111100100111111011111111101011111111111111111111110000001111011100100100000001110111001000000000001000010010000000000001000100100000000011111111001001000000001101010010000000000011011100100000000000000001000000111100111111111010010000000111011101100100000000000001001000111100111111111111111111001111111110101100000001110111001001
516444352193971469,20,meet_semilattice,1000010000000000000011000100000000000000111001000000000000001111111000000000001011101110000000000000000001000000000000001110011000000000000011111111111101111011111111101011010100101111111011110111001111111110001100010010111011100001000000101111111011111111111111111110001101010010111111101011011100101111111000000001001011111110111101111011111111101111011111111110111000000000001011111110101101110011
5452938161699163543,20,meet_semilattice,1000000000000000000011100000000101011000101000000001000010001111000010010111111111111100101111111111111101001011111111111111111011111111111111111111111111111111111000001001010111101111110011111111111111110000101101111111100000000001000000001111000010111111111110100000000101001000111000001001011111111000000000010001000010000000000100001000111000000001010111101110000000010101101011100000100101011111
6577877058026184990,20,meet_semilattice,1100101101011111000001001011010011100000111010111111111100101111101111111111001000001000000000000000111111111111111110100000101000000010000000001011000001100000110010111101111100000000101101001110000011001011111111110000010010110101111100000000101100001110000000001010000001100000000010000000001000000100101101001111000011111011111111111010111111111111111111111100101111111111001001001011010011110001
-5212355408571828370,20,meet_semilattice,1010001110101010000111110011101010100011001000000000000000011011001110101010000110111011101010100111111111111111111111110010001010101010000100100001101000100001001000001000001000011111101111111111111100100000101000100001111110111011101101110010000010101010000111111011101111111111001000000000001000011111001110101011001110110011101010101111101100111010101001111011001110101010001100000000000000000001
6082508709298200712,20,meet_semilattice,1110111111111111111101000000110000000111011010111110111011111111111111111111111101001011111011101111011011111110111011110100001111100000011101000001111000000111000000001000000001100000000001000000001001000000111000000111011011111111111011110100001111101010111101000011111011101111010000111110001001110110111111111111111101000011111000101111000000000000000001100000000000000000001000000000110000000111
7128473147467156550,20,meet_semilattice,1011101101111111011111111011011111110111001100110010000001110001000000000000000100111011001000000111111111111111111101110001001100100000011100010001001000000111001110111111111101110001000101100001011100010000001000000001001110110111111101110011101101101111011100111011011001110111000100110010001001110001000100100001011111111011011111111111000100000010000001010001000000000000001100000000000000000001
8361436250925729450,20,meet_semilattice,1011110011111111011101111101111111111111001111001111111101110001000000010010011100011000010101110111000111001111111101111011111011111111011100011101111111110111000110001111111101110000000001010000011000011000011111110111000000000001000000000001100001011111011100000000010101000110000000000001001001100001000000010011011100011101111111111111000000000001000001100000000000010000001000000000000100100111
2853832722581641714,20,meet_semilattice,1000010001000000011011110111111111110110101001010100000001101011010111000000011010111111111111110110000001000100000001101011011111011000011000000001010000000110101001011100000001100000000001000000000010110101111110010110101101011101000001101011010111011000011010110111111111110110101101011111101101101011010111011001011010111111111111111110000000000100000001000000000001000000011010110101110110000111
-4653119505752014329,20,meet_semilattice,1000000000000010000011000000000001100000111001001001011111111111010011010111111111111100110101111111110001000000011000001111111011111111111111111101111111111111110001001000011000001100010011000111111111111100111101111111110001001001011111111111110011111111111110000000000001100000000000000000001000001100010010000111111011000100100001101000110001001000011001001100010010000110111011000100100001111111
-6978798549545680367,20,meet_semilattice,1000000001000000000011111111111110110010101000001110100000001001001111101000000010111011111110110000101111111111101100101000001011101000000010000011111010000000100000001110100000000000000001000000000010000000011010000000101100111111100000001000000001001000000011111111111111110111101100111111101000001011001111111001000011111111111111111111111111111111101101101011101111111011001011111111111110110111
541920784123299659,20,meet_semilattice,1001000011000010010011011101111100110111111111111111111111110001000011000010010000011000110000100100100111011111001101111001101111110011111110010001110000100101000000001000000001000000000011000000010010011001111100110101100100011101001001011101111111111011111111011111111111111111000000000000001001001001100111010011010110011001111100111111000000000000000001001001100111110011011110010000110000100101
-1732594117950112046,20,meet_semilattice,1000010000100000001011011100101110111111111111111111111111111001010010100010011110011100101110111111000001000010000000101101111111111111111111011101111111111111000001001010001000101101110011111111111100000000001000000000100101001011001001111000010010101011111110010100101001100111000001000010001000101000010010100011111110000100101000101111100001001010001001110000000000100000001010000100001000000011
-112624882261181443,20,meet_semilattice,1111101111111111111101100001101000000111001000011010000001010111101111111111111101101011111111110111011001111111111101110110001110100000011100000001100000000101000000001000000000000110001111101100011100000001101000000101011000111111110001110110001110101000011100000000100001000101011000111111111101110110001111111101011101100011111111111111000000001000000001010010000110100000011100000000100000000001
7399393564062912602,20,meet_semilattice,1111011111111111111101110111111111111111001001110011001110010011011111110111110101111111111111111111000001000000001000000000011000100010000000000001000000100000001001111011001110010010011111110111110100000000001000100000000001110011001110000010011110111111110100100111101101111101000000000000001000000000011100100011100000000111001000101000000001110010001111000011011111110111111100000111001100111001
-2988721735831993792,20,meet_semilattice,1001111011001111011101111111110011111111001111101100111101110001000011001000000000011000110010000000000111101100111101110001101011001110011100111111110011110111000000001000000000000000000011000000000010111110111111110111000110101101111101110000000011001000000000011000110011100111000110001100101000010001101011001111011100111110110011111111000110001100101001010001100011001010011100010000110010000001
2400138745597606461,20,meet_semilattice,1101001011111111101101000000010011100010011100101111111111110101001011101111001111011010111111111111011101111111111111110100001011101110001101110011111111111111010000001100111000110000000001000010000001000000111011100011010100101111111110110000000001001110001000000000010001100000000000000000001000000100000011001111001101000000111011101011010100101111111111110000000001000110001001000000010011100011
-5036830014922496047,20,meet_semilattice,1011000000000000100011110000000001001111001000000000000000000011000000000000000011111000100001001111111111001000010011111111111111110111111111111101110101111111111100001000010011111111110011010111111111111100101001111111111111001001011011111111111111111111111110110000000001001000111111001000011011111111110010000111111100110000000000001000101100000000010011101011000000000100101010110000000001001001
-1838703785708511211,20,meet_semilattice,1111110111111111111101000001000000000001011111011111111111110101100110100111100100001001000000000000010111011010011110011111111111111111111100000001000000000000000000011000000000000101110111110111111101000001001000100001010111011011011111010101110111111111111100000001100001000001010000010000001000010100100100100011100101001001001000101001010111011010011111010100100100100011101100000001000000000001
9039864534317799008,20,meet_semilattice,1000000000000000000011100011010011001111101000000000100000011111001101001100111111111011011111001111111111110111111011111000001000000000001110000011010011001011111111111111111111111000001001001000101111110011011011001111111000110101110011111000000000001000000110000010010011001011111110110111111011111111111101111111111110000000000010001001101000110100110011111000000000000000001110000000000000000001
6074069719348035488,20,meet_semilattice,1111110111111110111101000001010000001000011000011101000011000111000111111110111101111101111111101111011101011111111011110111111111111110111100000001010000001000010000011101000011000000000001000000100001100001111111101111010000010101000011000110000111011110110101000001110101001100010000011101001011000111110111111111111100000000000000001000010000010100000011000110000111010110111101100001110101101101
-6757578997073923098,20,meet_semilattice,1101110111000111101001010001100001110000111111011111011111110001000000000100000001011001100001111000010111011000011110001111111111110111111100010001100001010000000100001000010100000101110111000111101011011101111101111010110111011101011110101111111111111111111100000000000001000000000100011000011100000001000000000101000001010001100001111000110111011111011111100101110110000111101011011101111101111111
-8935464511503355193,20,meet_semilattice,1100011100000000000001000111000000000000111001110110100010001101011101000000100011111111111111111111000001110000000000000000001100000000000000000001000000000000111101111111111110001100011101000000000011000111011010001000111101110111111110001100011101001000000011110111011011011000111101110110111110001110011101101001100011000111010000001000111101111111111111111111011111111111101011110111111111111011
1330406456388935619,20,meet_semilattice,1111111110111110011101111111101111100111001101110010100001000001000000000000000000111111001110000100000101100000000000000001001000000000000000010011000000000000001111111011101001111111111111111110011100010110001010000000001101110011100001000001011000001000000000111111001111100110001111110011101001101111111111111111111111111111111111101111000101100000100001000011111100111000011000111111001110000111
-194398991028485764,20,meet_semilattice,1101011011111010011001010010100110100100111101111111101001110001001010011010010011111111111110100111010101101111101001000000001000000000000011010111111110100110000000101001100001000101001011011010010001010010111110100100000000100001000001000000001000001000010001010110111111100110000000101001101001001111111111111011011111110111111110101111000000100000000001000101011011111010011001010110111110100101
7376934524698920611,20,meet_semilattice,1001100001101100000001011110111011010000111111101110111110110001000001101100000000011000011011000000000111101110110100000001101011101101000011111111111111111011000110001110110100000000000001000000000000000000011010000000111111101111111110110000000001001000000000000000011011000000010111101110111100010001100001101101000011011110111011111001000111101110110101000101111011101111001101011110111011010001
-4510162104486141564,20,meet_semilattice,1000011101001110100011111111010011101111101111110100111010001001011101001110100010011111010011101000000001110100000010000000001000000000100000000011000000001000101111111100111011110000001101000000100011111111111111111111111111110101111011110000011101001000100000000111010011101000000001110100101010001011111111001111111100000000000000001000101111110100111011111011111101001110101110011111010011101001
3688667271351006230,20,meet_semilattice,1100111001111011011101000100001100010000111011100111101101111111111101111011011101001100001100010000000001000011000000000100111000110001000011101111011110110111111111111111111101110100111001111001010100000000001000000000000000000011000000000100111000111001000011111111011111110111010011100111101101010000010000110001000011101110011110111111010011100011000101010100111001111011011101001110001100010001
-7915890114343926159,20,meet_semilattice,1111101111111111110101111010111111111101001110001111011111010001000011110101100000011000111101011000111111111111111111010001101011110101110101111011111111111101000000001000000000000000000011000101100000000000111001011000000000001111010110000011101011111111110100000000100001011000000110001111011111010000000010000001100000000000100000001000000110001111010111011111111111111111111100011000111101011001
2632196357644766601,20,meet_semilattice,1111010111110011100001010101111100111000011101011111001110000001000011100001100011111101111111111111000001000010000000001111111111111111111100010001111000011000000000001010000000000000000011100000000000000000001000000000000101011111001110001111010111111111111011110101111101111010000001000010001010000000000011100001100000000000001000001000111101011111011111101111010111110011101011110101111111111111
-7600793596219916211,20,meet_semilattice,1010100000100000000011101010001000000000001000000010000000001111111101101100111100101000001000000000101011100010010010001010101000100000000011101111011011001011111011101110110010011110111001101100100100000000001000000000111111110111110111111010111000101100100110101010001001000000111011110110111011111110111101101101111110101010001000001000111011110110110011111110111001101100101110101110001001001001
-1959142879911429953,20,meet_semilattice,1000011100011100111111100111100111001111101001111001110011111111111111011110111111101111110111101111000001010001010001010000011100011100111100000001000000000000100001111001110011111110011111011100111111100111101111011111000000010001000000000000010100011100111100000001000101000100111001111101111011111110011110011101111100000101000101001101000000010001000001000000010100010100111100000001000101000101
6298495899585133144,20,meet_semilattice,1110110110111101000001000000000000000000011011011010110100000111111111111101100001001101101010010000010001001010000100000110111111111101000001000101101000010000010000001000000000000110110111111101000001000000001000000000011011011011110100000100010010101001000001001101101011010000111111111111111110000100000000100001000001101111111111011000011111111111110111000110111111111101001011111111111111111001
-1321106903289166922,20,meet_semilattice,1111111111011011111101000100000000011100011011001100101111110111110111011011111100001100000000010100000001000000000101000100111011001011110101101101110110111111010011001100101111010100110001001011110101101100111110111111011011001101101111110100110000001001110111111111110111111111000000000000001101000000000000000001010000000000000000011100000000000000000001000100110011001011111101001100000000011101
-7166404478082394249,20,meet_semilattice,1011100011111000101011111011111111101111001100000100000010000001000000000000100000111000010000001000101111111111111011111011101111111010111110111001111110001110001110001101000010000001000001000000100000111000111100001010001110000101000010000011100011111000101010111011111111101111101110001111101010101111111111111111111100000000000000001000101110001111100011100011100011010000101010111001111110101111
-8035380021802292984,20,meet_semilattice,1110000001100010111101000000001000000000011000000010001001111111111101101010111111101000011000101111111011000110101011111110111101101010111111101001011010101111111111111110101111110110000001100010011100000000001000000000111011110111101011111110100001101010111111101001011011101111010000000010001000101111111101101011111101000000001000101110010000000010001001100100000000100000001001000000001000100111
1706152032403739924,20,meet_semilattice,1101000000110001100001010000001000001000111100100111001111000001000000100000100011111010011100111100111111110111101111011101001001110011110011111011011110111101111110101111101111111101000001110011100000000000001000001000010100000011000110001111101001111011110011111010011101111100010100000011001110000001000000100001100000000000000000001000110100000111001111001111101001111011111111111010011110111101
-2666260454480293482,20,meet_semilattice,1000000000000000000011111101101111111110101001011011011111101011010110110111111010001101101001011110100001011010000111101111111110111111111010000001001000000110100000011010000111101111110111111111111010000000001000000000100001011011011111101010110110111111111010000101101001011110100001011010011111101000000000100001000010000000001000011000100000000010000001101000000000100000001010110101101101111111
3118407442206266324,20,meet_semilattice,1101111101111101111101000000001000000000011111111111110111110101111100101100101101001000001000000010010011010010000000100100111100101000101101001001001000000010010111111111110111110101111101111101111100000000001000000000010011110011100010110100110100101000001001001111001011001011010011110010111010110101111100111101101101001101001000001010010111110011110111110100000000100000001001001101001010000011
9176334468846736702,20,meet_semilattice,1110111010001101101001000000000000000000011001101000010110101111111111111111111101101110100001011010010001000000000110000100011000000001101011101111111011111010010001001000000110101110111011101111101011101110101011111010111011101111111110100110111010001101101001000110000001011010111011101000111110100100000000000001100001000000000000001000111011111110111111100100010000000001101011101110111111111011
2187427767913656948,20,meet_semilattice,1101111111111111111101000000001000000000011111011111111101110101110111111111011101001101111111110111010001011011001101000101111111111111011101000001001000000000010000011010000000000100010111110011010100000000001000000000010000011011001100000100010111111111011101000101111101110111010000011010001100000100000000100001000001011111111111111111010000011010001101000100010111110011011101000001101000110001
-3600491591041144601,20,meet_semilattice,1111011101010110111101110111010100001101001100000000000001010001000000000000000111111111010101111111000001000000000000010011011101010000010100110101010000000101001101011101000001010001000001000000010111111111011111111111001101010101000001011111111101011111111101110111010101101111011101110101001011111111011101010111111100110111010100001101000100000000000001010111011101010000111100000000000000000001
5027459690486326943,20,meet_semilattice,1010011100101111110011111111011011111111001001000000100011001011111101101111111100101111001011111100000001000000000010000010011000001000110000100111000010001100101111111110111111110010011101101111110000100111001011111100101111110111111111110000010000001000110000100111000011101100001001110000101011000010011100001011110000000000000000001000000001000000000011000010011101101111111010100111011011111111
1048924193724779584,20,meet_semilattice,1110100111110111001101100000010001110000001000000100011100001111100111110111001100001000000001110000111011011111011100111111111111110111001101101001111001110010011010001100011100100000000001000111000001101000011001110010011010011111011100101111111111111111001100000000000001000000000000000000011100000000000000000101000011111111111101111011111111111111011101110110100001000111001001101001111101110011
-7126331992687609945,20,meet_semilattice,1110011011101111001101000010100001010000011000101000010100100111011011100111101111111110111111111011011001101000010100100000001000000000000011111111111111111011000000101000000100000110001011000101001001100110111001110010011101101111111110110110011011101111001100000010100001010000011000101100011100100000001000000001000001100110111001111011111111111111111111110100001010000101001001100110111001110011
-4307013533871457156,20,meet_semilattice,1011011110110110111111110111101101101111001101111011001011110001001000010010010011111111101101101111000101110001001011010000001000010010000000000001000100100000000101111011001011010001011111110010111100010111001100101101000000000001001000001011011110111110111100110111101101101111000000000000001000001111111110111111111100010011000100101101000000100001001001000001011110110010111100010010000100100101
-577936110052669205,20,meet_semilattice,1001000000000000000011010000000000000100101100000000000001000001000000000000000011111111110001111101111101011100010101001001001000000000010011010001000000000100111100011000000101001111000111000001010011111111111011111101111111111101011111011111111111001111110111110000000001010100111101111100011111011111000000000001010011110101110001011101100100000000000001001111111111010111111111110001110000010101
197249959467087174,20,meet_semilattice,1101110110111011111101000100000010000001111111111111101111110001010010001010010101011101101110111111000001000000000000011101111111111011111101000101101010101101000001001000101001011101110111111011111101000100101010101101010101011011101111010000010000001000000111011111111111111111000001000000101000010101010110101011110101000100100010101101000001000000101001010101010110111011111100000000000000000001
3821688679588564471,20,meet_semilattice,1010000100101101111011100101111011111111001000010000110011101111111111111111111111101101111111111111101001011110111111111110111111111111111100000001000010000000101000011010111111111010000111101111111100100001001011001110111001011111111111110000000000001000000000000001000011001100000000010000111011100010000100101101111000000001000010001000000000010000100011000000000100001100111010100001001011111111
5895769272039586575,20,meet_semilattice,1101000101010101110101000001010100011101011100010101010111010101000101010101110111011001010101011101111111111111011111010100001101010001110100000001000000010100111110111111010111010000000101010001010111011011011101011101000000010001000101001111111111111111111100000001010101010101110110110111011111010000000000000001000000000001000100011100000000000000000101001111111111110111111100000001000100010101
-2339136250048185643,20,meet_semilattice,1001110011011010101111011101111111101111111111011111111011110001110001010000001100001000000000000000000011000001000000111101111111111111111110011101111111101111000111001101101010110000110001010000001110011100111110101011000010000001000000010001110001011010001110011100111111101111000111000101001000111101110111111111111100011100010110101011100111001111101011110000100000010000001100001000000000000001
7836622841535857954,20,meet_semilattice,1111111011101111111101001010000000000000011110101110111101010101101000000000000000001010000000000000011111101110111111110000001000000000000011111111111011111111010010101110011001010100101001000110010101001010011001100101011110101111111111110101101001101111010100000010000001000000010010100000011001000100101000000111010101111010111011111101010010100000010001000111101011101111111101001010000001100101
-1242402993401201909,20,meet_semilattice,1111100101111111011001010000011000010110011100010111010101100001000000100001011001011000011000010110011101010111111101100111011111111111111101010001011000010110010100011111010101100001000001100001011000000000001000010000010100010111000101100111000101111101011001010001011101010110011100010111111101100000000000000001000001110101111111111110000000000010000101000000000000100001001001110101111111111111
2518188322048665872,20,meet_semilattice,1010101000000010110011111111101110111101001000000000001010001011101100000010110000101000000000101100101111111000001011000010101000000010110010101011000000101100101110111000001011001111111111111011110110111111101100111101101111111001001011001011111110011011110111111111111111111111000000000000001000001011111110010011110000000000000000101000000000000000001001001111111111111011111110111111100100111101
-2471980021369460020,20,meet_semilattice,1010110000011010101011101110100111101110001000000001000010001111111010011110111000101000000110101010001001000001000010001010111000011010101011111111110111101110101011001001101010101111111011011110111011111110111111111110000000000001000010000010000000011010101010101110000111101010001000000001001010001111111011011111111000000000000000001000101011001001101011100010000000010000101011111111111111111111
-8094336430928024577,20,meet_semilattice,1000000000000000000011110000010001001011101000000000000000001011000000000000000011111111111111111111111101011101111111111111011111011111111111110001010011001011111100011100110010111011000001000000000011110001111011001011111100011101110011111111000001001100101110110000010001001010101100000100011010111111000111011111111110110000010000001000111100011100110011111011000001000000101010110000010001001011
-1447037632249453737,20,meet_semilattice,1000000000000000000011111111111110111101101110101010100100001001000010100001000010001000001000000000101111101010100100011001001010101001000010111111111110111101100000001010000000001011111011111011110110000000001000000000101110101011100111011001000010101001000011111111111111111111101111101011101111011000000010100001000010111010101010011001101110101010100111011011111011111011111110111010101010010001
-1103045052545357408,20,meet_semilattice,1100000000010001000001000000000100000000111111110111111111111101001101010101111111011111011101111111110101110111011111111100001100010001111101000001000100011010111111111111111111111100001101010001111111010011011101111111000000000001000000001101001101111111111111000011010101011111110100110101011111110100000000010001000001000000000100011010010000000001000101000100000000010001001001000001000100011111
5392388765431778523,20,meet_semilattice,1000010000000000000011000100000000000000111011000000000000001111110011110101111111001100000000000000000001000000000000001111111011110111111111111101111101011111111011001110010001001100110001000000000011101100011001000000111011000111010111111111110111111101111111101100010001000000111111001111011111111110110001100101010011101100011001011100111011000110010001001110110001100101011011101100011001011111
-202345099896298843,20,meet_semilattice,1010110111011100000011111111110111001111001000000000000000001011111111011100111100101000110001000000001011011101110000000010111111011100110100101001110011000000001000001100010000000010000001000000000010111111111111101111001010011101110000000010100011001100000000100000010001000000101111111101111011111011111111111111111100101001110011001001001011011101110011011010111111011100111100100000010000000001
-5160801735319361430,20,meet_semilattice,1000000011100100010001001001111011010100111110011111110111111101100111101101111100001001111011010100110111111110111111111101101111101111111100000001111001010100000000001000000000000000000011100000010000000000101000000100110110011111110111110000000011101100010000000000111001000100110110011110111111110000000010100001010011001001111011011111000000001000000001000100100111101101011101001001111011010101
5471216323595550687,20,meet_semilattice,1000111101001101100011001111010011011000111111111100110110111101111101001101100000001011010000001000000001110100000000000000001101000000000000000001010000000000110111111100110110010000000001000000000011111111111011011011111111111111111110110000111101001001100000001111010011011000111111111110111110110000111101000001100000000011010000001000111111111110110111111100111101001101101111001111010011011001
-2602845205512014777,20,meet_semilattice,1111110010100111010101001100001001110001011111001010011100010101110010100111000100001000000000000001000001000000000000011111111010100111010111111111101001111101000010001000000000011111111111111111111100001000001000000001111111111011011111111111111110111111111100001100001001110001000010000010001000010000100000100011000111111110101001111101011111001010011101011111111110100111111100000000000000000001
8161798079748255680,20,meet_semilattice,1100010000000000001101000000000000000001111111001100100101111101110010001001011101001100100010010111010001000000000000011111111111111111011111111101110011110111010001001000000001110100110011001001011111111101111111110111111111011101111101110100010010001001011101001100100011010111111111001100101101110100010010000001011111111111111111111111010000000000000001010100010000000000001100000000000000000001
-4035965632369258526,20,meet_semilattice,1110100001000001010001000000000000010000011010000100000101001111111001101111011100001000000000010000111011100110000101001110101001100001010011111111111111111111111111101111111111110100100001000001000001101000011000010100111011100111101101111110111001101001011111101110011011110111111011100110101101110000000000000001000011111110011111111111010010000100000101001110111001100001011111101110011000010101
-4162948402167408211,20,meet_semilattice,1100010011010111010101000000000100100100111001001111011101011111011111111111111111101100111101110111010001000101011101011110011111111111111111100101111111110111010000001101011001010100000001010010010011000100111101110101000000000001001000001110010011111111011101000000010101100101000000000000001000000100000001010111010111100101111111111111000000000001001001001110010011110111011101000000010100100101
4030373752492367518,20,meet_semilattice,1000000000000000000011000000000000001000111001110101001011001111111111111011111011101111010100101100100001000000000010001100011001000000100011000111010100101100111011111101001011001000010001000000100011101111111100101100110001100101000010001100011001001000100011101111111111111110110001100101001010001110111111111011111010000000000000001000110001100101001011001110111111010010111011111111111111111111
6179716004350881552,20,meet_semilattice,1010101100111100101111101111111111111011001000000000000000001011101100111100101100101000001100000000101011111111111010110010101000110000001000101001001100000000101010111111111010111010101101111100101100100000001100000000001000000001000000000010101100111000001000101011001111000010101010110111111010111010111111111111101100101011001111001010111011111111111111110010100000110000001000101011001111001011
4980066968461705866,20,meet_semilattice,1001011101100010001011010111011000101111111101110110001011110001010101100000001011011111011001101111000001000000000000000001011101100010001000000101000000000000111101111110001111110000010101000000001000000101001000000010111111111111011111111001011101101010111111010111011001101111000101010110001000101111011101100011111110010111011000101111100101110110001001100000010100000000001010010111011000100111
-2935360425967938804,20,meet_semilattice,1111101011111011110101101010111110111101001010000000100000000111101011111011110100001000000000000000111111101111101111010010101011111011110111111111111110111111001010001100101110010010100001001010100100101000111010111001001010001111101110010000100000001000000011111110111111111111000010000000101000000010100000001011100100101000000010001000001010001111101111011111111011111011111100101000000010101001
-1231583603091044382,20,meet_semilattice,1010000000101000000011110101111110111111001000000010100000001011010111101001111110111101111010011111000001000010100000111011011111111001111100000101001010000011101001011010100111111010010111101001111100000000001000000000101101011111100111110000000000101000000010110101111111011111101101011111101111111010010100101001101110100101001010001011101001010010100011110000000000101000001100000000001010000001
-509914141504799460,20,meet_semilattice,1000000000000010111011110010000010111111101100100000101011111001000000000010111111111011000010111111111101111101111111111001001000001010111111110011000010111111111100111001111111111111001111011111111111110010001111111111111100100001101111111000000000001010111111110010000111111111000000000000001000001011001000001011111100000000000000101110000000000000001001100000000000000010001010000000000000101111
-3120832330561500411,20,meet_semilattice,1101101001010011111001010010010000111110111110100111001111100001000000000000000001011010010100111110110111100111001111100001001000000010011011111111111100111110111111101111001111100001001001000010011011011010011100111110010100100101001111101111111111111111111011111111111101111110000100000000001000000001001001000011111000010010010000101110000100000000001001000001000000000010001011111111111111111111
-3057621755433109167,20,meet_semilattice,1111111111111101111101000000110110001010011000001101110010100111100011011100111101101000110111001110011111011101110011110111111111111101111101000001110110001110000000001101000000000000000001010000000001111101111111011111000000000001000000000000000011011000100001000000110111001010111111111111111111110111100011011101111100000000010100001000010000001101100011100000000001010000001000000000010100000011
8793782637703390893,20,meet_semilattice,1000001000100000010011111111111101111101101000110010000011001011001100100000110010111111111101111101101001110010000011000000001000000000000010000011001000000100101001111010000011001011001101100000110000000010001000000000101101111111011111011111111111111111110110110111011001001100101101111110011011011011011111100111110100000010000000001000000000100010000001001011111111110111111110110111111001001101
-8498552534184626300,20,meet_semilattice,1110001111001001000101000000000000000000011000100000100000001111011111101001000111111111111010110011111001111110100100010100001000000000000001100011000010000000011000101000100000000110001111001001000101100011001010000000111111111111111100110100001000001000000011111111111011110011111101111110101100010100001000000001000011111111111111111011111111111110111101111111011111101001001101100011100010000001
-3582233080207524720,20,meet_semilattice,1010011010110100001111111111111111111111001000001010000000101011011011110111101110101110111101011111001001001011000000100010011010110100001110100111111101011111000000001010000000101010011011110101001100000000001000000010000000000001000000101011111111111111111100100100101101000011101001101111011100110010011010110101001110100110111101011011101001101111010111110000000000000000001000000000000000000011
3355135136939094321,20,meet_semilattice,1001000010000010010011110101111111100110101101011011111001100001000010000010000011111111111111101110100101011011111001101111011111111110111000010001100000100000000000001000001000001001000111111110011010010001101111100110100100001001001001001001000110011110011010010000100101100100000000000000001000001111011111111111111011110101111111101110000100001000001001001001000110010110011011110111111111111111
8047584683728271565,20,meet_semilattice,1111101000101100000001111010001011000000001110100000010000000001000000000100000000011010000001000000011111100010110010000001001000000100000011111111111111111101011111101010110010001111111011111110110100000000001001000000011111101011111011010001101000101100000000000000000001000000011111101010111010001111111011111111110101111010001011001000011110100010110011001111111111111111111101111110101011101101
-3642018464855929567,20,meet_semilattice,1101101110111010101101010000100100100000111111111111101010110001000000000000000001011011101110101011110111111011101010110101001010011010001001010011101110101011000100001000000000001101111111111010101101010010101110100010000100001001000000000101000010011010001011111111111111111011000100001001001000001101111111111011101101010010101110101010110111111111101011110001000010000000001001010010101110101011
8910646824642152834,20,meet_semilattice,1001111111111111111111011111111111111111001111101111111111110001111001111011101100001110011110100011000001000001001000110000001000010010001100000001000100100011000111101111101110110000011001111010001100000110001110100011000000000001001000110000001000011010001100011110111111111011000000000000001000000000011000111011001100001110011110111011000111101111111111110000000000000010001000000000000000100011
-4745884462857887803,20,meet_semilattice,1100000000100101101101000000000001010010111001011110010111111111010111100101111111111101111101011111110001000110010110111111011111110101111111000101011001011011110000001010010110110100000001100101101001000000001001010010111101011111010111111111110111111101111100000000000001000000110001010110011110110000000000000101000001000000001001011010110001010110010111110000000000000101001001000000001001011011
-3986791204850983825,20,meet_semilattice,1000000000000000100011000100000001011000111001000000010110001111011110101111100111111111111111111111100001000000010110001110011100000101100111100101000001011000111001111010111110011111011111111111111100000000001001011000111101111011111110011110011100101101100100000000000001011000111001110010111110010000000000000001100000000000000000001000111101111011111111011110011100101111101111000100000001011001
-6090313244730434020,20,meet_semilattice,1110010001110111001001000100000000000000011001000000000000101111110011110111111011101100111101111110000001000000000000001111111111110111111011111101111101111110111001001111011111100110010001000000001001100100011101010010011001000101010100101111110111111111111001100100010001000010011001000111011100100110010001000001001001100100010101011010011001000101010111100100010000000000001011100100111101111111
-2812845510086981510,20,meet_semilattice,1000000011000101000011111001110111111111001000001100010110001011000111011101111110111001110111111111111111111111111111111010001111000101100010100001110001011000000000001100010100000000000001000100000011111001111111111111101000011101010110001010000111011101100100000000000001000000101100011101111111110000000001000101000000000000110001011000101000011101010111111010000111010101101110100001110101011001
8421911728781940847,20,meet_semilattice,1111110111101100001101000101010000000010001001010100000000100111010101000000001000101101010000000010000001000000000000001111111111111110111100000101010000000010011111011110110000100000010001000000000001111101011000000010011111011111110010110111110101101000001001111101011011000010111111011111111011111111110111111111111101111101111011001011011111011111110011110000010001000000001001111101111011000011
-3000991925095938538,20,meet_semilattice,1011011111111101101111110111111111011011001101111111110110010001000010000001000000011111110111011001000101001100000100000001001011000001000000010011110000010000000000001000000100000001000011000001000000010111111111011001000100111101000100000001011111011101100100010111110101010001000101111111111110010000000000000001000000010111110101011001111101111111110111110011011111111101101100010100110000010001
-4066849054303366147,20,meet_semilattice,1110111101110100010101000001001100000001011011110111000001011111111101110100010101001001001100000001010011010111000000010100111101110000000100000001000000000000111111111111011101110100100101110000000100000001001000000000000000010011000000001111111101111111011101101111011101000101111111110111011101111111111101110101010111111111011101011111010011110111000001011111111101110101011100000001001100000001
8072550681229139045,20,meet_semilattice,1110001011100110111001100010101001001110001000001000000011000111001011100110111011101010111001111110111011111110111111100000001010100100101011101011111011111110000000001000000000000110001011100110111000000000101000001000111110111111111111100110001011101111111000000000101001001010011000101010011011100110001011100111111000000000100000001000000000001000000011000000000010100000101011111111111111111111
-3319435691424401199,20,meet_semilattice,1011111100111111111101111111011111111111001111110011111111110001010000010000000000011110001111000010000001000001000000000001011000111100001000011111001111110010001111111111111111110011111101111111111100010100001100000000000000000001000000000001010000111000001000010100001101000010000111100011111100100001111000111101001000011111001111111011000111110011111111110001010000110000001000011111001111110011
-5603565921262406896,20,meet_semilattice,1100100001110100000001000000000000000000111111111111111111111101101011111111111101001000000100000000110111101111111111111100101011110100101011011111111111111111110010001111010010100100000001000000000001001000011100000000010000000001000000001100101011111111111101001000011101000000110010000111011000101100100001110111001011001000011101001010110010101111011111101100100001110100001011001010111101111111
-8420472035755795799,20,meet_semilattice,1010101000001010011111101010001010110111001000000000000000001111101011111011111100101000000010100001111111111111101111110010101000001010011111101011001110110111111010101011101101111110101011111011111110101010001010100111111010100011101101110010000000001010000111111010111111111111001000000000001000001010101000101011011110101010001010101111001010000000101001010010100000001010011100100000000000100001
-7053798356728548143,20,meet_semilattice,1000000000000000010111111111111111111111101000000000001001010001000000000010010110111101000000100101101101000000001001011011111111100111110110110101000000100101101111011110011011011011110101000010110110111101011000101101101111111111011111111011111111111111111110111101011001101101000000000000001001011011110101100011110110111101000000101101000000000000000001001011111111100111111100000000000000000101
-271704057314588764,20,meet_semilattice,1111110111111100111101010000111011000001011111011110110010010001000011100100000001011000111011000001010111011110110010010111111111101100111100010001111001001001000000001100010000000000000001000100000000000000111001000000011111011111110011110001000011101100000100000000000001000000111111011111111011110111110111111101111100010000111001001001011111011110110011110101110111101100101100010000111001000001
-568727634246794363,20,meet_semilattice,1001110000111101000011011111011111111110101111010111111101110001010000101001000000011100001110010000000001000010100000001001111001111111000010011101011111110110100111011111111101111001110001111111000000000000001010000000000101000011100100000000000000001000000000011100001111010000000111000011111100000000010000101001000010011101011111111110100111000111111101001001110001111111011010011101011111110111
312296537207911355,20,meet_semilattice,1101101111110111110101011011011001111101111110111111011111010001000100000001000000011001011001011101111111111111011111110001101101100101110100000001000000000000010110111111011111010001000101000001100100010001001000011000010110110111011111011111111111111111111100010001010001011001000110110110011111010000000100000001000000010001000000011000000100010000000101001101101111110111111100010001000000011001
-2450658306006899688,20,meet_semilattice,1000000000000000000011010010000010001001111100100001101010011001001000001000000111011110100111101101110101101001111011011000001000000000000011010011100111101001110100101001111010011101111011111110110111010110101111101101110100100001101010011000001000001000000011010010000111101001110100100000101010011101111011111111110110010010000010001001110100101001111011011101111011111111111110000010000010000001
3258133483356256108,20,meet_semilattice,1111110101101011101101000000000000001000011011010110101010100111110101101011101101001101001010101010010001000010001010001111111101101011101101000001001000001000111111111111111111110100110101101010101001000000001000001000111111110111111111110100010100101010101011111111011011111111010000000010001010000100110100101011101000000000000000001000111111110110101111110100000100100000101001101101011010101011
4027720010074204783,20,meet_semilattice,1100001100000100001101000011000001000011111010110110011110111111111111111111111101001011010001101011111011110110011110110000001100000100000000000001000000000000111011111111111110110100001101000100001101001011011001101011111011110111011110110100101101001110101100000001000001000000010000110100011000111100001100000101001101000011010001001011111011111111111111110000001100000100001100000001000000000001
1547954693298661264,20,meet_semilattice,1000000000000000000111001000100110001001111010011001100010111111111111111111111110001000100110000001110011011001100010111100111111111111101111001001100110001001000000001000000000011100100111011000101111001101101110001011000000001001100000010000000010001000000111001101101111001011110011011111111110111100110111011001101110001000100110001001110011011111111111111100100110011000101100000000000000000001
903616596522598006,20,meet_semilattice,1111111111111111110101000100000100000000011111111101111010000101010000011000000001011100000110000000000001000001000000000101111011011100100001011111110111001000010111001101110010000101110001011000100001111111111111111101000000000001000000000100010000011000000001011100010111001000010111111101111010000101110001011101100001011100000110001000011111111101111111010111111111111111111101111111110111111001
-5589261496852351095,20,meet_semilattice,1000000100001010000111001101101010110001111111111111111111111001111110111011010110001001000010100001100011011010101000011000111110111011000100000001000010000000100010011010101000011001111111111011010110001001001010100001100011011011101100010000000000001000000011011111101111110111000000010000101000011000110110101011000111011111101111111111100011111011101101011101111110111011011100000001000010000001
-2703113307723940998,20,meet_semilattice,1000000000100000010011010111111111111111111101111111111111111001011100111111011011111111111111111111100001110011100101001000001100111001010010000001001010000100100101111111111111111000011101111001010000000000001000000100100000010011100001001000000000101000010010000111001111110100100000010011101101001000000100111001010010010111011111111111000000000000000001001000011100111111011010010111011111110111
-6588196107015201955,20,meet_semilattice,1110010010111111011101000000001101000000011001001011010001011111010110111111111111101101101111111111010001001011010001001110111110111111111111100101101111111111010000001011010000001110110111111111111100000000001000000000000000000011000000000100010010111110010000000000001101000000000000000011001000000110010010110101010111100100101111111111010000000011010001000110010010111111011101000100101101000101
-5322069004918091983,20,meet_semilattice,1000000000000000000011100000010010011010101000000000000010001111100001001111111011101000010010111010111111010101111111101111111101111111111111111001010111111110111111111111111111111010000001000000101011101000011010111110111110000101111111101010000001001000101010100000010001001010111000000100101110101010000001001001101010000000000000001000111010000100101111101010000000000000101011111101011111111111
-13639438636443217,20,meet_semilattice,1001011111101101100011010111111111111100111111111111111111010001000010101100100011011111111111111100000001111110110010000000001111101100100000000001101011001000000000001010110010000000000111101100100000000000001011001000100101111111111111000000000000001000000000000000000011000000100101111110111111000000011111101101100000000000000010001000100101111110110111001101111111111111111111011111111111111101
6938097777562853719,20,meet_semilattice,1010001110101001111011110011101110011110001000111000000111001011001110111001111011111011101110011110111111111111110111110000001110000001110000000001100000001000000000001000000000001010001111111001111000000001101000001100101000111011100111100010001110101001111011111011101111011110111110111111111111110000000110000001110000000000100000001000000000011000000011000010001110100001111011111011111111011111
3037439761436644241,20,meet_semilattice,1110011111101110111101100101101001001100001001010000010000000111010110100100111001101101111011101111000001010000010000000110011111101110111100000001000000000000001001011010010011000110010111100110111100000101001001000000111101111111111011110110010111101110111100000001000001000000011001011010011011101111111111111111111100100101001001001100001001010010010001000110010110100100111001100101101001101111
-5601612319201119145,20,meet_semilattice,1110010000101000001001100100001010000010001001000000000000101111010000101100101111111100011011011011000001000000000000101111111101111111111111111101011011111111111111111111111111111111010001101100101100100100001010000010111111010111111111110010010000001000001011100100001011001011111111000110111110111111010000101101101100100100001010001010111111000110111111110000000000000000001011100100001010001011
-4896808669995436837,20,meet_semilattice,1111110010100111110101000000000001001000001000000000010010000011000000000100100001001000000001111000011111001010011111000111111010101111110001111111101011111100011110001000011110000111111111101111111001111000101001111000111111001011011111010111110010101111110000000000000001001000000000000000001010000100000000000101100000000000000000001000011110001010011111000100100000000111101001111100101001111101
-8769302617272936577,20,meet_semilattice,1001101111101000011111111111111010001111101110111110100001110001101100100000011000001011001000000110100111111110100001110000001100100000011000000001001000000100000110111110000001110001101101100000011100000000001000000000101110111111100001110000101100101000011011111111111011001111101111111110101011111111111111101101111110111111111010001111000000000010000001000000000000100000001000011011001000000111
-5716522845184092497,20,meet_semilattice,1010110111111101111101101101111111011111001011011111110111111011111111111101111100001000010000000001000001010100000000000010111111111101111100000001010000000000000010011110100100110000000001000000000000001001011010010011000010010111100100110000100001001000000100001001111111010111101111111111111111110000100001001001000100001001111111011111000010011110100101110000100101001001001100000000010000000001
8996946372198167286,20,meet_semilattice,1111000010111001000001110000101000000000001000001000000000000011000010000000000011111110111111011001111101101111110110011111001010111101100111110011111111011011000000001000000000001111001011111101100100110000101000000000011100001011100100000011000010001001000011110000101111011000111111101111111110010011000010000001000011110000101110011000111111101111111111011111001011111101101111110000101111011001
-6900290832070846293,20,meet_semilattice,1000010000000010100011000100000000111000101101011010101110001001010000000011100011111111101111111100000001000000001000001001011110101011100010010101101010111000100101001010101110001111011111111111110010010100001010111000111101111011111111001001010000001011100011010111101011111000000000000000001000001000010000000011100000000100000000101000110101111010111111001111111110111111111110110101101010111001
3973015305329527215,20,meet_semilattice,1000010000000000000011101101010000000110101011010100000001101111110111001011011110001100010000000000000001000000000000001111111111011111011110001101010000000110111011011100101101101000010001000000000011111111111111111111111111011101111101111110110101001011011011111101110011110111111011010100001101101110110101000001011011101101110010111111100011000100000001001000110001000000011011101101110010110111
-1975569665184121088,20,meet_semilattice,1001101000100000110111111010001000001101101110100010000011010001000000000000100000011010001000001101111111100110000011010000001000000000110111111111111111111111111111101110000011011111101001100000110100010010001000001101111111101111010011111111111011111111111111111110111001001111111111101110001011111111111011110111111100000000000000001000000000000000000011011111111011100000111100000000000000001001
9170771487625025600,20,meet_semilattice,1000000100000000000111111001011011011111101100010000000000011001000100000000000110111001011011001111111111011111110111111111111111111101111100000001000000000000111110011110110111111011000101101100110110110001001011001101111110010111110111111011000100001100110110110001000001000001101110010110111111111011100101101101111110110001000001001101101100010000010001011011000101101100111100000001000000000001
3382346552287430647,20,meet_semilattice,1110000000010101010001000000000001000000011000000000010001000111000000010101010011111010100101111110111111101011011111100110001000000100010011111011111101111110111100101001011111101111001001010111111011111010101101111110010000000001010001001111101010111111111000000000000001000000011100000001011101000110000000010101010001110010000101111100010000000000010001001111001000010111111011111110101101111111
414896311206796030,20,meet_semilattice,1000111011011111000011111111111111111110101111111111111111001001111011011111000000001110110001000000000001101100010000000000001000000100000010011111111111111100000000101000010000000000000001000100000010011110111111110000000011101101011000000000111011011111000000000000000001000000000011101100011000000000111011000101000010011110111111111100100111101111111101001001111111111111111010111111111111111101
-7781342109467499382,20,meet_semilattice,1010010111101001001111110101111010010111001001011100100100010011010111101001011100111101111010010111000001001100100000010011111111101001111100000001110010000001000000001000100000010000000011001000000100100101111010010011111111011111100111110000000000001000000111111111111111011111001001011110101101110000010111001001000100111101111010011111001001011110100101110010010111001001001100000000000000000001
-9211281204689677919,20,meet_semilattice,1111110111111110111101000000000000000000011000000100000000000111110111000100001101101100010001000011011001000100010000110111111111111110111101101101110001000011011011001100010000110100000001000000000001111101111001100011011111011111111011110111110111001100101101100000010001000010011011011100011000110111110111111111111101111101110001001011011111011100110011110110000001000000001001100000010001000011
-1852445460639758175,20,meet_semilattice,1010001010001111011111111111111111111111001000000000010100101011001010001111011100101010100011110111101111111011111111110000001000000001001010111011100011111111001000101000111101111011111111111111111110111011101011111111001000101001111101110010000000001111001000000000000001010010001000000000011100100000000000000001000010110010100011111111001000100000111101100000000000000001001000100000000011110011
889200062099021910,20,meet_semilattice,1111111111111111111101000000000100000000011001000001011000000111010000010110100101111100010101101011010001000001000000000111111001111111111101111101111111111111011111001111111111110111010001010110100101111100011111111011000000000001000000000111110001011110101101000100000101100000010001000001001000000111110001011111101101100100000101101001011111000111111111110111010000010110101101100100000101100001
8326890870627671740,20,meet_semilattice,1000010000000101010011101110101011110101001001000000000001001111111011111111111110101110100001010100000001000000000000001000011000000101010011101111111111111111101001101000010101001010111011101111010110101110101011110101111011101111111111111010111010001101010000000100000001000100101011101000111101000000010000000101010011101110111011111111000001000000000001001110111011101111011110101110100011110101
7859078065859637878,20,meet_semilattice,1000111000101010000101001110001011100101111111110111111111111101111101111111110100001000000000000000000011100000100000000000101000001000000011001111001011101101110111111111111111111100111101101111110100001110001010000000110011110111111111010000100000001000000000001110001011100001000011100010101000010000111000101011000110001110001011101001000011100010111001011101111101111111111100001110001010000001
-1427129604626872989,20,meet_semilattice,1111111101110111111101110111011101111111001000000111000000000011001001110010100101111111011101111111001101110111001110010000001001110010100000110011011100101001011111111111011111110000000001010000000000000000011100000000000000000001000000001111111101111111111100110111011101111111000000000111001010000000000001110011100000000000011100001000001101110111001111010011011101110011111100000010011100101001
-4468012675621223816,20,meet_semilattice,1000010001101110111111000110011111111111101101111111111111111001011001101111111111001110011111111111000001000010000011011000011001101111111110010111011011111111100101101111111111110000010001100000111100000000001000000000100001100111111111110000010000101000111100000000001001001001000001000010111011111000010001101111111100000000001000001000000000000010000011010000010000100000111100000000001000001001
4397271405872472784,20,meet_semilattice,1110010111111010111101000101111100101101011001011111101011010111111111111011110101101111111110111101000001011010000010000110011111111010110100000001101000001000000000001000000010000000010111100000100000000000101000001000000001011111000011010100010111111010110101100111111111101101000001011111001011010100010111110011110100000000000000001000000000000000000011000100010111110010111100000101111000001101
2234924228257700774,20,meet_semilattice,1000000000000000000011000000000000100000111000010000001000001111111111111111011111101001001110110101111011110011101101111110101100111011011111000001000000100000111011111111111101111110100101111011010111100001001000100100110000010001001000001110000100001010010011101111011111110111100000000000001000001110000100111011010111101111011111111111111000010000001001001110100100111011011111100001001010100101
-3673693838795813211,20,meet_semilattice,1000000000000000000011111111111111111011101000000000100000001001000000001000000010111110000110010000101101100001100000001010001000011000000010111111011110111000101111111111101110001011111001011001100010111110011110011000101000000001100000001000000000001000000010111110011111111000101111100111101110001011011000011001000010111110000110011000101111111111111111101011111111111111101010111110011111111001
-1840074666598376671,20,meet_semilattice,1010100101111010010011111111111110101111001000000001100000001011111111111010010100101001000110000100001011010111101001000010101110111010010000100001000110000100001010011011101001000010100101111010010000101001001110000100000000000001000000000000000000011000000010111111111111111111001010010011101001001011111111111011111110111111111110101101001000000001100001001011111111111010111100101111111110100101
-7942199409702695106,20,meet_semilattice,1111011101111111101101110111011110101011001101110101101010110001011101010010101011111111011111111011000001000000000000000000011001000000001000000111010000100010111111111111111110110000010001000000001000110111011110101011000001000001000000100001011101011010101100110111011111111011000001100100001000100011011101111011101100000110010100101010000001100101001011100000010000000000001000000110010000100011
947508886337666382,20,meet_semilattice,1010000000000000000011100001000100011010001000000000000000001111111101010111101011101011000100011010111011110101011110101010001100010000101000100001000000000000111111111111011111111110101101010001101010100001001100111010001000010001000000001111111101111111101111101011000101111010101000010001001110101010000100010001101010100001000100001010111111110111011111111010000100010000001011111111011101111011
2359981122795986020,20,meet_semilattice,1101111100100111111001011100001001111100111111110111111111100001010000000011000000011100000000110000000001000000000000000001111000100111110000011111001001111100111111111111111111101101111101100111111000011100001001111100110111110111011111101101111101111111111000011100000001110000000001000000001100000000010000000001000000010100000000111000000111000000011101000101111100100111111011111111111111111111
1955593119132360250,20,meet_semilattice,1011100000001000011101001000000010000111001000000000000000110001100000001000011100001000000010000111111111101000100001110101101000001000011111111111101011010111111110101000100001111111111011101101011111111110101010010111111111111111110101110000000000001000011111111110101011010111111111101110111101111111111010001001011111111111111111011111000000000000000001110000000000000000001100000000000000000001
-3104150421148375539,20,meet_semilattice,1011101101111111111111111011011111111111001010110111011111100011101101111111111000001000001000010110101111110111111111110000101100110001111000001001001100010110111110111111111111110000101101110011111000000000001000010000000010000011000101100010101101111111111000001011011101111110000010000010001101100000000000000001000000001001001100011110000000000010000101000000000000100001011000101011011111111111
-5181600373898227215,20,meet_semilattice,1111010110110010001001010101001100000010001101000001000000100001010000000000001011111101101110100010000001000000000000001111111110111110001100010101000000000010011101011011001000101111111111111110001100010100001100000010000101000001000000101111010110111010001011111101101111100010011101010011001000101111111111111111001111111111111111101011111111111111111001110000010000000000001011110101101110100011
-5791405563873535706,20,meet_semilattice,1000000001000000000011010000010000000100111111000100000111001001000001000000000011011000010000000100110111000100000111001111111011011111111011111111111111111111110111001100111111000000000001000000000011111100111111111100111111001101111111001101110001001011110011011100010011111100100100000100001000001101100001000001110000000000010000001000100100000100000001001111110011011111111011111100111111111101
2214590825151306285,20,meet_semilattice,1111100111111101111101000001010000010000011000010100000100000111100111001001011001101001110010010100011111111111110101100111101111111101011000000001010000000000011000011100000101000000000001000000000001111001111010010110011110011111110101100100000101001001000001111001111011010110111110011111111111110000000101000001000001111001111111011111000000010100000101000110100111001001011001111001111111010111
1491115612963196732,20,meet_semilattice,1111111111111111111101000100011000000000011111110111111011100101010001100010000001011100011000101000000001000100000000000101111101111110111001011101011101101110010111011111011011100000000001000000000000000100011000000000010111000111011011100101110101111110111001010100011001100000000000000100001000000111111111111111111001000100011000001000010111000110001011000101010001100110001001111111011111101111
-4952329868680339414,20,meet_semilattice,1111110101110101111101001101011100001000011011010111000011000111110101110000110000001000000000001000000001000000000010001111111111111101111100000101000000001000011011011111010011000000100001000000100000001101011000001000000011010111000010000110110101111100111101101101011101001100111111111111111111110111110101110101110100000000000000001000010011010111000011000110110101110100111101101101011101001101
3615802481102377155,20,meet_semilattice,1001101010011111110101111010101111011101001110100011110111010001101000011101110100001000000101011001011111101011110111010000101000011101110101111111111111011111000110101001110111010111111011111101111100011010001111011101000000000001010110010000000000011101100100000000000001001000000110101001111111010000000000000001100100000000000000001000000010000001110111010000101000011101111100000000000000001001
1651678968723264826,20,meet_semilattice,1100010011111100110101000100111101001101111111001111110011011101010011111100110111011100111111001101000001000000000000001111111111111100110111111101111111001101000001001111000000000000010001110000000000000100001000000000000001000011000000000100010011111100110100000100011101001101111111111111111011111111111111111111111100000100011100001101000001000111000001011111111111111100111100000100011100000001
-2114998379076789430,20,meet_semilattice,1011011111010111111101110111110101111111001000000000000000000011011111010111111100111111110101111111001001000100000011010010001001000000110100100011010000001111001001111101011011110010000001000000110010111111111111111111001001100101011011110011111111011111111100100110010001101111001001100100001011110010011001000111111100100000000000001000001000000000000001000010001001000000111100100000010000001101
716543770943274124,20,meet_semilattice,1011110111111110111101111111111111101111001000000101001000000011010111010110011000101101110101101110000001001101001000000011011111110110111000100101110101100000000000001101001000000000000001010010000000110101111101101110000000000001001000000011110111111110111000100100110101100000000000000000001000000111111111111111111100100101110101101110001001011101011001100010010111010110001000111101111111101111
8703541284366784441,20,meet_semilattice,1110110101111111111101000000010111010101001000000101110111111111111101111111111100001000010110010101000001000101110111111110111101111111111101101101011111111111111111111111111111110000000001001001010000001100011111011111000000000101100101010000000000001000010000000000010111010101011011000111111111110000000000000001010000000000010111011111000000000000000001000000000001011101011100000000010010010101
2044866460670840463,20,meet_semilattice,1011101011011111111111111111111111111111001100001001001000010001000000000000000000111010110111101101101111101111111111110001001010011110010100110011110111100101000100001000000000000011001011011110010100111010111111111111000100000001000000000001000010011010000100010000100111100101000100001001001000010011101011011111111100110010110111101101000100001001001001010011101011011110111100010000100100000001
8819817778428987383,20,meet_semilattice,1111110111111111001101111101111111110011001100000000000100000001000000000000000000111100000000110000001101000000000100000011111011110111011100111101111001110011001111001110011100110011110001000111001100111100011001110011001111001111011100110011110011111111001100111100000001110000001101000000001100000001000000000001000000111110111101111111001111001110011101110011110000000011001000110100000000110001
-3547503254351727534,20,meet_semilattice,1010000100001010001011110111111110111111001000010000101000101011000111011010111111111111111110111111101001111111101111111010001111011010111100000001000010100010101000011000101000101010000101001010011010100001111110101111101000010101101011100000000000001010000011110111111111111111000000000000001000001010001111011011111110100001010010101110101000010000101001100000000000001010001010100001110110101111
-5756228094165457302,20,meet_semilattice,1101110010010010101101001100100000101011111111101101111111110101110010010010101100001000000000000000000011000000000000101101111010010010111101001101100100101011000010001000001010101101110011010010111111011110111101101111010011001001001010111101110011011010111111011110110101101111000010000000001010101101110011011011111100001000000000001010110111001001001011110000100000000000001000001000000000001011
-1873096836231715113,20,meet_semilattice,1100000001000000000001000000000000000000111010110110100101001111111101111101110011001011010000010000111011110111100111001100001001000000000011000011010000000000111111111111111111110100000001000000000011001011011000010000111010110111100101001100101101101001010011101111011111011100111011110111111111101100001101000001000011101011011010011100110010110110000101001110111101111101111011101111011111011111
2822622795430243555,20,meet_semilattice,1111111111110111100001100100000000111000001001000000001110000111110111110111100001101100010000111000000001000000000100000111111111110111100001100101001001111000011011001100011110000110010001000011100001100100001001111000011011011111011110000110110111111111100101100100000001111000000001000000001100000000000000000001000000000100000000111000011011011111011111010110110111110111101101101101111101111001
-5770434535674052039,20,meet_semilattice,1111111111111101111101000010000000000100011000110010010001100111111111111101111101101011001101000111011011111111110111110000001000000000000000000011000000000100011010111111110111110110101101111101111101000011001001000110011000110011010001100110101100111100111100000011000001000100011010110111111111110110101100111101111101101011001101001111000000100000000001000000001100000100011001000011001001000111
5259374038242851055,20,meet_semilattice,1001010001110111011011111101111111111110101111011111111111100001000000010001000010011101111101111110000001000001000100001001111111111111111010010101011101110110100101011111011101100001010001110111001000010100001101110010000000000001000000001001110111111111111000000100000101110000000000000001001100000000000000010001000010010101111101111110000101000111011101100001010000010111001011111101111111111111
-2154635574248051025,20,meet_semilattice,1111110111111111111101111000101010001101001100000000100010000001000000000000000000111000101010001100001111001011100011000111111111111111111101111101111111111111001100001000100010000111110011111010110100110000001010001000001110001011100011000001000000001000000001111100111111111101001110001011101011000111110011111011110100010000000010001000001100001010100011000111110011111111111100111000101010001101
4716780575896770193,20,meet_semilattice,1011101111110101001001111011111101010110001000000000000000000011000011000101001000111001110101010010111111111111111111110011101111110101001000110001110001010010001000001000000000000010000011000101001000100000101001010010001100011101010100101111101111111111111000100000100001010000001110111111011100100010000010000001000001111011111101011110001110111111010101100010000010000101001001111011111101010111
7279210864657530000,20,meet_semilattice,1011111111111111111111111111111111111111001111100110100111010001110001000001100000001000000000010000000011000100000110000001111001100001100100111111011111111111001111111111111111110000000001000001000000011100011000011001001111100111111111110000110001001001100000111110011011011111001111100110111111110000000000000001000000000000010000011000000111100110100111010011111001101001111100011100010000011001
-990514802139268608,20,meet_semilattice,1000000000000000000011001000001000000001111011001110110101111111110011101101111110001000001000000001110011001010110001111100111011101101011111001111111011010111110010001010110001111100100011101100011110000000001000000001111011001111110101111100100000101000000111001000001011000011111111001110111111111100110011101101011111101100111011011111110010000010110001111100100000101000001110000000000000000001
-3941113796421139981,20,meet_semilattice,1111111111111111101101110010011010100011001100100000000000100001000000000000000001111011011010101011011111110110111010110001001000000000001001110011011010101011011111111110111110110011001001101010001100010000001000000000011111111111111110110001001000101010001101111011011011101011000100100010001000100111111101101111101101110010011010101011111111111111111111110001000000000000001000010000000000000011
-2807835414778012069,20,meet_semilattice,1111110101111010111101000001001000001101011111010110100011010101110101101000110101001101011010001101010001010110100011011111111111111010111100000001000000001101111111011111101011110100000101101000110100000001001000001101011111010111101011010100000100101000110111111111111111111111010001010110101011011111110101111011111100000000000000001101000000000000000001010111110101111010111100000000000000000001
-35741654851547273,20,meet_semilattice,1000011100100000101111111111111111111111101111110010110111110001011100100100101010011111001011001111000001100010000000100000001000000000001000000111001000001010101111111110111111111011111101101101111100000010001000000010101111110011110111111000011100101000101100000110001001000010101111110010111111111001011100101101111100000110001000001010100101110010110011110000000000000000001000000111001000001011
-4341905960929946018,20,meet_semilattice,1110011000010001100001000000000000000000011000000000000110000101000000000000100011111111011111111010011001100001000110000110001000010001100011110111011101011000111101111111110110001111011001110101100011110110001101011000011000000001000110001111011101111101100011110110000101011000111101110111111110000100000000000001100001000000000000001000111111110111111111101111011101111111101011111111011111111011
-1944185283953661068,20,meet_semilattice,1000000000000000000011000001000000010000111110011111111110111101100101111111100111001001010000011000111111111111111111111111101111111111111110000001000000000000110110011111111110011000000101000000000011001001011010011000110010010101111110011100100101001001100011001001010011011000110010010100111110011000000100000001000011000001010000011000111110011111111111111101100101111111101111001001010010011001
-2080748452175195846,20,meet_semilattice,1000100000010000000011001010000110001000111111111111111111111101101100111011100000001000000000000000110111110011101110001000101000011000100010001001000100001000110110111011101111001101101111111011110111001011001110111000000010000001000000000000100000011000000011011111111111111101110010110001101010001100101100011011100010001000000100001000110110110011101111001101111111111111111111011011101110111101
8498983040995835440,20,meet_semilattice,1101010001110101000001000000000101000000111101001111010101100101010001110101000011011101111101010110010001000011010100001101011111110101011011010101111101010110110101001111010100000100010001110101000001000000001101000000000000000001000000001101110111111111011000000000000101000000010001000011011100000100000000110101000011111101111111111110110101001111010101101101010011110101001011011101111111110111
7629358611963394671,20,meet_semilattice,1000110100000000000111101111011000101011101011110110001010111111111101100110111100001101000000000001000001000000000000001000111100100010101100000101000000000000111111111111111111111000110101100010101110001101001000000011111111110111111111111111111101101111111111101111011001101011100011010010001010111111111101100111111110001101001000001011111011110110001011110000110100000000001100000100000000000001
4587800093533039406,20,meet_semilattice,1111010011111011001001110100111110110010001000001001101100100011000010011011001011111101111111111110001101001101101100101111011011111011011011110101111111110110000000001000000000000000000011010011001000110100111110110010000000001001000000000000000010011000000011110100111111110110000000001001001100000000000010010001000011110100111110111110111101001111101101100000000010010011001011110110111110110111
-4499961674929037395,20,meet_semilattice,1011100111011101110111111111111111111111001000000000010000000011100010011101110100101000000011011101101111111101111111111011101111011101110100111001110111011101001010001001110111010011100011011101110110111111111111111111001000000001010110010000000000001100100100000000000001000000001110011101111111010010000000000101100100000000000001001001000000000000010001011011100111011101111100000000000001000001
-1411856183296958305,20,meet_semilattice,1101111011110111111101011100011000011110011111101111011111110001110001100001011000001100001000010000000001000000000000000101111011110111111001011111111101111111010111001110000111100000110001100001011000000100001000000000010111001111010111100101111011111111111101011100111001011110010111001110011111100000010000100001000000000100001000001000000011000010000101000000110000100001011001011110111101111111
-981634160955070654,20,meet_semilattice,1111011111101101111101110111111011011111001000001000110101010011001011101101111111111111111011011111001101111110110111110010001011101101111100110011111011011111000000001000110101000010000011001101011100100000111011011111111101111111111111110000000000001101010000000000000001010100001101111110111111110000000000000001000000100000110011011111000000000000000101000010000010001101011100000000100011010101
2212911689343862839,20,meet_semilattice,1000000000000000000011111001001111011111101000000011110011111011000100111100111110111001001111001111101111110111111111111011101100111101111110100001001111001111101000001011110011111011101101111101111110000000001111001111100000000001000010111000000000001000000010000000000001001010101110110111111111111011100100111101111110000000000000001010100000000000110011111000000000000000001010000000000000001011
1593539018650260094,20,meet_semilattice,1010100101000000001011101001111110010011001000000000000000101111100111111111011100101001010000000010111011011111101101111111111111111111011100100001010000000010101010011100000100100010000001000000001010101001111100010010101010011101000100101010100111111001001111101001111111110111001000010100001000101010100101000001001011111001111111111111111010011111101101110000000000000000001010101001010000010011
3733979810071555675,20,meet_semilattice,1001110111111111110101011101111111111101111111011111111111110001010011111111110100011101111111111101000001000011000000011001111111111111111100010101111111111101000001001111000010010000010001110000100100000000001000000000000000000011000000010000010011111010100100000100111101111001000001001111001010010000010001110001100100000100001100001001000001001111101011011001110111111111111100000000001000000001
-8897562714616111659,20,meet_semilattice,1000000000110010010011010110011100111111111111111111101111110001000000110010010111011111111110111111000101100111001011010001001001110010110111010111111100111111110101101111001111110000000001110010110000000000001000100100000000000011001001001101011111111011111111111111111111111111000000000000001001001001011001110011111100000000001100101100000000000000000001001001011001110010111100000000001000100101
-2378653972269151540,20,meet_semilattice,1100111111111111110101000110000100000000111011111111111111111101111111111111111101001111110100011001000001000001000000000000011000010000000001000111010100010001010001111101000110010100011001010001000101001111111100011001000000000001000000000100111111111011100101001111111101111001010011111111001110010100011000010001000001000111010100011001010011111111101111011100111111111111111101000110000100000001
2724679230800299318,20,meet_semilattice,1111111111111111111101010000000000000100011111111110111111110001000000000000010001011111111011011111010101111000100001010101001000000000010001010011000000000100010100111000100001010101011111001000111101010111111010011111011111111111111111110101001100001000010101010111110011011111010111111110111111110101011111001001111101010111100010001111000000000000000001000101001110001000011101010011000000000101
9004917029399783565,20,meet_semilattice,1110001110001111111101000001100011010000011000011000110100001111111111001111111101101011100011111111111011111000111111110110001110001111010000000001100011010000000000001000110100001110111111001111111111111111111011111111111111111101111111110000000000001001000000000000000011010000011000011000111101000000000000000001000001100001100011111101011000011000110101000110001110001111111101100001100011110101
5336094292137536060,20,meet_semilattice,1000000000000000000111111101011001111111101011010010011111111011110101100111111110001101000001000001100001010000010000011011111101100111111100000001000001000001111111011110011111111010110101100111111110001101001001100011111111010111011111111111110101111111111100000000000001000001100011010000011000111000110100100111001110001101001001111111100011010010011101111000110100000100001100000000000000000001
2321195518808383047,20,meet_semilattice,1000001000100001111011100010001010011110101000100010100111101011101011101001111010101010011010011110111111111111100111110000001000100000000011111011111110011111101010101110100111101010001001101001111000000000001000000000111110101111100111100000001000101001111011111111111111111111111110101111101111110000001000100001101000000010001000001000000000100010000111100000001000100000101011111010111110011111
8710936495451013108,20,meet_semilattice,1110110010101111110101000000000000010100011011001010011111011111110010101111110101001000101000010101010011001010000101011110111011111111110111111101111111111101010000001000000101001110110011111111110101000000101000010101111011001011111111010110110010101111110101001000101001110101010000001000001101000000000000000001010001001100101000011101000000000000000001001111110111111111111101000000100000010101
-3380798401016325270,20,meet_semilattice,1010110001000000000011111110111111011111001000000000000000001011110001000100000000101100000000000000001001000000000000001011111011111101111110111101011111011110101111001101110110100010110001000000000010111100011111011110001011000001000000001011110001011100001010101100010001000000111111101111111111111011110001011101101010111100010111001010101111000101110011101010110001010100001010111100110111011011
2278068500008095235,20,meet_semilattice,1110011001110101110001000000011001011100011001000110010111001111111101110101111011101111011101011110010001000110010111000110011001100101110011100111011101011100111111111111010111100000000001100001100000000000001000011000011001100111010111001111111111111111111000000000011001011100111111111111011111100000000000000001000000000000000000011000000000000110000111001110011101110101111011111111111101011111
-5926580648567831360,20,meet_semilattice,1101111111111111111101011101111100110101011111111111111111110001110111110011010100001101101000000000000001000010000000000101111111110011010100000101001000000000000001011010000000000000010101100001000000000000001000000000000011011011000100010101111111111011010101011111111111111111000011011111001100010000010100100001000000011101111100111101000011011111001101010101111111111011011100001101101000010001
7127447369299771942,20,meet_semilattice,1111101001111010101001101010011000101010001010100110001000100111101001100010101000001000000000100000011011100110001010100000101000100010000011111111111111111011111111101111111110110000101001100010000000001000001000100000011110100111101010100111101001101010101001111110011111101010000000000000001000000111111001111111101100101010011000101010111111101111111111110000101001100010001001111110011111101011
-4017520923148726572,20,meet_semilattice,1001001000111111011011110111011111110110001000100011111101100001001000111111011011111111011111111110100101100011111101100000001000100110011010110111011111110110111111111111111111101011011001111111011000000000001000000000000000100011011001100000001000111111011000000000001001000000000000000010001001000000001000100111011011110111011111111110000000000010000001000000000000100110011011111111011111111111
-8569559969472697823,20,meet_semilattice,1011010111111010011011110101111110100110001101000011001000000001000000010000000011111101111110101111000101000011000000001111111111111010111100110101111110100110000101001011001000000001010011110010000000010000001100000000000000000001000000000011010011111010001000110100111111101111000101000011001000000011010011111011011100110100111110101111001101001111101001100001010011110010001000110100111110100111
-3944067905776328250,20,meet_semilattice,1000000000000000000011111111111111111001101011000011010100001011111010110101000110001000000000010000100011000011000100001000101000110001000010101111001101011001100010001010010100001011111111111111100110001000001000010000100010000011000100001010111100111101100110001000001001010000101111111011111110011000000000000001000010101110001101011001111111111111111111011111111111111111111110101110001101010001
6204739943812441512,20,meet_semilattice,1000001000000000000011000010000010001001111111110111100111111101011100111001111111011111001110011111110001110000100111110000001000000000000010000011000010001001110111111111101111111101111101111001111111000011001010011101110001110011100111111000001000001000000111011111011111011111110111110111101111111100001100001001110110000010000010001001110000110000100011011100001100001000111110000010000000000001
1075421831548161927,20,meet_semilattice,1000000000000000000011111111111111011010101001011010000110001011111111110101101010101101111101011010100001011010000110001010111111110101101010000001100000001000100000001000000000001010010111110101101010000000101000000000100000011001000110001011111111111101101010100101101001011000101011011111011110101000000110000001100010000000100000001000101111111111110111101000010110110001101011111111111111011011
1388509411293363086,20,meet_semilattice,1000000001001000000011111111111111101101001000000100100000001011010001111100000110111100011111100101001001000100100000001011111101111110110110111101011111100101101111111111111011010000000001001000000010100100011010000000101001000111100000000000000000001000000010000000010011000000101001000111101000011011111111111111110110111101011111101101101101000111111001011011111111111110111110100100011110000001
-3563028437609858762,20,meet_semilattice,1010000001001100010111110111110111111111001000000000000000001011011111011100111111111111111111111111001001000100110001010010011101001100010100100101010011000101101001111100110011110010000001001000000111110111111111111111101001111101110011110010000000001000000100100000010011000001101101111101111111111011011111011101111110100111010011001101001000000100110001011010000001001100011100100000000000000001
-3722291912761745629,20,meet_semilattice,1000000000000000000011000000000001000000111111111101111111011101110111011111110111001101110111101101110001011001111011011101111111011111110111000001000111000001110000011001111011011100010111011110110111111111111111111101110000000001110000001100000000001100000010000000000001000000110000010001111010011100110111011111110111000001000111001001110000010001111011011111111111011111111111000000000111000001
-1316507926800323272,20,meet_semilattice,1001001000010000000011110010111110111011101100100011000100100001000000000000000011111111111111111011111101111111111110110001001000010000000011110011111111111011101100101011101100101011001011111011101110010010001100010000000100000001000000001011001000111011001011110010111111111011000100100001001000000001000000010001000010010010001100011010111100101111101111111001001000110001001010110010101110111011
-2393469542644893994,20,meet_semilattice,1000000000000001000111011101101110111111101111111011101111111001010100001011001110011101000010110011100001010000000100011001111110111011111110000001000000010001100111011001101100111101111111111011111110011101101110110011100111010001101100110000000000001000000110011101100111110011100001010000101100010000000000000001000110011101101110111111100111011011101101111000010100001011001100000000000000000001
-3776439837766715755,20,meet_semilattice,1000010101011100000011110101111111111101001001010101110010000011010101011100100010111101111111111101000001000101000000001111011111111111110100000101010100000000101001011111110011010000000001000000000000100101011111001000000000000101000000000000010101011100000000000101010101000000101101011111111011011011010111111111110100000000010100001000001001010111110011001111010111111111111110100101011111001101
5247173690101098627,20,meet_semilattice,1111111111111111111101010000000110001010011100000101110010110001000000010000101001111100010111111011010101000101110010100111111001011111101101111111111111111111011111101101111110110101000001011100101001111110011111111111000000000001000000000000000000011000100000000000000101001010011101000101111110110111010001011101101100000000000100001000011101000101111111110000000000010000101001010000010111001011
-6191520894007472040,20,meet_semilattice,1000111100010010010011011111011111111101101111110111111111111001111101010010010100001111000000100100000001010000001001000000011100000010010000000001000000100100101111111111111111110000111101000010010010011111011100111101000011110001001001001001111101011011110110011111011111111101000000000000001001001001111101010011110110011111010100101101000000000000000001001001111101010011111110001111010100100101
-5880678457538142964,20,meet_semilattice,1000000010000001101011101110111110111011001000001000000110111111111111111111111110101110111110111011101001101001001110110000001000000001000011101111111110111011000000001000000110101010011011110011101110100010101100111011101000101001001110111010011011111011101111101110111111111111000000101000001110100000000000000001000000000000000000011010111011101111101111110000000000000001001000000000000000011011
-2178860235804109493,20,meet_semilattice,1111101100000111111101110011000001111111001100110000001010010001000000000000000001111011000001111111111111111111111111110001001000000000000000010011000000000000111110111111111111111111101101110111111111111011001101111111111110110001011111111111101101111111111100110011000001111011000100110000001000000001000000000001000000010011000000101001001100110000001011010011001100000011101100010011000000100001
2466128990603705211,20,meet_semilattice,1011111110100111110111111111101111111111001001010010000000000011111110100111010100001101001000000000000001000000000000000010111100100111000100000101000000000000001011111010011100011011111111100111110100000101001000000000101111111011111111110010111110101111010100101101001001100001001011010010001000000010110100100111000100111111101001111101001011111010011101011011111110101111111100101101001000100001
-1979003043111222929,20,meet_semilattice,1100100110110000011001000001101100000100111010011011000001111101100110110000011001001001101100000110111011011011011001111111111110110111011100000001101100000000000000001000000000001111110111110111011100000000101000000000000000001011000000001111110111111111011111101001101101100111111010011011001001111111110110110111011111111101111111111111000000011011000001000100000110110000011011001001101100000111
7764814337781482830,20,meet_semilattice,1001100000100011100111111111111101111101101111111011011111010001000000000000000100011000001000111001100111111010011110011001101110100111100110011001101001111001000000001000000000011011111111110111110100010000001000111001100111111011011111011111111111111111111100011000001001111001000100000000001110010001000000000001100100010000000000001001100111111010011111011111111111110111111100000000000000000001
-8912549954736477025,20,meet_semilattice,1000000000000000000011110000010001011000101100000000000110001001000000000000100011111000110011011000111111111110111111111111101011001111100111111011110011111101111100001100110110001001000001000001100011111011111011111101111111111111111111111111000001001101100010110000000001011000111110001100111110011001000000000001100010000000000000001000111110101100111111011111101111101111111111111000110011011001
-1076671138475391492,20,meet_semilattice,1111111111111111010001010111111110110100011111111111111101000001011000101010000000011111111110110100000001000000001000000000011000001010000000010111011110110100000101111111101101000001011001101011010000000110001010100000000101100111101101000000000000001010000001011111111111110100000000000000001000000000011000101011000001111111111111111100000101100010101101001111111111111111011001111111111111110101
-8823655478638598243,20,meet_semilattice,1011111111011111111101111111110111111111001011000000001100110011111111011111011100001100000000110011000001000000001100110010111101001111011100001101010011110111001011111101111101110000110001001111011110111111111111111111001011110101111101110000110000001111011100001100000001110011000000000000001000000000000000000011000100111111110111111111000001000000001101110000000000000011001100000000000000100001
1357734252363644421,20,meet_semilattice,1100000010001001111001000000100010011110111111111111111111111101010010001101111000001100100010011110000001001000100111101101111111011111111111011101110111111111000000001000000000001101110011011111111011011111111111111111110101001001110111100000000010001001111000000000100001011010110101001000111111100000000010000001101000000000100000001010000000001000000001000000000010000000001011011100110111111111
-6520618092216887808,20,meet_semilattice,1000010001001000000011110100010011100000001001000100100000001011010001001110000011111111011111110110000001000100000000001111011101001110000010110101010011100000111101111111111101110000000001000000000011110111011111110000111101110101111100000000010001001000000010100100010011000000101001000100111000001111010001001111000011111111111111111111111101110111111101101111011101111111001011110111011111110111
-1151990973399346430,20,meet_semilattice,1000000000001000000011011100010010000010111111001111110100111001110001001000001000001000000010000000100011000100100000101111111011111101101111111101111111010011100111001100100000101000000001001000000011011100111011010011110111001111110100110000000000001000000010011100110011000010111111001111111110111101110011001101001111111100111111011011111111011111111111111000100000001000001010011100110011000011
-2827806791222058265,20,meet_semilattice,1111001011011101011101100010000010000110001000100000100001100001000000001000001011111110110111010111111101101101110101110000001000001000001011110011110111010111011100101101100001110011001001001000011011111111111111010111011100100101100001100000000000001000000001110010110111010111111111101101111101110111001011011001011111111111111111111111000000100000100001100000000000001000001001110010010110000111
6092957382775737927,20,meet_semilattice,1000000001100000000011000011011100001000111100110111000010001101001101110000100011011011011100001000111111110111010010011000001101100000100010000001011000000000111111111111010010010000000001000000000000000000011000000000100000110111000010001111111111111101101111111011011101001001111111111111111110111111111111110101101110000001011000001000111111111111010011011111111111110100101111111011011100001001
-1832628259410735218,20,meet_semilattice,1000100000000100000001001000000001000000111111111111110111101101110111100101110000001000000000000000110011010100010101001101111111100101111011001001000001010100110010011100010101001100100101000101010011001101111001011100110111111111010111101101111111111101111000001000000001000000110010010100011101001000100000000101010011001001110001011100100010000000010001001101110111100101111011001001010001010101
-2398741214133989627,20,meet_semilattice,1101011111110101001001010000000000000000011101111111110100100001000000000000000011111111111111111011010101111000000000000101001100000000000001010001000000000000010100011000000000000101011111010000000001010111111100000000010101111001000000000101011111111101001001010111111101000010011101111111111100100101011111110101001011110111111111111011111101111111111111110101011111110000001011110111111111110011
685575448429866401,20,meet_semilattice,1111111101101010111101111111011000101111001001000110000000010011111101100010000100101111011000100001000001000000000000000010011101100010000100000101011000000001111111111111101011110000010001000000000000000100011000000000011111110111001011110111111101101010111100111111011001101111001001000110001000011111111111111011111100111111011000101001001111110110001011010011111101100010111100000100011000000001
2268731270982238170,20,meet_semilattice,1000000110000001101011111101111101011010101010011010010110101011100110100101101010001001101001011010101011011010010110101111111111110101101100000001100000000000000000001000000000001011110111110101101010000001101000011010101110011011010110101111110111111101101010000001101001011010111111111111111110110000000010000001000000000001100000011010111111111111010111110000000010000001001011111101111101011011
-5962200280661327257,20,meet_semilattice,1111000011010100000101010000010000000000011100000100000000000001000001000000000011111011111101010001111111111111011110111111001111010101000111110001110101010001011100001101010000000000000001000000000011110011111101010001011100000101010000001111101111111111101101110000010001000000111100111101011100011111000011010101000111111011111101111011111100111101011101011111101111110111001101110000110101000001
-6622671317537497766,20,meet_semilattice,1111011110111111011101000000000000000000011001111011110101110111011110111111011101001111101110010111010001111011000000010100001010000000000101000001100000000001010000001000000000010110011111111111011101000011101100000001010000111001000000010100011110111001011101000111101111010111011001111011111101110100001110110001000111111111111111111111010000111011000101010100001110110000001101000000000000000001
8873019544639492742,20,meet_semilattice,1100101011001101000101000000010011010000111011111111110111111101111111101101101101001010110011010001110011101110110100110000001011001101000011001111111011010011000000001000110000000000000001001101000011001010111011010011110011111111110110110000000000001100000000000000000001000000111011111111111111110000000000001101000011001111111011011011110011111111110111111100101011001101001101000010110011010001
-5830506614597488084,20,meet_semilattice,1000011111101111000101001111110011110001011011111110111101010111111111101111010100001111110001000001000001111100000000010000001000000000000000000011110000000000000000101100000000000000001001000000000000000111111011110001000001111101010000010000011111001100000100000111110001000001000001111100111000010000011111001111000101111111111011111101010011111100111101010111111111101111111100000010010000000001
-2260291489514122028,20,meet_semilattice,1001000000110000000011110111111110110001001000000001000000000001000000010000000011111111111110110101101101100011001100001001001000110000000010110111001110110001101101111011101100011011011111111011000100010000001100000000000000000001000000001011011000111011000111111111111111110101101100100011001100001001001000110001000010110111001110111001111101111111101101011111111111111111111110110010001100110001
-3758918294325381186,20,meet_semilattice,1110111101111010110001100010000100101000001000000000000010001111111101111010110001101111011110101100011001100111001011000010001000000000100001100111011110101100111111111111111011110010001001010010100001100010011100101000001000000001000010000110011001111010110011111111011111101101001000100001001010001111111101111111110100000000000000001000011000100111001011001111111101111110111101101111011110101101
-7195928209629775663,20,meet_semilattice,1000000100000000100011010001001110001000001000010000100000001001000100011000100011111011001111001110111101110011110011101101001100111000111000000001000000000000111111111111110011111111011101111100111110010001001110001000100000010001100010000000000100001000000011110011001111001110111111111111111011111111111111111101111100000001000000001000100100010001100011001101000100111000111011110111001111001111
-5040341031121812298,20,meet_semilattice,1001100110101110101111111111111111111111101111111010111011110001100110100100001100001000100000000000100111111010111011111001101110101110101100001001100000000000000000001000000000001011111111111111111100001001101000000000100110011011111010110001100110101110101100001001101001000000000110011010011000111011111110111111111100011001101001101011100110011010111011110000100110100100001100001001101001000001
4954938146009784812,20,meet_semilattice,1101010110110010001001010000000100100010111111111111101100100001000000010000001011011101101100100010010101011011001000101101111111110011001001010001000100100010010100011001001000101101110111110010001001010001001100100010000000000001000000001101110111111011001011111111111111110010000100000001001000101101110111110011001011111111111111111010111111111111101101100000000000010000001011011111111100110011
-6382931875920094978,20,meet_semilattice,1001000000100100000011111110111101011010101110100010010000000001000000100000000000011000001001000000101111101111010110100001001000100000000011111111111101011010101110101010010000001011101011100100001000000000001000000000101110101011010000101111111111111101101100010000001001000000111111111111111110111011101011100101001010111010111101011010101110101111010111101011101010100100001011111111111101011011
6747834485551561848,20,meet_semilattice,1101101010011111010001001000100101110100111111101111111111010101100010011111010000001000000000100000110111101101111111010101101010011111010011111111111111111101000010001000001000001101101011011111010111011110111111111101000010001001001000000100100010011111010000001000100101100000000000000000001000000000100010000011000011011010100111111100000010001000001101001111111111111111111101011010100111110101
3623689045851294436,20,meet_semilattice,1111001110001001100001000000000000000000011000011000100110000111001110001001100011111011110110111101111111111101101111010110001110001001100001000001100010000000010000001000000000001111001111001011110011111111111111111101111100111101101111010100000010001000000011111111110111111101011100111000101110000100000110001001100001000000100000001000111100111000101111001111111111111111111111110011110010111101
7602941982158853167,20,meet_semilattice,1000000000010000000011111111111111111101101110011111111011011001100100110110010110001000001100000000101111111111111011011011101111111110110110001001001100000000100110011011011011011001100111110110110110000000001100000000000000000001000000001001100111111110110110001001001101100001100010010011001000001011111111111111110110001001001101101001100010010011011001011111111111111111111110001001001100100001
-8221112294302549174,20,meet_semilattice,1001011100111101100111010111001111011001111111110111111111110001010000000000100011011111001111011001000001000000000010000001011000000000100000010111001111011001110111111011110110011101111101111101100100010110001111011001000101100001110110010001011000001000100000010110000001001000110111110111111110010001011000001101100100000000000000001000110111110011110111011001011100111101101100010110000001001001
-5212456040242210802,20,meet_semilattice,1000000001000000000011110000010000000000101000000100000000001011000001000000000011111010011000000010111111101111011111111111001001100000001011111011111001011011111110101110000010100000000001000000000011110000011000000000111110101111011111111111101011111111111111111010111001011011111110101110011110111111101011100001101011111010011000001010111110101110011111111111000001100000001011111010111000011011
1325970241848331523,20,meet_semilattice,1110110011111000111001000000000000000000011011001111100011101111110011111001111001001000100000001000010011001111100011001111111111111011111011111101111110011110010000001000000000000100100011011000100001001000101110001100010010001001100010000100100010001000100011111101111111011111111111011111101111101110110011111001111001000000100000001000010010001000100011000100110011111000111011111101111110011111
-4255617306718820616,20,meet_semilattice,1011011111011110111101110111110111110111001000000000001000000011001111011110011101111111111111110111001101111101111001110010001000000110011000100001000001100110001000011000111001100010001111011110011100110111111111100111001000011001111001100010000100001110011000100000000001100110000000000000001000000011001111011111011100100011110111101111001000000000001001100010000000000010001000100001100111100111
1677635161251845827,20,meet_semilattice,1011011101101000101011110111111111011110001101100100000010100001000000000000001010111111011111001010000101100000000010100001001000000000001000110111010000001010101101111111110010100001011001000000101000010110001000001010001101110111100010100011011101101000101010110111011111001010101111111111111111101011011111111101101000010010000000001010101101111111110111100000000000000000001010110111111111001011
-4573228356310931859,20,meet_semilattice,1010000111101001101111111111111110111011001000001000100110111011011111111011101110111111111110111011101001111111101110111010001111111001101100100001110010011011000000001000100110110010000011001001101100100001111010011011001000011101100110110000000000001001000011111111111111111111101000111111101110110000000000000001000000000000000010011011101111111111101111110000000000001001001100000000000010010001
-3916444332539420216,20,meet_semilattice,1101111111111111111101010000101011100111011111111111111111110001000000100110010001011101101111110111010101001011111001110101011110111111011101010001101111100111000000001010111001000101111111111111011100000000001000100000010100001011111001110000000000101110010000000000001001100100000000000000001000000101010110111111011101011111111111111111000000000010001001000001000010101110011100000000101011100101
8653005847140371848,20,meet_semilattice,1111001100010000101101110000000000000010001000000000000000000011000000000000001011111011001100001111111111110011000011110111001000000000001001110011000100001011111110111011000011111111101101110000111111110011001100001111011100100001000010101111101111111000111111111111111111011111111111111111111111111111101101110001111101110010000000001010011100100001000011110010000000000000001001110010000100001011
6105577937540805268,20,meet_semilattice,1111111111111111111101000000000000000000011000100101010000010111111111111111111101101011011101000101011011111111110111010100001001000000000101000011010101000001011010111111110111010100000001000000000101100011011101000101010000100101010000010110101101111101110101000010010001000001011011111111111111010110101101110101010101101011011101001101011000110101010001010110111111111101111101000000000000000001
-4808073672514035570,20,meet_semilattice,1000000000000000000011101111100111011011101011111001110110111011111110111101101110001111100111011011100001111001100000011000001000010000000010000011000100000000100000111001000000011010111111011101101110101111101111011011100000000001000000001000001110011000000110000111100111001011101111111011111111111000011110011101101110000011100100001001101111111011110111111000011110011000101110000011000100000001
-4388114535018216064,20,meet_semilattice,1111000100001101100001110001000000011000001100000000000000000001000000000000000011111011100011011000111111111110111110000111001110001101100000110001000000001000011100011000100110001111101111001101100011111011111011111000111111111111111111010111000100001001100001110001000011011000111110111100111110000011000100000001100000110000000000001000111111111110111111011111111111111111111111111111111011111001
8764998193744264539,20,meet_semilattice,1000000000000000000011001000000000010000111010101100101100011111111111111111111110001000000000000000111011101100111111011000101000000000000011101011110011110101110010101000101100011100101011001011000111101111111011111111111011111111111111111100101000001001000111101010110011110101110010000000001100011000100000000001000011101010110011111101110010101100101101011110111011001111111111001000000000010001
5751092272187849471,20,meet_semilattice,1001110111110110111111011111111101111111101111111111011111110001100000010000010000001000000100000000000111000001000001001001111111110110111100011101000100001100000111011111011011110001110101010010110000011101011100101100000000000001000000001011111111111111111100011101011101101111000111000001001011001001111111110111111100011100000100001100000010000001000001000001110101110010111100011000000100000101
1977225367147794150,20,meet_semilattice,1100000000100100010001000000001001000000111001010011110101111111010111111111111111101101111111111111110001010010010001001111011111111111111111000001001001000100111001011011110101111110010111111111111100000000001000000000110001010011110101111100010100101100010000000000001001000000111001011011111101111100010100100101011011100101101111111111010000000010010001001100010100100100011011000101001011000101
2455603859432172226,20,meet_semilattice,1000001000100000000011111111111001011111101111111010010111111001111000100001101000001010001000000010100011100010000110100000001000000000000010011111101001011111100111101010000110111011111111100101111100000010001000000000100111111011010111111111111111101101111110011110101001011111101111111011011111110000101000100001001000001010001000011010100011100010000111110000001000100000001010001110001000011011
383484857239881905,20,meet_semilattice,1110010101101110011101000000000000000111011000000010100001110111010101101010011111111101011011100111011001010010101001111111111101101110011100000001001010000111111111111111111101110110010101101010011100000000001010000111111111110111111101110000000000001000011101100101011011100111011000000010101001111111111101101111011111111111011011101111000000000000000001110000000000000000001000000000000000000011
6870964509929423455,20,meet_semilattice,1000000000000000000011011110010101111010111111100101011110101001111000010010101010001100000100000000100001000000000000001000111000010000101011111111010111111111111111111101111111111001111001010111101011111110011111111110100001000001000000001111111001011111101010011110000101111010100001000001001010001001111000010011101010000100000100001000111111100101111111101000010000010000101011111110010111111111
-2918271337033195937,20,meet_semilattice,1100001000000001000001000010000000010000111110111111111111111101101111110001111111001010010100010000110011111111000111110000001000000000000011001011111100011101110010101101000101001100001001010001000011001010111100010101110000100001000100001101101111111111111111001011111101011101110010101111001111010000001000000001000011001010111100011101110010100101000101001100101111110001111111000010000100010001
1986172649155064404,20,meet_semilattice,1101011001011101111101000000000000000000111111100111111111110101000000011000010001011110011111001100010101000001100001000101011000011000110001010111010111011101010101101101110111110101011001011100110001010100001110000100010000000001000000000100000000011000010001010100000111001100110111100111111111110101011001011101110101010100000110001100010000000001000001000101011001011101111101010100000110001101
-3566676710687595731,20,meet_semilattice,1111101111111111110101010000000001000000011110111111111111010001000000000000000001011001011111011101111111111111111111110101101111111111110101010001010001000000010110011111110111010101000001000100000001010001011001001000010100010101110010000101000101001100100000010000000001000000010110011111111111010101000101111101110101010001010001001000010100010101110011001111101111111111111101010001010111001101
441398278189336791,20,meet_semilattice,1100111011110011101101000010000000000001111111111111111111111101111011111011101101001010101000011011010011101010000110110000001000000000000011001111111110111011010000101010000000010100111011110001101100000010001000000000010011101011000110111100111011111011101111001111111111111111010011101111001110110100001010100001001101000010101000011011110011101111101111110100001010100000001100000010000000000001
2346302165482023935,20,meet_semilattice,1000000000010101111011111101001111111110101110000011011111101001100000110111111010001000000101111110101111010011111111101111111100111111111010111001001101111110111111111011111111101111111111111111111010001000001101111110000000000001000000101011100100111111111000000000000101000010100000000001011111100000000000010101101000000000000101001010000000000001010111100000000000000000001011111111111111111111
-6903649001348357756,20,meet_semilattice,1000100000000000010011001110100100001110101011100001000011101101111010010010111000001000000000000000100011000000000011001000111000010000110011111111111101111111100011101001000011101100111011010010111011111110111100101110100011000001000011001111111011111111111111011110100101101110110011101001001011101111111011110111111110001000000000001100000010000000000001001000111000010000111011111110111100101111
-7543945203028230670,20,meet_semilattice,1011110100110010100111111101001100101011001000010001000010010011000100010000100100111101001100101001001101010011000010011111111110111111101100000001000100001001111111011011101110111111110111111011101100110001001100001001000000000001000010001011110100111010101111111101101111111011001101010011001010011011110100110011101100000000000000001000111111111011111111111011110100110010101100000000000100001001
2044397619640561594,20,meet_semilattice,1011111111111011001111111111111111111111001000000000000100000011111111111001001100101111111010010011001001101010000100110010001010100001001100100111111010010011001000001010000100110010011011100001001100100000001000010000001001101111100100110010011011101001001110111111111111110011001111111111101100110000000000000001000000111111111110111011101111111111101111110010000000000001001100100000000000010001
-6568347180220176272,20,meet_semilattice,1001100100100000000011011101001110000000111111111111111110100001000000000000000000011000000000000000000111010010000000001101111100111000000000011001000000000000110111111011110010001101111111111100100000011001001000000000100110010011100000001001100100101000000010011001001111000000110111111111111010001101111111111111101010011001001111001000110111111111111111111101111110111100101011011111111111111011
6134950634701088862,20,meet_semilattice,1111110111011100111101001000000010000000011111001101100011010101110000011000000000001000000000000000010011000000100000000111111111011110111101011101110110000101010111001101100001000101110001011000010011111111111111101111010011000001100000000000100000001000000001111100110111001101011111001101111011010111111111011111111101011100110110001101010011000001100001000111110111011100111101011100110110000101
8285798610894723984,20,meet_semilattice,1100001001011100101101000010000010000000011000100101110010111111101111111111111111101010111111111111111111111111111111110000001000001000000011101011111111111111010000101100110010110100001001001100101111100010111111111111010000100101110010110000000000001000000001000010000011000000111000100101111111110110001001011101101101000010000010001011111000100101110111110100001000001000001101000010000010000001
1059701887469321195,20,meet_semilattice,1001000001010000001011111010010111111111101110100101011001110001000000000000000010011000010100000010101111100101011011111001101001010000001010111011010101101111101111101101011011110001000001000000000011111010011111111111000100000101000000001011101001011111011110011010010101000111100110100101011001111011101001010111011110111010010101101111100110100101000001110001000001000000001010011010010100000011
1421006458690512524,20,meet_semilattice,1111011111011001111001010110110010001000011101111100100111000001001011001000100001111111110010011100000101101100100010000000001000001000000000010111110010001100000000101100100010000000001001001000100011110111111111111111011101111101100111100000000000001000000011110111110111111111111101111101101111110001011111001001110000000010000010001000000101101100100011000111011111001001111011110111110110011111
-5828872010500527689,20,meet_semilattice,1010000000011011010111100100011110110111001000000001101001011111010101111111011111111111011111110111101001000101101101111110011001111011011100000001000000000100111111111111111101111010000001011011011110100100011110110111000000000001000001000000000000011000010111100100011111110111000000000001101001010010000000011011010111111111011111111111000000000000000001001010000000011011011100000000000100000101
2133940389583868077,20,meet_semilattice,1000000000000001000111101000000010111001101000000000000100011111100100001011100110001000000000010001111111010000101110011111101100011111110111101001000010111001111110011001101111011111111111111111111111111001101110111101111110010001101111010000000000001001000111111001000111111101100010000000001100010000000000000001000100000000000010011001111110010000101111011111110110111011111100000000000000000001
6317814284115011802,20,meet_semilattice,1000000110100011100111010101111101111111111111111111011111111001010111110111111111011111111101111111100001011111001111011101011111110111111100000001000000000000000000011010000110011000000111110011110100000001001000000000000000010011000110011111111111111111111110000101111101111101000000011010001110010000000100100001100100000001001000001000100000011011001111010000000100110001101100000001001000001001
-4286403254331518480,20,meet_semilattice,1110010111110111001101100000000001010001001000000000000000001111110111110111001111101101111101110011011001001100011100011111111111111111101101100101110001110001001000001000010100010110000011000111000101100101111001110011011001011111011100111110010111111111001100100000000001010001011000001000011100010010000000000001000011111101111111111011111111011111011101110110010111000111001100100000000000000001
4170168769208474682,20,meet_semilattice,1010111110001111111011111111110111111110001001011000010011001011111110001111111000101101100011111110000001010000010010000010111110001111111000000001000001001000000001011000010010001011111111001111111010111111101011111110101111111101111111100010010110001100110000000000000001000000001001011000111011000010010110000101110000000000000001001000000001011000010011000010010110001111111011111111110111111111
-4525789179349789555,20,meet_semilattice,1111100001111111011001111000011110110010001110000101101100000001100001010001000000001000010000010000111111110111111111111111101101111111111111111001011111111110111111111111111111110000000001000000000000111000011110110000000010000101000100000000100001011011000001111000011111110110000010000101001100000000000001000001000000111000011110111010001110000111101101100011100001111011001011111001011111111111
8092631204831753647,20,meet_semilattice,1111111111011110111101000000010100001000011000000101010010100111000111011100111001111111110111001110011001010101110011100111011111011100111001100001010101001010011000011101110011100000000001010000000001111111111111101110000000000001000000000110000101011100111001000000010101001000011111111101111011101111111111011111111100000000000100001000011000010101010011100100000001010100101001111111110111101111
1990529992035530532,20,meet_semilattice,1111111110110111111101110100001101001111001101000001010011100001000000010000101001111110101101001111000101000001000010100011011000110100111001111111101101001111001101101011010011101111111111110111111100110100001101001110000000000001000010101111111110111111111100010100000101001110011111111011011111110111111110110101111100000000000000001000000101000001000011100000000000000000101000110100001101001111
-1220187986168484733,20,meet_semilattice,1000100011100010101011001000111000101010111111101110011010101101111011100110101000001000111000001000110011101110011010101100101011100110101011001111111001101010000000001110000010000000000001100000000000000000001000000000110010101111011110101100111011111111101011001000111001101010000010001110001010101100101011100111101000000000011000001000110011111111111111100000100011100000101011111110111111111011
5180192318912296865,20,meet_semilattice,1100000010100000001001000000000000000010111011101110110000101101011011101100001011001110111011000010110001101110110000101100001010100100001011111111111111000011010000001010000000101100001011101100001001000000001000000010111111101111110000111100001010101100001011000000101001000010111011101110111000101110111011101111001011001110111011001010111111101111110001110000000000000000001011001110111011000011
5756505290610406233,20,meet_semilattice,1111011111100100111101110111111001001111001000000000000000000011010110100100001011111111111111011111001001001010000000000011011110100100011000100101101000000000001000001000000000000011011111100100111100100000101000000000111101111111010111111111011111111101111100100101101001000010001101111110011011111111011111100101111100110101101001001010001101011010010001100010010110100000001000110101101001001011
-1811158745147416968,20,meet_semilattice,1000001000000011010011000010000000110100111100100101011111111101001000010011110111011010010101111111111101100101011111110000001000000000000011111111011101111111110110101111011111111101001001010111111111011010011101111111110000100001001111011101101011111111111111010010000101111111000000100000001000000000001000000011000000000010000000111100000000100000001101001101001000010011111111000010000000111101
2056218550125348471,20,meet_semilattice,1111111111110011111101001010110000000010011010101100000100100111101011100001001100001010000000000000011111101111000110110000001000000000000001111011111100011011000010101000000000100000101011000000001000001010101000000010011110101111000110111111111111111011111111111111111111111111011110111111001110110100101011000001001001111010111000011011011111111111001111110000101000000000001001101010110000010011
3224999020812077772,20,meet_semilattice,1111111110101111111001111111001011111110001100110000111000100001000100000010001000111011000011100110000101110000011001100001001100000110001000000001000000100010001111111010111111101111111111101111111000111111001011100110111111111111111111110001001100001110001000010001000001100010000000000000001000100011111100101111011000111111001011111110000100110000011001100000000000000000001011111111111011111111
1168574987430638623,20,meet_semilattice,1010111101111110110111101111111111111101001000010000111011001011111111111111110100101001010111101100001011110111111011000010101101111110110000000001000001000000101011111111111011010000000101000100100000101001011111101100001000010001111011000000000000001100000000000000000001000000000000000000111000001010111111111111110100000001000001001000000000010000010011001110111111111111111100101111011111101101
6669454569891521241,20,meet_semilattice,1000000100000000001011111111111111111111101011111111010101111001110111110101011010001001000101000010100011011111010101101000111111110101011000000001000000000000100010011111010100101000100101110100001010001001001101000010100000010001010000101011111111111101011100000001000001000010100111011111011101101000100101110101001010101111111101011111100010011111010101100000000100000000001010001111111101010111
6239585620977787754,20,meet_semilattice,1000000100001000000011111111111011111110101101111100111111101001011111001111111010111111110011111110100001010000111000101000011100001110101000000001000000000000100001111100111111101000010101001110101010111111111011111110101101111101111111100000000100001000000010000001000011100000100000010000101000001000011101001111111010000101000011101010100001110100111011101000000100001110001011111111111011111111
7714440676908420362,20,meet_semilattice,1000000100000000000011000001000010001000111000010000100010001111100110101111111111101001000010001000111111011010111111111111111110101111111100000001000000000000111010011000110110001111110111111111111111101001101011011000111111011011111111111000000100001000000011101001000011011000111010011010111110001000000100001001000010000001000000001000111010010000110111001110000100001000101011101001100011011011
-801319530801421765,20,meet_semilattice,1000000000000000000011000000000000000000111010101001101111111111111011111111111111001010100010011110111011101111111111111100001010001001111011101011100110111111110000001000100111101110101011111011111111001010101110111111110010101001101111111100000000001001111011001010101111111111110000001000101111101000000000000001101010000000000000001000110000000000000011001000000000000000101011001010100010111111
-1970919573972930376,20,meet_semilattice,1000000000000000000011101111111101110010101000000000000000001111111111111111111010101000011001000000101011000111010000001010111101110100000010101101011101000000101011111111010000001010000001000000000010100000011001000000101010000111010000001110111111111111111010100000010001000000101011010111011000001010111111110111001011101111111101111010111011111111011111101010111101110110001011101111111101111111
-5409592635708265292,20,meet_semilattice,1110101001010100101101100010010000001011001000100100000010111111111011110111111101101010010000001011011011100111001010110000001000000000000011101111011101111111111011101111011111110000001001000000101001101010011100001011011010100101000010111111111011111111111101101010010001001011011010100111001010111110101001110101101100000010000000001010111011100111011111110000001000000000001000000010000000000001
4820241462563000226,20,meet_semilattice,1110011111111011010101100111110010100101001001100000000001001111011111111111110111111111111111111101000001100000000001000000001000000000010000100111100000100101001001101000000001010010011111000010010101100111111010110101011001111111101101010010011111001010010111100111111111110101001001101000001001010110011111001011010111100111111111111101000000000000000001001111111111111111111100100110000000000101
1149902616186051878,20,meet_semilattice,1110101111111111111001101011011100010000001010010111000100001111101111111111111100001000010000000000011011110111011110100010101101110001000000001001011000000000011010111111011101100000000001000000000000001000011000000000000010000101000100000110101111111111011001101011011101110010001010010111001100000000100001000001000001101011011101111010001010010111000101000010100101110011001011101011111111111111
6482932809249144512,20,meet_semilattice,1000100010101101111111111000101111111111101010001010110111111011100010111101111100001000101001011111111111101111111111111111101010111111111111111111111111111111000000001010010000111111101011111111111100000000001000000010101010001011110111110000000010101101111100000000000001000010101110001011111111110000000010100101011100000000101001011111000000001010010001110000000000000000001000000000001000000011
3642327801045415052,20,meet_semilattice,1110011110111111111101000111000101000000011001111011111111111111011110111111111111111111111111111111000001110001010000000000001000000000000000000011000000000000010001111001011001101111011111111111111101000111101111111111000000110001000000000100011110011110111000000011000101000000010001110001011000100100011100010111011001000111100101101110010001110001011001100000001100010100001001000111100111101111
2716975965309323689,20,meet_semilattice,1101010111001111111001010101010001100110011101011100111111110001010000000100010011111101110011111111000001000000000000000111011111001111111100000101000000000000010101011100011011100001010101000110011001110111111011111111011101111111111111110101010111001111111000000100000001000000000101000000011001000101010111000111111000000100000001001000000001000000010001000001010000000110011000000100000001000101
3482202697593007881,20,meet_semilattice,1000100000000010100011101111110011111101101010100000001010001011111111101111100100001000000000000000101011100000001010000000101000000010100010101111000000101000101011111000111010011010111101000110100110101111111011111001111111111111111111111010111100001110100110101111000001101000000010000000001010001010111111001111100100001000000000001000101011111100111111011111111111101111111110101111000001101001
-1617771574348648794,20,meet_semilattice,1000000000000000000011100001111111111101101000001100101001011111101111111111111110101011111111111101111111111111111111111010001111111111010110100001111111100101100000001100101000011000000001001010000110000000111010100101101000001111101001011000000000001000000110000000110011100001100000000000101000011010000111111111010110100001111111111101100000001100101001011110000111111111111110000000000000000001
-7096327898284959434,20,meet_semilattice,1000000100000001100111000001011100011101111001010111110111011111010101111101110111111111011111111111110001010111110111011111011101111101111100000001000000000000111111111111111111111000000101010001110110000001001000011001100000010001000110010000000100001000100111000001011111011101111101110111111111110000000100000001100100000001000000001001100000010001000111011110010101111101111100000001000000000001
6507902271623554200,20,meet_semilattice,1010011010101111010111100110111011110111001001101000100001011111011111101111011111111111111011110111000001100000000000000000001000000000000010100111101011110101000001101000100001010010011011101111011100100110101010000101111101111111111101110000001000001000000000100110101011100101000001101000101001010010011010101111010111111111111011111111000001100000100001010010011010101111011100000110000000000001
4857881570487824989,20,meet_semilattice,1000000000001010000111011011111011111011111110111110111110111001101111101111101110001011010011111011110111111110111110111000001100001111001110000001000010100011100010111100111110111000001101001111001110001011111011111011110111111111111110110000000000001000000010000001000011100011000000000000101000001000000100001111001110000011010011111011111110111110111111111000000000001010001100000000000010100001
-4734861077619222165,20,meet_semilattice,1111001110101111101001000000000000100000011000111000011100100101001110001111101011111111111111111110111101111111111111100100001110000111000001000001100001110000000000001000011100001111001111101111101001010011101011111010111100111111111111100100001110001111000000000000000001100000000000000000001000000000000000000111000001000011100011111000111100111110111111100100001110000111001011110111111111111111
-5248792737635656203,20,meet_semilattice,1111111111111111111101000000000000000000011111111110111111010101000000001000000001001000000010000000010111001000100010000101111010001010100001011111111011111101010000001000100000000101111011101111110101011110101011111101010111101111111111010100000000001000000001011110100011101100010111001000101010000101110010001001100001011000000010001000010111101000101011000111111111101111111101011110100011111101
7482464531426868695,20,meet_semilattice,1100000000000010000001000000000000100000111000111001001000011111101110110111100111101011100100100001111111111111111111011100001010010010000011000011100100100001110000001000001000001110101111110111100111100011101100101001110000001001001000001111101111111111110111100011101101101001000000000000001000001110101110110111100111100011100100101001111110111111011111011110101111110111101111000010100100100001
-2973101544350099164,20,meet_semilattice,1000001000000000000011000010010000000001111110101101101000111101001001000000000111011010010010100011111111111101101111110000001000000000000011111011110110110111110110101101101000111000001001000000000011111111111111111111110110100101101000111101001001001000000111111111110111111111110000100100001000011111101011011011001111111011110110111111110110100101101001111101001001001000001110000010010000000001
-5195334218825218456,20,meet_semilattice,1010000000000000000011110100100010001111001000000000000000001011000000000000100010111101100110011111101101000000000010001111111110011101111110110101000000001000101101001000100011111111111111111111111110110100101011001111101101011001100111111011010000001000100010110100100011001111111111111011111111111011010110001001111110100000000000001000101101000000100011011011010000001000111110110100000010001001
9097723656739132253,20,meet_semilattice,1001110101010000111101010101000100101111111111010101011011110001010100010000111100011101010100001111000001000000000001011111111111111111111100000001000000001101111111011101111011110001010101010000111111111101111111111111000001010001000011011111110101011110111101011101010101101111000101010001001011111111110111011111111100000000000000001101000000000000000001010000010100010000111100000000000000000001
2819233815895218465,20,meet_semilattice,1000001000000000000011111111111111111101101000110000000000001011111111111111110110101111011111011100101001110111110111000000001000000000000010000011000000000000101011111111110111011010001101001100010010100011011111010100101000110101110101001010001100001000000010100011000011000100101011110111111111011010001101001101010010100011011111011100101000110000000001001111111111111111111110101111011111011101
-4021255948917683942,20,meet_semilattice,1110001000000000010001100010000000000100001000000000000000001111111111111111111111101010011010111100111011110110101111000010001000000000010011101011011010111100111010111110101111101110001001000010010011100010011000100100111011111111111111111110001001001010010011101111111011111110001000000000001001001110001001101011110011100010000000001100001000000000000001001110101101101011111011100010011010111101
5379179785138552129,20,meet_semilattice,1000011011010000000011011110110111110011111111111111111101111001111011011111001110001110110111110011000001001101000000000000001001000000000011011111110111110011000000001101000000000000000001000000000011011111111111110011000000000101000000001000011011011000000010000110110111010010100001101101111100111000011011011001001011011111111111111111110111111111111101111000011011011000001010000110110111010011
-6909064854182197102,20,meet_semilattice,1010000011010001000111111000111111011111001000001000000000011011100011111101111110101000110100010001111111001111110111111111101011111111111111111111111111111111000000001000000000010010000011000001000110101000111111011001001000001101000100011010100011011101000110101000110101010001111110001111111111110010000010000001000110101000110111011001101010001111110111011010100011111101101100000000000000000001
5735234306601180732,20,meet_semilattice,1101100000001111111101010000000000001100111111111011111111110001000000000000110001011000000000111111110111111010111111111101101010101111111111011011101011111111010110001000111111111111111111111111111111011000101011111111110111111011111111110101100000001011111101011000000011111111010100000000001011000101000000000011111000000000000000001100000000000000000001000101000000000010111001010000000000101101
2856972776551484157,20,meet_semilattice,1011111111111111110111111111111111111101001101011101111010010001010001011000000000011100010111000000000001000000000000000011111111111110100100010101010111000000000101011101110000010000010001000000000000011101111111001001000001000001000000000000010001011000000000010100010111000000000101011101111010010011111111111111110100010101110111001001001111111111111011011111111111111111111100010101010111000001
1324799893623475407,20,meet_semilattice,1010011000000001010011111111100111011111001000000000000000001011011100011001111010101111000100011110001001100000000101000010001000000001010010100111000000010100101101111001100111101111111111111101111110100111001100010110101001110001000101101010011100011001111010111111100111011110111111111111111111110010000000000001000010100111000100011110001000000000000101001010011100000001011010111111100111011111
2447249621331527703,20,meet_semilattice,1000000000000000000011111110011111111111101110100111111101111001100000010000000110001000000000000000101111100111111101111001101000110101011110011011011101010111100110111111010101111001101001110101011110011000001101010111100010000001000000001001101001111111011110011000000101010001100110100111011101111001100000010001000110111110011111111111100110000001010101011001100000010101001110000000000000000001
-6052645484000174358,20,meet_semilattice,1111111011111000110101111010110110001100001110001101100011000001100011011000110000001000110010001100011111101111100011010011101011011000110011111111111111111111000000001000100011000000000011001000110001111010111110001100000010001101100011000000000000001000010011111110111111001111111111101111111011111111111011111111111100000000000010001100000000000000000001001111111011111000111101111010111110001101
-1072613188927624167,20,meet_semilattice,1111011000101011011101110100001010110111001001000010000001110011010000101010011111111111111110110111000001000000000000000111011000101011011111110111111110110111111101101111101101110111011001101011011100000100001000000000111101100011101101110000010000101000011111111111111111111111000001000010101001110011010000101011011111111111111110111111000001000010000001000000010000100000011100000100001000000001
-2112748424528145858,20,meet_semilattice,1000000000000000000011011111111111111111101111101111101111111001100001010000000010001000000000000000100111000101000000001001111001110000010010011111111111111111100111101111101111111000100001010000000010011100011100000100100010000001000000001001111001111010111110011110011101001111100111100111001011111001111001110001110110011110011100001100100111000101000001001001111001110000111110011110011100001101
6789287250581639967,20,meet_semilattice,1101111111101111011101011001111000000110011111111110101101110001000001000000000000011000010000000000010111111110101101110101101111100000011000011001011000000100000110011110000001000000000001000000000000011000011000000000110111111111111111110101101111101000011001011111111011110111010110111110001001100101101111101001011001011111111011111111000110000100000001000001100111100000011001011011111010100111
123218481874984803,20,meet_semilattice,1111101111111111111001000010000001010000011100101010010110000101001000000101000001111010101001011000011111111110111111100000001000000001000001111011101001011100010100101010010110000111101111100111111001010010001001011000011110111111111111100111101111101111111000000010000001010000011110111010011111100000000000000001000001000010000001011000011110101010010111000111101110100101111011111111111111111111
4711728119962296621,20,meet_semilattice,1101100001000111001001000000000001000010111110000100011100100101100000000111001001001000000001010010111111101101011110100101101001000111001011111111110101111011111110101101011110100101100001000111001011111111111101111011010110000101011100101111111111111111101100000000000001000010010010000000011100100100000000000101001011111010010101111010111111111111111111110000000000000000001011111010110101111011
3825685304039941815,20,meet_semilattice,1111110111011011011101111101100110110111001111011001101101110001000000000000000000011001100110110111000111011001101101110111111111011011011100010001100100010000000100001001000100000111110111011011011101111111111110110111000100000001000000000001000110011001010011111101110111110111000100011001101101000001000000010001000001111111111110111111000100011001000101000001000110011011011000010001100110110111
7226413455077121453,20,meet_semilattice,1001101111111010111011111011111111111111101110111111101011100001000000100000000000011000101000000000101111111111111111110001101010110000010000011001101110000100000100001010000000000001101111111010111000000000001000000000000100001011000000000001100010111000010010111011111111101111000110111011101011001011101111111111111100011000101110001100000110001011000001000001100010111000011010011011111110101111
669991592099561479,20,meet_semilattice,1111111001111111111101111010001000001100001100100010000011000001000000000000000000111010001000001100011111100111100011110001001000100000010001111111011111011111011111101111111111110111101001111000111100010000001000000100011110100011100011010111101000101000110001111010001111001111011111100111111111110111111001111101111100010010001000001100000100000000000001000111101000111000111101111010001010001101
-5303825898903707569,20,meet_semilattice,1000000000000000001111010010000101000011101000000001010000111001000000010100001111111010000101110011111111110101011111111000001000010100001111111011010101111011111111111101111111111111101001010111001111111111011101111111100000000001000000111111111101011111111110000000000101000011101100000001011100111011000000010101001111111010010101111011111110110101011111110000000000000000001000000000000000000011
8351559680626065349,20,meet_semilattice,1111011110101100011101110110001010000111001101100010000001110001010000100000001111111111111111111111000001000010000000110000011000100000001101110111001010000111011101111010110001111111011111111101111100000000001000000000111101111011110001110011011000101000011101110111001011000111111101111111111111111111011110111101011111110111101111011111000001000010000001110000000000100000001000000000001000000011
-7898436872363070292,20,meet_semilattice,1000110010001011010011111111111111111111101011001000101101001011111110101111111100001000000000000100000001000000000001001000111010001011010010101111100011110110000010001000000001001010111111101111111110101111101011110111101011111111111111110000100010001001010010101110100011110100000011001000101101000000100010000001010010101111101011111111000000000000000001001000111010001011011010101111100011110111
-6333206717710706404,20,meet_semilattice,1011110101111000111111111101011110001111001000000000000000000011000000000000000000111001000000000000001111010000100000001111111111111000111100100001000000000000111111011111100011110011110101001000100100111101011010001011001111010111100010110011100100001000000011111101111111001111111111010111101011111111111111111101111100111101000010001001001111010110100011110011110101001000101100111101000010000001
-5647876455842856618,20,meet_semilattice,1111111011001111101001111110110011111000001000000000010000000001000000000100000000101000000001000000001011000000010000000010111000000100000011111111110111111010001011001000110100000011111011001101100011111111111111111010111111101101111110100010110000001100000000000000000001000000001111101100111110000010110000001101000000111100100011011000111111111111111111100111111011001111101011111111111111111111
-7005544892282756928,20,meet_semilattice,1111111111111101111101000011010000010000011000110100000100100001001101000001000001111011011110011010011111111111110111110000001000000000000000000011000000010000011110111111110111110000001101000001000001110011011110010010011000110101000100100111001101011001001001111011011111011111111111111111111111110000001000000001000001110011011110011010011110110111100111100100001101000001001001111011011110011111
-4465417316932434364,20,meet_semilattice,1000100000100000010011101001001100000110001000010001000001001111100100110110011000001000000000000100111011010011011101101111111100110111111000000001000000000100111111111011011111101111111111110111111000001000001000000100000000010001000001001111111111111111111011101001001101100110111010010011001001101110100100110111011011111101001101111110000000000000000001001010100100110000011011111111101101111111
-2647970086345112779,20,meet_semilattice,1000100000000010000011011011110111111111111110111111111111111001101111011111111100001000000000100000110111111101111111111000101000010010001110001011010111111111100010101101111011111000101001011010001110001010111111101111100010000001001000111000101000011010001110001010010111100111000000000000001000001000101001011111111110001010010111101111100010100101101001111000100000000010001010001000000000100011
-8455037251966771919,20,meet_semilattice,1000000001000000000011010111111100110110101101111111101101111001011111100001000011111111111110111111100001000100000000001000011111100001000010000101010000010000100001011100000100000000000001000000000010000101111000010000100101111111000100001001011111111011011111110111111111111111100101111110001100101000010001000001000011110111111110111111100101111111001101101000011111100001001010010111111100110111
5655720221439039788,20,meet_semilattice,1011001111111100100011110011111111001000001000000010000000000011001101101100000010111011111111001001111111111111111111110000001000100000000000100011011001000000001100111111110000000010001001100100000000000000001000000000001000110111110000000010001101101100000000100000001001000000001100111111111010001111101111111101111100110011111111001000101110111111110011011011101111111100111100100011011111000001
9220790678598830136,20,meet_semilattice,1001000001010000011011010000010100000110111100010111001111100001000000000000000011111001111110111110111111011111101111111111111111111111111110010001011100000110110100011111001011100001000001000000011000010000011100000110000100000101000001101111000111111011111011111101111111111111100100010111001001101101000101110011111011010001011100101110000100000000000001100001000000000000001011111001111110111111
-3794487783060239677,20,meet_semilattice,1000000000000000000011010000001000100011101100000010001000111001000000000000000011111001011100110111111111111111101101111111101101110011011111110001001000100011111110111111101101111111000101110011001110010000001000100011100100000001001000111111101101111011011111111011111111110111100100000000001000111111000100110011001111111111111110111111111100010111001101111001000000000000001110010000000000000001
3506208601151343557,20,meet_semilattice,1000001000000000000011111111111000101111101000100000000000001011111111100010111110101111111000100011101001100000000000010000001000000000000010100111101000000001101001101010000000011010011001100000000110100110001000000001111111111111101011111111111111101010111111111111111111101111101001111110001000011010111111100011011110101111111000101111101011111110001001111010011111100010001110100010000000000001
-5663616007864881129,20,meet_semilattice,1100111101111000110101000000000000000000111011110111100011010101110101110000110101001001000000000000010011010100000001010100111101111000110101000001000000000000010011111111100011010100000101000000000001001101011100001101010011010101000011010100110101111000110111111111111111111111110011110111101011011100111111111011110101001101010000001101010000010000000001001100111111111011111101001001000000000101
-5229761504444027904,20,meet_semilattice,1100110110100000000101000000001000000000111011011010000000011111111111111110010101001101101000000001010001011010000000001110111110101110010101000001001000000000010000011010000000001110111111101110010100000000001000000000111011111111111001011100110110101000000111101101101011000001111011011010111001011110111111111111111111101111111111101101010001011010000001011110111111111110111101000101101000000001
-5236333844969426161,20,meet_semilattice,1000000000000000000011111111100010100000101010000000000000001011111000001010000010001000000000000000101011000000001000001010111000001010000010101111000010100000101111111000101000001111111111001110000011111111111111100000111111111101111000001010110000001010000011111111100011100000100010000000001000001111111111001111000011111111111111111101111111111101111001001111111111111111011111111111111111110101
-304676234643800117,20,meet_semilattice,1000101010001000001111101110100111111011001010101000000000011111111111111111111100001010100000000001100011101000100000110000001010000000000110101111110111111111000000001000000000001010111011011111101111101111111111111111101011101001111110110000101010001000000110101110100011110011100011101000101000111000111010001011001110101110100011111011101011101101111111110000101010001000001100000000100000000001
744058530911988947,20,meet_semilattice,1110111011111111111101000000100001110100011001101000011111001111111111111111111101101110110111111101010001001000011111000100011010000111110001101111111111111111000000001000010000000110011011001111110001100110111111111101011001101101111111010110011010001111110000000000000001000000000000001000011100000000000010000101000001000000100001111100000000001000011101000110111011111111111101100110100011111101
2505221751667545528,20,meet_semilattice,1001001000000001001011010011010000010010111101111111101111110001001000000001001011011111111110111110110101111111101111100000001000000001001010010011010000010010100100101000000101101001001001000001001011010011111000010110110100111111000101101101001111111001011011010111111111111111110100111111101101100000000000000001000011010011111110111110100100100000000101100000000000000001001011010111111110111111
-4532615124315025189,20,meet_semilattice,1100011111101011001101000011101010110011111101111111111111111101011111111111111111001111111111111011000001011010101100110000001110101011001100000001000010000000000000011000100000000100001111101011001100000001101010000000110001111111101110110000000000001000000011000111111111111011000000011010101000000000000110001001000011000111111010111011110001111111111111110000000110101010001000000001101010110011
-2913720806325640426,20,meet_semilattice,1111110111011110111001110101110111101110001000001000110011100011010010011110111001111101110111101110001001001001110011100111111111011111111000110101110111101110000000001000010001100011010011011110111001111101111111111111001000001001110011100000000010001100111000000000000001000010001001001001111011100111110111011111111000000000000001001110000000000000010001100000000000000000001001111101110111101111
-4529192346451576654,20,meet_semilattice,1010000000000000000111111011111111111101001000000000000000011011000100001000100110111001100010001101101111011111111111011011101111111111110110100001000000000001101100011000100011011011100111101111110110111001101010101101101110011111111111011010000100001000000110111001101011101101101110011000101011011011100110101111110110100001000010001001001000000000000001011011101111111111111100000000000000000001
-5604976945626082659,20,meet_semilattice,1001110001001010000011011111111111110011111111111111111100110001100000000010000000001000000000100000000111000100101000001001111001011010000010011111010111110010100111111111111100100001100001001010000010011110011111100010100111000101101000000001100000001010000010011110010111100010000000000000001000001001111001011111001011011111111111111011111111111111111111111001111001011010001010011111111111110011
2307337118260128684,20,meet_semilattice,1000000000000000000011010010010100010010111100100101000100101001000001000000000011111110011100010110100001000101000100101000001001010001001011111111011100011110111111101111111111111000000001000000000011010110011100010010100000000101000000001111111001111111111111111110011101111111111111100111001111101000000001010001000011111110011100011110111101100111000101101000000001010001001011111110011100111111
-6199305200387303880,20,meet_semilattice,1100000000000000010001000000000000000000111000100011010111101111001000110101111011111110011101111111111101100111010111101100001000010001011011110111011101111111111101101111010111101110001001110101111011000010001101011110110000000001000001101111111101111111111111000010000101011110111101100111011111111100000000010001011011000010000100011110010000000000000001001100000000000000011011110110011101011111
-459335192415575267,20,meet_semilattice,1011011111011111100101100111110111011001001001101001000000000011011111011111100110111111110111111001000001001000000000000000011010010000000000100111100100000000000000001000000000000010011011010000000011110111111111111011000001001001000000000010011110011000000000100111100111001000001001111101111110010010011111011101100100000110100100001000001001111101110011010010011111011101101100100111110111001001
2279448169161357957,20,meet_semilattice,1000111000000101110111101110010001011111101011100000010111111111111001000101111100001000000000000100000011000000010001000000101000000101110111101111110011111111111011101100110111111010111001000101111111111110011001011111111011101101111111111110111001001101111100001000000001000100111011101100111111110000100000000101010000001000000000001100000000000000000001001000111000000101111100001000000000001101
2563916125861543984,20,meet_semilattice,1010011010110011110111101110101100111111001000000010000101011011111010110011111110101110101100111101001001101010000111010010001000100001010111101111101100111111001000101010000101011110111011110011111100000000001000010000001001101011000111011111111010111111111111101110101101111111001001101011001111010000000000000001000000100010101000011101000000000010000101011010111010110011111100000000001000010001
6941217845693431681,20,meet_semilattice,1101000101010101010001010001000101010100111110011101111111100001000100010101010011011001110111110100111111111101111111111111101111011111111000000001000001000100000000001000010001000101000101010101010011111011111111111110000000010001010001001101000111011101010000000000000001000000110100011101111101000000000100010101010011011001110111111100000000000000010001001101100111011111011011111011110111111111
215492893047063453,20,meet_semilattice,1011110100000101001011111111010111110010001010000000010100100011100000000101001000001000000000000010001111010000010100101011111100010101001000111001000001010010111111111101111101111011111101010101001011111111111111110111001111010001010100101011110100001101001000001000000001000010101111110101111100100000100000000101001011111111010111111011111111110101111101110000000000000000001011111111010111110011
9064761600543399389,20,meet_semilattice,1010010011101000010011111110111010110101001001001110000000001011111011101010010000101110111010000100000001000100000000000010011011101000010010111111111010110100000001001100000000000000000001000000000000000100011000000000111111101111101111110010010011101000010011111110111011110111101001001110101001001011111011101011010011111110111010111111001001001110000001001111111011101011011110111110111010100101
-2504131538826796346,20,meet_semilattice,1101100000001000000101000000000000000000111110100110101011010101100000001000000001001000000010000000111111100110101011110101101000001000000111111011011010111101111110111111111111111101100001001000000101011010001010001001111110110111101111110100000000001000000011111011011111111111110110000100101000011111101001101011110101011010000010001001110110100110100011011111101001101010111101011000000010000001
-6131264082542382400,20,meet_semilattice,1001111011000010000011111111111111110010101111111100111000100001011001000010000000001110010000100000000001100100001000000000001001000010000000001111010000100000000111101100001000000000000001000000000010111111111011110010101111111111111100100001111011001010000010011111110011100010000000000100001000001011111111001111001011111111111111111010111111111111111101100001111011001010001011111111111111110111
-1037634469079652738,20,meet_semilattice,1101000000001000110001000000000000000100111110001111100111110101000000001000010011011000010010011100111111111111111111111101101011111001111011011001111110011110110110001111100111101101000001001000110011011000011010011100110110000111100111000100000000001000010011011010111111011111111110001111101111111101000001001001110001010000000010001100000000000000000001001101100001111001111011011000111110011111
-6783144990706766692,20,meet_semilattice,1101000001001100000001000000010011000000111111100110111010110101000001001100000011011110011011101011110101100110111010111101001001101110000111111111111111111111111111101111111011110000000001000100000011010000011011100000110100100111111010110000000001001100000000000000000001000000110100000100111000001111111011111111111111010010011011101001111111100110111011111101001001101110101111010000011011100001
-7754532257732699480,20,meet_semilattice,1101101111000101010101010000000000000001011110111100010101010001000000000000000101011011010000010001111111111100010101010101001001000000000101010011010000000001010100111100000000010101000001000000000101111011111111110111011110111101111101110111101111001101010101011011110001010101011110111100111101110101001101000001000111111111111111111111010110111100000101010111101111001101011100000000000000000001
-4046787953061744293,20,meet_semilattice,1101101110110000101001000000000000000010111110111111100010100101101110110000001001001000100100000010111111111111101110110100101010110000001001001011101100000010000000001000000000101101101111110000101001001000101100000010010000000001000000101101101111111000101011111011111111111011111110111111101110111101101111111001101001011011101100001010110110111111100011100000000000000000001011111011111110011011
-3786160736845376593,20,meet_semilattice,1000000000000000100011000000000000001000111111110000000110111101000000000000101011011101000000001010110001000000000010101101011100000000101011010101000000001010111111111000100111111111111111001001111111111111111011011111111111110001000110111111111100001001111111111111110011011111111111111001101111111101110100000001101100000000000000001000111111110000000111111100000000000000101011000100000000001011
-5919055120135276686,20,meet_semilattice,1111111111101111100001000101000000000000011111110000101110000101110100000000100001001101000000000000000001000000000000000101111100000011100000000101000000000000011111111110101110000101110101000011100001111111001010111000111111111111111111000101111100001011100001111111111011111000010111010000001110000101110100000001100001001101000000001000111111111110111111001111111111101111111011111111111111111111
-4820931147618441916,20,meet_semilattice,1000000000000000000011000010001101000000111101101111011001111101001000110100000011111110111111110111110101101111011001001000001000100000000011111111111111110111100000101011010000001101001001110100010010000000001000000000100000100011000000001111011011111111011110000010001101000000110100100011011001001111011011110111011111111111111111111111110100100011010001001101011011110110011111010110111101100101
-3684054629541514008,20,meet_semilattice,1001111110110110011011111111101111110110001111111011011001100001011110100000010000011111101001000100000001100010000000000000001000100000000000000111101000000000000001101010000000000001111111110110011000000000001000000000000111111011011001000011111110111110011000010111101001000100000111111010011001000011111110111111011011111111101111111110000001111010000001000001111110110110011011111111111111111111
-8136686938545888574,20,meet_semilattice,1000000010110000010011111111111111111111101000111111111011011011001111111110110110111111111111101101101101111111111011011000001010110000010010000011111101100100000000001001000001001000001011110000010000000000001100000000000000000001000000001000001111111110110110000010111101000100100000101111011001001011111111111111110110000011111101101101000000000001000001001011111111111111111110000010111100000101
7400260455901723895,20,meet_semilattice,1000100011110100000111011111111111001101111111111111111111111001101011110100100100001000111101000001100111101111010011010000101011110100100110011111111111001101000000001000000000000000000011100000000100000000101000000001000000001001000000011001111011111100110100000000101001000001110111111111111011011101111111111111110100001000111101001001100110101111010011011101111111111111111100000000100000000001
-7223045345914078586,20,meet_semilattice,1010100100100001100011101001001000011000001000000000000000001111110111101001111100101000001000001000111011011010100111011111111111101111111100100001001000011000111010011010000110011110110111101001111100100000001000001000111111111111111111111110100110101001110111111101111011011111111111011110111111110010000000100001100000100000000000001000111010011010000111011110100110100001111111101001001000011001
1095601469939897189,20,meet_semilattice,1011100111011100111011111011111111111111001110001101110000100001000010011100001000011000100111000010101111011101110111101011101111111101111000111001110111001110000000001001010000100000000011011100001010111001111111011110000000000001000000100000000010011100001000000000000101000010101110111111111111101011100111011101111000111000110111001110001110001101110001100000000000000000001010111011111111111111
3866051031806003144,20,meet_semilattice,1111000100011101100001010001000111010000011100010001110110000001000100010101000011111001111111111111111101011101111111101111111111111111111100000001000100000000111100011001111110001111000111011111110011110001101111111101000000000001000000000001000100011101000000000001000101000000011100010001111110000000000000010001000001010001000111011000111100011001111111001111000111011111111011110001100111111101
-709926347348908506,20,meet_semilattice,1011001100000110000011111111101111111110001100000000001000000001000000000000000010111011100011101100101101111011111111100011001000000110000000110011000001100000101100111000111011001111111111111111111110110011101011101100101100111011111011100001000000001000000000010000000001100000000100000000001000001011001110111111111010110011000011101000101100110000111011001011001110101110111011111111101111111111
7512541022087195479,20,meet_semilattice,1011111111111011111101111111111110111111001100110111100011110001000001000000100000111011111110001111001111111111101111110001001001101000101000010011011110001111001100111111100011110000000001000000100000010000011000001000000000000101100010100000000000001000100011111111111111111111001110111111101111110011101111111001111100000000000000001000000100100111100011100000000001001000101000010010011110001111
-7797493124448773056,20,meet_semilattice,1111100011000100011001111000110001000110001110001100010001100001000001000000000000011000010000000100111111001110010001101111111111111111111111111101111111011110000110001100010001000000000001000000000011111000111001000110111111001111010101101111110011101100011000010000010001000100111111011111111111101111110011100101011011111100111111011110000100000100000001000001000001000000011011111101111111111111
242690867117051512,20,meet_semilattice,1011000000000110000011111101011001111100001000000000000000000011000000000000000010111001000001101100101111010110011111001111111101101111111110110001000001100100111111111111111111111011100101000110110010111001011001101100111111110111111111111111110101101111110100110000000001000000001100000000011000001011100101100111110010110001000001101100001100000000010001001111110101101111111111111101011001111101
-1275440411146196399,20,meet_semilattice,1101101010000000000001001010000000000000111110101000000000000101101000000000000000001010000000000000111111111111111111010000001000000000000011111011101100000100010010101000000000001111101111110001010011111010101100000000110110101001000000001111101111111111110111111011111101010100111110111111001111011111101110110001010011111011111100011101111110101011000001001111101111111111111111111011111100010101
432348101619297115,20,meet_semilattice,1100001011001101001101000000010010010011011000100110100100111111101011101101001111101010111011010011111111111110110100110100001001001001001111111011111011010011010000101100110100110000000001000000000101000010011010010011111110101111110100110000000001001001000101000010010011010011111110111110111110110000000001000001000111111011111011011011111110111110110101110000000001001001001100000000000000000001
4941553044034841603,20,meet_semilattice,1011101000001010100001111010000010001000001010000000100000000011100000001000000000001000000010000000111111101010101010000011101000001000100011111111111111111010101110101000101010001111111011101011100011111010101010101000111111101111111110000000000000001000000011111110111011111000001110100000101010001111101010101011100000101000000010001000111111101111111111101111111011111111101011111110111011111001
-7048510953847707379,20,meet_semilattice,1000000000000000000011110011111101110011101000010000000000101011000100010000001111111111111101111011111101111111011100111011001100010000001110000001000000000000101100111101001100111011001101010000001110110011111101110011100000010001000000111111111111111111101110110011110101110011101100110101001000111011001101010011001111110111111101111011101100111111011101111000000100000000001010000001000000000011
-3708246256523149378,20,meet_semilattice,1001001000000000000011111110010011001100101111100100110011000001000000000000000010011010000010000000100111100000100010000001001000000000000011111111010111111111111111111101111111111001111001001100110011111110011111111100111111100101111111001001001000001000000010011010000011000000111111100100111011001001111000001001100010011010000010001000100110100000110001001111111001011111111111111110010011001101
-6954777339265722920,20,meet_semilattice,1000110000000000000011111100000101001011101111000001010000110001110000000000000000001100000000000000000001000000000000001111111000011100101111111111110111101011111111101001110010111111111011011100101111111111111111101011100011000001000000000001110000001000000000011100000001000000111111101101111010111111111011011101101110011100000101001011111111111111111011111001110000010100001110001100000100000001
-3674737217107097941,20,meet_semilattice,1100010010110011101101000000000100000000111111001011001110111101110010110011101111001100101100111011010001001011001110111111111010110011101111011101101100111011010000001011001010001111111111110011101101000000001100100000000000000001000000001111111111111011101111111111111111111111010000000001001000000100000010110011100001000000001100101000111111111111101111110100000000110010101001000000101100111011
-1626674957789539200,20,meet_semilattice,1000000000001010000011010111001111100101111101110011111001011001000000001110000111111111111111111101100001000000111000001000011100101110000110000001000011100001110101111011111001011111011111111111110110000001001011100001100000010001111001010000000000001010000010000000000011100000000000000000001000001101011100111111010111010111101111101101100000010000111001011111111111111111111110000000000011100001
-4194449401442777049,20,meet_semilattice,1000000000000000000011000111100110100000111111111011111111011101111110111111100110001000000100000000100001101001000000001000001000000000000010000111100110100000100000101001000000001111111111111111111110000111101111110001100000000001000000001000011010011000000010000111100111100000100001101001001000001000011010010001000011000111101111111001110111111011111111011111111110111111111110000110100110000001
-5874046295375153260,20,meet_semilattice,1011101111101110101111111011111011101011001000000010100010000011000111101000101000111001111010001010111111111110111010110011101111101010101100100001011010001000000000001010000010000010000001101000100000000000001000000000111111111111111011110000000000101000100000111011111011101011001110011110101010101111111111101111101100000000001000001000001110111110111011110010000111101000101000100001011010001001
8031776568415144979,20,meet_semilattice,1111110111111101111001000000000000001010011000001001000011100111110111111100111001101101101111001110011001011001000011101111111111111101111001100001100100001110000000001000000011100110110111111100111001100101101110001110010000000001000010100110010110011000111001100101100101001110011111011111111111100111110111111101111000000000000000001010000000000000000001100000000000000000001011111111111111011111
-2610205953105512712,20,meet_semilattice,1111110010011111111101010100100011000111011111001000111011110001010010001100011100011100100011000111000001001000000000001111111110011111111111111101100111111111000000001000000000001111111111011111111111111100101111111111011111001001111011110000000010001000000000000100100001000000010111001000111001110101110010001111111101011100100011101111000001001000010001000000010010001000001000000100100010000011
-6305104304124532984,20,meet_semilattice,1001010001100000010011111101011100101110101101000110000001000001000001000000000010111101011100101110000101000100000000001111111101110010111010110101011000100100101111011111101011100000000001000000000000010100011000000000101101000111000001001011110101111010111011111111111111111111101101000110001001001111110101110011111010110100011100001100000000000100000001001011010001110010111011111101111110111111
7786167535917011587,20,meet_semilattice,1010101111011101110111111011110111011101001000010000000010000011001101001100110100101011010111011101111111111101110111010010001101000000100000000001000000000000001000111100110011010010000101000000100011111111111111011111001000110101110011010010001101001100100100100011010001001000101010111101111111010010001101000101100100000001000000001000001000110100110011011111111111011101111100100011010001001001
-6017829842460411954,20,meet_semilattice,1011001011000001010011111011110000010110001000100000000101000011001000000001010000111011110000010100111111111100000111110000001000000000000000110011110000010100000000101000000000000011001011000001010011111111111000011111111111111101000111111111111111101001111111111111111001111111111111111110001111110000001000000001000011111011110000011110000000100000000101001011001011000001011011111011110000011111
8753379853592017303,20,meet_semilattice,1000100000000000000011001100100000000000111011001000000000001111111011101101001100001000000000000000100011000000000000001110111010100000000011111111111011010011100011001000000000001110111011101101001111101100101000000000111111111111111111111110111010101100000011101110101001000000111111111110111100111110111010101101000011111111111011111111111011101010110101001110111010101101001011101110101011010011
431942216170613789,20,meet_semilattice,1011111111001111000001111111111111110011001110011100011100000001100111000111000000001000010001000000001111111100011100000000101111000111000000000001010001000000000010001100010000000000000001000100000000111111111011110010001111111111111100100011111111001111000000000000000001000000000010011100011000000000100111000111000010111111111111111111101111111110111101100011111111001111001000111111111111110011
-2445232447226218057,20,meet_semilattice,1010100001100001010011101110111010111110001000000000000000001111111111101111111100101000001000000000101011001110000101101010111011100001011011101111111010111110101010001110000101000010000001000000000000100000001000000000101011101111101101101010111011101001011011101111111011111111101011101110101101100010100001100001010010101110111010111110001010000110000001001010100011100001011011101111111010111111
-5226902107098689083,20,meet_semilattice,1000000000000000000011000000100101010110111011011111110111111111111111111111111111001001111101011110110011011111110111101110111111111111111111000001110101011110100000001001010101001100000011010101111011000001111101011110100000000001000001001100100111111101111010000000000101010100111011011111111111111000000000010001010010000000000101011100100000000000000001001000000010010101011011001101111111011111
-1706049463186195383,20,meet_semilattice,1111101111001000110101111001010010000100001100000100100000000001000000001000000000011001010010000000111111111110110111110011001001001000000000010001010010000000011110111100100001000001000001001000000011111011111011011101111110111111110111110000000000001000000011111011110011001101001100100100101000001111101111001101110101111011110010001101001100000100100001001111101111101101111101111011110010000101
-6852392146637338534,20,meet_semilattice,1000001000100000000011001011011000010000101010111111001110011111101111111111111110001011011000010000111111111111111111110000001000100000000010000011001000000000100010111110001100001000001101100000000000000000001000000000100000100011000000001110101111111111110111001011111101111100100010110110001100001000001101100001000010001011111100111000100010111111001111001100101101100001001010001011111100111001
-2726007539475288417,20,meet_semilattice,1000100111100001001011101001111000110010101010011110001100101111110111110111101000001001111000010010100011011110000100101110111111100111101000000001001000000000000000011010000100000000000111100001000000000000001000000000111011011111011110101111110111111111101111101101111001111010100010011110001100100000000100100001000010101101111000111010111111011111011111100000000110100001001011111101111101111011
-1942896008965394575,20,meet_semilattice,1011111111010111111111111111110111111111001011001100000000010011111111000000001100001100110000000001000001001000000000000000011011000000001000101111110000000011000000001000000000000000010011000000000011111111111111111111001011111101000000110011111111011011011100111111110101111111001111111101001000110011111111010011001100111111110100111111001111111101001101110000010011000000001000000000100000000001
-8085925818644712698,20,meet_semilattice,1000011100011000100111000111000110001001111001110001100010011111011110011010100111101111000110001001000001000000000000010000011000011000000100000111000110000001111001111001100010011111011111011010101111111111111111111111000001000001000000010000010000011000000111111111100111111011111001110001101010011111111110011011100100000111000110001001111111111001111111111111011110011010101100000000000000000001
517594445921050548,20,meet_semilattice,1111011100111101111001000111000000001000011101110011010111100101011100000001110001011111001111011110000001110000000010000000001000000000000000000011000000000000010101111011111111101111011101111101111001010111001101011110010001110001000111000101011100111101111001010111000101011110010101110011111111100000001000000001000000000011000000001000010001110000000111000100011100010001111011111111011111011111
-3946751585962202425,20,meet_semilattice,1100010111111111101001000001011101111010111001011111111110100101010101111111101011101101111111111010010001010111111110101111111111111111111000000001010101111000010001011111111110100000000001000110000000000000011001101000000000000101011000000100000101111111101000000000000001100000000000000000001000000000000001010111000000000000010001101000111111011111111111100000000101110111101011111111111111111111
7032079695739580288,20,meet_semilattice,1000101011010110100011111111110111111001101010101101011010001011111111011110100000001000000000000000101011101101111010000000101011000010100010101111110111101000000010001000001000000000100001000000000011111111111111111011000010101101011010001000101011011110100000001010110001101000000010000000001000001010111111011111100100001000110000101000111111111101111111011111111111011111101110101110110111101001
-5748668888929577191,20,meet_semilattice,1000000010000000000011111011111111111101101000001001000000001011100010110101010110001000100100010001111111111111111111011011101010111111110110111011111111111101000000001000000000001011101011111111110110001000101100010001100000001001000000001011100010111101110110101000100101010001101110001011111111011000000010010001000110111000101101011101101010001011010101011011100010111111111110000000100100000001
4808637108250414533,20,meet_semilattice,1011011011010100101111110110110101001011001000001000000000100011010011010100101111111110111111011011001001001000000000100011011011010100101111110111111111011011000000001000000000000010010011010000101111110110111101001011001000001001000000101111011011111100101100100100110101001011111101101111111011111111011011111101101100100000100100001010111101101111110011110000000010000000001000100000100100001011
-3218769207576854782,20,meet_semilattice,1100101010000001111001001000100000010100111011101000000111101111111010000001111000001000000000000000110011101000000111100100101010000001010011101111100000011110000010001000000000001111111111000001111011111111111000011110111111111111000111101111111111101001111011111111111001011110111111111110011111110000100010000001010001001010100000011110000010001000000001000100101010000001011011101111100000011111
-4039741817021015788,20,meet_semilattice,1111011001011011010001100100000010010100001000000000000101000111011001001001010011111110011111110100001001000000000101000110011001001001010011111111111111110111111111101111111101000110010001001001010011110110011110110100011101100101101101000010000000001001010001110110010011110100011101100100101101000000000000000001000011111111111111111111000000000000000101001111111011111111011101110110010011110101
3696823945324696516,20,meet_semilattice,1110001101111000000101100000010110000001001000000000000000001111001101111000000111101011011110000001111111110111110111110110001101111000000101100001010110000001111100111111100000010010000001000000000001100001011110000001001000000101100000010010000001001000000011101011011111010101111111110111111111111110101101111001010111111011011110001001111010110111100001011111101101111101111100100000010010000001
4111694063088099938,20,meet_semilattice,1110000111101000010101100001000000000001001000010000000000001111101111101010111111101011111010101101111011111110101011010000001100000000000000000001000000000000011000011000000000010110000111000000000101100001111010000101111011111111101011010110000111001000000111111011111011101111011000111100101000011110101111101011110101100011111010101101011000011100100001011110101111101010111100100001000000000001
-5715345461342479247,20,meet_semilattice,1000000000000010000011001010110110100111111010111101101001111101111111011010011100001010000000100000110011111101101001110000001000000010000011001011110110100111100010101101101001110000101001000010000011101111111111101111100010100101001000011000101001011010010111101011110111100111000000000000001000001110101111011111011111101011110111101111100010100101001001011000101001011010011100001010010000100001
8054107203035670800,20,meet_semilattice,1111111111111111111101101111100110111111001011111001000010010111111111111011111100001000100000001000000011001000000010010000111010000000100100001111100000001001000000001000000010000110111111011011111101101111111110111111000011111001000010010010111110011000100101111111111111111111001011111001101111110000111110010001100100000000000000001000000011111001000011010010111110011001101100001000100000001001
4335083500292366125,20,meet_semilattice,1000000000100000000011111111111101111111001000000010000000001011111101110111110010101101011101111100101001000010010010001010011101110100110010100101001001001000101111111111011111111010010101100100100000000000001000000000101001010111010010001011111101111111111110000000001001000000101001010111011011001010010101110111110010100000001001001000101001010111010011001011111101110111111010111111011101111111
-672126006892064781,20,meet_semilattice,1111001101100010101101000000000000000000011000110010000000000111001101100010100111111011011000101011111111110110001010110100001000000000000001000011000000000000111110111110011111110110001101100000000001000011001000000000111110110111011010111111101101101010101111111011011001101011010000110010001000011111101101100111101101100011001000101001111110110110011111110111001101100010101101000011001000000001
3133392918188060438,20,meet_semilattice,1110111110101111111101001000000010100000011010000000101000000111111110101111111100001000000000000000011011000000101000000110111000001010110101101111001010111111011011111010111111111111111111101111111101101110001010101101011111111011111111110000100000001000000001101111001011111111000010000000101000000110111000101011110101101100000010101100011011000000101001000110111000101010111101101100000010101101
-3336585608768289857,20,meet_semilattice,1100100000001000000001001000000010000000111011001000110100001111111110101111100000001000000000000000110011000000100000001110111010001101000011101111101011111000010010001000100000001111111111111111101111001100001010000000111111111011111110110000100000001000000011001100100011000000110011001000111000001100110010001101000011001100101011101000111111111010111111111111111110101111101111001100100011010001
-2874381795017447071,20,meet_semilattice,1001000000000000100011011111010011011011111111110110110111110001000000000000000000011010000010010001100111110100100110010001001000001000000000011011000010010001110111111100111110111001101101001001100111011111011011011011110111110101110110110001000000001000000010011111010011011001000110100000101100010001001000001001000000010000000000001000110111110110110111111001111101001101101100010010000010010001
6517210851696597440,20,meet_semilattice,1111111101111100101101101001011101000010001000000000000000000111111101110100101100101000010001000000011011110111010010110110101101110100001100100001000000000000011111111111010010110010000001000000000000100000011000000000001010010111010000100111111101111100101100100000010001000000011111111111011010110111111101110101101101101011011101001011011111110111110111110010000101000100001001101001011101000011
5099181013962109258,20,meet_semilattice,1100010000001110000001000000000000000000111111010101111100111101110001001111000111001100010011110000010001000000111000001111111101111111101111011101010111110001111111011111111110110100000001000001000011111101011111111011110111000101111100010100000000001000000001000000000011100000010000000000101000000100000000000001000011111101010111111011111111011111111111111101110101011111001111001100010011110001
8081962236602826004,20,meet_semilattice,1000000001001000000001100000011010000000001000000000100000000111001001111100111011111011011111001111111111110111111111110110001001101000000011100011011111001111111110111111111111110000000001001000000000100000011010000000011000100111110011100000000000001000000001100010011011000110111110110111111011111111101101111111111101100010011011001110011000100110100001100110001001101000001001100010011111001111
-7732830387109009576,20,meet_semilattice,1100010111101011001001000001100000100010011001011010101000100101010111101010001011001101111010110110000001010000001000101110111111111011011100000001000000000010000000011000000000100100010111101010001001000001101000100010111011011111101101110100010110101010001011111101111111111111000000010000001000100100010111101011001011111101111110111111110001011110101101100000000000000000001011001101111010110111
-5138015622474077912,20,meet_semilattice,1000000000000010000011010000000000111000111110011111011111111001000000000010100011011000011000111100111111011111011111111111111111110111111111011001011000111100110100001110001111011101000001000011110011010000011000111100110110011111001111011111111111111111111111011001111101111111000000000000001000001001000000000011100010000000000000101000100100000000001011001101100111110011111111010000011000111101
4223909429928335609,20,meet_semilattice,1000100100001010100011101111100110101000001010000000101010001111111110111011110100001000000010100000001011000000101010001010111110011010100000001001000010100000101011011001101010001110111111011010100011101111101110111101001010000001101010000000000000001010000011101111101111111101000000000000001000001110111110011011110100001000000010101000111011111001101011011111111111111011111111101111100110101001
-5147412019662580032,20,meet_semilattice,1001011010001011100111011111101010111001101101111001101110010001010010001011000110011111100010111001000001001000101100010001011010001011000110010111100010111001000000001000101000011101111111111011100110011111101010111001100101111001101110010000000000001010000111011111111111111011000000000000001000000000000000001011000100010110100010111001110111111111101111111101111111111011101100000000000000100001
-702612669614320692,20,meet_semilattice,1000001100000011000011001111100000111000111011111001111110001111111111011111110100001011000000110000100011111000001100000000001100000011000000000001000000110000100000111000001100001110111111011111110111111111111111111101110011111001001110001100111110001011100011001111100111111000000000000000001000000000000000000011000010001111100000111000111011111001111111011110111111011111111111001111100010111001
-9034832789206885183,20,meet_semilattice,1001000000000000000011111011111110110101101100000000000000000001000000000000000010011000010000000100111111111111111111011011101101001011010110011001010000000100101110111111101101011001000001000000010010111011011010110101101110110101101101011011100101001000010010111011011011111101101110010100101101001011100101001001010010111011011010111101100100000000000001001111111111111111111110111001010010010101
-7772246340896556530,20,meet_semilattice,1000000000000000000011011011110011011111111111111111110111111001001011001000000110011011110011001011110111111101110111111000001000000000000010010011110010000001100000101100000000001000001001000000000011011011111111011111110110111101110111111000001011001000000010010011110011000011111111111111111111111001101111001101101110010011110011001011100110111100110111111001001111001000001110000010110010000001
2127860488732219789,20,meet_semilattice,1000100000000000100001001000000000011000111011101011111111001111111010111111111100001000000000000000010011000000000110001100111010101011110011111111101111111111010011001000000110001111111111111111111110001000001000001000110011101011101111001100110010101011100011001110101111111100110010000010001110000000100000000001000000001000000000001000110011001010101111001110111010111111111011101110101111111111
1257243909403779802,20,meet_semilattice,1000101110111111110011001011101111111100111111111011111111111101101110111111110000001000000000110000110111111011111111100000101100000011100000001001000000111000000010011011001110001101111111111111111100001000001000110000000010010001001110000000101110111011110000001011101111111100000000000000001000000000000000000011000000000000000000101000000010010000001111001000101110111111111011011111101111111111
4381448446037463038,20,meet_semilattice,1001010000000000000011010110001111110100111101110011111101000001000000000000000011111111101111111100000101000000000000001001011000001100010011010111001111110100111101111011111101001111011111111111110010010110001011110100100101100011111101001001010000001000000010010100000011000000100101100000111101001001011000001101010011110111101111111100100101000000110001001001011000111111011011110111111111111101
8824551289554461693,20,meet_semilattice,1000000000000000010011000110000000000100111001100000000001001111011000000000010011111110101011111110100001000000000001001000011000000000010011110111101111111111111101101000100011101111111111111111111111110110101010001110111101101011111111111100011000001000011011110110101011111110110001100000001001001111011010101011111011110110000000001100000000000000000001001100011000000000011011110110101011111111
2418258785002100649,20,meet_semilattice,1111101001101010110101111010010000101101001010000100001001010001000001000010010100001000010000100101111111100110101011010001101001000010010111111111011010101101111111111111111011010000000001000010000100101000011000100101111111110111101011010111101001001010110111111110011011101101000000000000001000011111111111111111111100101000010000101101000000000100001001011111111111111110111100000000000000000001
8976395729683686237,20,meet_semilattice,1101010110111101101101010000000000000000111111111111111111110001000000000000000011011101101111111011010101011011010110111101111110111111101101010001101101011011010100001011010010111101111111111111101101010000001100000000010100000001000000000101010110111101101101010000000001000001110101011011111110110101000010110101101101010000001100001001110111111011111111110101000000110100101101010000000000000001
7728033678452114704,20,meet_semilattice,1001000000000010000011111110001011101011101110000000011000010001000000000010000000011000000000100000100111000000011000011011111000101110001111111111101011101011111111101010111010111111111001111110101110011000001001100001111111100011111010111001110000101110000100000000000001100000000000000000001000001111111111111111101110111100001011101011111111100011111011111011110000101110001110011000000001100001
1976450603634687318,20,meet_semilattice,1100001000000000000001000010000000000000011000100000001000001111101101001110110101101010010001100000111111110100111011010000001000000000000011101011010011101001111111111110111111110110001001000010000011101011011011101101111111111111111111111110101001001110000101100010010001100000010000100000001000001111111101101111111111000010000000001000111010110100111011011111111101101110111101101010010001100001
2428869853451051435,20,meet_semilattice,1000101010100010011011001010101000100110111111111111111101111101111011110111011000001000000000000000100011101010001001100000101000000010001011011111111101110110000010101010001001101100111011110010011000001010001000100010100010101011001001101101111111111111011111001110111101100110000010000000001000101000101010100011011011011111111101111110000010100010001001100000100000000000001011011111111101110111
-6434001978315639592,20,meet_semilattice,1110011111011011111101000001110010010000001000000000100000000011011111001011111111101111111111111111001001101100100101010010001011001001000100000001110010010000000000001000100100000000000011001001000011100111111110111111001001101101101111010000000000001000000000100111110011111111001001101100101101010000000000001001000000100110110010111101001000101100100101010010011111001011111100000000110010010001
7508571115199692713,20,meet_semilattice,1000000000000110000011111101101111101000101000000000011000001011000000000110100010101000000001101000101011000000111010001111111110111111111110111101101011101000101100001000011010001111110111111110111110111100101011101000101111011011111010001010000000001110000000000000000001000000000000000000011000001111110110111111111110100000000001101000111111011011111011001111110110111110101011111101101111101111
-6914244131201700103,20,meet_semilattice,1111111011110111101101100100101101101001001001000000010000000011010010110110100100111100101101101001000001000000010000000111111011110110100101111111111101101001001001001011011010010111110011110110100100100100001101101001000001000001010000001111111011111111101100000000000001000000001001000001011010010111111011110111100100000100000101001000011111101111011111010111111011110111101100100100000101001001
5878009510078003003,20,meet_semilattice,1000100101011100001011101011111111101010101010010101110000101011101111011110111000001001000000000000101011111101111010101010101111011100001000000001000000000000000010011000000000000000000101000100000010101001011111000010000010010101110000000000100101001100000000000001000001000000101010111101111000101011101111011111111110101011110111101010101010111101110001100000100101011100001010111011110111101111
3960586599663834431,20,meet_semilattice,1000000101000001000011111111111010111001101100011110000100010001000101100001000110011001111000010001101111011110101110011001001111100001000100000001000000010000100100011110000100010000000101000001000000000001001000010000111111111111101111011011100111101001100110010001111001010001101110011110101110010000000000000001000010110001111000011001111111111110101111011111111111101111111100000001011000010001
-6783053326759154441,20,meet_semilattice,1011000110000000000111110001100000000001001100010000000000010001000100000000000111111111111111110111111101011101010100111111011111111101011100000001000000000000001100011000000000011011000111000000000111110101111101010011101100011101000000011111010111111101001111110001110101000001111101111111111101111111000111010101001111110111111111111111111101011111110101111111000111010100001100000001000000000001
-7186187140420937810,20,meet_semilattice,1100000000000000000001000000000000000000111011010011000000001111111111111010111111001001000000000000110011010000000000001110111100110000000011000001000000000000111011111011000011001110111111111010111111001001001000000000110011010011000000001110111110111000110111101111101111001101111011010011001000001111111111111011111111000001000000001000111011110011000011001110111110111010111111101111101100001101
-4582105074207870274,20,meet_semilattice,1011001101111110010011110011011111100110001000010100011000000011000101000110000011111011011111100110101101110111111101100011001101110110000000000001010001100000111111111111111111110000000001000000000000110001011101100000001000010101011000000011001101111110000000000000010001000000000000000100011000001011001101111111010011111111011111111111001100110111111001001011001101111110011011110111011111110111
4120047924206838623,20,meet_semilattice,1000100000010000100011101000000101001001001010000000000010001111110011111101111100001000000000000000101011000001010010001110111011111101111111101111111111011111111011001011110111111110110011111101111111101100001111001101000010000001000010001110100000011100100110101000000101001000111011111111111111111110110000111101111100001000000000001000111010000001110011011110110000111100111110101000000101001001
4340115998146144405,20,meet_semilattice,1111111011110110111001101000100001001010001010001000010010000111100011000100101000001000000000000000011111101100010010100111101011000100101011111111111101101111000010001000000010000010100011000100101001111110111101101010011111101101011010100111111011111110101000001000100001001000011111101100011010101111111111110111111100001000000000001000011111101111011011100010100010000100101011111110111101101111
-8888738846644171783,20,meet_semilattice,1000000000000000000011100000101111101111101000001010111011111111001111111110111111111011111111101111111111111111111111111110001010111110111111100011101111101111100000001000000000001110001111111110111110000000101011101100101000001011111011111000000010001010000010000000100001100000100000001000001000001111101111111111111110000000100001101000100000001000111011001000000010000110101010000000100001101011
-6062935029059970584,20,meet_semilattice,1010010100100010001111100101001000100011001000010000000000001111010100100010001111101101001000100011000001010010000000001111011100100010001100000001000000000000111101111010001000111111011111100010001100000001001000000000111111111111001001111111111111111011011111111111111111110111001001010010001000011111111111110011011111111111111110111111111111111110001001110010010100100010001100000101001000000001
5593220600525167458,20,meet_semilattice,1010010000011000000011111111111111111111001001000001100000001011011111111111111110111111111111111111000001000000000000001010011001011000111010100111010110101110101001101101100011111010010001011000000010100110011110001111000001000001000000000000010000011000000010100110111111011111101001100101101011101010011001111001111110100100010110001000101001000101100011101010010001011000101010100110010110001111
4962524106578860911,20,meet_semilattice,1101001000111110011001000000000000000000011100100011111001100101001000010000001011111111111111111111011101100011111001100100001000010000000011110011011111101110111100111111111011111111001001111110111001010010001100000010010000000001000000000101001000111010001001010010001101000010010100100011001000101111011111111111111111010010001111101110010100100011111001100100000000010000001011110011011111101111
6226600005946412977,20,meet_semilattice,1111111001111111110101110110001000111000001100000000000000000001000000000000000001111110001000111000001101000000000000000011011000000010000011111111011111111101111111101111111111010111111001100111110000110000001000000000011111100111011111010111111001111111110101111110001001111000001100000000001000000011011000100011000000110110001000111000011111100010001111001111111001111111111101111110011001111101
2695244362517662884,20,meet_semilattice,1001011111110011101011010111111100111010111101111111011111100001011111110011101011111111111101111110000001000000000000000000011000000000000000000111001000000000000001111111001110100000011001100000000000000110001000000000000001110111001110101101011111111111111011010111111101111010000001110110001100000000011101100001000000000111011000111000110101111111011111100000011101100011101011111111111101111111
-6781006062096923972,20,meet_semilattice,1000000000000000000011001011011001000000111010110110010100001111111101111101011110001001010000000000111011110110010100001000001001000000000010000001010000000000111011111111110101111000000001000000000010001011011001000000111011110111110101111110101101101101000010001001010001000000111011111111111111111000100101000001000011101111111111011111111010110110110101001110111101101101011111101111011011010101
6759426449193907601,20,meet_semilattice,1111111101111100111101111111011111000101001110100001100001010001101000011000010000001000000010000000001111100011100001010000001000001000000000111111011111000101111111111111110111110011111001111000010100111010001110000101000010100001100000000000000000001000000000111110011111000101111111110111111111111111111101111101111101111111011111001111000000100000100001000111111101111100011100011010000110000101
7887386762747509261,20,meet_semilattice,1000001011101110011101000010111011100111111010101111111011111111101011111110111101001010111011100111111111101111111011110000001000000000000011111111111111101111000000101000110001100000001011101100011000000010001011000010110000101111111001110000001000001000000000000010000011000010000000101110111001101111111011111111111111000010111111101111000000100000110001100000001000001000001000000010111011100111
665809567085053217,20,meet_semilattice,1000001000000000000011000010000000000000101000100000000000001111111111111101101111101111111111011011111001100001010000000000001000000000000011100111011111011010111001111111110110111110011001111100101011100010001101000000111000100001000000001110011000111100101011100010000101000000111111111111111110111110011001111101101011100110000101001000111111111111111111111110001000110100001011100111011111011011
-8903692391843582381,20,meet_semilattice,1001011000000000000011111110001101110100101111100001000000000001000000000000000010011110000000000000000101000000000000000001011000000000000011111111001101110110111111101011011101101111111011111111111010111110001100110100100111100001000000001111111010111111111010111110001101110100101111100001001101001011111000010001000011111110001101111110101111100001000101001111111000110111011011111111001101110111
-7370201645056176464,20,meet_semilattice,1100110000100000000001001000000000000000011011000010000000001111111110111111111000001000000000000000010011000000000000001110111100110011011011101101001100110110111011111011011101101110111111111111111001001100001000000000111011000011001101101110111110111111011011101111001101110110111011000010001100101110110000100001001011101111101111111110111011000010001101101110110000100000001011101100001100110111
3086948031848782043,20,meet_semilattice,1111111111111111111101000000010010000000011000110100100100010111111101001111100101101011010010010001011011110100111110010100001101001000000101000001010010000000011111111100111110010000000001000000000001111111111011111101011111111101111110010000000001001000000001101011010011111001011010110100101110010100001101001001000101101011010010011001011111110100111111010111111111111111111101000001010010000001
-7963699990529145267,20,meet_semilattice,1001001010101001001011111111111010111111101111111110100111110001000010101001000010011111111010011111100101101010100110100001001010101001001010010111111010011110000000001010100100001001011011101001101000000000001000010000101111111111100111110000000000001001000011111111111111111111101111111110101111110000000000000001000000010000101010011000100101101010100111100001000010101001001010010111111010011111
8679746274272379878,20,meet_semilattice,1111011010111011011101100010101110100011001000001001000000000111011010111011011111111110101110110111011001101011101001110010001010111010000101110111101110110111000000001001000000001111111011111011111100000000101100000000000000000001000000000010000010111010000111111111101111111111001000001011001000010110011010111011011111111110101110111111001000001011001001010010001010111010001100100000101100000001
-275008180918343514,20,meet_semilattice,1000100000010110000011111010000111100001001000000001111000011011101000011110000100001000000001000000111111111111111111111010101000011110000111111011100111100001111110101001111000011111101111111110010111111011101111100101000000000001010000000000000000011110000100000000000001000000000000000001011000001111101111111111110110101010000111101001111110111001111001011111101111111111111100000000000101100001
7277872110157685292,20,meet_semilattice,1001010000010110000011011111101111111111111111111111111111110001010000010100000000001000000101000000000001000000010000001001111100010110000010011101000101100000100111111011111111111101111111111111111110011111001101100000000000000001010000001001111100111111000100000000000001000000000101000001011000001001111100110111000010011111001111111001100111110011111111111001111100111111101110011111001101110001
1618659149670002414,20,meet_semilattice,1110011010111111010101000000001000000000011001100011011100011111111010111111111111101110101111111101010001100010001000010100001000100010000011111111111111111111011001101011111101010110011001111111010100000000001000000000010001100011001100010110011000111111000101000110001101110001010000000010001000000100011000100011000111100110101111111101011001100011111101010110011000110111001101000010001000100001
7357711838126710032,20,meet_semilattice,1010101010101100000011111011111111101100001010000000100000000011100010101100000000001000000010000000111111111111111111010010101010101100000010101011101111001100000010001000100000001011101111111110110000101000101011000000001010101011110000000000000000001000000000101000100011000000101110111011111011001010101110111101110000101010101111001000101010101011110011001111101111111110111010111011101111111101
6919982044059830388,20,meet_semilattice,1011110011100001001011111110111010011010001100000100000000000001000001000000000000111000011000010000001111001110000100101011111011100001101011111111111110011010001110001110000100000000000001000000000000110000011000010000111111101111100110100011100011101001001010111110111001011010111111111111111111100011000001000001000010111100111000011010111111111111100111100011100011100001001011111111111111111111
3894794929882397260,20,meet_semilattice,1001001100000010111111010011110100101111111101111111111111110001000100000000000011011111111101111111110101111111011011110000001100000010000100000001000000000000100100111000001011111001001111000010111111010011111100101111100100111101001011111101011111111111111111010011111101101111000000010000001000011101011111110111111100000011000000101001000100110000001001010001001100000010111100000001000000000001
-6010147404934226287,20,meet_semilattice,1110010111111111011101100101111111110111001000000000000000001111111111111111111101101101111111110111001001011101101101011110011111111111011100100001110110110000001000001000000000000010000011010001000000100101111110110101001000001001000100000010000011011011000000100101111111110101001000001101001100000010000010000001000011100111111111111111001000011101101101000010010111111111011100100001110110110101
-2304786586360820874,20,meet_semilattice,1101100100111101110001011000000100001000111111011011110111110001000000000000000000011000000100000000110111011011110111111111111110111111111101011001001100001000110110011011110111111111110111111111111101011000001100001000000100000001000000000101100000111000100001011001001101001000111111011011111111110101100100111101100000011000000100001000010110010011110111001101100100111101111011011001001111011111
1433933274009879230,20,meet_semilattice,1011000110010111101111110101101111111111001100011001011110000001000000010000000011111101111111111111101101011011111110111111011111111111111100010001100101000000000000001001000000001111010111111111111110110001101111111011000000000001000000001011000110011111101100000000100101000000000100011001011000000001000110010111100000010001100101101000101101011011111111110011000110010111101100110001100101111001
-3228766981844954710,20,meet_semilattice,1111111110111001100001100000000000010000001000000000000000000111110100011001000001101101000000010000011001010000000100000110111100011001000000100001000000010000011011111001100100001111111111111111110001111111001110010000011011010001100100000110110100001001000011111111101111111100111111111011101110000010000000000001000001111111101110011000111111111011101111001111111110111011111011111111101110111101
-8956624073937583819,20,meet_semilattice,1000000100000000000011110111111110110111101001010000000000101011011111111011011110111111111110110111100001010000000000101000011100000000001000000001000000000000101001111101101101111000011101010001011110100111111110110111100001110001000000101010011101011001011110111111111111111111101001110101101101111000011100010001011110111111111110111111100001110001000001101000000100000000001010000111000100000111
-2025486613005651059,20,meet_semilattice,1111101000101011111101110000000010010001001000000000000000000011000000000000000001111000000010110111111111111010101111110111101000101011011111111011101010111111011110001010101101111111101111101011111101111000001010110111011110100011101101110011000000001000000101111010001011111111011100000000101101010011000000001001000101111010001010111111001100000000100001010111000000001011011100100000000000000001
-7998162622442633706,20,meet_semilattice,1000000100000010100011000001000010101000111101011011101011011101000100001010100011011101101110101101110101010000101010001101111110111110110100000001000000101000110101011001101010001111111111111111111111010101101110101100110101010001101010001000000100001010100011011101101111101101000000000000001010001101010110111011110100000000000000001000110101011001101011001101110110111011111111010101101110101101
-659383078433778083,20,meet_semilattice,1000000000000000000011100001011001111111101000010110011111111111110101100111111111101101011001111111111001010110011111111111111101100111111110000001011001111111111111011110011111111000000001000000000010000000011000110111111111110111011111111111110101101111111110000000011001110111100000000100001100011000000001000001000110000000011001111111100000000100000101111000000001000001001110000000010000000001
-8114648006514791446,20,meet_semilattice,1010000010000001001111100001111000111111001000000000000000001111010111110011111111101101111101111111111001011110001111111111011111110011111110100001111000111111001000001000000100101010000011000001001110100000111000111011111001011111001111111110110111111111111110100001111001111111101000001100001110110010000000000001001010100000110000011011101000001110001111110010000000000000001000100000100000010011
-6382498486231931472,20,meet_semilattice,1000100100000001000011111111010100111101101111110101001111011001100101000011000100001001000000010000100111010100001100011001111101010011010100000001000000000000111111111101111111011000100101000011000111111111011100111101100111010101001101011111111101011011110111111111010111111101000000010000001100000000000100000001000010011111010100111101100111010100001101011011111101010011111110001001000000010001
-7223062800268828579,20,meet_semilattice,1000010000010000000011111111011110111101101101010001000001001001010000010000000010111101000100000100000001000000000000001011111100110001110110010101000100000000101111111111001111011011111101110011110110111101001100011101000001000001000000001011111101111011110111111111011111111111101111110011001111011011110100010001010010111101000100001101100101010001000001001111111101111011111110111101000100000101
-9013380600918576760,20,meet_semilattice,1111111111111111111001101010111111111010001000000100000000000011111011111111101000101000011001010010001011100111111110100010101001101101001000111111111111111110001010101111111110100000000001000000000000100000011001010010001010100111110100100010100001101101001000100000010001000010001010100111111110100010000001000101001000101010011111011010001111101111111111100010000001000000001000111110111111111011
-521334261504667079,20,meet_semilattice,1111110000111101111001000100001111001000011001000011110010000111110000111100101001101100001111001010000001000000000000001111111010111111111111111101101111011110111111001011110111101111111011111111111100000100001100001000000001000001000000000000010000111100100000000100001101001000011111000011111111100111110000111101101000000100000100001000011111000011110111100110010000111100101011111100101111111111
5465641406943402642,20,meet_semilattice,1000010000000000000011001100111001110101111111111111011111111001110011100111010110001100110000100000000001000000000000001101111011110111010111011111111101110111100001001000000000001000010011000010000010001100111001100101110111001111011101011101111111111111011110001100110001100100100001001000001000001000110011100111010111011111111101111111100011001100001001001101111011110111011110001100110001100101
-4238983213811863161,20,meet_semilattice,1010111100000101101011111111110001011010001010010000010100001011111111000101101000001000000001000000001011010000010100000010111100000101000000001001000001010000101011111100010110101010111101000101101010111111111001011010101111111111010110101111111111101111101000000000000001000000111111111100011110100000100000000101000000101101000001011000111111111110111111100010111100000101001011111111111111111111
-7002665908947366021,20,meet_semilattice,1010000101100000100111100001011000001001001000010110000000001111011111100100101111111111111001001011111001111110010010111110001111100100101100000001010000000000111000011110010010110000000001000000000000000001011000000000111001111111010010111111111111111111111100000001011001000000111101111110011010111111111111100111111100100001011000001001111101111110011011111110000101100100101100100001011000000001
-1110159848979079155,20,meet_semilattice,1111110011101111111101100100100010000000001000000000000000000111110011101111111101101100100010000000001001000000000000001111111111111111111101111101111011111111001001001000100000000110110011101001001000100100101010000000111111011111111111110010010000001000000001101100111011110110011011001110101100100110110010001001000001101100111011111110011011001110101101100110110010101001001001101100111011111111
3107693365027707720,20,meet_semilattice,1010010100100000000111101101101100110111001001010000000000001111110111111011011110101101001000100111000001000000000000001111111111111011011100000101000000000000001001011000001001011110110111111011011100000101001000000000101011011011001101111110110110111011011111111101111111110111001001010000001000011010110110100011011111111111111110111111001001010000001001011010010100100010001100100101000000000001
-7474144510045130218,20,meet_semilattice,1011110001101001001111111111011111011111001111000110100100110001100001001001001000001000010010010010000111000110100100111011111101101101001110111101011011010011111111111111110111110000000001001001000000011000011010010010101111110111110111110000000000001000000010111100011011010011111111110111111111110000000000001001000010111111011011011011101111010110110101110000000001001001001000011000011010010011
-5676768649045107192,20,meet_semilattice,1100100000000000000101000000000000000000111111111111111111011101110001100001000101001000000000000001110011000000000000011101111001100001100111011111111111111001110111001111000110011100110001100001000111001100001000000001110111000111000110011101111011111101100111011110111101011001110111101111111110011100110000100001000111011100011000011001110111100110000111011101111111111111101101000000000000000001
7402171952941043575,20,meet_semilattice,1101000000110100001001000000000000000000011100000011011000110101000000000000000001111001001101100011111111111011111111111111101100110110011101110001001101100011111110111011111111111111101111111111111101010000001101000010010000000001000000001111100100111111011101010000000001000000010100000011011000111111100100110111011111111001001111111111111110010011011001110101000000010100001001010000001101000011
8301145067333002644,20,meet_semilattice,1101101111111111111101001011101001111100011110111111111111110101101110110111110100001011000001011100111111111111111111110000001000000000110000000011000000001100000010111010011111000101101111110111110100001011001001111100000010111011011111000101101111111111110100000011000001011100000000110000001011000000001000000001110000000000000000001100000000000000000001000101101111111111111101001011101101111101
-7110256469751895893,20,meet_semilattice,1000000000000000000011111000010010101111101110000100100011111001100001000000100010001000000000000000111111000101101011111111111001111110111111111101011111101111111111001111111011111000100001000000000011111100011111101111100110000101100011111001100001001000110111111100010111101111101110000100101011111111110011111111111110001000010000001000100110000100000011011001100001001000111110011000010000001001
2697783335498282455,20,meet_semilattice,1000100001000001011011111111110001010110101111111100000101100001100001000001000000001000010000010000100011011100000101101001111111000001011000001001110000010110000010001100000101100000000001000001000010111111111000010110111111111101010101101111111111001101011010011111110001010110111111111110011101100000000000000001000011111111111101111110000010000100000101100000100001000001001011111111111011110111
-2247795820139882231,20,meet_semilattice,1111101011011101111101000000000000000000011100000000100010000101000000001000100001111010110111011111111111111101110111110111001011011101101111111011110111011111011100001000100110100111000001001000100011111111111111011111011100001001100110100100000000001000000001110000110011011011111111111101111111110100000000001001000001000000000010001000011100101101110111110111000000001001101001110000100010011011
