hash,n,target,matrix_bits
1446345006084974951,20,lattice,1000111111110000110111001111111111001101111111111111111111111001111111111110111100001101010100001101000001000000000000000000111101010000110100000101010100001100000011111101000011010000010001000000000000001111111100001101000001000101000000001000111111111000110110001111111111001101100011111111111011011101111111111111111100000100010100001100000001000101000001001000111111111110111100000101010100001101
-4803047021119601769,20,lattice,1111111001111111111101111100011111111110001111000111111111100001110001111101111000001100000000000000000001000000000000000111111001111111111111111111111111111111111111101111111111110000110001010100010000001100011111011110000011000001000000000000110001011100010000001100000101000100000111000111111111100000110001011101011000001100010111001100000011000001000001000000110001011100011001111100011111111111
8420266758878357187,20,lattice,1001000011110110000011010011111111111110101100111111111111100001000011110110000011111011111111111110111111111111111111111001001011110110000010010011111101100000000000001101000000000000000001010000000000000000111100100000000000000001000000001001001011111110000000000000111101100000000000001101001000001001001011111111000010010011111111111000100100111111111111001001001111111111111011111011111111111111
-5887086423283376003,20,lattice,1110111110001111101001000100000000110000011001000000001100001111111111111111111101101100000000110000000001000000000100000100011000000011000001101111100011111010011011101000001100001110111111011111111011101111111111111110111011111001111110100110111010001111001001101110100001110000000001000000001100000000000000000001000001101110100011111010111011111001111111100110111010000111001011101111111111111111
7445423897020845588,20,lattice,1011001110000010101111111011110000101011001000000000000000000011001010000010101110111011100000101011111111111100101111110010001000000000000000110011100000101011001000101000001000101011101111000010101111111111111111111111111111111101101111111011101111001010101111111111110111111111001000100000001000001011101111001011101100100010100000101010111110111100101111110010001000000010001000100010100000101011
1545491137832490838,20,lattice,1000000000000000000011001000010001100000111011010100111101111111110111101111111110001000010001000000110011010100111101111111111111111111111111001001010001100001111011011110111111111000000001000000000011101101011011110111111111011111111111111100100101001110000110000000010001000000100010000100011000001100100101001111000111101101010011111111110010010100111101111100100101001111001110001000010001000001
-2012527711350231202,20,lattice,1000000000010001000011000000000100011100111111111111111111111101011001010101110011011111110101111111100001000001000111001100011001010101110011010111010101111111110101111101011111111100000001010001110011011111111101111111000000000001000000001101111111111111111111000100010101011100110101100101011111000000000000010001000010000000000100011000100000000001000111001101011001010111111011010110010101111111
1160911500255894475,20,lattice,1110111101111111011101100101011111110111001000000000000100101111111111111111011101101101011111110111001001000101010101110110111101111111011100100101010111010111111011111111111101110010000001010101011000100100011111010111000000000001000100100010010001011101011100100000000101010110001001000111111101110000000000000001000011111111111111111111001000000000000101100000000000000001001000100000010101010111
3095704400296121852,20,lattice,1000110101010101011011111111111101111111101111011101010111101001110101010101011000001101000101010110000001000000000000101011111111110111111100000101000000000010100111011101010101100000110101010101011010011101111101010110000001010001000000101111111111111111111100000101000001000010100111011111011101100000010100010101011010011101110101011110000001010000010001100000000000000000001010111101111101111111
1655422224139948909,20,lattice,1000000000000000000011000000010000000000111111111111111111111101111111111111101111001110011010001001110001000100100010001100011001101000100011001111111010101001110011101110101010011000000001000000000011000100011010001000110011111111101010011100000001001000100011001110011011101001110011100110101010011100111111111111101110000000000000001000110111111111111111111100111111111110101111000110011010001001
8724613423892932577,20,lattice,1000011011000011101011000110110000111111111011111110111111111101111111001111111111001110110010111111000001001000000000000000011010000000000011001111110011111111000000001000000000000000011011000000000011001111111011111111111111111111111111111100011011001011111111001110110011111111000001101100001000000000011011000001000000000110110000111010100001101100001111100000011011000011001010000110110000111111
4662146574905107759,20,lattice,1111111110000111011101000000000001000000011011101000011100010111111110000111000101001000000001010001010011000000011100010100111000000111000101101111100001110001010010001000011100011111111111010111011111111111111101111111111111111001011101111111111111111111111100000000000001000000010010000000011100010100000000000101000111111111110101111111011111111000011101110111111110000111001101000000000001000001
-6649698791376213407,20,lattice,1111111111111111011101101100110000000101001000000000000001000111110111111100010100101100110000000101001001001100000001000111111111111111011101101101111101000101000000001000000001000010000001000000010000101100111000000101001011001111000001010110110111111100010101101100111101000101011111011111111001010111110111111111010111111111111111111111000000000000000001000111110111111111011100100100110000000101
-1414053158116450101,20,lattice,1101110111010111011001010000010100010110011111011101111101100001000000000000000001011000010100110110010111011101011101101101111111010111011001011001010101110110010110011101011101100001000001010001011011111111111111111111000100000001000000000101110111011111011001011000010101110110000100000101001101100001000000010001000011111111110111111111000100000001000101100001000000010001001011011111110111110111
7938736064557516359,20,lattice,1000000000101011000111100101111110111101101001000010101111011111110111111111110110101101111111111101000001000010101100011111111111111111110110100101001010111101101001011110101111011010010101101011110100000000001000000000101001011111101111010000000000101000000110100101011011111101000000000010001000010000000000101011000110000100001010111001100001000010101111011111111111111111111100000000001000000001
-3127096109043844751,20,lattice,1010000000000000001011100000000000000010001000000000000000101011000000000000001011111010111111111111111111101111111111111011001001001000011011111111111111111111101100101100100001101011000001000000001011110010111111111111111100101101100001101011000001001000011011110010110111000111111100101101111001111111001011011111111111110010110111101111101100000100000001100000000000000000001011110010110110000111
8010664763073156756,20,lattice,1000101010110111110111101010111101111101101010101011011111011111111111111111111100001010101100111000111011111111111111010000001010110011100011101011111111111101000000001000000110001010101011110111110100000000101000111000000000001011001110001110101011111111110100001010101101111101000000001000001110000000000000000001100000000000000000001000000010101011001111011110101011110111111100000010101100111001
-4809311729779496079,20,lattice,1000010010000101000011101111100011110000101001001000010100001111111111111111011110101100100001010000000001001000010100001010111010001101000010101111100011110000000000001000010100001110111111111111000011101111101011110000111011111001111100000000000000001001000000000000000001010000101011101000111100000000000000000001000011111111111111111111111011111111111101111110111110011111001011101111111111110011
3231433011219730956,20,lattice,1100111111011110110101001111110100100100111011111111111111111111111111111111111100001000000000000000000011100000001000000000101000000010000000001111000000100000000011111001001001000000111111010010010011001111111111111111000011100001001000000100111111011110110101001111110101100100000010000000001000001100111111011111110100001111000100101100000011110001001001001100111111011110111100001111000100101101
-5265727797796640198,20,lattice,1001001111000000000001010011111000000000111111111111111111110001000000000000000011011011111110110111110111111111101101110001001101000000000000010001010000000000000100111100000000000001000001000000000000010011111000000000110100111111100000101101001111101000000011011111111111111111110100111111101000101101001111111011011011011111111110111111110100111111100001101101001111101000001011010011111110110111
-344633776817806395,20,lattice,1000000000000000000011110111010000101111101100110100001011111001001101000010101110111111010000101111101101110100001011111000001001000000100010000011010000001000111111111101001011111000000001000000000011111111011100101111111111110101001011111111111111111110111111111111011101101111100000110100001010111111111111111111111110000000010000001000100100110100001011111000001101000000101010000011010000001011
4193004853251434787,20,lattice,1000000000000000100001000000000000001000111100011000001111011101000000000010100011111101101111111101111101011001001111011111111110111111110111010001100000101100110100001000001010001111111111111111111111110101101110111101110100011001001111011111010110011011110111110101101111111101010000000000001010001101000110000011110100000000000000001000110100001000001011001111111110111111111111010001100000101101
-4915388906277647228,20,lattice,1010000000000000000011100100000000000000001000000000000000001111110111111100110011101101111111001000101001000000000000001111111111111100110011100101111101001000111001001100000000001110010001000000000011100100011000000000111001001111010010001110010111111100100011100100111001000000111111011111111011001111111111111111110111100100111001001000111011011111110011001111111111111111111111111111111111001101
9045687912094524659,20,lattice,1100101010000000100001001010100000000000111010101000000010001111111011010010100000001000000000000000110011101000000010000000101010000000000011111111110101101001000010001000000000001110101011000000100011111111111101101101111011101101000010001111111111111110110111101110110101101000111011101101001010001111111111111111111101001010100000001000111111111101011011011111111111110110111111111110110101101001
3631498708306476988,20,lattice,1011010010110011111111111110101101111111001101001011000101110001000000000000000110111100101100111111000101001001000101111011011010110011111111111111101101111111000100001000000001011111111111111111111100010100101100010111000100001001000101011111111110111111111110111110101101111111001101001011001101110001000000000001000100110100101100111111000100000000000001010001000010010001011100000000000000000001
6771041881882852059,20,lattice,1000000100000100000011111111111111111111101110010011011101011001100100000100000010001001000001000000101111111111111111111011101100111111010100000001000001000000101110111111111111111011101101111111111110011001001001100001100110010011011100011011100100111111010100000000000001000000100110010000011000001001100100100111000110011001001001111101100110010010011101011011101100111111011110011001000001100001
-6588404950786198178,20,lattice,1010111010111111001101101110101111111011001000000000000000001111111111111111111100101100001101100001001001000000000000000010111000110110000111101111111111111011001011101011111000111110111011111111101100100100001100100001001001000001000000000010010000111110000100100100001101100001001001000001001000010010111010111111001100101110101111111011111011111111111111110010111000111110001100100100000000000001
-8626465827322254296,20,lattice,1001011011011000111111011111111111111111111111111111111111110001011011001000111110011111111110111111000001101100100000100000001000000000001010010111110110001111000000101100000000100000001001000000001010010111111110011111000101101101100011110000001011001000001010011111111111111111100101111111101111111001011111011001111100000010110010001010000001101100100001100000000000000000001000000110110010001111
6518449474097458686,20,lattice,1111010011101000100101000000000000000000011000000000100000000101000011101000000111111111111111111011011101001110100000011111011011101001100111110111111010111001010000001100100000000100000001000000000001000000111010000001111101111111111110110100000000001000000011110110111011111001111101101110101110010111010011101001000101110100111010001001111111111111111111111111011111101011101101000000000000000001
7427990651968077991,20,lattice,1110011111111110010101100111111111100101001000101100010001000011011111111110010100111111111111100101001001101100110001010000001001000100000000100111110011100101000000101100010000000000000001000100000000100111111111100101001001111101111001010010001011001100010000000000000001000000001001101100111001010111111111111111010111111111111111111111000000100100010001001111111111111111011100100010110011000101
1099446062624612998,20,lattice,1011111110011101011111111111111111111111001000000000100000000011110000001101001000101100000010000000001001000000100000000011111100011101011000111101000011010110001111111001110101100011111111011101011110111111111111111111001111010001110101100000000000001000000000101100000011000010101111111001111111110010110000001101001010111111100111011111001111000000110101100010010000001000001000111111100111010111
-7460427309041238180,20,lattice,1111111111111111011101001100001010100000001011000010101000000111110000101010000000001000000000000000000011000010101000000111111011101110001101111111111011110111011111001010111000110111110011101110001100001000001010100000011111111111111101110000100000001010000001111100001011100000000010000000001000000111110010101111001111111111111111111111011111101110111101110111110000101110001001111100001011100011
5935664082144327228,20,lattice,1000000000000000000011111111011101110111101011100101001100011011111001110111010110001110010000110001100001000000000000001000011000000000000010111111011101110101111111111111111111111000011001000001000010101110011100110001100011100101001100011011111101111111111110101110011101110001100001100100001100001000011000000001000010111111011101111111101011100111011101011011111101110111011110000110010000010001
-1606399798203204875,20,lattice,1110111010111111101001000010000000000000011000101011110110001111111111111111111101101010101111111000011011101011111110100000001000000000000001101011101111111000010000101010110010001110111111111111101100000010001000000000010000101011110010000100001000101100000001000010000001000000011000101011111110000100001010111101100001000010001011001000111011111111111111110110001010111111101011101111101111111011
3942301964659897684,20,lattice,1111111111111111111101110111111111111111001101111110011101010001001111100110010100111111111011111111000101111110011101010000001001100010000100000011111001100101000000101110001000010000000001000000000000000000011000000000001101111111111111110011011111101111011100000010111001100001000000000110001000000001001111100111010100110111111011111111000000101110011001010011011111100111011100000000011000100001
8750310267849450144,20,lattice,1111111001100111100101111100011001111001001000000000000000000011010000000100000000101100000001000000001001000000000000000111111001100111100111111111111001111001111111101110011110010011110001100111000100101100001001000001111111111111111111111111111111101111110100100100000001000000001011000010011000010010110000100111000100101100001001111001111111100110011111011111111111101111111100101100000001000001
7347553265553367111,20,lattice,1111111111111111111101101101001111010011001000000000000000000111110101111101001100101000000010010010001011000001110100100111111101111101001100101001000011010010011111111111111111110110110101111101001100101101001111010011001010000001110100100010000000001000001000101000000011010010011111110111111100110010000000001001001001111111011111111011011111110111111111110010000000000000001000101101000111010011
-3275001072050885514,20,lattice,1000000010101011000011111101111110110101101000001010101100001011110111111011010110101101101010110101101001011010101101011111111111111111010110100001101010110000000000001010101100001010110111111011010100000000001000000000101011011011101101010000000000101000000011111101111111110101000000000010101100000000000000101001000010111101111110111101000000001010101101001111111111111111111110100001101010110001
390041521913839409,20,lattice,1000000000001000001011000000000011000010111011101111111110111101111000111110101111001000001011000011110011000010110000111100111000101100101111101111111111111011110011101111111010111100111001111110101111000000001011000010110011100011110010110000000000001000000000000000000011000010110011100011111010111100111001111111101111001100001011001011111111111111111111110000000000001000001011000000001011000011
681867387146784238,20,lattice,1001000000000100000011010000000101000100111100001111010011110001000000000000000011111000111101101111111111001111111011111111001011110110111111111111111111101111110100001111010011111101000001110100110111010000001101000100100100000001010000001111100011111110111100010000000001000000111100001111011011111111111111111111111111010000001101001101100100000001010001001101000001110100111111010000001101000101
-8544522785849501404,20,lattice,1001111111011110101111011111111111101011101111111101111010110001000000000000000000011011110110001011000111111101101010110001001000000000101000010011010110001011000100111101100010110001001001000000101110011111111111101011000100100101000010110001001001011000101100011111110111101011000110111101101010111001111111111111101100010000000000001000111111111111111111110001000000000000101000010000000000001001
2721934321358912947,20,lattice,1100001100100000000101000000000000000000111010111111101111111111111111111111111101001011001000000001111011111111101111110100001100100000000101000001000000000000110010111110101111111100101101100011000101000001001000000001110010110111101111011100101101101011110111101111111111111111110010110010001100011100001100100001000111001011011000111101110010110110001101011100101101101011111101000000000000000001
-7660653189595556968,20,lattice,1000010000001000010011110111000110101100101101110001101011001001010100011010110011111111001111101100000001000000100001001001011100011010110010000101000010000100111111111011111111111111111111111111111110110111001110101100100001010001100011000000000000001000010011110111001111101100100001010000101011001111011100111111110010000101000010001100000000000000000001001111111100111111111111110111001111111101
-1910555811349915924,20,lattice,1000001101000000001111111111111111111111101010110101010101111011101101010101011110001011010100010111101111110101010101110000001000000000000000000011000000000010101110111101010101110000001001000000001110111111111111111111100000110101000101111011101111011101111110001011010101010111101111111101111111111000001101000001011110111011110101011111100000110100000001110000001000000000001000000010000000000011
-4126691944729619425,20,lattice,1111011111111111111001110011101011100100001000001010000000000011001010100100000011111111111111111110011101111010111001000010001010100000000000100011101000000000000000001010000000000111011111111110010000000000001000000000011101111011111001000011001110101110010000100010101001000000001100111010011001000111011111111111110001110111111111101100001100101010010001000111011111111111111011111111111111111111
-4533014329802061680,20,lattice,1100001011001111011101000010110011110111001000101100111101110111011111001111011111111111110011110111011001111100111101110000001011001111011101000011110011110111000000001000010000100000000011001100011011111111111111111111111111111101111101110000000010001100011000000000000001000010000000001100111001100000000011001101011011111111110111111111000000001000010001100000000000000000001000000000110011010111
1423443735261940644,20,lattice,1111111111111111111101010000011010011000011111111111111111100001000001001001100001011010111110011000010111101111110111100101001011111001100001011011111111011010010100001111100110000000000001000000100000010000011010011000010100000111100110000000000001001001100001011010111111011000010111101111111111100000000001000001100000000000000000001000010110101111110111100101101011111101101001111111111111111111
-5959610870415729785,20,lattice,1111111111111111110101011001001111011100011110011111110111000001000100111101110000001001001111011100011111011111111111000111111111111111110100000001000100000000010110011011110111000101100111111101110000000001001100000000000000000001000000000000000100111000010000000001001111011100011110011111111111000000000100111001110000000001001100001000000000010011000001001111111111111111111101111101111111111101
-1876733751632619233,20,lattice,1010011001010000010101000110010100000101001001100101000001011111111011111111111101101110010100000101000001000000000000000000011001010000010011111111111111111111111011101101010001010000010001000000000011101110111101110101000001000101000001001110111011111111010111101110010101000101111011100101011101011110111001010101010111101110111111111111000001000000000001001110111011111111011100000110010100000101
-5885322646529954112,20,lattice,1110110111111110100101000000100000100000011010011011001010000111110111111010100001001000100100100000011011011011001010001111111111111111111101001001101100101000000000001000000000000110110111110010100000000000101100100000000000001001001000000110110111111010100001101101111111101000000000001000001000001111110111111111100101001000101100101000111111011111111111011111110111111111111101101101111111101001
5227492083749150957,20,lattice,1111111111111111111101100111111111111111001000101000111000000111111111111111111100101111111111111111001001111000111101000000001010001110000000100011100011110100000000001000111000000010011111111111111100100111101111111111001001111001111111110000000000001100000000000000000001000000000000000000111000000010001010001111000000100111100011111111001000101000111101000010001110001111011000100011100011110111
-92747353770168095,20,lattice,1000000000000000100011111111111011111111101000010100000011001011110111000111110010101101110000011100101001011100000111001011111111101111110000000001000000001000100000011100000011001000000101000000110010111101111011111100111111111111111111111010110111001111110010101101110001011100101011011100011111001010000101000001110000000000000000001000100000010000000011001011111111101111111010111111111011111111
-2682574760560215080,20,lattice,1101111110001001001001010011100000010010111111111100111111100001001110000001001001011011100000010010010111111000000100100000001100000001000000000001000000000000000000111000000100101101111111001111011011011111111011111110111111111111111111110101111110001001001011011111100011010010110111111000111100100000000100000001000011011111110011111110110111111000111101100000001100000001001011011111111011111111
-6233410769081882060,20,lattice,1001000001100111000111111011011111111101001110000110011100010001000001100111000100011000011001110001111111111111111111011011101101111111110110111001011001111001101110111111111111010000000001100101000000000000001001010000101110010111111110011011100101101111100100000000000001010000000000000000001100000000000000000001000010111000011001111001101110010111111111011111111111111111111100000000011001110001
2542828164941150150,20,lattice,1000000000000000000011000000000000100000111110000010101001001001000000000010000011011000001010100100111111101110111111111111101010101111110111111111111111111111111110001010111111011111101011101111111110010000001000100100111110001011111111011101000000001010000011111000001011111101100000000000001000001111100000101011110111111000001010101101100100000000001001001111101010101111111111011000001010100101
-5933140427427995209,20,lattice,1111011011110111011101000010000001100010011101101101011101110101011000010110011011111111111111111111010001100000011001100000001000000100000011110111111101111111010101101001011101110101011001010111011001110110111101110111010001100001011001101111011111111111111100000000000001000000000000100000011000000101011000010111011011110110111101111111010000100000011001100000001000000110001001000110000001100111
4159303132627150875,20,lattice,1010011110111011101111110111111111111111001000000000000000001011011111111011111111111111111111111111001001000000000000000010011010001010101100100111101010101011001001001000001000100010011111111011111100100110101010101011001001111011101010110010010010001010001010110111111111111111001000000000001000000010011110111011101100100100100010101011001001111011101111110010010000000000001000100100100010100011
2068998866369111317,20,lattice,1111111101111111111101100111000111000100001000000000000000000111011100011110110101111111010111101101001001100001110000000010001000011100000000100011000111000000111111111111111111110111011101011110110101111111011111101101001000000001100000000010000000001000000000100000000111000000011001110001111001000111111101111111110101100111000111101101001000110001110001000111111101111111111101100111000111100101
-3790053078571222587,20,lattice,1111111111110011100101000000001000000000011001111111001110010111111111110011100101101111111100111001010001100111001100000100001001100000000001000111111100111001010001101111001110010100000001100000000000000000001000000000010000100111001100000111111111111011100111111111111111111101010000100110001000000100001001100011000001000110011100111000111111111111001111011111111111111111111101000110011100110001
7300967591256167865,20,lattice,1111111111011111111101001000000100000100011010011101001101010111100111010011110100001000000000000000011111111101011111110111101111010111111101001001100100100101010010001001000001010100100011010000010111111111111111111111000010000001000000000111111111011111111101111001110101111111010010001001001001010100100111010011010101101001110100111101000010000001000001000111100111010011111101001000000100000101
2750691634173033370,20,lattice,1000001000100101000011110110011011111101101000100010011110001011001000100111100011111111111111111111101101100010111111010000001000100100000010110111011011111101111101111111111111111011011001101111110100000000001000000000111101110111111111111010001000101111100100000000001001000000100000100010011110000000001000100101000000000010001001011000101100100010111111011111011101101111111110100010001001111001
-8325297308034067160,20,lattice,1101101011000101010101011010110001010101111111111111111111110001000000000001000000011000000000010000110111101101110111110001101001000101010011011111111111111111000110101100010101000001100001000101000011011110111111111111110110101101010111011101101011001101110100011000000001010000110111101101111111110000000000000001000011011010110001011101000110000100010101001101101011001101111100011010110001010101
5554386174157942502,20,lattice,1000100100000000000011101001111111111111101010011111111111111111100111111111111100001001000000000000111111011111111111111111111111111111111100000001000000000000100010011011111001111000100111111111111110001001001000000000100010010011000000001000100100111100011110001001001101000110100010010011111001111000100110111111011110001001101111111111100010010000000001001000100100110000001010001001001101000111
-396747949613904732,20,lattice,1000000000000000000011101001111101101011101010000000000000001111111111111111111110001000000000000000111011111111111011111110101111111110111110101001001101001011101010011111010010111010100101110100101110101000001101000011101010000001000000011110100111111110101110101000000101000001101010011111011010111110111111111111111110101000000101001001111010011111111011111010100000010100001110101000000000000001
-749484289065196603,20,lattice,1011111110010011011011111111100100111110001000101000001000100011011010000011011000111110100100110110001001101000001001100000001000000000001000111111100100110110000000101000001000101111111111011011111111111111111111111111001001101001001001101111111110011011111111111111110111111111000000100000001000100010011010000011011010111111100100111110001000101000001001100000000000000000001011111111100100111111
5809643417242577939,20,lattice,1000100100000110001111101111001111111111101010110001111011111111111100111111111100001001000001100011101011110011111111111000101100000110101100000001000001100011111111111011111111111111111111111111111110101011001111111111100010110001111010111000100100001110001100000000000001000011000000000000011000111010101100011111111110001001000001101011100010110001111011110000000000000000001000000000000000000011
143274096855541207,20,lattice,1000000000000000000011000010000000000000111111110101101010111101011100011010101111011111010110101011110001100000000000001000001000000000000011000111000000001001111111111101101010111101011101011010101111111111111110101011110001110001100010011100011100001000100111111111111111111111110001110001101010011111111111011011101111000110000000001001111111111101101111111100011100011000101111000110000000000001
-8665229782290495553,20,lattice,1011001110111011101011111111111111111111001100111010101000100001001110101010000010111011101110111010101111111111111111110000001000000000000000000011001010100000000000101010101000001011101111111111101100000010001010100000000100111011101000000000001000001000000010110011101111111010000000100000101000000011001110101011001000110011101110101010101110111111111111110001001110101010001010111011101111111011
-8829484316441909514,20,lattice,1011110111111110100111111101111111101011001100000110010000010001000000000100000000111000011001000001001101010110010000011111111111111111111100110001011001000001001111011110010000010001000001000100000000010000001001000000001111011111111010010011110111101110100100000000000001000000001111011110011010011111110111111111101100111101111001001001111111011111111111111011110111111110101100010000011001000001
-665017047718305607,20,lattice,1111010111111000100101010100011100000001011101011111100010010001010001010000000011111111111111111101000001000100000000000111011111111110100100000001010000000000010101011111100010010000000001000000000000010100011100000001000001000101000000000101010101111000000101110101111111101001011101011111101010011111011111111111100101010101011110001001111101111111111111011111111111111111111100010100010100000001
2884153924474149944,20,lattice,1001001000000000000111011111011010110011111111111111111111110001000000000000000110011110001010010011100101100000000000010001001000000000000110011111001010010011110111111110111101111001111101101001001110010110001000010011110111111111111111111001011000101001001110011111001011010011100111110110101100111001011000000001000111011111111011111111110111110110101101111001011000000000001100000000000000000001
7976172823912853295,20,lattice,1111111111111111111101101101111101111111001010011000000110110111111111110111111100001000000000001010001011011111011111110110111111110111111100001001100000001011000000001000000010000010100111100111101100101001101001111011001010011111011111110110111111111111111100001001100001011011001010011000001110110000100110000001101100000000000000001000001010011110011111110000000000000000101000001000100000001011
-7280531915879151181,20,lattice,1001100110101111111011111111111011111110101111011110111111100001100000000000000000001000000000000000100111011110111111101011111111101111111000011001101011111110000110001000001100101001100111101111111000011000101000111110111111111111111111100001100010101011111000011000101011111110000010000000001000000001100000000011001000011000100000111110000110001000001101100000100000000010001011111111111111111111
-2615330325973222962,20,lattice,1101011110111111110101000001100111000101111101111111111111010101011110011100010111111111111111111111010001111001110001010100001110011100010100000001100111000101000000001000000000001101011111111111110101000001101111000101000000001001110000000000000010001100000000000000100001000000010101111011111101010101011110011101010101010111101111111101000000001001110001011101011111111111111100000000100111000001
-3726667582902740496,20,lattice,1110100101110111101101101001000101111011001010010001000100111111101111111111101100001001000000010001111111111111111110111110101111110111101100000001000000010001111010011111011110110010100101010101101101101001011101111011000010010001000100011110101111111111101100101001000101010011001010010001011100110000000000000001000100101001000101011011111111111111111111110000000000000001001100000000000000000001
-4723077676053172183,20,lattice,1011000110111101111111111101111111111111001100001000000000100001000000000000000010111001111111011111101111011111111111111111111111111111111100110001101011001111000100001000000000001011000111111101111100110000101010000011001100001011110010110011000010001000001100110000101011001011101110011111111111110011000110111101111100110000101010001011001100001010110011110001000010000000001000110000100000000011
-3262867815494205738,20,lattice,1011101101101001011111111111011011010111001010110110100101110011101101101001011100001010000000000011101111110110100101110000001000000000001100001011010000010011111111111111110111110000101001000000001100001011011000010111101111110111110101110000101101101001011110111111011011010111111111111111111111110000101001000001001110111111011111011111000010110100000101110000000000000000001100000000000000000001
6984929956774924520,20,lattice,1111111111110111110101111111101101110000001101000011000000000001010000110000000000111100001101000000000001000011000000000011111000110100000000111111101101000000001111101011010000000111111111110111110100000000001100000000000000000001000000001111111111111111110100110100001101000000001111111011011100000011111110110101000001111111101101111101001111111011010101001111111111111111111101111111101101110101
96372646705023917,20,lattice,1000000000001000010011000001010111100100111100111111111011011001000101011110010011111011111111111111111111111111111111111101001101011110110110000001010111000100110100111101111011011000000001011100010011010011111111101101100000000001100001000000000000001000010010000000000111000100100000010101111001001111001111111111111110010001010111101100000000000000000001001111001111111110111110010001010111101101
-9052102453364915938,20,lattice,1011110111011101101011111101110111011010001010010000000110000011100111010001100000001001000000000000001111011101010110101111111111111101101100000001000000000000001010011101000110000010100101000001100011111101111111011010001010010101000110000011110111011101101000111001110101011000111111111111111111110000100100000001000000000001000000001000111111111111110111110011100111010101101011111101111111011011
705164835579634927,20,lattice,1000000000000100110011111011111101101101101100000011011011011001000000110100110010111001111101101101111111111111011111111011101111110110110110110001111101101101100100001011011011011011000001110110110110000000001001001100100000000011010011001111111111111111111100000000000001000100100000000011011011001111101111110111111100000000000001001100000000000000000001001111101111110110111110010000001101101101
6058894807140238006,20,lattice,1111011111111110011001010001101101000000011100011011110000000001000100000000000011111111111111111111011101111111111000100111001111111100000000000001000000000000000100011000010000000111000111111100000000010001101101000000000100010001010000000101000110111100000000010001000001000000011100111111111000100111011111111111111101110111111111101111011101111111111001100111001111111100001001110001111111000001
-9011809077825763535,20,lattice,1000001100101100100011000011001011001000001000110010110010001111001100101100110011111111101011001110111101111010110011100000001000000000000000000011001011001000111100111010110011101111111111101111111100000010001001001000111111111111111111110000001000101100100000000010000001000000111111111010111111111111111110101101111000000010000001001000110000110010110011001111001100101100111011110111101011001111
-5158056016570784336,20,lattice,1111110011101101111101110100100000010000001101001000000100000001010000000001000001111100111011011111000001000000000100001111111111111111111111111101111111111111000101001000000100000111010011000001000001110100111000011111111111001111111111110111010011101001111101110100111011011111011111001110111111110000000000000001000001110100110000011000011101001100000111110111010011000001101100110100100000010001
4198000920469275145,20,lattice,1000000100000010001011001001100001101010111111011100011010111101100111000110101010001001000001100010110111011100011010101111111111111111111100000001000000100000100000011000011010101100100111000110101011111101111101111011110111011101011010111111110111111111101110000001000001100010000000000000001000001101110111010111101110000001000001101010111111011111111111110000000100000010001011011101110001101011
-5299139469605320515,20,lattice,1111111011101101011001101010101010000100001000000000000000000111101010101100010000101010000000000100011111101110110001100010001000000000010011111111111011111110001010101000000001000111101011101100010000101010101010000100111111111111111111100010101010001000010001101010101011000100011111101110111111100111111011101101011001111110111011011110001000000000000001000111101011101100011011111111111111111111
-5952999485147050210,20,lattice,1111101001011000001001000000000000000010011000000000000000100111000000000000001001111000010110000010111111101111101001100111101001011000001011111111111110101110011110101111101001100111000001010000001001111010011110000110011100000001000000100111000001011000001011111111111111111111011110100111101001101111111111111011111011111110111110101110011110000101100001100000000000000000001011111111111110111111
8207382062629517425,20,lattice,1010011101011101101111100111110111011011001001100001000010111111111111111101111111101111111111011111000001100001000000000000001000010000000000100111010101001011101001111101110110110010011001010100101111100111111111011111000000000001000000000010011001011100101100100110000101001011111111111111111111110010011101010101101100000110000100001010111001111101110111110000001000010000001000000110000100001011
-8696454235572307693,20,lattice,1000000000010001010011000000000100010100111000010001000101011111000100010001010111111111010101010111111101110001010101011111001100010101010111000001000100010100111101111111110101111111011101010101011111110111011101010111000000000001000000001111011101111101011111100001000101010101111111111111111111110000000000010001010011111111111111011111000000000001000001001111011100010101011111000001000100010101
-8751005403038929815,20,lattice,1100100111011110001001001001100010100000111010011101111000111111111111011110101100001001000010000000110011011101111000111100111111011110001100000001000000000000000010011000101000000100100111001110001011111111111111101011010010011101111000100000000100001000000001001001100011100010000010010000101000001111111111111111101111101111110111101011111111111111111111110100100110001010001011001001110111100011
4578881989740096980,20,lattice,1011111011110101011011111111111101111111001001100000000000000011111010000000011000001110000000000000000001100000000000000000001000000000000010111111111101110111001011101000000000000011111011110101011000111110101000000110001111101001000001101111111111111111111100111110101101010110101111101111011101100011111010100001011010111111111101111111001011101000000001100010111010000000001010111110111101110111
-9085057684303779973,20,lattice,1001000000000001010011011011010011111111111111111110111111110001000000000001010010011011010010111111110111110100111111111001001000000001010010010011000010011100110111111100111111111001001101001001111011011111111011111111111111111111111111111001001000001001010010010011010011011111100100110000101111100000000000000001000010010010000010011100000000000000000101001001001100001001111010010011010010011111
5982687440723578521,20,lattice,1110111001100001111101101110011000011111001001100100000010101111111001100011111100101110011000011010000001100000000010100000001000000000000011111111011101111111111111111111011111110000011001000000101000000010001000001010111111100111001111111111111111111111111111111110011101111111111011100110001111110000011001100001101000000010000000001000001011100110000111110000001000000000101000101110011000011011
7640209391530060202,20,lattice,1000000000000000000011100011111101011101101000000000000001011111001111110111110111111111111111111111111101111111011111011010001100110100110110100001001000001101101000111011010111011010001101110101110110000000001000000000101000010011010011011111011111111111111110100001001001001101111000111111011111011010001100110101110110100000001000001101100000000000000001011111011111110111111110000000000000000001
-7914216279135519529,20,lattice,1000000000000000000011111111111111111111101010000000000000001011101111011001110110001000000000000000101111111101100111011010101000000000000010101001000000000001101010111101100111011010101101001000000110111011111110011101101010110101100111011010101000001000000010111111110111011101101111111111111111111010101101001001000110101011010010011001101010110100100111011011111111111101111110101000000000000001
9256760139810277,20,lattice,1110111011000000111101101110010000000111001000000000000001001111111011011010111100101110010000000110001001100100000001000010001000000000010011101111110000101111011011101100000001110010001001000000010011111111111110111111111011101101101011111110111011001010111111111111111111111111111011101100001011111111111111011011111101101110110000001111000000000000000001000010011001000000011000101110010000000111
-7538932022057271010,20,lattice,1101110111111011111101001100111110111110111111111111111111110101110011111011111000001100111110111110000001000100001111001101111111111011111101011101111110111110000001001111101111100000000001000010010000000100011000111110000001000111001111100000010001101011111011011111111111111111000000000000001001000000000000000011110000000000000000101100000000000000000001000000010001000011111001011101111110111111
-5419821349548293964,20,lattice,1011001101111101001011111111111111111011001000000000000000000011001101111101001010111111111111011010101101110111110100100010001101011101001000100001000101010010101101111111110100100010000001011101001000100011011111010010001000000001010000000010000000011101001000100000000001000000101101110111111100100010000000010101000010110111111111011010111111111111111111110010000000010101001010111111111111111011
-5192908706147040468,20,lattice,1001011001000001000011111111111101011100101101100100000100000001000000000000000010111110010001010100000101100100000100000001001001000001000010110111010001010100101111111100010111000001000001000001000010111111111001011100101111111111010111001111111111111111111110110110010001010000111111111111011111000001000000000001000010111110010001011100101101100100010101001111111111110111111011111111111101111111
-6455148146715639559,20,lattice,1110111101111010111101000111001100000011011011110111101011111111111101111011111101001111001100000111000001010000000000110000001100000000001100000001000000000000111111111111111111110100111101110000011100000111001100000011000000110001000000110100111101111000111111101111011111101111010011110111001011111110111101111011111101001111011100001111000000110000000001110000000100000000001000000001000000000011
1244445063752369331,20,lattice,1000000111001100110011110011111011101111101100111110111011110001000111001100110010111111111011101111101101111110111011111001001111101110111100000001110011001100000000001100110011000000000001001100000010010001111011001111101101111111111011110000000000001100000000000000000001000000100100011110111011111111111111111111111100000000000011001000000000000100110011000001000111001100111100000000110011001101
2189374066265874645,20,lattice,1011111111110011111101111111111101111111001010001100001111110011110111000011111100001000010000010000001011011100001111110011111111110011111100001001110000111111000010001100001110000000000001000001000000111101111000111111001111011111001111111111111111111111111100111111111101111111000000000000001100000000000000000001000000001000010000111000000010001100001111000000100011000011111100001000110000111101
-7912259151314994734,20,lattice,1000000010000000000011101001111111011101101000011110110010001111100111111101110110101001111111011101111111011111110111011111111111111111111110000001100011000000000000001000000000001000000111001100000010000001111011000000101000011111110011001000000010001000000010000000100011000000111111011111111111111010000111101101100010000001111011001000101000011110110011001111100111111101111110100001111111011101
7808100862851615212,20,lattice,1001111011100001100011011111111011011110111111111111111111110001101011100001100000001010111000011000000111101110000110000000001010100001100010011111111011011110000000001010000110000000001011100001100000000000001000000000110111111111110111101001111011101001100010011110111011011100110111111110111111100000000000100001000000000000001000011000100111101110100111001001111011101101111011011111111111011111
-6353916307869020368,20,lattice,1010001000010100111111101111011111111111001000000000000000011011111101110100111110101111001101001111101001110011010011110010001000000000101110100011000101001111111111111111111111111010111101110100111110100011001101001111001000100001000010111010111100111100111100100010000101001011101011110011111011111010111100111111111100100000000000001011001000100001010011110010000000000000001100000000000000000001
-463612515543017201,20,lattice,1011010011111111010101110100111111110101001100001000100101000001000000000000000001111111111111111101001101001111111101010111011111111111010101110101111111110101000100001000000001000011000011101011010000010000101010010100001100001111101101010001000010001000010000110000111111110101001100001010101101000001000010001001010000110000111110111101000100000000000001001111111111111111111100110000100010010101
-2333300618267613384,20,lattice,1100000000001101000001000000000001010000111101111111111111111101010001101111011011111111111111111111010001000000111100001101011101101111011011010101011011110110110101111111111111111100010001101111011011000100001011110010110101110111111101100100000000001101000000000000000001010000010000000000111100000000000000000001000011010111011111111110110001000010111101101100000000001101001011010111011111111111
-5358396717952196855,20,lattice,1000000000000000100011000001000000011010111010110001001110101111101110110111111010001011000000111010111111111011011111101000001100000011101010000001000000001000111010111011011111101110101111110111111011101011001101111110100010110001001110101111111111111111111111101011000101111010100000010000001110101000000100000001100000000000000000001000111010110001011111101000000100000001101011111011111101111111
-3040660595351477297,20,lattice,1111111111111111111101000000010001000000011111101110111111110101010011000100000101011100110001000001010001001100010000010101011011000100000101011111111111111111010000001100010000000000000001000000000001011110111001100011010111101111111111110101111011101111001100000000010001000000010111101100011000110101111011100111001101011110111011111011010111101110111111110101111011000100001101000000110001000001
2913546557303308255,20,lattice,1100001101011000010001000010000000000000111110110111111111111101001101011001010011011011011111110111111111110111111111110000001000000000000001000011000000000000111111111111111111110100001101011000010011010011011111110111010000110001100001000100001100001000000011010011010111010110110100110101101101100100001101011001010011011011011111111111010000110000000001001101001101011001011011010011010111010111
1312918848601122183,20,lattice,1000100100110000110011111111111111111101101010010111000011011011111101111001110100001001000000000000101011110111000011011010101101110000110100000001000000000000101111111111111111011000100101110000110100001001001100000100000000010001000000001010111101111001110110101111011111011101101111110111111111011010111101110001110100001001001100001100000010010000000001001111111111111111111110001001001100001101
7741938843683405068,20,lattice,1000010000000000000011111111001101001110101001000000000000001011011000000000000010101110000000000000000001000000000000001010011000000000000010110111000000000000111111111011010011101111111111111100111110111111001100000100101111110001000001001111111110111100111010111111001101000100111111111111111011111111111111111111111110111111001100001100101101110000000001001011111100110100111011111111001101001111
8972568498905137790,20,lattice,1000000000000000000011111100111010011111101000000000000000001011100000001001000010001000000000000000101111000000100100001111111011101111111111111101111011011111101111001110100101111011100001001001001010111100011010010010111111111111111111111010100000001001000011111100111011011111111111001110111111111010100000000001000010111100111010011111101111000110100101111011100000001001001010111100011010010011
1184978247498849158,20,lattice,1110010101111010111001000000000000100000011000010010101000001111010101111110111111101101011110101111011001010010101000001111111101111111111101000001001000100000111111111111111111110110010101111010010001000000001000100000011001010011101000000100000000101010000011100101011111101111000000000000001000001111110101111111111101100101011110101110011001010011101001000110010101111010011011100101011110101111
-2759112800028499602,20,lattice,1000000101001011001111000011110011111111111000111100111111111111001111101111111111101011111011111111111111111111111111111000001101001011111100000001010000100010100000111100101111110000000001000000000011100011111011111111111010111111111111110000000101001010001110000011110011111111000000000100001000100000000101001011001110000001010010111111100000010100101101110000000001000000001000000000010000000011
-4642567854863512353,20,lattice,1000100000000011110111101000000000111101101010000000001111011111111101111011111100001000000000000000111011000000101111011110101000000011110111101111001110111101111111111111101111111110111101111011111111101110001010111101111011100011101111011110100000001011110111111111111111111111000010000000001010010000100000000011110100001000000000001000000010000000001011011110111100111011111100001000000000001001
-3443508627154956240,20,lattice,1111111111111111111101111111111111111111001000000000001010010011100100100111100100101001000001111001001111010010011111010011111101100111111100100001000001111001001111111111111111110011110101100111111100101001001001111001001111110111111111110011111101101111111100100000000001101001000000000000001010010010000000000011100100000000000000001000001010010000011111010011110100100111111100000000000000001001
3510504346727706525,20,lattice,1011011111110101111111110111111101011111001100101111000100000001001011010000000011111111111101011111001101101111000100010000001001010000000000110111111101011011000000101101000000000000000001010000000000010010111100000000000000000001000000001111111111111101111100110110111101011011111111111111111111110001001011110001000000110110111100011011001101111111010111110011011011110001001100010010110100000001
8913741994581501068,20,lattice,1001110000010010010011011110111110101110111111101111101111100001110000010000000000001000000100000000000011000001000000001001111000010010011011111111111110111111100111101101101001101001111001011010011010011110011110101110000000000001000000001001111000011010011011111111111111111111000111000001001000001101111011111011111010011110010110101110000111000001001001001001110000010010011011111110111110111111
7567121175778834384,20,lattice,1101111001010111111001010000000000110100111111101111111111110001000000000000000001011000000000110100010111000000001111100101111001010111111011111111111111111111110111101101011111100101100001010011111001011110011101111110010110000001001111100101111001111111111001011100000101111110000100000000001101000001000000000001000001011000000000111110000100000000000101000101100000000011011011011110111111111111
2764174881432879727,20,lattice,1000100000011100110011001000000111001100111010010001111011111111100110011111111100001000000000001100111111011011111111111111111110111111111111001001000111101101111010011001111111111111111111111111111111111001101111111111000010000001000011000000100000011000110000001000000111001100110010000001111011011110100100011111111100000000000000001000000000000000000011001100100000011110111100001000000111001101
-844500840831939142,20,lattice,1000001110010111000011111011110111111111101010111101111100011011101111011111111110001011100101110000111111111111111111110000001110010111000000000001100000010000000000001000000000001000101111010111000111111011111111111111000000011001011100001000101111011111000100000001100001110000000000011000001100000000000010000001000010101011110111111111100010111101011101011010101111011111011110001011100101110001
44436033024982279,20,lattice,1101010100100110110001000000000000000100011101010010011011000101010100100010110011111111001101111101010001010000001011001111011100110111110101000001000000101100111111111011011111011111111111111111111101000101001000101100010101010011011011001111111110111111110101010101001001101100010000000000001011000101010100110111110001000000000000001100000000000000000001001111111110111111111101110101001101111101
2792176610246528301,20,lattice,1101111101111111111001011111011100101010011111110111111011100001010101110010101000011111011100101010000001010111001010100001011101110010101000000001011100001010110111111111111111100000000001110000101000000000001100001010000000000001000000000101111101111110111000011111011101101010000000010111001010100101111101111111111000000000000100001000000111110111011011100000000000010000101011111111111111111111
5385723928585651162,20,lattice,1100100000110101110001000000000000010000111010101011110111101111111010111101111001001000000000010000111011101011110111101100101010110101110011111111111111111111110010001011010111001111111011111111111101001000001100010000010010000001000100001100101010111101110001001000000101010000111111101011111111100000000000000001000001001000001101011100010010000011000101001100101010111101111011111110101111111111
8361232160806389255,20,lattice,1111111111111111110101111111100000111100001100111000001111000001001000000011010000111111100000111100000101111000001101000000001000000010010000010011100000110100000100101000001101000011111111100011110000110011101000111100011111111111101111000111111111101011110001111111111011111100000000000000001000000000001000000011010000010011100000111100000000000000001001001111111111111111111100111111111000111101
-6155422459658441607,20,lattice,1000010100100001001011111111111111111111101101111010111111111001010110101101111010111111111111111111000001000010000100101001011110101101111000000101001000010010100001011010110111101011011111111111111100000000001000010010100101111011111111111000010100101101111010000101001001010110100001011010111111100000000000000001000010000101001001011110000001010010000101100000000000000001001010010111101011111111
7884680960921562816,20,lattice,1100100001100000000101000000010000000001111110111111011101111101100001100100000101001000011000000001111111111111111111111101101011110111011111011011111101110111110110001110010000010000000001000000000100000000001000000001110110001111011101111111101111111111011111001000011001000001110110001110011000111101100011100111011111111011111111111111110110001110011001111101100011100100001100000000000000000001
-6303109977533119991,20,lattice,1111011111101111111001110111111011111110001000000000000000000011000000100000000011111111111111111111001101111110111111100010001000100000000000110011111011001010001100101010110010000011001011101100101000100000001000000000111101111111111111100011001000101100000000110010001001000000001100101010111010100011001111101111111000110010001011001000001100111110111011100011001010101100101011110111111011111111
-3224705684917913893,20,lattice,1100000010001100000001000000000000000000111000101100110000101111101011011110101011101010110111101010111111101111111110111100001011001100001011111011111111111011010000001000000000001100000011001100001011111010111111111010111000101101110000100100000000001000000001000000000011000000111000101101111010101111101011011111101011100010110111001010111111111111111111111100000010001100001011111010111111111011
2135754642942542961,20,lattice,1111110111110111111001000000111100111110011110001111011111100101000011110011111001011000111101111110011111011111011111101111111111111111111001010001111101111110000000001111001111100000000001110011110000000000001000001100000000000001000011001111110111111111111001010000111101111110000000000011001111000000000000110001110000000000000000001100000000000000000001000000000001110011111011111111111111111111
366742651877575284,20,lattice,1010001011000010111111101010110000101111001000100000000001001111111111011011111110101010110000101111111011101100001011110000001000000000000011101111110100111111001000101000000011010010001011000000110111101111111100111111111011101101001111111110111011011011111111111111111111111111001000101100001011111010001011000011111100100010000000001101000000100000000001000010001011000000111100100010000000000101
-2817365545440268421,20,lattice,1101000110000110010101010001100001100101011100011000011001010001000000000000000011111001100001110111111111111110011101111111101110000111011100010001000000000000000100011000010001011111101111100111011111111011101001110111111111111111111101111111101110001111011100010001000001000101000100011000011001010111000110000111010111111111111111111111000100010000000001001111000110000111011100010001000000000101
-6529498998570216297,20,lattice,1110111101111111111101000000000000000100011001010011110001011111111111111111111101101111011111011101010001000000000001000110011100111100110101000101000000000100111011111111111111110110011101111101110101000101001000000101010001010011000001010100010100111100010101000101001101000101011011110111111111110110011100111101110101000101001111001101000000000000000001000100010100111100111101000101000000000101
5299150315010647787,20,lattice,1000000001000000000011000000111111011110111110111111111111101101100111111111111011001000111111111110111111111111111111101101101111111111111011001001111111111110100000001101110111100000000001000000000010000000111111011110100000000101110111101000000001001101111010000000010001000000110000001111111111101000000001000001000010000000010001011110000000000100000001001000000001000101011011111111111111111111
4853601733324079900,20,lattice,1000000010111110000011101111111111111111101000011011111010011111111111111111111110101101111111111001101001011011111010011010111111111111101110000001101111101001000000001001111000001010000111111110100100000000001001100000000000000001011000000000000000011110000000000000000001000000000000000000011000001010010111111111100110000000101111101001101011111111111111111010110111111111101110000000101111100001
3881212938424903298,20,lattice,1111111111010111111101111111010001111011001110100100001010000001000000000000000000011000010000000000001111110100011110110001101001000000000000111011010000101010011111111100011111110001000001000000000001111111011001111011011111111101011111111111111111111111111100111011010001101011000110100100001000000011101101000111101100011010010000101000011111110100011111110011101001000010101000111011010000101011
-3252805966487111351,20,lattice,1100010100010100100101000001000000000000011001010001110010011111010100011110100111111111110111111011010001010000000000001111011111011110101100000001000000000000111101011001111010011111010111011110101111111111111111111111010001010001000000000100010100011100000001000101000101000000110001010001011010011111010110011111100101000101000100001000111111111101111111111111010110011110101101000101000101001001
7095869269655579965,20,lattice,1100010010100000000001000100101000000000111001111110000011001111111111101101111111101111111011011111000001001010000000001100011011100000110011000111111000001100000000001010000000001100010011100000000000000000001000000000111111111111110111111110011111101001110011100111111001001100111111111111111111111110011111100001110011000100111000001000110001001110000001001110011111101101111011100111111011011111
8464283927861584898,20,lattice,1111101101111011111101000010000000001010011110110110101111110101101101000000111001001011010000001110010111110110101111110000001000000000101001000011010000001110111111111111101111110000000001000000111001011011011010101110011110110111101111110101101101001000111011111111111111111111010010110100001011100101101101101011111100000000000000001000000000000000000011100000000000000000101001011011011010101111
-4102249817537189462,20,lattice,1010001010001001111011110010110010011110001000001000000000001011001011001001111010111010110111011110111111101101110111100010001010000001000011111111111111111111000000001000000000000010001011001001111011111110111111011110101100101101110111100010001010001001010010110010110011011110111111101111111111110010000010000001000000100010100010011110001000101000000101000010001010001001011011111110111111011111
3462481553841002126,20,lattice,1000000001000000000011011111111111101010111111111111111111111001000001000000000010011010010000100010100111101110111000101001001001000000000010011111111011101010100110101100001000100000000001000000000010011010111000100010100111111111111010101001101011101110001010011010110001100010100100000100001000101101111111111111111110011110111011101010100111111111111011100000000001000000001011011111111111101111
-6009588883273138870,20,lattice,1110000101000100100001100001010001001000001000010000000010001111011101001110110111111111110111101111111001010100010010001110011101000100110000000001000000001000111101111101111011110010000101000100100011111111111111111111111101110101111011011110011101001110110100100001000001001000111001110100011011011111111111011111111100000000000000001000011000010100010011001111011101011110111111100111010001001101
-8656824742421001320,20,lattice,1000110000100000000111001100001000000001111111111111111111111101111011110010011100001000000000000001000011000000000000011100111001100010010111011111111100100111110011101110001001011100110001100010000100001100001000000001110011101111001001011101111111111111111111011111111101101111000011000000001000011101111111110111111111011111111100101111110011000110001001011100111011110010011100000000000000000001
7080599480815370869,20,lattice,1111011011110101011101010110101100010001011101101111000101010001011010100001000011111110111101011111000001000000000000000000011000000000000011110111111101010111000001001010000000000101011011110001000100000100001000000000000101101011000100011111111011111101111101110110111101010101111111111111111111110000010000000001000011110110111101011111010101101111000101010111011011110101011100010110101000010001
-3955782570955856300,20,lattice,1011000000001000000011111111111111111111001000000000000000000011000000001000000010111000000011011010101111001010110110101011101010001101101010111111111111011111101110001000110110101011101011001101101010111000101011011010101111101111110111110010000000001000000010110000000011000000101111111111111111111011000000001101000010110000000011011010101111101110110111111011000000001100001010111100101011011011
-8043712295336240442,20,lattice,1111111111111111111101101010000000000001001010100000000000010111111111110010101100001000000000000000001011100000000000010000101000000000000001101111111100000011011011101110000000010110101001000000000101101110011000000001011011101111000000010111111111111010101101111111111111101111011011111111001000110111111111111011101101101111111100101011011111111111101011110110111011100000001100001010000000000001
3754798323417761763,20,lattice,1011001100000011011011111111100111111111001000000000000100000011001100000011010010111111000111111111101101110000111111110010001000000001010000100011000000110100101111111001111111111111111111111111111111111111101111111111101101110001111111110011001100001111111000110011000001111110001000100000001101000000000000000001000000110011000000111110001000000000000101000011001100000011011010110011000001111111
2869044670027892878,20,lattice,1111111111111111111101110111111110101110001001000101000010100011011001010010101001111111111111101111000001000100000010000000011001010010101000110111010100101010001101111111101010100000000001000000000000110111011110101010000001000101000010100011011101011010101001110111111111101111000001000101001010100111111111111111111100000000010000001000001101111111101011100000010001000000101000110111111110101011
-6052202199689893268,20,lattice,1010001100001010111111111111111111111111001000000000000001001011001100001011111110111011000110111111101101110101101111110010001100001010011100100001000010100100101111111111111111111011001101011011111110111111011111111111101100110001101111110010000000001000010010110111010111111111001000000000101001001010001100001011111100100011000010101111000000000000000001000010000100001010011100100000000010100101
-5500538377772708693,20,lattice,1100010000010101001001000100000000000000111111100111110100111101010000010101001011011100001101010011000001000000000000001101111001110101001111111111011111110011111111111111111111111101110001110101001111010100001101010011010001000001010100001101110001111101001101000100000001010000111111100111111100110100010000000001000011111111011111111011111111110111111111110100010000010101001001000100000101010011
5769312580237515900,20,lattice,1100110110010001111101000100000100000000111011111101100111111111111111111111111101001101000100010010000001000001000000000100111110010001011101000101000100000010010011011001000101111100110111010001111111101111111110111111000000000001000000001100111111011001111111101111111111111111111011111101101111110100010100010001001001001101100100011111010011010001000101110100010000010000001001001101000100010011
-5316615183579350052,20,lattice,1001000000000000100011111010001011101011001100000000000000000001000000000000000010111010001000001001111111111110111111111011001000000000100011111011101011101011111110101010111010111111101111101110101110110010001000001000111111111111111111111011101000101000100110111010001011001011101110100010111010111111101111101111101100010000000000001000111110111110111111111011101000101000101110110010001000001001
1986190490498329671,20,lattice,1100100010100110001001001000101001000000111010011110011010101111110111111111111100001000100001000000111011011111011110101111111111111111111111001001111001101010000000001000000000001100100011100110001000001000101001000000111010011111011110101110100111101111101100000000100001000000010010001010011000001110100111100111101011001000111001101010111011011111111111110100100010100110001011001001111001101011
-3179944734322876858,20,lattice,1111111101101000111101110110001000000100001101100010000001000001011000100000010000111110001000000100000001000010000000000000001000100000000001111111011010001111111111111111101011110011111001100000110000000000001000000000111111110111100011110111111001101000111011111111111111101111111111110111101011111111111111111111111100010110001000001100000001100010000001000111111001100000111001111110011010001111
1331544942277961692,20,lattice,1011111111010111100111111111111111111111001001000000000000010011111111010111100100101100100001110001000001000000000000000010111111000111100100101101110001111001001001001000010100010010110011000111000110111111111101111011001011111101011110011011111111011111101100000100000001000000001001001000011100010010010000000101000100101100110001111001101111111111111111111011111111010111101100000100000000000001
-4056412957492762957,20,lattice,1000000000010000000011111111111111111111101101111111011101111001000010010000010010111111111101111111100101001001000001001001011111110110011110010101111101100111000000001001000000001001010011110110011110010100101101100111000000000001000000001011111111111111111110010100100101000100100101001001001001111001011111110111011110110111111101111111000000001001000001001001010010010000011010010100100100000111
-6817568412314402331,20,lattice,1000100000000100000011111101111111111111101010000001010100001011110011011111011100001000000001000000101011001001111100011111111111111111111110111101110111110111101010001001111100001010110011011111011110111101111111111111100010000001010000001010100000011111000000000000000001000000101010000001011100001000100000010101000010111101110111111111101010000001011101001010110010011111011110101000100111110001
-2532265751910168676,20,lattice,1000000010001000000011011101111110111011111111111111111111111001000011001010000010011101111110111010100001001000101000001001111111111011101010010101111010100010000000001000000000001000000011001010000010010100111010100010100101011111101000100000000010001000000011011111111111111111100000001000101000001001010111111011001010010101111110101010110111011111101111111001010011001010001010011101111110111011
4516078806296976652,20,lattice,1000000000000000000011101101110111111111101000000001000001101111110111111111111110101101110111111111101001001101111111111111111111111111111110100101110111111111101000001101011001111010000001010010011010100101111111111111100000000001000000001010000001011111011110100000010101100111101000000001001001101010000001010111011110100000110111111111100000000001000001101000000000010000001010100000000100100111
-5652639250241376143,20,lattice,1000000000000000000011000100010010100010111001001100101011101111010011001010111011111110110111101110100001000100100000101111011011011010111011111111110111101111100001001100100000101000000001000000000011111111111111111111111101001101101011101000000000001000000011110100110111101110100001000100101000101111111111011111111110000100010010001010110001001100101011101000000001001000001011111110110111101111
4113643686099112338,20,lattice,1011111111101010111111111111111110111111001000000000000000100011000000000000001000111001000000100011001111111110101011110011101100000010001100110001000000100010001110111110101011110011100101000010001100111011011010100111101111111111101011110011100101001010001111111111111111111111001100000000001000101011111111101011111100111011011010101111001110010100101001110000000000000000001000110000000000100011
-2274988114331215239,20,lattice,1000110100111111111011111111111111111111101111111011111111111001110110111111111100001000001100011000000011000011010110101001111110111111111100001101001111011110100011011011111111111011111111111111111100000000001000011000000000000001000110000000100000111101111000001000001101011010000011010011111111100000000000000001100000000000000000001000000010000011010111100000100000110001101010001101001111111111
-3601541771786619366,20,lattice,1110010011010111110101100000010001000100001000000000010001001111111011010111110111101100110101111101001001000000010001001110011011010111110111111111111111111111011000001100010001000010000001000100010011111110111101111111011001001101010111001111111011111111111100000000000001000000011001001101011111000110010011000101010001100100110001011100000000000000010001001110011011010111111101100100110101011101
-150019859491165368,20,lattice,1111101100110001001101111011001100000000001110010001000000000001100100010000000000001000000100000000011111111011000100110011101100110000000000001001000100000000011110111011000100111111111111110001011100111001001100000000000000000001000000001111111111111001011111111111111101010111111111111111111101110111101100110001000011111111111111111111111111111011000101110011101100110000001001111011001100010011
-8262698172094017446,20,lattice,1000010010000000011011111111111111111111101111111101001101111001110110000000011110001101100000000110000001001000000001101000111110000000011110000101100000000110000000001000000001001000111111000000011110111111111100110111100111111101000101111011111111111011111110111111111111111111100111111101001101111001111111000001011110111111111100111111000000000000000001000000000000000000011010001101100000000111
730277478849161158,20,lattice,1100111000000100000001000110000001000000111011100000010000001111111111111111101001001110000001000000000001000000010000000000011000000100000000000111000001000000111011111000010000101110111111000100001011101111111111111010111011111101011110101110111111011111101000000000000001000000111011111100011010101110111111000111101011101111110001001010111111111111111111111100111100000100001011101111111111111011
3798121429582615304,20,lattice,1110111111010111110001001111100000010100011011111100011101001111111111011111111100001001000000000100000011111000000101000000101100000000010000000001000000000100000010011000000101000100111111000001010011111111111111111111011011111101011111001110111111011111111001001111110001110100000011111000001101000000100100000001010001101111110001111100000000000000000001000110111111010111111011101111110101111101
7590585235453168753,20,lattice,1100000000001000001001000000000000000010111011101000110101111111111011011101011111001110100011010111110001101000100001111100001010001000011011111111110111111111110000001000100000101110111011011101011111111111111111111111110011101001110101110100000000001000001011000110100011000111111011101101111101111100011010001101011111001110100111011111110000001000100001100000000000000000001011000010100010000111
-2518487207998187094,20,lattice,1001110010101011100111111111111011111111101111011110111111110001110000100011100000001000001000101000000011000010001110001011111111101111111100011101101010111000000111001010101110001001110111101011111100000000001000101000111111111111111111110001110000101011100010011101111011111111000000000000001000000000100000100011100000000000000000101000000111001010101111011001110010101011111100011100101010111001
1870197330522723268,20,lattice,1011111110111111110111111111101111111101001000100011001110010011111000110011100100001010001100111001000011100011001110010000001000000011000100111111101111111101001111101011011111011111111111111111110100000000001000010001000000100011001100010011111010111111110100111110001101111101000000000000001100010000000000000001000100000010001100111001001111100011001111011111111111111111111100000000000000000001
-3448967604888111727,20,lattice,1100000000000000000001000000000000000000111100110001100000011101000000001000000011111111111111011001111101111001110100011101001000011000000011000001000010000000111100111001100000011111011111111101100111110111101111010001110100000001100000001100000000001000000011110011100111000001111100111001101000011111001110011101000111110111101111011001111111111111111111011111111111111111111111010010000110000001
3773553431966153119,20,lattice,1000010001000000001011111111011111111111001000000000000000101011010101000010001010111111011111111111000001000000000000101011011101111111101110100101010000000010111111111111111111110000010001000000001010110101011010100011101101010111101000111010010101001010001010110101011111111011101001010100001000101011010101111011001110110101011110101011101101010111111111110000000000000000001010110101010010100011
-911505478450334013,20,lattice,1000000000000000000011111011011110110111101000000000000001101011000101110000011010111011011110000111111111111111111111111011001101111000011110100001010000000110111110111111101111111010000001000000011010100001011100000110101000010101000001101010000101111000011011111011111111111111101110110111101101111011101101111001011110111011011110011111100000000000000001001000000000000000011010110001011110000111
-8788331762736534026,20,lattice,1100100000000000100001001000000000000000111011011010000110111111111110111111111100001000000000000000110011010010000110101110111110100101101111001001001000001000110011011010000110101111111111111111111100001000001000000000111011111011010110111110111110111101101111101101101001011011111011111011111111111100100100100001101000001000000000001000111011111011110111111100100100100000101011001101101000011011
7182391520432622841,20,lattice,1100001101111110011101000010001000000011011000110111101001111101001101111110011111111111111111101111111101111111111011110000001000000000000001000011011110100111011000111111101001110100001001100000001100000010001000000000010000100111100000110100001001101000001101000011011111100111010000100111101001111111111111111111111111110011011111101111010000100111100001110000001000100000001100000010001000000001
3490587802906767460,20,lattice,1111111111111111111101000000000001010000011011101110110101000111111011111111111101001110011011010100010001000010110101000100011001101101010001111111111111111111010011101110110101000000000001000001000001000000001001010000011011101111111111110100000000101101010000000000000001010000010011101110111101000000000000000001000001001110111011111100010000000010010101000110111011101111111101001110111011111101
-3256559678097435771,20,lattice,1111010100000000011001010100000000000100011101010000000001000001010000000000010011111111111111111111000001000000000001001111011101000001011000010101000000000100111101111101000111101111010101000000011011110111111101111111111101110101000111101111011111011101111111110111110101011111111101111101011111111111010101000001011011110111010000011110000000000000000001000111010100000000011011110111110100011111
8235166234843046179,20,lattice,1101011010111000100001010110001110001000111101101011100010000001000000000000000011111111111110011000000101000000000000000001011000111000100011110111111110011000000101001001100000001111011011111000100000010100001110000000000100000001000000000001010000011000000011111111111111011110111111111111111111101111011011111001100000010100001110001000111111111111100111001111111111111001111011111111111111111111
5999879756667248714,20,lattice,1110111011000011010101101010010000010101001000000100000100001111111011101011010100101010010000010101011011101100001101010000001000000001000011111111111110110101011010101100001101010000000001000001000011101110111010110101111111101111101101011110111011001011010111111110111111110111011010100100001101010000000000000001000011111111111111111111001000100100000101011111111011111011011100100010010000010001
267436543365456418,20,lattice,1000000000010000000011110001100111100000001000000001000000001011000110011110000011111101111111111011111101011111111100011111111111111111101110100001100101000000101000001001000000001111000111111110000111110001101111100000000000000001000000001010000110011110000010100000100101000000101000011001011000001111000111111111000111110101111111111001111111111111111111111111010111111111101110110001100111100001
279068323344567554,20,lattice,1010111100100001111011111111101001011110001010000010000011001011111100100101111000001000001000001100001011110010000111100000001000100000010000000011001000000100101111111010010111101111111111111101111100000000001000000000111111111011010111101111111110111101111000101111001001011110111111111111111111110010101100100001110000000000001000001100000000000010000001000010101100100001111011111111101111011111
-295925542867168121,20,lattice,1001110011011110010111011110110111100111111111101101111001110001100000011110010000001000000100000100000111000101111001001001111011011110010111111111110111100111000110001101111001010001100001011110010011111110111111100111000000000001000001000000000000011000010000001000000111100100000010000001101001001111111111111111111111111111111111101111000000000000000001001001111011011110011100011000010111100101
-4287598080612204203,20,lattice,1000000000000000000011111111111111111111101111011111110111111001010111111100110010011101111111001100100001000000000000001011111111111111111110000101011001000000100001011110110011001000010001100000000010000100001000000000100001011111110011001000010101101100110010000100011001000000101111011111111111111001110111111101111010000101011001001100100001010110010001001001110111111100111010010101111111001101
-6723893647634407497,20,lattice,1110111111110011100001101111010100111000001011000000000000001111111111110111100000001100000000000000000001000000000000000010111101010010000000101101000000000000011011111111001110000010110101010010000001101111011100111000001011010001001000001111111111111111111111101111111101111000000011000000001000000010111101010011000000101111010100111000111011111111011111001111111111110111101011111111111101111011
5153112561524279651,20,lattice,1001100001000000110011011000010000001100111110001101100111010001100000000000000000001000000000000000111111111111111111111111101011011001110111111011110111111111110110001101100011010001100001000000110011111011111111111111000110000001000011001101100001011000110111111010110111011101111110101101111111011101100011011001110100011000000000001100000110000000000001001111101011011111111111011000010000001101
-6301002763532978743,20,lattice,1001111101010001101111011111011100011011111111111111111111110001010000000000000000011101000000010001000001000000000000000001011100000001000100010101000000000000110111111111100110110001111101010001101100011111011100011011000111110001000110111101111101111001101111011111111111011011110111111111101110110001010000000001000000011111000000011001110111111111101111110001111100000001101100010101000000010001
-6460689824429140201,20,lattice,1101110010011111001101001100100000100011111111111101111100110101110010001111001100001100000000000000000001000000000000000101111010011111001111011111110111110011000011001000000000110101110011011111001111011111111111110011010111001001111100110100110010001110001101001100100001100011000011001000001000110100110010001111001111111111110111111011111111111111111111110000110000000000001000001100000000000011
-2794247492658795559,20,lattice,1000000000000100000011001100101101101100111111001111011111011101110011110111110110001000101101001100100011001011011011001111111011111111110111111111111111111101100000001011010011001000110011110111110010000000001001000100100000000011010011001111110011111111110100000000000001000000100010001011011011001000110010110111110010000000000001001100100000000000010001001111111111111111111111001100111101111101
4693692923081957914,20,lattice,1111111111111111111101111111111111111111001000000000110000100011111111111101111100101111111111010011001001001000110100100010011110011101001000100101100111010010001000001000110000100010011111011101001100100111111111010011001001001001110100100000000000001000000000000000000011000010001111111111111111110010000010001101001000100111111111011011001011111111110101110000000000001000001000100111100111010011
-5895288997236481728,20,lattice,1000000000001000000011000000000010000000111111000100110000001001010000001000000011011100010010000000100001000000100000001111111111001111110011111101010011111000111111011100111110001101010001001000000011111111111111111111111111111101111111100000000000001000000011011100010011000000111111000100111100001111110001001101000011111100010011111000111111011100111111001111111111001111111011111111110111111111
4423135710999532916,20,lattice,1111111111111111111101001100001100000111011111111111010101110101110000110000011100001000001100000000000011000011000000110101111000110000011101011111111101010111010111101011000001110101111011110000011100000000001100000000000000000001000000000111111111111101111101011110111101010111011111111111111111110101111000110001011101111111111101011111000011000011000001110000100000110000001100001000001100000001
-1333653665592763854,20,lattice,1110110111110101111001101101111101011010001000010100000000101111111111111111111100101001010000000010001011010100000000101110111111111101111000000001010000000000001010011101010000100000000001000000000000101101111101011010001010010101010000101110110111111101111000101001010001000010111011111111111111100010110111010101101000101001110101001010011011011111010111100000000101000000001011101111111111111111
-5233924587077437284,20,lattice,1010100111001110100101101001111111101001001000000000000000001111100111111110101100101001000000100000111111011111111010111111111111111110101100100001000000100000001010011100001010010010100101000010100100101001111011101001001010011111111010010010100111001110100100101001010001101001001000000000001000001111111111111111101100100001000000101000111111111111111111111010100111111110101100101001000000100001
-73099936713687585,20,lattice,1110100010011000100001000000000000000000011010000001100000001111100010011100100001001000000110000000111111001001110010001111111111011110110011111001100111001000011010001001100010001111110111011100110011111101111111101100010000000001000000000100000000011000000011101000100111001000111111011101111011001111111111111111110001101000000110001000111111011001110011001111111111111111111111111100100111001001
1925737254302667656,20,lattice,1111110000001100101101000000000011001000011101000000110010100001000000001100100001111100000011001010000101000000110010001111111010001110111111111111110011101111111111001000110010111111111011001110111111111111111011111111111111111111111111110000000000001000000000000000000011001000111111001000111011111111111111001111111100000000000010001000111111001000110011110100000000001100101001111100000011001011
-4353993557490608261,20,lattice,1100000001000000000001000000010000000000111110001101010011001101000001000000000011011000010001001000111111101111110111101111101011110100110011111111111111011111110110001101010011000000000001000000000011111000111101001100110100000101010010001111101011111101110011010000010001000000111111111111111111111111100011110101110011010000010001001000110110000100010011001111101011111101111011111110111111011111
-7623887602560397093,20,lattice,1000010000000100010011111111111111111111101111111011111011111001011100111110110110011111101111101101000001000000000000001000011000000100010010000111001001001101100101111011111011011011111111111111111110000110001001001101100001110011110011011000011100101100110100000100000001000000100001110011111011011011111110111111111110000100000001001101000001000000010001001001111110111110111110000100000001000101
-7868839802616427182,20,lattice,1111111111111111111101100000000000001100001000000000000011000111001111111011110101111111111110111101011101111111101111010110001111111010110100100001000000101100011000011011001011010110000111110010110101100001001000101101011000010011001011010110000100111010110101111111111111111111001000000000001011000110001111111011110100000000000000001100000000000000000001000111111111111011111101100001000000101101
754471732361045189,20,lattice,1011111011011111111111111110110111111111001000000000010000000011110000000100000000101000000001000000001011000000010000000011111001000100101011111111111111111111001111101101111111110011110001000100101000111110111111111111001111100101010010100011111001011111111100000000000001000000001111100101011010100011111001010111111100101100000001001000001111100101011011100011110000000100101000111110010101101111
-6669901172558678676,20,lattice,1110010110011110001001100101100111100010001001011001111000101111011110011110001011111111100111100011000001011001101000101110011110011110001000000001000000000000000000011001101000101111011111011110001111111111101111100111000000010001100000000000000100001000000000000101100111100010000000010001101000001111111111111111011111111111111111111111111111111001111001110000000100011010001011110111100111100011
-567695036230790667,20,lattice,1000010010101001100111010101111011111011111101011110111110111001010011101011101111111111111011111111000001000000000010001111011111101111101110010101111010111011000001001010000010011000010011101011101100000100001000001001111111111111111111110000010010101000100110010101111011111011000001001010101010010000010010101001100100000000000000001000111101011110111111110000010010101010101100000100000000001001
-4528498352061855072,20,lattice,1100111010100000010101001100101000000101111011101111000001011111111111111111111100001100001000000001000001000010000000010100111010100000010111101111111110000101000011001010000000010100110011100000010100000000001000000001000011001011000001011110111011111000010111101111111111000101111011111111111001111110111111111001010111101111111111111111000011001010000001011110111111111000011100000000000000000001
-6906595565843439325,20,lattice,1011100111000101110011111111111111111111001100001000010011000001000000000100010000111001100001011100101111011110111111001011101111101111110000110001100001011100000000001000010001000011000111000101110010111001111011111100101111011111111111001011100111001101110000000000000001000000101110011100111111000011000010000101110000010000100001001100000000000000010001001011111111111111111110111111111111111101
-4056416516468204150,20,lattice,1001100111101110101111011101111111111111111111011111111111110001100011000000001100001000000000000000100111011111111110111111111111111111111100011001110010100011000010001100000000110000100001000000000100011001111010100011000110011111111010110001100011001000001100011001111011100011000110001100101000111001100111101111101100011001111011101011100111011111111111110000100000000000001100001000000000000001
-177229473995973884,20,lattice,1001000001010001011011010101110111111111111111111101111111110001000000000000000011011111110111111111100101001101000111101001011111011111111010010101110111111110100100001101000111100001000001010001001011111111111111111111000100000001000100101001010011011111111010010100110101011110100101001101011111100001000000000001000010010000010100011110000100000101000101100001000000000001001010010101110111111111
7472133635399169398,20,lattice,1111011111111001111101110000000000000000001000000000000000000011000000000000000011111111111111111111011101011011100010110111011110111001111101110001000000000000011100011011100000000111011111111001111101110001001000000000011100010001000000000111000100011000000011110111111111011111111101111111111111110111010110111001111101110001101110001000011100011011100011110111000110111000101001110001101110001011
-6647986006041056676,20,lattice,1101010110101110001001010100101000100010111101011111111010110001010000000000000011111111111111111011000001000000000000001111011111111111101101010101101000100010000101001000000000000101010111101110001000010100101000100000110101011111111010110001010010101010001001010101101011100010000101001000001000001111010111111111101111010101111011101010111111111111111111110001010010100010001011010101111011101011
-5882709958778562934,20,lattice,1010000000000001000011100000000000010000001000000000000000001111111111111111111111101111011111111111111001000001001101001110011101111111111111100101000101111110111011111111111111111110010101111111111011100101001101111110001000000001000100001110010100111111111011100100000101111100111000000001001100000010000000000001000010100000000000011000111000000001001101001110010000010011011011100101001101111111
4300645767083556538,20,lattice,1001100001011110111011111111011111101111101110000101111011100001100000010100001000001000000000000010101111100111111011101011101001111110111010111111011111101110101111111111111011110001100001010100011010011000011111101110000010000001000000100001100001011100111000001000000101000010000110000101111011101111111111111111111100011000010101001110000010000000000001100000000000000000001010111111011111101111
4896411047151991297,20,lattice,1000000000010000000011000100110110100101111001001101111001011111110011111110010111101100111111100101100001000101101001001111111111111111111111111101111111100101100001001101101001011000000001010010000010000100111110100101000000000001000000001000000001011010010010000100110111100101100000000001001000001111110111111111110111111101111111101101100000000101001001001111110111111111111110000100010110100101
-3735403181490326302,20,lattice,1011111110011111010111111111110111111101001000000000001000000011101100010010000100101000000000100001001111111001111001010010101100000010000100101001000000100001001110111001001000011011111111011111010111111111111111111111001000000001001000010011101110011010000100111011100101100001000000000000001000000011111110011111010110111111110111111101001110111001001001011111111111011111111100100000000000100001
-774108016697707996,20,lattice,1000011001000000000111000110010000011001111001100100000110011001011001000001100111011110011000011001000001100000000000000000001000000000000011111111011000011001111111111111000110010000011001000000000111010110011000011001111111110111000110011111111111111111111111111111111101011111111111111111011111111000011001000001100110000110010000001001111111111111000111011111111111110001111100000110000000000001
-889799908203189962,20,lattice,1000000010000000000011111111111111111111101111011111110001111001010111011100011110011101111111000111100001011101100001111001011111111100011110000001110000000010000000001000000000001000000011000000000010010101111111000111100000011101000000101000000111011000011010000101110111000111101111111111111001111011111111111111111110111111111111101111100000011101000001101000000011000000001010000001110110000111
-652631220912479689,20,lattice,1111111100100011111101111111001000101101001100000000000001010001000000000000010100111000000000001101001111010010001011010011111100100010110100110001000000001101111111111011101111111111111111111111111100111001001000101101111111110011101111111111111100101011111111111111101111111111001110000000001011010111111100100011110100110000000000001101000000000000000001010111111100100011111100000000000000000001
3367754358617677535,20,lattice,1101111111101111111101001101111011111111111111111110111111110101111111101111111100001001110011011111000011011110110111110000111111101101111100000001010011011111000000011100110111110000000001001101001000000001111011011111111111111111111111110000000000001000000000000000000011000010000011011110111111110000000000001101001000000000010011011010000000000100110111100000000000001000001000000000010011011011
5286219751728180960,20,lattice,1000000000000000000011000011000000000000111110111111101111111101101111111011111111001011101000110111111111111111111111111000001100000000000010000001000000000000100000111000000100001100101111111011011111000011101000110111110010111011001101111100101110111011011111111011111111111111110000111000001101011000001100000001000011001011111110111111110000111000000101001100001110000011011111000011100000010101
8880040655974529699,20,lattice,1100100011110110111001001000111101101110111010111111111111101111101111111111111100001000011001000010111111111111111111111100101011110111111011001011111111111110000010001111011011100000000001100000000000000000001000000000000010000111010001101100101011111111111000000000001001000000000010000111011001101100100011110111111000001000011101101110000010000110010001100000000000100100001011001011111111111111
-6914966158689185860,20,lattice,1100101100101000000001001011001010000000111111111010100110111101111100101001101100001011001010000000110011110010100110110000001100000000000000000001000000000000110010111010100110111111111111111011101100000011001000000000111111111011100110110000001100101000000011111111111111111011111111111011101110111100101100101001000011001011001010011011111111111111111111110000101100101000001011001011001010010001
2027721370714647549,20,lattice,1100011110111011110101000110001010011001111111111111111111111101111111111011111111001111111110111111000001000000000000000000011000101000100101000111101110111101010001101011100111011100011111111011110100000100001010000001000001100011100110010000010000001000000011011111111111111111010001101011101111010000011000101001100100000100001010001001000001000010100011011100011111111011111100000100000000000001
-124006164120444291,20,lattice,1110000110100100101001100001101001001010001000000000000000001111001111110111101011111111111111111011111101111111011110100110001110100110101000100001000000000010001000011010000010101110001111110111101000100001001000001010011000111011011110101111011111111111101000100001101001001010001000011010011010100110001110100111101000100001000000001010111111111111111111110010000000000000001011110111111111111011
412785975065967612,20,lattice,1001110111111001101111011101111111011111001111011111100111110001000100101000101000011001101110011010000111011011100110111111111111111111111100000001000000000000000100011011100010100001110111111001101100000001001010000000000100010011100010100000000100001000000000011101111111011111001111011111111111110001000110111001101000000001001010001010000111011111100111110000000100001000001000011001101110011011
2530646182468626337,20,lattice,1000101101110111110011001011111101111100111010111111011111001111111111110111111100001000011001000100111011111111011111110000101101110111110000001001011001100100100010111111011111000000000001100100010000000000001000000000000010000111011001001111111111111111111100000000001001000000000010000110011001000000100101100111110000001001011001101100000000000010010001001110101111110111111011101011111101111111
-8956444321489649990,20,lattice,1000000110000000011101000011100000000111111111111011111111111101011110001011011111011111101111111111110001111000000001110000001110000000011100000001000000000000000000011000000001111111111111111111111111010111101111111111110101111001111111111100011110001000011111010111100011111111110001111000101001111100011110001011011111010111100010111111000000010000000001110000000100000000001000000001000000000011
2143387601493707870,20,lattice,1111011111011110111001010010010000000000011100100100100000000001000001000000000011111111111111111111011101111101110011100001001001000000000001110011110010001110011100101100100001000000000001000000000011110111111111111111011100111101110011100101001001001000000001110011110011001110011100111100111011101111011111011111111101110010110010001100011100100100100001000111001011001000111011110111110111101111
-6445244719096104150,20,lattice,1000000011110000000011110111111111100000101101001111000000001001010011110000000011111111111111101000100001001111000000001000011011110000000010110111111111100000000000001001000000000000000011110000000000000000101100000000000000000001000000001011011011111010000010110110111111100000100101101111001000001111111111111111100011110111111111101000111111111111111111111111011111111110001011111111111111111011
-8160784488334758500,20,lattice,1110011101111111111101100011000000100110001000000000000000101111011111111111111111111111111111111111011001110100101101110010001100000010011000100001000000100010011001111111101111110010001101000010011001100111011010111111011001110111101111110110001100001010011101100111011111111111001000000000001000100110001101001011011101100111010010111111001000010000001001100000000000000000001001100011000000100111
-8239582236862478053,20,lattice,1010101011001000011111101010110010000111001010100000100000001111101011001000011100001000000000000000111111111111111111110000101000000000000011111011111111111111001010101100100001110010101001001000001111111010111010010111111110101111111111110000101000001000000011111010110011110111111110101100101101111111101011001001011111111010111011111111001010100100100001110010101000001000001000101010000010000011
1346121459092000365,20,lattice,1111011110101011110101110111101010111101001001110010101010010011011110101010110111111111111111111111000001010010000010000000011100101000100000000001000000000000001001111010101011011111011111111011110100000001001000000000111101111011101111010000010100101000100011110111111111111111000001110010101010000000011100101001100000000001001000001000001001110010101011011111011111111011111100000111001010101001
4904038952519287008,20,lattice,1110111100111110100001001011001111100000011011110011111010001111111100111110100100001000001100100000000011110011111000000000101100110010000000000001001100100000111111111011111010011111111111111110101100000000001000000000000000000011000000000000101100111110000000001011001101100000000000000011001000001111111111111111101100001111001111101000111111111111111111111111111110111110101111101111001111101001
777142602278822798,20,lattice,1111011111110111111101100100101100000100001001001001000001000111011010110101111111111111111111111111000001000000000000000110011010110100111001110111101101011111000001001000000001000111011111110101111100100100101100000100000001000001000001001111011111111111111101100100101101000100011101111111011111110110011010110101111001100100101100001100000001000000000001000010010010110000011001100110101101011111
-9193570481461542412,20,lattice,1100010010000010100001000000100000100000111011101011111010001111111010111110100011001110100111101000010001001000001000001100011010011110100011111111111111101000000000001000001000001111111011111110100011001110101111101000010001001001001010001100010010001010100011000100100011101000000000000000001000001111111011111111100001000100100000101000111111111111111111111111111111111111101111111110111111111001
-581066391821800430,20,lattice,1111111101111111100101110110011111111001001001100111111110010011011001111111100100111111011111111001000001100000001010010000001000000010000000110111011111111001111111111111111111010000011001111110100100000110001000101001000001100011001010010000011000111110100100000110001101101001000000000000001000000000011001111111100100000000000000101001111111110111111111011111111111111111111100000000000000100001
-7913075972103245208,20,lattice,1100011011110111111101000000000000000000111001101111011111111111111111111111111111001110111101111111010001001001000000000100011010010111010011100111111101111111010000001001000000000100011011010111010001000110111101111111010000000001000000001110011111111111111101000100100101110100010000001001001000000100010010010011000001000110110101111110010001001001001101000100011011010111011001000110110101111111
-6316445788749366431,20,lattice,1011011110111111111111111111111111111111001000101000001000000001001000000000000010111111101111111111001101101001001111100000001000000000000000110111101111111111000000101000000000001011111111111111111100110010101100101010001100101001001010100011011010111011111000110110101111111110000000100000001000000011001010010011111000100010100000101000001100101001001011100011001010000010001000110110101111111111
-7353070286975111359,20,lattice,1011111111111111111111111111111111111111001111011010010111010001110110000101110100001000000000000000000011001000000000000011111110100111111100001101100001000000000010001000000000000011111111110111111100011101101001011101001111111011011111110011111111111111111100001100100001000000001111011010011111010000110110000101100100001100100001001000000011011000010111010011110110100111111100001101100001000001
6731244072328491435,20,lattice,1110111011111111110001000010011001000000011011101110010100001111111111111111111101001110111001010000010001100110010100000000001000100000000001101111111001110100010001101110010100000000001001100100000000000000001000000000011011101111011111000110111011111111110000000010001001000000011011101110011101000100001001100101000001101110111001111100010011101110010101001110111011111111111011101111111111111111
-8080302850924542164,20,lattice,1001010100000001101111110101010000111011101101010000000110110001000000000000001011111101010000111011000101010000000010111111111111001011101100010001000000000010111111011100001110111011010101000011101111111101111000111011111111111111101111111111110111001011101111111111111111111111101101010000001110110001010100000001101100010001000000001011111111111100101111110000000000000000001000000000000000000011
1946524996144279864,20,lattice,1011110100110111111111111111111101111111001100000000000011100001000000000000111000111100001100011111001101000010000111111011111100110111111100111101001101011111101111111011011111111011111111110111111100110000001000011111001101000011000111111111111111111111111100111100001101011111001111010011011111110011000000000001111000000000000000001010000000000000000011100000000000000000001000000000000000001111
-2552519791339231747,20,lattice,1111010011100111110101000000000001000000011101001110010110000101010011100101000011111110111111111111010001000000010000001111011011111111110111111111111111111111010001001100010000000100000001000100000001000100001001010000111101001111011111011111010011111111110100000000000001000000011101001110011110000100010000000101000001010100111001011000011101001110011111001111010011111111111101110100111001111101
1501761861931767086,20,lattice,1000000000000000000011000000000000000000111011011111011100011111111111110111111111001000000000100000110011010001001000001110111111110111111111001001000000100000110011011001001000001100110111010010000011001101111100110000110010010001001000001111111111111111111111001101111101110000100000000000001000001100110111010011000011001101111101111000111011011111011111111110110111110111101111001101111101110001
1195692974909994184,20,lattice,1100001001100011000101000010000000000001111011110110101100011111111111111111111111001111011010110001110001100110001100010000001000000000000111000111011010110001111011111111111110110100001001000000000101000010001000000001111011110111101110011100011001101011000111101111011111111001010000100110001100010100001001000001000111101111011010111001111011111111111111111110111101111111101100000000000000000001
-7427371119378780710,20,lattice,1010111111000000111111101111110000001111001000000000000000001111111111111111111100101111110000000010001001001100000000000010011111000000001000100101110000000000001000001000000000000010000011000000000011101111111111111111111011111101110011111110111111001000111111101111110011001111111011111101111111111110111111000001111100101111110000001111001011111100000001110010010111000000001000101111110000000011
-3274912562729268141,20,lattice,1010110011100000101011101100111100101111001011001110000010101111111011111010111100001000010000001010000001001100000010101110111011111010111111111111111111111111000000001100000010100000000001000000000000000100111000001010101011001111000010101110110011111010111111111110111111111111101011001111001010101111111011111011111100000000010000001010101011001111001011110000000001000000001010101100111100101011
-2894607921259893725,20,lattice,1111111001001001110101000100000010000000011001000100100011000111110001001000110101101100010010001100000001000000100000000110111001001000110011111111011010111101111111111110111111110100010001001000110011111110011010111101111111111111111111110000000000001000000011111111011011111111111111100100101111010111111001001001110101000100000010001000010001000000100001001111111101101011111101101100010010001101
3440563255902598188,20,lattice,1010101111010010110011101011110100101101001000111101001010001111111111010010110100101011110100101000111011111101001011010000001011000000000000000011110100001000000000001000000000000000000011000000000011111111111111111111000000101101000000001111111111011010110111111111110111111111000000111101001010001111111111011011110100000000110000001000001000111101001011001111111111011011111110101011110100101101
8028460044181317993,20,lattice,1001100110011111001101011000100111110011111111111111111111110001000010000100001000011000100001000010110111011001111100111101111111011111011100011001100111110011000000001000000000001101110111011111011111011111111111110111000110001001110100110001100010001100001000000000100001000000000110001001111100110001100010001101001011011101110111111111110111011001111101110000000010000100001000011000100001000011
4584194668138506439,20,lattice,1001010010011001111011010100100110011110111111101111111111110001000010000000010011011100111111111110000101001000000101101101111011111111111011111111111111111111000000001000000000001101010011111111111011010100101110111110000101001001100111100001010010001001011011010100100111011110110101001001101111100001000010000001010000010100100010011110000000001000000001000001000010000001011011011110111111111111
6216222385187426843,20,lattice,1010100100000110101011111011111101111011001010010000011010100011100100000110101000001001000001101010111111111111011110111011101100100110101000000001000001001010101110111111011010101011101101110110101000111001001001101010101110110011011010101111111111111111101100000000000001000000000000000000011010101011101111110111101000000000000001001010111111111111111111110000000000000100001010111011111101111011
4097359649736657162,20,lattice,1111111001011111101101101110010101111000001000100000000000000111111001011111101000101110010100101000001001100101001010000000001000000000000011111111010111111011111111111101111110110010001001000010000011111111111111111111001000100101001010000110111001011111101000100010010101101000000000100000001000000010111001010111100000100010010000101000111111111101111111110110111001010111101001111110010111111011
-38653132528322002,20,lattice,1000101000010000001111001110000100000011111011100001001000111111111111111111011100001000000000000000100011100001000000110000101000000000001011101111000100100011111011111001011000111110111111010110001111101111001101100011000010100001000000111110111111111110011111101111000101100011110011100001001000111110111111111111011111111111111111111111111011111111011001110000100000000000001000001010000000000011
5295754618499037980,20,lattice,1011111111111111111111111111111111111111001110111111110110110001001001111001101000011010111110011010001111111111111111110000001001101000100000011011111110011011000100101111100110100000000001101000100000000000001010001000000000000001000010000000000000001000100000011010111111011010001110111111111111110000001001111001100000000000000000001000001110111111110111110000001001111001101000011010111110011011
5717513686726850220,20,lattice,1000011000010001000111111110111101110111101111101111011101111001011000010001001110011110101100010011000001000000000000000000011000010001000111111111111101110111100101101001000100111001111011110111011110000110001100010011000001000001000100011111111111111111111110011110101101110111100111101011001100110000010000000001000011111110111101111111100111101011001101111000011000010001001100000100000000010001
-150133000161988086,20,lattice,1011011111001000010011110111111111111111001101111000100001000001010010000000000011111111111111111111000001001000000000000001011010000000000000010111100000000100000000001000000000000011011111001000010010110111111010000111101101111111101101110001011110001000010010110111111111111111101101111110101001111011011111101011011110110111111110111111000000001000000001001011011111001000011010110111110010000111
-5362183278306460664,20,lattice,1111111101101110111101011010011001000000011110100110010000000001000001000100000000011010010001000000011111110110110011110000001001000100000001011011011001000000111111111111111111110000000001000100000000011010011001000000011111110111110011110111101101101100111100000000000001000000011110110110111011111111111101111111111101111011011001001111011110110110010001100111101101100100001001111010011001000001
6231521459659734152,20,lattice,1000000000000010000011100100100100110010101000000000001000001111011011110011111111111111111111111111101001000001001000001110011011010011101111110111111100111111101001001001001000001010010011010011001011100110111100111011101000000001001000001111011011111011111111110111111111111111000000000000001000001010010010010011000011100100110100111010111001101101001111111010010010010011001010100100100100110011
3799406038662365793,20,lattice,1000000000000000000011101011111010111110101010001000101010001111111111101111111110001000100010101000111011111110111111111010101110101011110010101001100010111100100000001000000010001010101111101011110010101001101010111100111111111111111111111000000010001000100010101011111011111111100000001000101010001000100010001011100010000000000000001000100010001000101111001010101111101011111010101011111010111111
-6101536613232147432,20,lattice,1000010000000000000011100100011001011010101001000010010000001111111111100101101011101110111001011010000001000000000000001110011001100101101011101111111001011010111001101110010110101010010001100101101010000100001001000000111111111111111111111111111111101101111010000100000001000000111111111110111111101000010000100101100010000100001001001000111111111110010111101000010000100101101011111111111011111111
3164444356111950703,20,lattice,1000010000000000000011110111011111101111101101110111111011111001011101111110111111111111111111101111000001000000000000000000011000000010000010000111001110101111111101111111111011111000011101111010111110000110001010101000100001100011101011111000011000001010000010000111011111101111000001000000001000001111111111111111111110000110000010101000100001100010101011001000011000101010111010000110001010101111
6846582361682798518,20,lattice,1010000000100000110011100000001000001100001000000010000011001111100101101011110011101000011010111100111111111111111111111111101111101111111011101001011010111100111110011110111111101110000001101001110000000000001000000000111110111111111111111010000000101001110011111001011011111100111000000110101111001010000000100001110000000000001000001100000000000010000001001111100101101111111011111011111011111111
7397439253758071467,20,lattice,1100000000000000000001000000000000000000111111111111111111110101000000000000000011011000000000000000110111111011111011111101101100100100100011011001001000001000110110111010010010001101111111111111111111011000001000001000110110111011010010001101101100101100100011011001001001001000110110111011011010001101111110111111111111011000000000001000110110111011111011111101101110110110101011011011101111101011
4445439765740872950,20,lattice,1010000001000000011011100000010000000110001000000100000001101111000001000000011011111001110001010110111111011100010101101111101111000101011011110001110000010110111100001100000001100000000001000000001011111111111111011110111111011101010101101111111111011101011011110001110001010110111111111111111111101111000011000001011011111111110111011110000000000000000001100000000000000000001011111111111111111111
6224260730136758743,20,lattice,1001111110101101011111011111101011010111111111111010110101110001111110101101011100001010000000000010000011110000000000100000001000000000001000001011000000000010000011111010100101101111111111101111011100001111001000000010111111111111111111110000111100101000011000001111101011010110111111111010111101110000111100101001011011111111111011111111000011110010000001100000000000000000001000001111001010010111
3236103654390425655,20,lattice,1101010111110101011101000000101000000100111101011111010101110101010111110101011111011101111101010111010001011111010101001101111111110101011101000001111001000100000000001010000001000000000011100000010000000000001000000000010000011111010101001111111111111111111101000000111001000100111111111111011111110100000111100101010011111111111101011111000000000010000001000100010111110101011001000101111101010111
-6387691677749426321,20,lattice,1111110110011110111001111001100111101100001000001000000000000011100010000000100000101000100000000000011111011001111011101111111111111111111100111001100000001000000000001000000000001111110111011110111011111101111111101111001110001001000010000011100110011000110000111001100111001100001110011001101011001111110111011111111100101000100000001000001110011000000011000111100110011110111011111101110111101111
-1848313128496933039,20,lattice,1011110111111110110001111101111111101100001000010011111011000011000110111110110000111001111111101100001111011111111011001111111111111110111100000001001111100100000000011011111001000011000111111110110000000000001110000100000000000001000001000000000000011000010000000000001111100100000000000001101001001111111111111111111100000001001111101100000000000000000001001111110111111110111111111101111111101101
-5248303874109485273,20,lattice,1111101111111101111101000000000000000000011110001111010111010101000000110101000101011000001101010001111111111111111111110111101011110101110101111011111101011101010110001011010110010101100011110101100101000000001001010000010000000001000000000111101111111101111101000000000001000000111110111111111111110100000000000101000001011000001101011001010110001111010111010111101111110101111101000000000001010001
5942031787219213335,20,lattice,1101101000110000111001010000001000000000111110100011000011100001000000000000000001011010001100001010111111100111111111110101001000110000000011111111111111111111111111101111111111111111101001111111111100010000001000000000010100000011000000001111101000111000111011111010001111001110110110100011001011101111101000111111111001010010001100001010010110100011000011100101001000110000001011111010001111111111
-739198668090821491,20,lattice,1001001001010001111011111011010110011111101100100101000111100001000001010001100010111010010110011110111111110101110111110001001001010001110010110011010100011110111111111111111111110000000001000001000010111011011110011111000000000101000100001011001001011001111011111011010111011111111110110101111111110000000000000001000000000000010100011000000100000101000111000001001001010001111010111011010110011111
1192936345143079863,20,lattice,1111111111011110101001100000000000000000001000000000000000000111111011011110100001101110110001000000011001001100010000000110011011000100000001101111110111101000011000001000000000000110000001000000000011111111111111111111011011101101010000000110111011011100000001100000010001000000011011101101011000001111111111011111101101101110110111101000111111111101111111110111111111011110101011111111110111101011
-4124329429971142347,20,lattice,1111110111011111111101001001000100010100011011011101111111000111110111011111111100001000000000010100010011011101110101001111111111011111111100001001000100010100010010011101110101000000100001000001010011111111111111111111000010000001000101000000100101011001010001001001010111010100010011011101111101000000000000000001010001001101110111111100000000000000000001000110110111011111111101101101110111111101
5994855876752142477,20,lattice,1011101001001010101111111111111111111111001110100100101010000001001001000000000000011010010000101000101111100100101010110000001000000000000010111111010011111111101111111100111111110000001001000000000010111111111111111111101111110101111111110001101001001010100010111010010011101011000100100100001010001011111001001011101100010010010000001000101111100100111111110011101001001010101000111010010010101001
4869168728300097419,20,lattice,1000100000011011000011111111100111111111101010000001101101001011111010011011111000001000000110110000101011000001101111001010111000011011110010111111100110111111101011101001101111001111111111111111111111111111101111111111000000000001101000000000000000001000000010111111100111111111000000000000101000000000000000011011000010101000000110111100100010000001101101001010110000011011111010101110000110111101
-5042061537859080928,20,lattice,1000000010000000001011111111111111111111101101111000101111110001000010000000000010111111111111111111100101001000000000101001011010000000001010010111100000111111000000001000000000001011011111001111111110110111111011111111101101111111111111111001011110001011111110110111100011111111100101101000001000101001011010000011111010010110100000101110100101101000000001100000000010000000001010010110100000111111
-4088251165035356209,20,lattice,1000010001000011101011000100010000111010111101010100011110101001010001000011101011111101010111111010000001000000000100101111111101011111101111010101010001111010111111111101111111110000010001000001001011111111111111111111111101010101111110101111010101001111101011000100010001111010000001000100001110100000000000000001001000000000000000001010111111110101111111110000000000000000001011111101010111111011
-9079318133121413263,20,lattice,1001111111000110111011011111110101111111111111111101011111110001000101000000100000011001110000001000000111111100011011100001001111000000100000000001000000000000000100011100000010000000000101000000000011111111111111111111100111111101011011111111111111011111111100011011110001001110000110111100011011101001111111010111111100000001010000001000000100111100000011000001001111000000101010011111110001101111
2635623972981425204,20,lattice,1000110001111101000011011110111111110110101011101111110100101001111011111101011000001000000010010000000011000010100100001000111001111101001011011111111111110110100011101111110100100000110001101001000000001000001010010000000011000111100100000000000000001000000000001100011111010000100111101111111101100000000000001001000011111111111111111111100011101111110101100000110001111101001011111111111111110111
-6513690142963446276,20,lattice,1000001011000100010011100110111101011101101000101111010001011111011011110101111111111110111111011111100001101111010001010000001011000100010011111111111111111111000000001100000000000000000001000000000010000010111001000100100000101111010001001111011011111101111100000000110001000100111111101111111111111000011011110101010110000110111101011101000000001100000001001110011011110101111110000010111101000101
-2382202097029502998,20,lattice,1000100010101000010011001000101011011100111010001011110111001111100010111101110100001000101000000100110011001010110111001111111110111111110111111101101111111101000000001010000001001111111111111111110100000000001000000000110010001011110111000000100010101000010010001000101011010100111111001011111111010000100010100001010010001000101011011100000000000010000001001111111111111111111111101000101111011101
8069728914745085745,20,lattice,1111001111001001010001000010000010010100001000110000100101000111001111001001010011111011110111111100111111111111111111010000001000001001010000000011000010010100011000111000100101000110001111001001010011111011111111111101111100111101100101000000000000001001000011110011110111111100111100111101101101000000000000000001000011110011110110111100000000000000100101001111111111111111111111111011110111111101
-3096837353755758990,20,lattice,1101000111110001110101000000000000000000111111111111111111110101000100000000010011011001111100011101110111111111011111011101101111110011110101000001000000000100010100011000000001000101000101000000010001010001111100010101010100010101000101001101101111111111110111011011111101111101110110011111001111010101000101000001010001010001111100011101010000000000000001001101111111110111111101010001110100010101
-2008041661471364721,20,lattice,1111111111111111111101010011101011110010011100111010111111100001000100000110000001111011101011111110011111111111111111110001001100000110000000000001000001100000000100111000011000000111101111111111111000010011101011110010010100111011111100100001001100001110000000000000000001000000000000000000011000000001001100001111000001010011101011111010010100111010111111100001001100001111001001111011111111111111
-1578203160306760026,20,lattice,1101111101111110111001001111011011001110111111111111111111110101111101111100111000001111000011000000000001100000000000000000001000000000000000000111000010000000110111111111111111110000111101001100011000001111011011001110010011110111110011100000001000001000000000000111000011000000010111110111111011101101111101111111111000001111010011001110000011110000110001100000001000001000001011011111011111111111
-2026241897270292922,20,lattice,1100011001000100101001000110010001001010111111111111111111111101111011111100111111001110111111001011000001100100000010000000001001000000100011011111111111001111110001101110010010100000000001000000100011000110011001001010110001101111010010101100011001101100101000000110010001001000110111111111111011111101111111111111111100000000000000001000110001101111010011110000011001000100101011000110111101001011
-7246714921845241641,20,lattice,1101000110110010010101000000100100000000111100011111001011010101000010010010000011111011111100101101111111111111001111011111001111110010110101010001100100100000000000001001000000001101000111110010110101010001101100100000000000000001000000001111111111111011110111111111111111111101010000001001001000001111101111110011110111010001101100101101010000001001001001001111111111111111111101000000100100100101
-3166735592757652670,20,lattice,1011011010110011010111111111111111111111001000101001001100010011001010010011000110111111101101111101000001101001001100010000001010010011000110110111101101111101000000001001001000001011111111111111111100110010101100110101000000000001000000001011111110111111110110110110101101111101000000000001001000000000000010010011000010110110101100111101001000101001001101011011111110111111111100000000100100110001
15707515120237609,20,lattice,1010000000000001101011110011010110011111001000000000000000101011000100000001101011111111111111111111111101110101100111111011001100001001101110100001000000011010111101111111110111111011001101001001111111110111011110011111101100110101100111111011000100001001101011110111011111011111111101111111111111110000000000000001001000100000000000001010101100110000100111110000000000000000001010110001000010011011
8487847276948027850,20,lattice,1000101111000010110111011111110001101101111111111111011111011001101111000010110100001001000000000101100111111100001011010000101101000010110100000001000000000000000010111100001011010000100101000010110110011111111001101101110111111111011111011111111111111111111110011111110001101101000010010000001001011101111111100111110100001001000000001101000000010000000001011101111111100111111100000001000000000001
1305264868603796249,20,lattice,1000000010000100000011101110111111100010101001101010010000101111111111111110011110101110111111100010100001001000010000101000011010100100001010100111111111100010000000001000000000001010011011100110001010000000101001000010101001101111111000101010011011101110001000000000100001000000100001101010011000101110111111111111011111111111111111111111111011111111111001101000000010000100001011101111111111100111
-6097892800821229598,20,lattice,1110101000011001000001001010000000000000011010100000000000001111111001111101101000001010000000000000111011100101110110100000001000000000000011111111111111111011111111101111110110101110101001011001101011101110011111011010011010100001000000000110101000011000000011101010010111011010111111100111111110100110101000010001000011101010000110011000111111111111111111110110101000011000001011111110111111111011
-2777004979471887147,20,lattice,1101110010010100001001010100100101000010111111001001010000100001000010000000000001011100100101000010000101001001000000101111111010110100011011111111101101001110000000001000000000001111111011110100111011111100101101000010000100001001000000001111111111111110111100010000100101000010111111101111011011101111111111111111111111111110101101001110111111001011010001100001000010010000001011111111111101101111
3873116790538311032,20,lattice,1111110111111111111101010101001011010111011111010010111101110001000100001100001001011101001011010111000101010010110100111111111111111111111100000001000000000000011111011010111111110111110111101111111100010001001011010011011111011111111111110000000100001100000000000001000001000000010111010010111101110001000100001101001001011101001011011111000101010010110101110000000100001100001000010001000011010011
1599814910216667526,20,lattice,1000000000000000000011011010110011000111111111101110111101111001001000000000000010011010110011000111110111101100111101111000001000000000000011111111111111111111100100101100110001111001001001000000011111011110111011110111111111101111111111111001001001001100011110010010010001000111110110101100111101111101101011001101011111111110111011111111100100100000000001111000001000000000001010010010000000000001
5935052798719533952,20,lattice,1000001110011110010011011011111111110100111111111111111111101001001111011110010010011011110111100100110111111111111101000000001100000000000000000001000000000000000000111000000000001000001111011110010010011011111111110100000000111001011001000000001110011110010000000001000001000000000000111000011001001001001111011111010011011111111111111110000000111000010001001101111111111111011011111111111111111111
8435395318784736569,20,lattice,1000000011101011111111111110111010111111101010001110101111111011101011101011111110001000111010111111101011001110101111110000001011101011111111111111111111111111000000001110100111110000000001100000111100000000001000000000111111101111101111110000000001101000111111111110111111111111000000001110101111110000000001101001111100000000001000001100000000000010000001000000000000100000011000000000001000001111
2204085481147944234,20,lattice,1100111110000100110001001111100001000100111011111001110011101111111110111111111100001011000001000100000011111000010001000000001000000100000000000001000001000000000010111000010001001111111111111111111111101111101111101110110011111001010011001100111110011100110000000000000001000000111011111001111011101110111110111111111001001111100001001100000000100000010001001100111110000100111011101111101111111111
1022362171388836011,20,lattice,1000100000000000100011111111111101111111001000000000000010011011100101100011110100001000000000001000101111011111011111111011111111110111111110101001001000001101101110011110001111011010100101100010110110101000001000001101101110011111011111111111111111111111111110111001111001111111101010010010001011011010100101100011110100000000000000001000101010000000000011011011100101100011111100000000000000001001
8624747286393175118,20,lattice,1000001000000100000001000000000001000000111111111111111111111101111111111111111111001111111011111001110001100000010000000000001000000100000011000111111011111001110001101010110010001100011011101110100011000110001011000000110011111111111110011100011000001100000000000000000001000000110001100010111010001100011011101111100011000110001011001000110011111111111111111100111111111111101111000110111011111001
8967319755045126508,20,lattice,1000000000010001011111111100100111111111101010001001111111111011110010011111111110001000100100111111101011001001111111111111111111111111111111111101111111111111100000001001000101111111110011111111111110111100101111111111000000000001000000001000100010011111111110001000100101111111000000000001001000100000000000010001001000000000000100011111000000000001000101100000000000010000001000000000000100010111
-2971182498330710580,20,lattice,1000001000000000000111000011100000000101111000111100000111111111001111000011111111101011110000011111111111111100101111110000001000000000000110000011000000000001100000111000000001011100001111000001010111111111111111111111111111111101111111111111101111001011111111111111110011111111111000111100001111111100001110000001010111000011110000011111100000110000000001011100001111000001011100000000000000000001
-8669121568726427469,20,lattice,1000110000000000000011011110010100000010111111111111101000100001110000000000000000001100000000000000000001000000000000000001111000000000000011011111010110000010110111111101100000100001111001000000000011011111111110100010000111100101000000101101111001011000001011111111111111111111110111111101101000101111111111111011101011111111111110101010111111111111101111110001111001000000001011111111111110111011
-6969845951094679665,20,lattice,1111010111111111111101010000001000001000011100000010010110000001000000000000000011111101111111111111011101000110110110111111111111111111111101110101111011111111011101001110110110110111000001100101100100010000001000000000011101011111111111110111000001101101101101010000001001011000011101001110111110110101000000100001100000010000001000001000011101000110110111110111000001100101101101110000001001011001
1586031547755209867,20,lattice,1111111111111111111101110111111111111111001101111100111111110001000000000000001001111111111111111111000101111100110110110001001000000001001000010011110011011010000100101100110110100001001001001101101000110111111011111111000101111101111111110001001000001001101000010010000011011010000101111100111111110001000000000001001000010010000000011010000101111100110111110000000000000000001000010011110011011011
-4830537158986888285,20,lattice,1111111011111111111101110000000000101010001000000000001000100001000000000010001001111000000000101010011111101111111111110111101011000011101011111111111111111111011110001100001010100111100001000010101001111010111011111011011110101111111110110111100011001011101001111010110001111010000000000000001000100111100011000011101000110000000000101010011110101110111111110000000000000000001001111010110001111011
-8385703062233694974,20,lattice,1000000100000000010011001001010100001101111011011101101011011111110111011011110100001001010000000100110011010101000011011111111111111011111100000001000000000000110011011101101011010000000101000000000011111101111110111101100000010001000001001100100101011000110111111111111111111111110010010101001011011110110111011011110110001001010100001101000000010000000001001111110111111011111110001001010100000101
-6574948978714779920,20,lattice,1100011000111011101101000000000100000000111101110111101111111101011001111011111111001110011110111111010001100001000000000100001000010000000011000111011110111111111111111111111111111100011001111011111101000110001110111001000000000001000000000100011000011000000011111111011111111111010001100001101110000100011000011001100001000110000110001000110001100011101111110100011000111011101101000110000110001001
1225192281278599060,20,lattice,1111111111111111111101111111111111111111001010111101101101000011111111111111011000001011100110110100001011111111111101100000001110011011000000000001100010110000000000001000101100000000101111011011010000101011111110110100000000011001101100000000000000001011000000101011111111110110000000000000001100000000000000000001000000101111111111111111000000011001101101000010101111111011011000101111111111110111
-4828932108950750177,20,lattice,1111001111111111111101110001100110111101001100001001101110010001000000000010000111111111111111111111111101111111111111110111001110111011111100110001100110111001000100001000101110010111001111111011111101110001101110111101000100001001101110010001000000001011100101110001101111111111000000000000001000010001000000000011000100010000000000111001001100011001101111010111000110111011111100000000000000000001
-7448680648918157017,20,lattice,1111111111111011110101111110111110111101001011101111001100010001111011110011000100001110101100110001000001001010000000000000011010110011000101111111111110111101000000001010000000000000111011110011000100000000001000000000000001001011000000010011111011111011010111111111111111111111000001001010001000000000010010100011000000111110111110111101001111101111001101011111111111111011111100000100101000000001
4648578629429164712,20,lattice,1011111111111111111011111111111111111110001000001000000000000011100110111110111000101000100111101010001111111111111111100011101110111111111000101001101111101110000000001000000000000011100111111110111000101000101111101110001000001001010000000010000010011110101000100000100001000000001000001001011000100011100110111111111000100000100101101010001000001001111011100010000010010100001011111111111111111111
7097457745598713937,20,lattice,1110101011111111111001101000110111010010001010001101110100101111111011111111111000001000110111010010111011101111111111100110101011111111111011111111111111111111000000001001100100000000000011011101001001101000111111010010000000000001000000000000000000011000000000000000100111010000011010001111111101100000000000011001000001101000111111111110011010001111110101100000000010011101001011101010111111111111
-5803164056479059081,20,lattice,1111111101101111101101111111011011111011001000110100100100100011001101001001001000111111010010010010001101110100100100100000001000000000000000000011010010010010111111111110111111110000001001000000001000111111011011111011111111111111111111110000001001001000001000111111010011010010001111110100111110100000001001000001001000111111010011011010001111110110111111110000001000000000001000111111010011111011
4129423107054898368,20,lattice,1100000010011010011101000000000010000011111101101111101111111101011010111010111111111110111110111111010001101001101011110100001010011010111111111111111110111111010000001001101001111101011011111011111101000110101110101111010000000001101001110000000000001000000111111111111111111111010000000000101000111101011010111011111101000000100110101111010000000000101001110000000000001000001100000000000000000001
8236933161524432717,20,lattice,1000000101010100000111011111111111011111111111111111110111111001111101110100010110001011011101000001100011110111010000011000001101110100000100000001000001000000100111111111110001110000000101010100000110000001011101000001000000000001010000001001111101111100011100000000000001000000111111111111111111111001111111111101011110011111111111011111100011110111010001011001111101110100011100000001000001000001
473595560468996792,20,lattice,1000101001111000101111001011011110011111111111111111111111111101101101111001111100001000010100001000110111110111101111110000101001010000100010001011011110001011110111111111111111110000000001000000100000001010011110001011000000000101000010000000101001011000100011011111011111111111100010110111101111111000101101111001111100000000000000001000100010110111100011110000101001011000101000001010010100001001
-4993320527936905702,20,lattice,1011001010010001100011111011111111011111001000000000000000000011000010000000000010111010110100011110101111101111000111100011001010010000000010110011110100011110001000001000000000001011001011010001100010111010111100011110001100001001000000001011101111111101111110111011111101011111111111111111111111110011001010010001100000110010100100001000101100101101000111001011001011010001111010111011111100011111
-707714969266206546,20,lattice,1101010001011001010001010100000010010100111111111111111111110001000000000001010011011100110110111101000101000000000101001101111111111111111111011101110110111101110101001101101111010101010001011001010011011100111110111101010101000001100101000001010000001001010011011101110111111101110101000101101101000000000000000001000011010100010110111100000000000000000101001101110111111111111111010100010110111101
6802497320135602400,20,lattice,1111011011011111111101000000010010111110011101100101111111110101001001001111111111111111111111111111010001100100111111110100001001001011111111110111110111111111011101101101111111110000000001000000100011110111111111111111010001100101111111110000000001001000101001000010010011111111000000000100101010100000000001001001101000000000000000001000000000000100100111100000000000000000101000000000010010011111
-4613521218862285592,20,lattice,1000001000100000000011100010101100111110101000101010000001001111101110111011111011101010101100111110111111111111111111110000001000000000000011101011101100111110100000101010000001001111101111111011111000000010001000000000101000101011000001001110101110111011111011111011111111111111101000101011001001001010001010110011010010100010101100111100100000100010000001001010001010110010011011111011111110111111
2477923049080099446,20,lattice,1111111111111111111101011111111111111110011111111111111111100001111111111111111000001111110111111110000001000000000100100000011001011111111000000101010111111110000001011101111111100000010001001111011000001111111111111110000001000101111101100000010000001111011000000100000001110110000001000000001100100000000000000001000000000100010111111110000001000000001101100000000000000001001001111111111111111111
-1505489162234853537,20,lattice,1000001000000000000011110011011000100011101000100000000000001011001100100010001111111111011111101111111101110111001010110000001000000000000010100011000000100011111111111111111111111011001101100010001110100011001000100011111100110111001010111111011101111110111111110111011101101011101000100000001000001111111101111111111111110011011000101011111101110111011011111010001000000000001010100010000000000011
2518420740987154962,20,lattice,1000000010000000000011010111101000101011111111111111111111111001011110100010101111011111111110111011100001001000000000001000011110000000100010000001100000000000000000001000000000001101011111110011101110000111101000101011110101111011001010111101011111111011101111011111111111111111100001011000001010001101011110110011101110000101100000001000110101111111101111111000011110000010101010000101100000001001
5092547558113996865,20,lattice,1010100111011111111011101011110111111110001000000000000000101111101111011111111000101000010110010110101011111101111111101010101111011111111000101001010110110110001010011101101111100010000001000000001011111111111111111110001000000101100101100010000001001001001000101001110111111110001010000101101101100010000001000001001000101001010110111110001000000100000101100000000000000000001011111111111111111111
-6530668882741153425,20,lattice,1110110111111001111001000000000000000000011010011001000111101111111111111111111101001000000000011000011011011111100111101110111111111101111101001001000100011100010010011001000111000100100111010001111001101001111110011110010000000001000110000110100111011001111011101101111111011110111011111111111111110100000000000001100001000000000000001000010010000000000111000100100110010001111011101101111110011111
-6687033591180456436,20,lattice,1000001000011110111011111111111111111111101001111011111011101011111111111110111010101111101111101110100001111011111011100000001000011110110010000011000111101110100000111001111011101010111111111110111010000011101111101110000000000001000011000000000000011100110000000000000101001100000000000001111011001010111110111111111000000000000000001000000000000000000011000000001000011110111010101111111111101111
-5667111956108281715,20,lattice,1000000000100000001011111110111111111111101010100111011101101011111011111111111110001010001101100110100011101111011101100000001000100000001011111111111111111111100010101111011101101000101001110111011000000000001000000000100000100011010000101010111011111111111110000010001001000010100000100010011000101000001000110111011010101110111101111110100000100011011001100000000000100000001010101110111101111111
-4456246822018092843,20,lattice,1101110001111011100101010100000000000001111111100111101110010001010000000000000101011100001000111001000001000000000000011101111001111011100111111111111111111111110111101111101110010101110001111011100100010100001000000001010111000011101110010101110000101011100111111110111111111001000101000010001110010001010000100001000100010100001000011001111111101111111111011111111011111111111100000000000000000001
-534899830695061269,20,lattice,1010011101111111011011111111111111111111001000000010101100101011011101111111111010111111111111111111001001010011111101100010011100111111011000100001001011110110101001111111111111100010011101111111011000000000001000110000001000000011111101100000000000101011001000100000001011110010000000000000001100000000000000000001000010100111011111111110001000000010111101100000000000100011001010100111111111111111
-8363196954027819553,20,lattice,1111110111111111111001111000010101000010001010000101010000000001100001010100001000001000010101000000011111010101010011101111111111111111111001111001010101000010011111011101011111100000000001010000000001111101011101111110000000000001000000000111110101111111111000000000010101000000011111010101011111100111110101010101111001111001010101001110011110010101010001100000100001010100001011111111111111111111
5025306602829194338,20,lattice,1111111101111111111101001000000000000000011011100111011101100111111101111111111100001000000000000000010011100111010101100100101001110101001001101111011111110110111111111111111111110100100001000000001001001000011000010010010010000111010100100110111001111111011001001000010001010010010011100111011101100100100001000001001001101110011111111110010010100111010101100100100000000000001001101110011111111111
3715139160803150374,20,lattice,1000000000000000010011000000000000000110111111111111110111111101001011010001111111011111111111011111110101101111110111111100001010000001111111010111111111011111110000001000000111111100001011000001111111010010111111011111110000101101000111111101001011011101111111010010110101011111111111111111111111111000000000000001011011000000000000001110000000000000000001001000000000000000011011000000000000011111
2733981436564100205,20,lattice,1001000011001010000101010000110010100000111111001111111111010001000000000010000011011000110010110101110111001101101111011111111011111111110111111111111111111101000100001100101000000001000001000010000011011100111110111101110110001101101101010001000001001010000011011100111111111101000000000000001000001101000011001011010111011000110110111101110100001100101001011111111111111111111100010000110010100001
-9122087202067934687,20,lattice,1111111111111111111101100000100000000000001000000000000000000111111111011100011001101000110010000000011011001100100000000110111111001000010001101101110010000100001000001000000000000110000011000000000001111111111111000110011011011101100001000110000010001000000001101111110111000110011111111111111011100111111111111111111101111111111111001110011011001100100001000110111111001000011001111111111111101111
355208334782380534,20,lattice,1000001000100000101011111111111101111110101111111111011111101001101011100011111010001010101000111110100111111111011111100000001000100000101010011011111101111110100000101010000110101000101011100011111000000000001000001010100110101111011111101111111111111111111110011010111001111110100000101010001110101000001000100001101000000000000000001000100000101010001111100000000000000000101010011111111101111111
7515306693009896057,20,lattice,1110110011101010011101001100100010000100011011001000101001001111110111111110011100001100000010000100000001000000100001001111111111111111011111101101111011100111000011001000100001000110110011101010011101101100101010100111111011011111111001110000000000001000000011101100111011100111000011000000101001001111110111111111011111111111111111111111000000000000100001000110110010001010011001101100100010100111
4551330444795158860,20,lattice,1000100000000110100011001111100001111110111111111111111111101101111111111111111000001000000001101000100011011000011110101000111110000111101010001001000001101000100010011000011010101000111111000111101011001111111111111110100011111001011111101100111111011111111000000000000001001000000000000000011010001000100110000111101000000000000000001000100011111000011111101000100100000110101011111111111111111111
-8434297824700317279,20,lattice,1011110110111111111111111111111111111111001111011011111111110001000000010110010000011101001101110111000101000001011001001011111111111111111100010101000101110111000101011011011111111011110111111111111100010101001101110111000000000001010000000001110110111111111100000000000001000000000000000001011000000001010000010111010000010101001101111111000000000001011001000001010000010111011100010100000101110101
2280837787067605483,20,lattice,1100111111111110000101001000011010100001111111111111111111111101111111111111001100001000011010100001010011100110101000010100101001101010000100001001011010100001010011111111111000010000000001100000000100000000001000000001010011110111111000010000000000001000000101001111011011100001000000000110001000011100111111111111001111011111111111111111110111111111111101111100111111111110001100000000000000000001
7963815839521824887,20,lattice,1000000000000000000011001000000000001000111010000000000010001111101000100000111110001000000000001000111111101010001111111110101000100000110111111111111111111111111110101010000111111111111011100011111111101000001000001101111111101111001111111111111011111011111111111110111111111111111110101010001111111110101000100001110110000000000000001000111010000000000011011110101000100000111111101000000000001001
-1526518691147473631,20,lattice,1101010111100010101101000101100000001001111111011111111111110101010110000000100111011101111110111011000001000000000010011111111111111111111100000001100000001001000000001000000010010101010111100000100101010101101000001001110101011111001010111101010111101010101111011101111111111111010101011110001010111101010111111011101100000000000000001001110111011111101111110101010111100000101100000000000000000001
1483160688683965146,20,lattice,1011101110101011011111111111111111111111001010000010101001110011101110101011011100001000000010000010101111111011111101110010101010101010011100101011101010110111000010001010101001111011111111111111111100001000001010000111101110111011101101110000000000001000000010111011101111110111000010000010101001110010101010101011011110111011101110111111000010000000100001110000000000001000001000001000000010000011
-3937564851695538562,20,lattice,1000000000000000100011101000000000001000101010000000000010001111100101010110101110001000000000001000111111111111111111111111101111111111111111101001000100101010111110011111111111111110100101010110101011111001011111101011111010000001001010101111100101011110101111101001000101101010111010000000001010001111100101111111111100000000000000001000111110010101011011111110100000000010101011101000000100101011
5981499917873503203,20,lattice,1111011110110111111101110010101101111111001100100000011011000001001000000000010011111111101111111111011101101011011111110000001000000000010001110111101101111111001100101010011111111111111111111111111100110010001001101110001100100011011011100111011010111111111100010010000001001100000100100000011011000001001000000111110000010010000000001100000000000000000001000011001000000110111000110010001001111111
5842615983530866557,20,lattice,1111111101011101001001000000000000000000011101100100000100000101010000000001000001111111010111010010010001000000000100000101011001000001000001110111010011010000111111111101110111100101010001000001000011111111111111111111011101110101110100000100010000001001000001110110010011010000111111111101111111110100000000000001000011111111010111011010111111110101110111100111011001001101001011111111110111011111
-6807586085205480351,20,lattice,1000100000110010001011011001101100111011111111011011101110111001100010110011101100001000000000000000110111011011001110111111111111111111111110011001101100111011100010001011001000101111110111111011101100001000001000100000000010000011001000101101110110111011101111111101111111111111000010000000001000001000100010110011101110001000101100101010111111011111101111110000100000100010001010001000001100100011
-3333470404487902829,20,lattice,1101000100010100100001010000000100001000111100010001010010000001000000010000100011111011011101011010111101110111010110100101001100010100100001010001000100001000111111111111011110111111001101010100100011110011011101001000000000000001000000001111111111111111101101010001000101001000111111110111011110111111001101110101101000000000000100001000111111111111111111111111001101110100101011110111011101011011
3399167106349708228,20,lattice,1111111111111111111101111101001111101011001010000000001010000011100000010010101000001000000000001000001111010001011010100111111110111111111100111001000101101010011111011011111111110111111111111111111100111101001101101010001010000001001010000011110100111110101100111000000101101010000010000000001010000111110100111111101100000000000000001000001111010011011011110010100000010010101000111101001101101011
-2548972059240685264,20,lattice,1110111001111111101101101110011111111011001001000001101010101111111001111111111100101100000110101010000001000000001010100000011000011010101011111111111111111111111111101111111111110010110001011010101000101110011111101011000001000001101010100000010000001010101000101110010111101011000000000000001010100010111001111111101100000000000000001010111011100111111111110000000000000000001000101110010110101011
5137268747952932455,20,lattice,1111111110101111111101110010000001110101001000100000011100010011001000000111000101111011101011111111011111111010111111110000001000000001000001110011000001110101011100111000111111010111101111101111111101110011101011111111111111111111111111110111001100001111010100000000000001010000000000100000011100010000000000000001000001110011000011111101001100100000011101010111001110001111111100000000000001010001
-6998119406658022536,20,lattice,1000001000000000000011001111000111110001111011110111111110111111111111111111101110001011000101010000100011110001110100000000001000000000000010000011000000000000111011111111111110111100111101011111000111001111011111110001100000110001010100001000101100011101000010000011000001000000100011110001111100001000001100000101000011001111011111111011111111111111111111111100111101111111001110001011000111010001
1495113198055674345,20,lattice,1000000000000000000011010111101111111111111111111111111111111001000000000000000011011111111111111111100101011010010010011001011110101110101110010001101001000000100000001000000000001001011111111111111110010000001001000000100101011011111011111001010110101110100110010000000001000000100101011010011010011001011110111111111110010001101001001000100101011010111011111001010110101110101110010001101001001001
-8703433800215611498,20,lattice,1001001000000000000011011111111111111111111111111111111111110001001000000000000010011110110110011100100101100100000100000000001000000000000010011111110110011101100101101100100111001001001001000001000010011111111110111111100101101101100111001001011001001001000010011111111111111111100111111101101111010000001000000001000010010110010010011100100101100100100101001001111111011001111110011110110110011101
-1619733783426225628,20,lattice,1101011011011011000101010010100110110000111101101101101111010001001000010011000011111111110111111101010101101101101100000000001000010000000011110111110110111101000100101001101100000101001011011011000011111111111111111111000000000001000000000001001000011011000011010110110111111101000000100001001100000000001000010001000011010110110110111101110101101101101101011111111111011111111101010110110110110001
-5335851125161324657,20,lattice,1111101111111011111101111010111110111110001100000100000001000001000001000000010000111010011000111100111111111111101111110011001001100010010001111011111110111111001110101111101111100000000001000000000000000000011000000000001110100111001111000011101001111011111011111111111111111111001100000110001001000011001001100011110000110000011000101100000000000100000001000011101001110011111001111010111110111111
3025199767835630682,20,lattice,1100000000100100001001000000000000000010111011101111111111111111111011111111111111001100101101101011110001000010010000101100111010110111101111111111111111111111110001001010011000101100111011110111111101000000001000000010110001001011011010111100111011111111111101000000001001000010110001000010011000101100110010110111101111000100101001101011110011101011011111110000000000000000001011000100001001000011
7076757360249648340,20,lattice,1000001001110000110011100011111101001101101000110111000011001111111111111111110111101111111101001101111001111111010011010000001000010000100010000011011100001100101000111111000011000000001001010000110000000010001100001000000000000001000000001110111111111111110110100011111101001101111011111111011011011110111111110111110100000000000100001000000000100001000011001111111111111111111110100011111100001101
264561693831967220,20,lattice,1000000001000000000011010001010110001000111100110111111111111001000101001000100011011011011111111111111111111111111111111101001101111101111010000001010000000000111110111111111111110000000001000000000011010001011111001100100000010101100010001000000101001000100011010001010111001100110100110111111111101101000101011001100010000001010000001000110100010101100011001101000101111101111011010011011111111111
2506840620109773674,20,lattice,1101100011110101011001000000011101010010011100001111010101100101000001110101011001011000111101010110111111101111111101111111101011111101011011111011111111110111010100001111010101100000000001110100001000000000001001000000000000000011010000001111100011111101011000000000000001000000111110101111111101100000000001110101001011111111111111111111010000000111010101100000000000110100001011111010111111110111
122264493823304131,20,lattice,1111011111111110111101100011111100101001001000110000001010000011011111110010100111111111111111101111001001111111001010010000001000000000000000000011000000000000001000111111001010010010001101000010100000100011011000101000001000110111001010000111011111111010100101110111111111101101000000110000001010001111111111111111111100000011000000001000011101111111101011010111011111111110111100100011011000101001
3264244583416466609,20,lattice,1111101111111101111101000011001100000011011000111011000010110111101111111101111101101011111101011011111111111111110111110000001100100000000000000001000000000000000000111010000000110110001111110000101100000001001000000000000000110011000000110110101111111101101101100011111101011011111111111111111111110110001111110001101101000011101100001011011010111111110111110000001100100000001000000011001000000011
-7077878984943969872,20,lattice,1011101100100001110111111011111011111111001000100010000000000011101100100001110100101011001000001100111111111110111111110000001000000000000000100011001000000000101110111110111111111011101101101111111100000010001000000000111111111111111111111011101100101111111110111011001001111111001010110010001111010010001100100001010000100011001000001100001000110010000001001011101100100011111100101011001000011101
-4100707119749018504,20,lattice,1111111111111110111001010110000111100100011101110001111001000001000000000010000001111111001111100100000101100001111001000001001000000010000001010111000111100100011111111111111011100111111101111110011001110111001111100100000100100001111000000001001000001110000000010010000001100000000000000000001000000111111111111111111001111111011111101110000100100001111001000101011100011110011011111111111111111111
-5382578309431520950,20,lattice,1110110111111111011101100101001100110111001001010011000001111111110111111111011100101101001100110111000001010011000001011111111111111111011100000001000100000100011011011011011101110110110111111111011100000001001100000100000000000001000001000110110110111111011100101101001101110111001001010011001101110010010100110001011111111111111111111111000000000000000001000000010100110000011100000000000100000101
8434514952911645267,20,lattice,1000010000001110000011111110111111111101001001000010110000001011010011111111110110111110111111111101000001000000000000001011011011111111110111111111111111111111101001001011111111011010010011111111110100000100001011000000101001000011111010010000010000001000000000000100000011000000000001000000101000001010010000111111100110100100001011101001101001000011111111011111111011111111111110100100001011100001
8085799613836941511,20,lattice,1111111111110111111101010010000000001001011111110111011111110001001000000000100101011010010000001001010111100100001010010000001000000000000001011111010000101001011111111111011111110101001001000000100101011110011000101001010111110101001010011111111111111111111101011111011101111111010110100100001010010101111101110011110100000010000000001000010111110111001011010101111101110011111100000010000000001001
-4314195581689903084,20,lattice,1000100010110000000011111010101111000010101110101011110000101001100010111100001000001000001000000000111111101011110000101000101010111100001011111111111111000111000010001011000000001111111011111100001000000000001000000000000010000011000000000000100010111000001010001000101111000010111111101111111001111111111111111111011111111111111111111111111111101111110001100000100010110000001011111110111111000111
365499164224046613,20,lattice,1101000000000100010001000000000000000100111110011100010111100101000000000000010011011000000001011100111111111100010111101111101111000101111011011001110001011110110110001000010111001101100011000101111011111111111111011111111110011101010111101111111111011101111001010000000001000100111111111111111111111101000000000101110011010000000001001100000000000000000001001101100010000101111011111111110111011111
6231447903961026998,20,lattice,1111010101001110010101000000000000000000011000000000101000000101000000000010000011111111010011110101011101010100101001001111011101001110010101110001010010100100111111111101111101010111000001001010010011111111111111110101111111110101111101010100000000001010000001110101010011100101010000000000001000001111011101001111010111111111111111111111011000000000101001001111111111011111011101110101010010100101
-8261797046963620521,20,lattice,1111111111111011111101000000000100000000011111111111101111110101111111111011111101001010001110011000010011110111100111010100001000011001100001001011011110011101010011111111101111110100101001111001100101000000001110001000000000000001000000000100000000011000000011111111111111111111010011110111101111010100000000011001100001000000000110001000010010100111100111010100111101111011111101001010001110011001
-8935248554246474431,20,lattice,1000001111011010111111111111111110111111101000111101101011111011111111011011111110101111110110101111000001111101101011110000001010001010101000000011100010101010000000001000100010000000001111001010101110101111111110111111000000111101101010110000000000001000100011111111111111111111000000001000101010101010111111011011111100000000000000001000000000111101101011110000000010001000101000000011100010101011
4326496423489168340,20,lattice,1101101001110000100101011010011100001001111110101111000010010001000000000000000000011010010100000000111111111111010011010001001001000000000011011011011100001001110110101111000010010001000001000000000000011010011100001001000100100101000000001111111111111111111111111011111101001101111111111111011111011111111111110101110100011010010100001000111110111111000011011111111111110111111100011010010100001001
3713311489361824841,20,lattice,1011101111101101101011111011111011011111001000110100100000100011001111101101101000101011111011011010111111111111111111110000001001001000000000000011010010000000001000111110100000100000000001000000000000100011011010000010111110111111110111110000000001001000000000100011111011010010111110111111111111110010001101001001001000100011111011011010101110111110110111100000001101001000001010111011111011011111
-7347832094179385833,20,lattice,1000000000000000010111000000000000000101111111111111111111111101100011111111111111001000111111111111110111001111111111111101111011111111111111011111111111111111110000001101111111010000000001000000010111000000111111111111110000000101000001011100000001011000010111000000010111100101110000000101101001011100000001011011010111000000010111101101000000000000000001011100000011011111111100000000000000000001
-3290122831208042585,20,lattice,1110001101111000101001100010010010001000001000100100100010001111011111111111101111111111111111111111111001111111100010100000001001000000000001100011011110001010011000111111100010100000000001000000000001100010011010001000011000100111100010100000001001001000100011100111111111111010111001111111101010101110011111111011101000000000010000001000111001111111111111100110001001101000101011100111111111111011
-4022333586283057114,20,lattice,1000000000000000000011000010000000111001111000100100011110011111111111111111111111101111111111111111111001111101011111011000001000000001000011100011110101111101111000101101011110011100001001000111100111100011111101111101110000100101011110011110011111111111111111000010000001111001100000000000001100001000000000000001000010000010000000111000111000101101011111011110011111010111111110000010000000111001
-7494662322266983707,20,lattice,1010111111110111111111111111111111111111001001011110011011011011111111111111111100001111111001101101000001011110010001010000011111100100110100000001000000000000000000011110010001010000000101000100010100000001011001000101000011111111011011011010111111111111111100000001000001000001000001011110011011010010111111110111110100000101111001001101000000010000010001010010111111110111111100000001000000000001
4820731701636897398,20,lattice,1011101111101001111101111011111010011111001100100010000011010001000000100000000000111011111000011111101111111111110111110001001000100000100000110011101000001101001100101010000011010011001111100001110100000000001000000000101110111111100111110011101111101001111100111011111001011111111111111111111111110011001010100001110100010000001000001000000100000010000011000011001110100000111100010010001000001101
-8749394160458515522,20,lattice,1100100000111111001001000000000000110000111110111011111101110101101000111111001001001000000000110000111111111111111101110100101000111111001011011011101111110111110110101011111100111111101111111111011101001000001011110010010010000011111100100100100000001111000001001000000001110000000000000000001100000000000000000001000011111111111111111111110110101011111101110100100000001111001001011010001111110011
-1792819145667974188,20,lattice,1000000000000000000011001010011111111010111111101111111110111101111001111111101010001010011011011000110011100111111110101000001000000101100011111111111111111111110111101111111110111000001001100101100010000010001001011000100000100111010110001000001000001101100010000000000001011000100010100111111110001000000000000001100010000000000000001000111111101111111111111000101001111111101011011110011111111011
3424333927410468514,20,lattice,1111111111111111111101000001000000100100011111011110111011110101110101001010010001001001010000100100010001010000001001000111111111101110111100000001000000000000010111011100111011110100000101000010010001011101011011101111011111111111111011110100110101001010010001011101010011100110000000010000001001000111111111111111111101011101010011101110000000010000000001000101110101001010011001011101010011101111
-1293154273705640788,20,lattice,1101111011111110000001011110111111100000111111101111111110000001011011111110000000011110111111100000000001000011100000000000011000111100000011111111111111111010000001101111110000000000011001111100000000000000001110000000000000000001000000000000000000011000000000000100001111000000000001101111111000001101111011111111100011011110111111101000111111111111111111110101111011111110001011111111111111111011
5353674797721051873,20,lattice,1000000000000000010011101111111101101111101001111111011011101011111111110110111010101111111101101110100001100000011001101000001000000100011010000111000101101110100001111101011011101000011101010110111010000111111101101110100000100001011001101110111111111110111110000000000001000110100000100000011001101111111111111111111110000010000101101110000000000000000001001000000000000000011010101111111101101111
-3256015707718313480,20,lattice,1100000000100001000001000000000000000000111010000010000100001111111111110111110011001000001000010000111011010110000110001110101101100101110011101001001000010000111010111110010111001110100101100001100001000000001000000000111010111111010111001111111111111111110011101001011001011100111011111111011111000100000000100001000011101001001000011000111010010110000111001111111111111111111011111111111111111111
227779041369131783,20,lattice,1000000000000001000011111111111111111111101101111111111111111001011111110111111110111111111111111111000001000000000100001000001000000001000010000111100000011110100001101000000100001000011111000001111110000111111000111111100001111111001111111001011111111111111110000111111001111111100001111100001111110000000000000001000010000110100000011110100001101000000101101000011010000001001010000111100000011111
-7459022650674027580,20,lattice,1101100001101111100001011000011011111000111111000110111110000001100001001111100000001000010010110000010111000110111110001111111111111111110111111101011011111000111111011110111110000000000001001011000000011000011011111000111111010111111110010000000000001000000000001000010011110000000000000000101000000000000000001011000000001000010011111000111111011111111111011111111111111111111111111101011011111001
3334682666984365891,20,lattice,1111111111110111111101000000000000000000011111011110011110110101010000000000000001011100001000010011010001000000000000000111111111110111111101011101111001111011010101001010000000110101110011100111101101010100001000000001011111011111011110111111111111111111111101011100101001011011010111001010011110110101010000100001001101011100101000011011011111011111011111110101010000100000001101010100000000000001
938545645808663317,20,lattice,1011100111011111111111111111110111111111001110011101010111110001100000000000000000001000000000000000101111111101111111111011101111011111111100011001110101011111000110001101000101010001100001000000000011111111111111111111000110000101000000000001100011011101111100011000110101011111000110011101011111110001100001010001000000011000110100011111000110000101000101000001100001010001011100011000010100010101
1279428526042359231,20,lattice,1100011000011000111101000010000000000111111001100001101011111111111000111110111111101110001111101111010001100000000001110000001000000000001111111111101111101111111001101001101011111111111111111110111111100110001111101111010001100001100011110100011000001000111111100110000111101111110001100001101011111111111111111111111101000110000000001111000000100000000001110000000000000000001100000000000000000001
1267731982646946396,20,lattice,1001010101101100101011010101011011001010111111110111111111100001000000001100000011011111011111111010000101000010110000001101011101101110101000010101011011001010111111111111111111100001010001101100101000010000001011000000110101110111111010100000000000001100000000000000000001000000110101010110111010101101011101111111101000010100001011001000110101110111111011100001010000101100101011111111111111111111
5718798745989932629,20,lattice,1110111111111111111101001111111111101101011011111111111111111111111111111111111100001101110111001101000001010100110001010000111111111110110100000001000000000001000001011100110011010000000101001100010100000101111111001101000001011101110011010000000100001100010100000001000001000101000011011101111011010100111111111111110100000101010011001101000000010000000001010100111111111111111100000000000000000001
5705708756535657526,20,lattice,1000000000000000100011100000011011011111101000000010110011111111101011111111111111101000011111111111111111101111111111111110101011111111111111111111111111111111111010001111111111111010000001101100111110000000001000001000111000000111111111111000000000101000101010000000001011001011111000000110111111111010000001101101111100000000000000001000100000000010110011111000000000000000101000000000000000001001
7337870069841734868,20,lattice,1101111111011110110101011111110101101101111111111111111011010001000000000000000000011111000101101101000101100000000000000001001000000000000000010111000000000000000101111001011011010001011111010110110111011111111111101101000101110001011011010101111111011110110100010111000001101101000101110000001001001111111111111111110100010111000000101101000101110000000001001111111111111111111100010111000000100101
3722651605586706164,20,lattice,1100011111000000111001000101000000000000111111111110101111111101111111000001111111001111110000001110000001000000000000000100011100000000000000000101000000000000010001011000000000000100011111000000000011011111111010011111111111111111101111111101111111001001111111111111111111111111110111111100001111111100111111000001111001000111110000001000010001111100000011100100011111000000101011001111110000011111
-8953433850663625893,20,lattice,1011100001001010000011111111111111101111001110000100001000000001000000000000000000011000010000100000101111111111111011011011101001001110000110111011111111101101101110001110111010010001000001000010000010111000011011101001101110101111111011010011100001001010000010111000010011100000000100000000001000001111111111111111111110111000010011101001101110100100111011011011111111111110111110111000010011100001
7384628036108418767,20,lattice,1111111111111111111101010001110011101101011101011101111011110001000111001100110101111101110111111111000101011100111011010111111111111111111100000001110011000101000000001000000000000000000011001100010101111101111111111111010100011101111011010000000010001100000100000000100001000001000100011100111011010001010111001111110100000001110011001101000000001000110001010101010111011110111100000000100000000001
-46105086758515953,20,lattice,1111111111111111111101000000010001001000011000000100010011000111000001100110110001111101111111111110011101000110011011000111111111111111111101110101011101101110011101001111011011100000000001000000100000000000011001001000011101000111011011100111010111111111111000000000010001001000011000000110011011000111010111110111111000000000000000001000010000000100010011000111010001100110111001111101111111111111
-3477318122504020061,20,lattice,1101011111010110111101000000000000000100111101111101011011110101000000000010010011111111110101101111010101000000001001000101011100000010010001010101000000100100010101111001011011100101011111010110111111010111111101101111010101110001011011001111111111011110111101010111000001101100010000000000001001001111111111111111111101010111000000101100000000000000000001000101011100010110111001010111100101101111
-6011284852384027371,20,lattice,1011111000110011001011111110111101111011001111100010001100100001000000100010000000011100001000110010000101000010001000000001111000100011001011111111111111111111101111101111011110111011111001110011001100000000001000000000001111100011001100101111111011111111101110111110011101110011000000000010001000000001010000100011001010111110001100111011111111101111111111110001010000100010001010111110001100110011
-4436516063694572296,20,lattice,1000000000000100010111111110111011011111101111100100110111111001110001001100010110001000010011000101100011000100110001011001111001001101010111111111111111111111100111101100110111111000000001000100010110011110111011011111111111101111110111111000000000001100010100000000000001000101111111101111111111111001110001001101010110011110010011011101000000000000000001011001111001001101111100000000000000000001
-2405819360246505943,20,lattice,1100110110111100110001000000101101001100111011011011110011001111110111111101111101001101101101001100010001001011010011001111111111111111111101000001101101001100000000001000010001001110110111111100110100000000101001000100000000001001010001000100110110111100110000000000000001000100111111011111111111111110110111111101110100000000101001001100000000000000000001001110110111111101111111001101101111001101
4729372174408269763,20,lattice,1001101111101100111111111111111111101111101111111111111011110001000010000000000000011010110010000000000111111110110011110001001011001000000000011011111010001111000000001000000000000001000011000000000000011010111010001111100111111111111011110001000011001000000000011011111011001111100110111110111011111111111111111111111100011010110010001111000110101100100001010001101011001000001100011010110010000001
3885586032341072664,20,lattice,1011011101001111110011111111111111111111001101110100111111000001010000000001110010111111111111111111000001000000000000000001011001001011110000010111010010111100101101111111111111110001010001000001110010110111011111111101101101110101111111010001010001001001110000010111010011111100000101000000001111000000010000000001000000000100000000011100000001000000000101001011011101111111111110110111010011111101
-5269914204200687637,20,lattice,1000000100100110000011111111111011111101101001010110111000001011111111101111110110101101011011100000100001010110111000001010111101101110000000000001001000000000101011111110111111011000000101101110000000000000001000000000111111111111111111111000000100101110000000000001001001100000000000010010001000001010111101101111100010101111011011101000101011110110111011001111111111101111111110101111011011111001
-6084076140740311180,20,lattice,1111110111111111111101111101011111111111001000000000000000010011010101111111110100111101011111111111001001000001011000011111111111111111111100100101010111111101011111011111111111110010010001010111110100100101011111111101001000000001000000010010010001011111110100100000000101100001001000000001001000010010010000010111000100100100000101111101001000000001001001010011010101111111111100000000000000000001
5863446965682331910,20,lattice,1100111010011100111001000000100010000000111011111011111111101111111111111111111101001100100010001110010001001000100000100100111010001000111011001111101111001110000000001000000000001110111111111111111011001110101111001110010011101001110011100000000010001000000001001110100011001110110011111011111111101100111010111101111001000000100010001110010000001000100001100100000010001000001011101111101111111111
-5162549670893843915,20,lattice,1000000000001101000011111110010111011001101111100100110110011001100000001101000110001000000011010001100111000100110110011001111001001101100111111111011111011001111111111111111110011001100001001101000111111110011111011001101111100101110110010000000000001001000000000000000011010000111111100101111110010000000000000001000010011000010011011001111111111111111111111111111111111111101110000000000011010001
-5749256757844045807,20,lattice,1000011101001011000011100111010010110101101001110100101100011111111111001011010111101111010010110101000001000100101100000000011001001011000000000111010010110000101001111100101101010000000001000011000011111111111111111111111111111101111101010000000001001011000011111111110011110101000000000000001000000000000000000011000011111111110111111111101001110100101101011111111111011111011110000111010010110001
6668262001610789932,20,lattice,1000100000000000000011111111011111111111101010000000000010011011100100100010100100001000000000000000101111010110111010011011101101101110100110101001000000101001111111111111111111111011100101101110100110101001001000101001101111110111111111111011100100101010100110111001001011101001101010000000001010011011111101101111100110001000000000001000101111110110111111011011111101101111111100001000000000000001
-1447303493027757299,20,lattice,1000101110101110011011111111111111111111101011111111111111111011111111111111111100001000000010000000100011111010111001110000101110101010011000001001100010100110000010001000100001101000111111111111111100001000001010000110100011111011111001110000000000001000000000001011101011100110000010000000101001101000111110111111011110001111101111111111000010000000100001100000100000001000001010001011101011100111
-2767378873491304873,20,lattice,1101110111111111111101011101111101111111111111011111111111110001000000000000000000011101011101111111000101010010001010001111111111111111111100010001000000000000000101011111011111110001010101110010111100010000001000000000000100010011000010000101110111111111111100010101011101111111000100010010001010000001010101110011111100010001001000001000000101010011001011110001010100110010101100010101001100101001
6632405822372919660,20,lattice,1000000001001001000011110010110110110001101100101100100100001001001001001001000011111111111110111111111101101101101101111000001001001001000011110111110110111111100100101100100100000000000001001001000011110111111110111111100100101101100100000000000000001001000011111111111111111111101100101101101100010000000000000001000011110110110110111111111100101101101101111111001011011011001110010010110110010001
-5455844151209706653,20,lattice,1101111100001100111101000011000000001111111111111001111011110101001100000000111101011111000000001111010101110000000011110000001100000000011100000001000000000100010111111000110011111111111111011111111111111111111111111111110111111001111011110101111100001000111101011111000011001111110111111000111011111101111100001101111100000001000000001111000000000000000001000000000100000000011100000001000000000101
8283143608119134617,20,lattice,1000000000000000000011010110110110101100111101111111111011111001000000001010010011011110111111101101100101001000101011001001011010001010110011010111111111101111100100001000101001001001011011011010110011010110111111101101100101101001101011001000000000001010000011010110110111101100100000000000001000001111111111111111111110010000100010101100100000000000101001001101011011111110111111010110110111101101
34777498193114530,20,lattice,1010100000011010100011101101010110101100001000000000000000001111111111011111111100101000000100001000101011000101101010001110111101011111110010101101010110101000111011111101111111000010100001011000100011111111111111111111001000000001000000000010100000011000100011101101010111101100001010000001101010001110110101011111110000100000000100001000101011010101101011001110110101011111111011101111110111111101
319922672442509264,20,lattice,1000010000000000011011101101101001101111101011011010011011111111111111101111111110001101001000101111000001000000000000001110111111100111111110000101000000101110100011011010011011111010110111100111111110000101001000101111111111111111111111111110111111101111111110001101001001101111100001000000001001101010110110100111111110000100000000101110000001000000000001000000010000000000011010000101000000101111
3504960936772503061,20,lattice,1111111110101111111101000000000000010000001000000000000100010111111110100001100101101101001000011001011001000010000100010110111110100001100101100101001000010001011011011010000110011111111111111111111101100000001000010001111111111011111111110110110110101001100101111111101011011001011111111010111110010000000000000001000001100101001000011001011111111010111111110111111110101111101100000000000000010001
-8757392834079176900,20,lattice,1111101111111111111101111011011111010100001000000000000000000011001000101001000000111011011110010000111111111111111111110010001000100000000000110011011110010000011110111111110111110011001001111001000000100000001000000000001100100011100100000010000000101001000000111011011111010100011110111111111111110010000000100001000001111011011111011111001110110111100101000011101101111101011001111011011111010111
2382594188645587542,20,lattice,1111110111111111111101101101101111110111001011011011111101110111110111111111011100001100100011110001000001000000001000011111111111111111111100001101101111110111000001001000111100010000110111111111011100001100101011110001000011001001111100010000000000001010000100000100000001100001000000000000001000010000010000001011000101111101111111111111000011001011111101010000110010111111011100000000000000000001
5063618246324359624,20,lattice,1111100111111111101101111001111111011001001000001010000010010011000010111001100100111001111111011001111111011111111111111111111111111111111100110001101110011001000000001000000000000011000111111101100100000000101000000000001000001011000010010010000010111001100100110000101111011001001000001011101110010010000010110001100100000000101000001000111110011111111111110111100111111101101100000000101000001001
9147368416504345099,20,lattice,1101111111110110111101000000100000000000111111111111111111110101111111110100111101001000100000000000010011011010000010110100101010100000100101001001101000000011000000001000000000000100110111100000101101001000101000000001010011111111000011111101111111111110111101001111111101001111010111111111011011111101111111111111111101001000101000001001010011011110000011110100100010100000001101001000100000000001
4015090356777341250,20,lattice,1111100100010010111101100000000000101001001000000000000000000111100100000010100101101000000000101001111111010101011011111111111111111111111101101001000000101001111111011101011111111111100101010110111111111101111111111111011010010001001010111111110111011111111111111001000101101111001000000000001000001111110101010111111100100000000000101001011110010001001011110110100100000010101100100000000000100001
6849006849142321754,20,lattice,1110111111111111111101000000001000000000011011111110111111101111111111111111111101001111001001011110010001000010000001000100001000100000010001000111001001011110010011111110010111100100111101100101111000000000001000000000011011111111111111100100111111101101111001000110001001011110010011111110111111100100011000100001111001000100001000001100010000000010000001000100011000100000111001101111111111111111
7677557054470736823,20,lattice,1100101000000010000001001010000000100000111011100010001000011111111010110010010100001000000000000000110011100010001000000000101000000000000011111111111111110111111011101010001000011111111011110010010111001010001000100000111011101011001001011111111010111010010111111110111111100101000010100000001000001111111011111111010111111111111111111111111011101010001001011111111011111111011111001010000000100001
-3060801236672661322,20,lattice,1111011010111111011101000000000000000000011000101011001001010111011010110011011111111111101111110111010001100011001000010100001000000010000011110111101111110111010000101011001001011111111111111111111101000010001000100000010000100011001000010111011010111011011101110110101111110111010000000000001000000110011010110011010111111111101111111111010000100010001001010110011010110011011101000010001000100001
5410265309589678947,20,lattice,1010010110100001010111101111101011111111001001011010000001011011111110101111111110101111101001010101000001011000000001001010011110100101010100000001000000000000000000011000000001001111111111111111111100000101101000000100111111111011111111111010111110101101010110100101101001010101101011111010111101010010010110100001010110101111101011111111000000010000000001001010011110100101011100000101101000000101
5897315459355315307,20,lattice,1000111101011110010111101111011111111111101011110101111111011111111111111111111100001110000001100100000001000000000000000000011000000110000000001111010101100101111011111111111111110000111001000110010110101111011111111101000011100101011001010000111101011110010100000100000001000000000001000000011000001000111101011111110110001111010111101101000001000000010001001010111101111111111100001110000001100101
7882453434999049210,20,lattice,1000001001100010000011111110111011111111101111101110111111110001001001100010000000011010111000100000100111101110101000100000001001000000000011111111111111111111000100101110001000000000000001000000000000000000011000000000111111101111111111111001101011101010001010011110111011100010000000100110001000001001111011101111011110011110111011111111100111101110111001110001001011100010001010011110111011100011
3895599410986399156,20,lattice,1101000111001011111001010000000000000000111101011101111111110001000000000000000011111111111111111111110101011100101111101101011111001111111101010001110010111110010100001000001111100101000011001011111011110101111111111111110101011101111111110101000010001011111011010101110011111111010100000000001000000101000000000011000001010000000000111100010100000000000001000101000000000011111011010101110010111111
873289353981522661,20,lattice,1010111100111111001111101111001111110011001011110011111000011111111100111111001100001111001111100001000001000000000000010000011100011100000100000101000010000001111111111111111111111111111101111111101100000111001111000001000001010001100000010000010000001000000100000101000111000001000001110011111000010010111100111111000110101111001111111011111111110111111111110010111100111111001100000000000000000001
918619337579935733,20,lattice,1010001111111111110111111111111111111101001000110101110110010011101111111111110100101011011111111101001111111111111111010000001000010000100000000011000111001000001000111111111111010000001001011100100100100011011111011101000000000001000000000000001000011100100000000010000101001000001000110111111111010000001101011101100100000000000100001000001000110101110111011111111111111111111100000010000111001001
7197930986764714150,20,lattice,1001101110000101100111111011101001111111101110111010010111110001101100000101000000001011000001000000111111111111111111110000001100000100000000000001000001000000000110111000010110001111101111101111111110011011101001011001111110111111111111111111101110101111111100000000000001000000101110111010011111110000101100000101000000011011000001011000100110111010010111011001101110100101111100011011000001010001
-4625989361768126783,20,lattice,1111110010011111111101011000000001011010011111001001110111110001000000000100100000011000000001001000010111000000010110101111111110011111111111111101100111111111010110001001010110111111111111111111111111111111101111111111010110000001010110110101110010011101101100000000000001000000011111001001111111110001100000000101100000000000000001001000010110001001010111110001100000000101101001011000000001011011
7761336174630528842,20,lattice,1000111000100010000011001111011111110101101011111111111101011111111111111111111100001100000000000000000001000000000000000000111000100010000010001111001100110000100011111111111101011000111101110011000000001100001000100000100011100011001000001000111100111011000010001111011111110001000011000000001000001000111000100011000011101111111111111111100011110111111101011110111111111111011110001111011110110001
3060944968854836597,20,lattice,1111111111111111011101000000000000010000011000001100100100000111011111111111000101111111111111110111011001111110111100000110001111101001000001000001110010010000010000001100000100000100000001000001000001000001111010010000011001111111111100000100000011001001000001100011111011110000011000111110101100000000000000000001000011111111111111111111011101111111111101010111011111111111011101100111111111110001
8040121993167714725,20,lattice,1000000001000000000011111001011011001000101110010110010010001001100101100100100010001000010000000000111111110110111110001111101101101110100010001001011000001000111111111111111110000000000001000000000010001000011000001000111110010111111110001011100101101100100010001000010001001000111110010110111010001111100101101111100010001000010000001000111111111111111111011111111111111111111111111111111111111001
2326787264842164648,20,lattice,1001111001100011000011111111111111111111101111100110001100000001000000000010000000011110011000110000000101100110001000000001001000000010000010111111011000110000101111111110111110110001001001100010000000010010001000100000101111111111111111111011111101101011000110111111011011111011000000000000001000000001011001100011000010111111011000111011101111111110111111111011111101100011001110111111011000110001
-1881215935288020181,20,lattice,1000000010001000000111111100111111101111101011001011100000111011110011111110011110001100101110000011100001001010100000111111111111111111111111111101111111101111000000001000000000001010110011111100011110000000101010000011100001001011100000110000000010001000000010101100101111000111101011001111111001111111110111111111111110101100111111001111101011001011100001111000000010001000001100000000100010000001
6151295660403863840,20,lattice,1001101101110111110111011011011101111101111111110111111111010001000000000000010100001001000000000101110111110111111111010001101101100010010100000001000000000101111111111111111111110001100101100010010100011001001000000101000110110111011111011001101101111111110100011011011001111101000110010010001001010001101101100011110100011011011000101101000000000000000001011111111101111111111100000000000000000001
4603029584159699672,20,lattice,1110111011111001111001101100111010000110001011001110100001101111111011111011111100001000000000000000000011001110000000100110111011101000111011111111111110111111000010001110000000000000100001100000000000001000001000000000011011101111100011100000110011101000011011111111111111111111111011101111101111100110111011111001111001101100111010001110000010000110000001000000100011100000001011101110111110111111
7641372767200535356,20,lattice,1000000000000000000011000010100100000000111000101001000000001111101011010111100111101010110101011000111111111111011110011000001000010000000011111011111101111001100000101001000000001110001011010101000011111010111101111001100000000001000000001111101111111111101111100010100101000000111010101101011110011110001010010101000011100010110101011000111111111111111111111111101111110111101111100010110101011001
3460925531740386708,20,lattice,1111111111111111111101111111111110111111001011011001100111110011111111111011111100001000000000000000000011000000000000100010111111111011111100001101000000000010000011011001100101110010110111111011111100001101101110011111000011010001100101110000110100001001001101111111111111111111000011011011101111110000100000000001001000001101100110011111000011010000000101110000100000000000001000001101000000010011
606261543229889820,20,lattice,1111111111111111101101111110000000000001001100000000000000010001000000000000000000111000000000000001001111000000000000010011111000000000000100111111100001001001001111101000000010010111111111100111101101111110001000000001011111111111111110110111111111101111101100111110100001001001011111111010011110010111111110100101100100111110000000001001111111111111111111110111111110100111101100010000000000000001
4631646328097329477,20,lattice,1111111111111111111101111011110011111111001000111000110111110011001110001101111100111011100011111111011111111111111111110000001000001001110000000011100011011111000000101000110111110011101111001111111101111011111111111111011110111101111111110000000000001000110000000010000011011100001100111000111111110000000000000001110000000000000000001000000000000000000011000000001000001101111100000000000010001101
-7420102538163658387,20,lattice,1111011111111111111101010111110111101111011101111111111111110001010100011110110111111111111111111111000001010001100001010001011100011110110100000001000100000001000101111101111011110001011101011110111101010111111111101111000000000001000000000000000100011000010100000101000111000101000001010001101011010101011111111111111100000101000110001101000000010001000001010001011100011110111100000000000100000001
-357045364604394169,20,lattice,1110111111111111111101100111111111111101001000000000000000001111111111111111111100101111111111111111001001000011000000000010011111111011110100100101101100100101001001001011000000010010010111111010110100100000001000000000001000000011000000000010010110111010010100100111111111111101001001001011001000010010010111111011110100100101101110101101001001001011001001010010011111111111111100100000001100000001
-3959660855071942792,20,lattice,1110010100010001110001000000000000000000011001000000000111001111111111011001111011101101000100011100010001000000000100001110111111011001111001100101000000011100111011011101100111101110110101011001111011111111111111111111010001000001000111001110110100011001110011101111110111011110111111111101111111100100000000000001000001000100000000011000010001000000000111001110110100011001111011111111110111111111
-5346151425559407748,20,lattice,1111001111111111111101110011111111100011001100000100111000000001000001000110000011111011111111111111111111111111111111110011001111111110001100110001010011100000001100011110111000010000000001000100000000110000011011100000001100011111111000010001000001001110000000000000000001000000000000000100011000000011001111111111001101110011111111111111011100111111111101110011000111111110001100110000011011100001
2335308192810166126,20,lattice,1111010001100111111001000100000000000100011001000000000111000111010001100111110011111111111111111111000001000000000001001111011001100111111011110111111011111110111101101110011111100110010001000001110001100100011000111100111101111111111111101111011011101111111001100100011001111100010001000000001011000100010000000001110001000100000000001100000000000000000001000110010001100111111011110111111111111111
-5703801639927049116,20,lattice,1000011010000001100011000110100001011010111111111000010110101101111110000101101011001111100001011010000001000000000000000000011000000000000010000111100001011010000001101000000000001111111111000101111011111111111101011110111111111101010111101111111111111111111110000110100001011010111111111111011111110000011000000001000000000110000000011000111111111000010111101000011010000001101011111111110101011111
522643422474284976,20,lattice,1000011000100000000111110111011001000111101001100010000001111011011000100000011111111111111101101111000001100000000000000000001000000000000010110111001000000111111101111110010001111010011001100000011100000010001000000000111101111111011001111111111111111110111110110111001001000111111101111110011001111111111111111111111111110111111101101111100001100010000001110000011000100000001100000110001000000001
-4070870776358787565,20,lattice,1111111111111111111101111111011111111111001110100010101010100001101000101010001000001010000000100000001111100111101011110000001000000000000000111111011111111111011111111111111111110001101001101010101000000010001000100000000110100111101010100000101000101010000000111110011111111111000000100000001000000001101000101011001000011010001010101010001110100111101011100000101000101010001000111010011110101111
-3909413443505289840,20,lattice,1111011101000011011101110011010000110011001000110000000000000011001100000011001111111111111110111111011101110100001100110000001100000000000000000001000000000000111101111100001101110010001101000011000111110111111100110111111101111101001101111111011111111011011111111111111111111111001000110000001100000010001100000001000011110111111110111111011101110100001101110010001100000011001100100011000000110001
-3978188978673923003,20,lattice,1000000001010000000011000101011111110100111001011111111101001111011111111111011111111111111111111111100001010111110001001110011111111111010010000001010101000100110001011111111101000000000001000000000010000001011101000100000000000101000000001000000101011100010010000000010101000100100000010111011001001000010101111111010011100111111111111111100000000101000001001110011111111111011111000101111111110101
7759625485624593492,20,lattice,1111111111011111101101000000100000000000011000111100000010110111011111011011101101101111110110111011011001111100000010110100001111000000101100000001100000000000000000001000000000000100000111000000001111111111111111111111011001111101101110110110011111001001101101101111110111111011011001111100101110110110011111000001101101000001110000001011111111111101111111110100000110000000001001000001100000000011
-1596080973129228628,20,lattice,1000001010000000000011111111101111111111101100101011111011101001001010000000010010111010101111101110101111111011111111110000001010000000000010111011101111101110000000001000000000001111111111111111111110010010101111001110100100101001000001001001001010011000010010010010100111000100100100101011111011101011101010111111111010010010100111001100100000101000000001001001001010011100111010111011101111101111
8980875728255843044,20,lattice,1000000000000100000011011111111101111111111111111111011111111001011011100110111110011110111101111111100001101100010001111000001010000100010010011111111101111111100000001000010000001000001011000100011010000110111001000111100101101111011011111111111111111111111100000000000001000000100001101100011011111001011011110111111110000010100001001110100000001000010001001000001010000100011010000010110001000111
6794145278805944140,20,lattice,1111111011111111111101111110101111111111001010101011110111100011111010111101111100001010101111011110001011101011110111110000001010010000100011111111111111111111000000001000000000000111111011111111111100000010101100001100000000001001000000000000001010111100111000000010101101001110001111101011111111110000001010110001111000000000100100001000000000101001000011000000001010110000111000001010101111011111
-848264118091308117,20,lattice,1101010111010011111101010100100000110111111101111111001111110001000000000001010011111111111111111111000101000000000101011101011111010011111101010101110100111111000101001000001101110101010011000011111111010111111100111111010101001101001111111111011111111111111111110111111101111111000101000000001101010000000000000001010000010100100000111111000000000000000001000001000000000001011100010000000000010101
7980320028491198885,20,lattice,1111110011110001111101111000110100011111001000001101000001000011000011010001111000111000110100011111011111001111000111111111111111111011111111111101111100011111000000001000000000000000000011010000010001111000111100011111000000001001000000001111110111111011111111111111111111111111111111011111001111110010000011010001110000100000110100001100000000001001000001000010000011010000011000110000110100011111
2454375432274162482,20,lattice,1011110011111011101011111111111111111111001000000110101010000011110011111011101000101100111110111000001001000111101110001011111111111111101010111101111110111010001001001111101110000000000001000000100000000000011000101000001000000111101010000000000001001010100010111101111111111010000000000100001010000010000001111011100000000000000000001000101111111111111111110010010001111011101010111111111111111011
2632125410198023789,20,lattice,1000011110001011001011000111100111110111111101111101111111111101011111011111111111111111111111111111000001110000101100100000001100001011000000000001000000110000000001111000101100101000011111011111011111110111111111111111100001111001111101110000000100001011000010000111100011110111000000000000001100000000000000000001000010000111110111111111100001111000101101110000000100001011001000000111000010110011
2134072640784820163,20,lattice,1000000110001011001111111111111111111111101110111110111101111001001110001011011110011011111011110111101111111111111111110000001110000011001100000001000000110010000000011000001100101001001111101111011110010011101010110111100100111111111111110000000110001011001110010011101011110111000000000000001100100000000000000001001010010011111011111111100000111000101101110000000000000000001000000001100000110011
6160618701079907154,20,lattice,1110100001101001001101000000000010010000011000000100100100111111111001111101011101001000011010010011111011100111110101111110101001101001011111111111111111111111111111101111110111110000000001001001000001000000011010010011111010100111110101110000000000001000000011101010011011010111111111101111111111110000000000001001000011101110011111011111111010000110100101110100000001001001001001000000010010010011
4630536058065154314,20,lattice,1000010100100000101011010101001000001011111101010010101010111001010100100000101011111111111111111111000001000010000000001111011100101010101100000101001000001000111101111111111110111111011101111010101100000000001000000000111101110011101010111001010100101000101111110111001111101011110101010010001010111111011101111111101100000100001000001000111101111111111111110000010100100000101010010101001000001011
4826992116172827495,20,lattice,1000000000000000000011100001110001100100101000010000001000001111011111111111111111111111111111111111111001011101111111001110011111111111110110000001000000100000101000011100011001001000000101000010000011100101111111111100111000011101011011001110000111011110110010000001010001100000100000000000001000001110000111011111110011100001110001101100100000010100011001001110011111111111111111100101110111111101
2112842708282031307,20,lattice,1000000000000000000011000000000110000100111000010011101111101111111110111011111011101111101110111110111001010011101111101110011110111011111011000001001110111110111001011011101111101110111111111011111111000000001110111110100000000001100001001000000000001000000011111111111111111111110000000001101011101100000000011011111010000000000110001110100000000000100001001000000000001000011011101111101110111111
-1230149900749711008,20,lattice,1010101000011000010011101010101111011110001000000001100001001111111010111101111000101000000110000100111011101011110111100000001000011000010011111111101111111111101010101001100001001111111111111111111110101010101110000110000000000001000000000000000000011000010010101010101111001110111011101011111111101010101010111001111010101010101110001110000000000001000001001010101010011000011011101110101111011111
-7193442375050081688,20,lattice,1001100000100110000111011100101101111111111111011011111111110001100000100110000100001000000001100000100111001011011111011111111111111111111111011101101111111111100110001011011101011101110111111111111100001000001001100001100110000011011100011101110010111111111100000000000001100000000000000000001000001001100000100111000110011000001101111001100110000011011101011001110010110111111100000000000001100001
-47783458671017848,20,lattice,1000000000100000001011010001101111110111111100011111111101111001000110111111011111111111111111111111111101011111111101111111011111111111111110000001001000000011100000011011101101111101000111111111011100000000001000000010100000010011101101111000000100101001011110000001001011110111100000010010101101111000000100100001011111110101111111111111100000010010000001110000000000000000001010000000001000000011
2876597027355747041,20,lattice,1011111110001110011011111111111011111111001111111000111001100001110010000000000000001100100000000000000001001000000000000001111010000100011000011111100001100110000000001000000000001011111111101110011010111111101011100110111111111111111111110001111010001110011000011100100001000000000111101000011001101011111111101111111110111111101011101110000111001000010001000001110010000100011010111111111011100111
6381511226657078437,20,lattice,1010110110110111010111111111111111111101001000001001010101001011111111111111110100101101101101110101001001001011010101000010111110110111010100100101101101110101000000001000000001001010110111110111010100100000101101010100000000001001010001001010111111111111010100000000100001000100001001001011011101000000000010010101010010101111111111111101000000000000000001001111111111111111111100100000101101010101
6208220611342512827,20,lattice,1000010000001010000011001111111111101100111111111111111011111001111111111110110010001111011110101100000001000000101000001000011100011010000010000101000010100000100011111111101011001000011101011010110010000111011110101100000001000001101000000000000000001010000010001111111111101100000000000000001000001111111111111111111100000100000110101000100001110001101011001101111111111110111111011111111111101101
1352827871387215721,20,lattice,1010000001101101001111100010011111111111001000000110110100101111101111111111111111101010111111111111111111111111111111111010001001111111111110100011011111111111111000101111111111110000000001101101000000000000001011000000101000000111110111110000000000001100000000000000000001000000101000000111111111110000000000101101000010100000011011011111101000000110110101110000000001101101001000100000011011010011
-3588476083670534742,20,lattice,1111111111111111111101111111111111111111001101011000111110000001010110001111100000111101100011111101000001000000110100000011011110001111110100000001000000010000000001011000110100000011111111111111111100111111101011111101001111111011111111110000000000001001000000000000000011010000000001011000111110000000000000000001000000000101100011011000001101011000111111010011111110101111111100010101100011111001
-8002070665894031664,20,lattice,1110110101001111111101000000000000000100011000000000000001001111110101111111111101101001010011111110011001000100110111101111111111111111111101100001010011011110111111011111111111110110000001000101111011101101011011111111111011010111111111110110000001001101111001100000000001001110011000010100111111100110000000000101111001100000000000001100000000000000000001000110000000000000011001101101010011111111
-1421973840207965342,20,lattice,1000011001000000000011011111111111111111111111111111111111111001111111111111111110001110010001101001000001100000000000000000001000000000000010001111111111111111100011101110111011010000011001000000000010001110011011101101100011101111111011111000111001001110110100000010000001000000100001100100011010011000111011111111111110000110010001001000100011100100011011011000111011101110111110000110010000000001
8987451749591625431,20,lattice,1110111100111111110001101011000101111000001000000000000010001111111111111111110100101011000001111000011011110001011111000010001100000000100000100001000000001000111011111111111111010110101101011111110001101111001111111100001010110001011110000110101100011111110000100011000001011000001000110000011110000010000000000001100000000000000000001000011010110001011111001111111111111111111101101111001111111101
-7172121405749764795,20,lattice,1111110111101111110101111001101011111000001100001000010000000001000010000100000000111001100001001000011111011010111111010111111111101111110100010001100001000000000000001000010000000111110111101111110100111001101001011000111111111111111111110011100110101111100000000000000001000000001110011010011110000011100110000101100000110000100001001000001110011010111111001111111111101111111101111001101011111101
3644112387713075623,20,lattice,1011111111011111111011111111111111111111001111111100111111100001111111001111111000001000000001111010000011110100111111100000101101001111111000000001000001111010000011111100111111100000000101000111101010111111111111111110001111111101111111100000100101001111111000000000000001001010000000000000001010000000000000000111101000000000000000001000000010010000011111100000000000000000101010111111110111111111
-3260522495046026858,20,lattice,1110111101110000110101101111011100001101001000100000000010011111111111111111111100101110000000001001001001100000000010010000001000000000100000000011000000001001111011111111000111010010111101110000110100101111001000001101001011110001000011011110111111111101111111101111111101011101111011111111011111111110111101110001110100000000000000001000001011110000000011011110111111110101111100000010000000001001
7398246975496311085,20,lattice,1000000000000010000011111111111111111111101010000000001001001011111110101111010100001000000000100000101011010000001001001010111110101111010110101001000000100100101011011010101001011011111111111111111110101101001010100100101111111011111101011010100000001010010010101101101011110101000000000000001000001010110110101011010110111111101111111101100010000000001001001011111110111111111110101101001010100101
4627844109195755531,20,lattice,1011000110101011001011111101111011110110001100001000000000000001000000000000000010111001101010110110101111011010101101101111111111101111011000110001100000000000000100001000000000001011110111101111011000110001101010000010111111111111111111100011000110001000001010111101101011110110001100011010101000100011000110101001001011111101111011111110001100011010101001100001000010000000001011111111111111111111
1253702014208334977,20,lattice,1011011101111111101011111111111111111110001000000001001000000011001001111010000010111111011111111110001101110111101110000010001001111010000000110011011110100000101111111111111111100010000001111010000000100000001110100000000000000001001000000010000000011010000000110111011111111000000000000000001000000011001001111011000000110010011110111000101101110111111111100011011101111111101011111111111111111111
3955245561132969332,20,lattice,1000100000000000000011111111111110111111101011100001000100001011111011111001110100001000000000000000100011000000000000001000111000000000000010111111111110011101101011101001000101011010111011011001010110101110111110010101100011100001000100001010111010011001010111111111111111111111101111101111101111011000111000000001000010101110111110011101100011100001000101001011111011111011111110101110000100010001
2126811550250994032,20,lattice,1111111111111111111101011111101010110011011111111010101110110001000010101011000100011101101010110011000101011010101100110001111110101011001100010001101010110011000000001010000000000111111111111111111100000000001000000000011111111011101111110000000000101000000001111111101011111111000000000010101000000000000010101011000101011111101010111011011111111010101111110001000010101011001100000000001010100001
-8577970894167819289,20,lattice,1110111111110111011101001000001000110000011010110011001101100111111111110111011100001000000000100000011011110011001101100100101100100011010001001001001000110000011011111111011101110110111101110111011000001000001000100000010010110011001101001110111111111111011101101111001101110110000000000000001000000000100000100011000011111111111111111111010010010010001101000100101100110011011001101111011101110111
1826500361541200167,20,lattice,1110100010011110110101000000100111100101001010001001111001011111111110011110111100001000100111100101111011001001111011111110111110011110111111101101100111101111000000001001100000001111111111011110111111111111111111111111000000000001000000000000000000011000000000000000100111100101000000001001101001011111111110011111111101000000100111101101000000001001100001011110100010011110111100000000100110000001
-2930305285996429724,20,lattice,1110001011110111111001100010111100111100001000000001000010001111001011110111111011101010111111111110111111101111111111100010001001010001100011111111111111111110001000101101000111000010000001010000100000100010111100111100000000000001000010001110001011111111111001100010111101111110001000101101001111000010000000010001100000000000000000001000001000100101000111000110001011110011111011111111111111111111
-7574500591315254218,20,lattice,1011110101100011000011111111111111111111001000000000001100000011000000000011000000111101000000110000001101010000001100001011111101110011000000000001000000010000101111111111111111010011010101000011000000110101011000110000101111010111001100001011111101111111110010111111011101110100000000000000001100000000000000000001000010111111011101111100101111110111001101001011111111111111111110111111011111111101
8949657860110600958,20,lattice,1011111011111001110011111111111110111111001000000000000000000011000000000000000000111000001000000000001111000010100000000011111011101001110010111111111110011110001111001010100000000011110001101000000000110000001000000000001111101111100111000011100000101000000011111111111111111111101111111111101111110011110000101001000000111100111010001100001111001110100001001011111011111001111010111111111110011111
-2780862610847668909,20,lattice,1111111101111111111101111111011111111111001000000000000000010011000101011000110100111101011110001111001101010101100011110011111101111111111100100001000000000001111111111111111111110010000001000000000100110101011110001111001000010101100011010010000101001000010100111101011111111111001111010111101011110011010101111001111100100001010010001101001000010100000001010010000101001000111100000000000000000001
8089877267048202590,20,lattice,1001111111111001101111111111111111111111101111111111110110110001110111111001101100001101111110011011000001010000100000000001111111111001101100000001000000000000000001011101100100100000010101001000000000000101011110010010000001010101100100000000000100001000000010011111111111011011100111111111111110110000010101001001000000000101110110011010100111111111110111110000010101011001001000000101111110011011
2848124206872739384,20,lattice,1011011101111100010011110111111111110110001100010010110001000001000000000000000011111111111111111111001101010111110001000011001101111100010000010001001000000100101101111111110001000011000101101100010000010000001000000000001100010111110001000001000100101000010000010000001001000100101101111111111001101011011111111111011011110111111111111110000100000010000001001011011101111100011011110111111111111111
5889484985064667538,20,lattice,1111111111111111111101111111011111111100001000110001110111000011001101011111110000111111011111111100001101110111111111000000001100001001110000000001000000000000001111111111111111010010001101011101110000110011011111111100000000110001110111000000000100001000010000000011000011011100001000110101111111000000000100001001010000000001000010011100000000010000000001000111111111111111111100111111011111111101
5653918205325303997,20,lattice,1100111100011110010001001111000111100100111111111101111101101101111100011110010000001000000000000000000011110000001000000000101100000010000000001001000000000000110111111101111101101100111101011111010011111111111111110110000011110001001000000000111100011110010000001111000101100000000010010000001000001100111100011111010011111111111111111111000011110001001001001101111101011111011011111111111111110111
-3975770607780716246,20,lattice,1111110101111010111101111001001000101111001010000000000000010011100000100010111100001000000000000001011111010110101011111111111111111111111100111001001000101111111111011111111111110011100001100010111100101000001000101111011111010111101011110111100101101010111101111101011111101111001010000000001011111111110101111111111100101000000000001001001010000000000011010010100000000000111100000000000000000001
3894189490702054228,20,lattice,1111110111111111111101111101011011111101001000000010000000000011110001101011010100101100011010110101001001000110101101001111111111111111111100111101011010110101011111011111111111110010000001100000000000000000001000000000001111010111101111010010000001101010010000111101011011111101001000000110001000000010000001100011000000111101011010111101001000000110001001000011110101111111111100100100011010110101
5910450908120078174,20,lattice,1111100111010111111101111001010001101101001110000100011000010001100001000100000100001000000001000001111111011101011111111111111111111111111100111001010001100101001110011100011011010000100001000100000111111101111101111111011110011101011111111111110111011111111100000000000001000001000110000100011000010011100111000111110100111001010001101101001110000100011001010111100111000111111100000000000000000001
-2935092619634438457,20,lattice,1110111111111111110101100111111110111101001001111011101111011111111111111111110101101111111110111101000001000000100010000000011010001010100100000111100110111101000001001000100010000010011111111011110100000111101110111101000001001001101010010000000000001000000000100111111111111101000001001000101010010000011010011011100100000000000010001000000001101001101111011111111111111111111100000100100010001001
3387247155595350269,20,lattice,1000010000000000000011110100101001111111101101001000011111011001010000000101110011111111111111111111000001000000000000001111011110111111111111110101101001111111100001001000010111001111010111111111111110110100101001111101111101011011111111111111010110101111111110000100000001000000100101000000011111001000010000000101000010000100000001011100100001000000010101001011010010100111111110010100100001111101
4014544447975187158,20,lattice,1000000110000110000011111111111111111111101110111111111011101001001110011110000010001011100111100000101111111111111011101000001110011110000000000001000000000000000000011000001000001001101111111110101010011011101111101010100000011001111000001000000110001110000000000001100001100000000000010000001000001001101111111111111010011011100111101010100110111111111011101000101110011110001010111111111111111111
3172567588317902650,20,lattice,1110001111111111100101000000000110000000011000011111101100000111001111111011100011111111111111111111111101111111111110010110001111111011000001000001111110110000010000001011100100000100000011111011000001000000001110000000000000000001000000000000000000011000000001100011111111111000010000001011101100000100000000111001000001100011111110111000111101111111111111010110001111111111101101100011111111111001
4851906873253139346,20,lattice,1001101110111111110111011011111111111111111110111111111111110001101010111111110100001010100111111100111111111111111111110000001010011111110000001011101111111101000000001001111111000000101011011111110000001010101111111101000000000001000010000000000000011000110000000000000111001100000000000001111111000000000000011001110000000000000000001000000000000001000011001001101110111111111100000010100111111101
3707372135003654490,20,lattice,1011101010000111100111111010100011111111001000000000010100000011001000000101000100111010000001010001111111111111111111110000001000000101000011111011100111111111001110101000010100011111101111011111111111111011111111111111111110101001111111111011101010001111111100000000000001000000001110101000011100010000000000000101000000111010100001111001101110101000011111111011101010000111101100000010000001010001
3658025195627064468,20,lattice,1111111111111111111101001010011010101000011111111111111111110101111101111110101000001010011010001000010011110111101010100000001000001000100001001011011010101000010111111111111110100000000001101000100000000000001010001000010010110111101010100000000000001000000001001111011111101010000010100110101010000100111101111111101000000000000010001000010111111111111111100100101101101010101001011111111111111111
-7858214592630261657,20,lattice,1100111011101111100001001110111011011000111111111111111111111101111011111111111000001110111011010000000001101110110100000000001011001101000011011111111111111110000000001000000000000000000011000000000000000010111011010000110011101111111110100000000011001101000000000000110001010000000011101110111100000000000011000001000000001110111011011000110011101111111111101100111011101111101011011111111111111111
-5022348036745065906,20,lattice,1000000000000000000011111110111101111011101000000000000000001011001010100010100010111010101001101001101111101010011010011010001000000000000011111111111101111011101000101000000010001011111011100111101110100010001000000000101111101111011110111111111111111111111110110010101001101001101000101010001010001011001010100111100110100010000000001000111111111111011111111011111010100110101110110010101000101001
9082713370300942352,20,lattice,1001000001110000001011010110111101111011111111101111111111110001000000100000000011011110111111111111100101101111010100111001001011110100001111111111111111111111100100001111010000110001000001100000000000000000001000000000000100000011000000001101011011111111111110010000011101000011100101101111011100111001000011110101001110010110111101111011100101101111011101110001000001110000001010010000011100000011
-8403810424934074267,20,lattice,1100001011011011101001000010110110110000111010101111111110111111111111111111111111001010110111111011111011111111111111110000001010000010000011101011111111111111000000001000001000000000001011011011000011001010111111111011000000101001001100000000001010011011000001000010110111110011000000000000001000000000000010000011000001000010110110111010110010101111111111110100001011011011001001000010110110110011
7602089576617726313,20,lattice,1011011110111111111111111111111111111111001000101000111100110011011110001111111110111111101111111111001001101000111100110000001000000000000100100111100011110111000000101000111000111011111111111111111100100111101011111111001101111011111111110000001000001010001100000010000011100011000000100000001000010000001010001111001100100111100011111111000000101000111101110000001000000010001100000000000000000001
-6379051907501751032,20,lattice,1111111110111111111101000001000000000000011101111000001111100101001110000011111001111111100000111110010101111000001111100100001100000000000000000001000000000000010000111000000110001111111111111111111101111111101111111111011111111001111111110111111110001111111101111111100001111110010000111000001111000100001100000001100000000001000000001000010000111000000111000100001110000001111001111111100001111111
2747250847547675200,20,lattice,1111111111111111111101000000000100101100011001101011111111110111011110111111111101111111111111111111010001000001111011010100011010011111111101100111101111111111010001001001111011010111011111111111111101000110101111111111000000000001001011000000000000011110110100000000000101101101000000000000001001000100010010011111111100000000000000001100000000000000000001000100010010011110111100000000000100101101
1874624207968085558,20,lattice,1001011011110011101111111111111101111011101111111111011110110001001010110010100110011110111100111011000101101011001010010000001000000010000010011111111100111011000000101011001010010001011011110011101100000000001000100000000000000011001010001111111111111111101110010110111101111011000000000000001000000001011010110011100100000000001000101000111111111111111111110001011010110011101100000000001100101001
-91204742337941600,20,lattice,1000000000000000000011100010101000010010101000101010000100101111101010100011011011101010101000110110111111101011001111111000001000000000000011111111111111111111100000101000000000001111111011111111111110000010101000000000111010101011001101101111111010111011111111111110101111111111111000101010001101101000001010100001000011111010101100111111111000101010000101101000001010100000001011111010101000110111
-2608886273692092033,20,lattice,1101100110100010111101010000101000000000111110111010001111110001000010100000000001011000101000000000110111011010001111110101101110100010111101011001101000100000000000001000000000001111101111100011111100000000101000000000111111111111111111111111111111101011111111111111111011111111010110001010001000001101100110100011111101011001101000101001010110011010001011010101100110100010111101011001101000100001
-322969107797963704,20,lattice,1100011100000101011001000111000001010000111111111110111111111101111111100101111111001111111001010111000001110000010100000000001000000000000000000011000001000000110001111000010101101100011111100101011011000111101001010110111111111111111111111101111111101101111100000010000001000000110111111110111111110000001000000001000011000111111001011111010001110000010101100100011100000101001011000111111001010111
3790316458918996598,20,lattice,1111111101111111111101000110011111111111011001100111111111110111111001111111111100001110011111111111000001000101110110010000011001111101100101111111011111111111111111111111111111110000000001000000000000000100011111011001000000000101110110010000000001001000000000000000010011000000000001100111111110110000000001001101100100000000010011001001000001100111111111110000011001111101101100000000010011000001
-8161933658692972313,20,lattice,1111110111111111111101111101111001111111001111000110001010110001000000000010000000011000010000100010000111000100001010101111111111111111111100111101111000111011001111001110001110110001000001000010001000011100011000101011011111011111011111110111110111111111111100111101111001111111000000000000001000000011110001100011101100010000000000101010001111011110001111110001000000000010001000011100010000101011
7228129286705578491,20,lattice,1101010000000001111001000100000000011110111101000000000111110001010000000001111011111111111111111111000001000000000111101111011101111111111111110101011010011111111101111111111111111111010001101001111111110100001000011111111101010111101111111111010000101001111111110101011111111111111101000010101111110000000000000001011000000000000000001100000000000000000001000000000000000000011011010100000000011111
-1878024518225668051,20,lattice,1000000101000000101001000001010000001010111110010110100111110101000101000000101000001001010000001010111111111110110111111111101101101101111100000001010000001010111110011110110111110000000001000000000011011001011010011111111111111111111111111101100101001001101111111001011011011111111111111110111111111101100101000001101100000000010000001000110110010100100111110000000001000000101011011001010000001011
2987056003827991712,20,lattice,1100010001001100000001000000010000000000111001000100110000001111010001011101001011111100010111011011010001000100010000001111111111111111111111111101111111111111111111001101110111110000000001000000000011111100111111111111110001000101110100000100010001001100000001000000010001000000111111001101111111111100010001001101000011110100010111011011111111000101110111111110010001011101001011110100010111010011
-2907940168133331092,20,lattice,1000011000000000000011111111111111111111001000100000000000001011011000000000000010111110101000100000000001100000000000000000001000000000000010111111111000100000101101101000000000001011111011100010000010110110001000000000101111111111001001001011111111111111010010111111111101110100101101101010001000001011111111110011010010111111111111111111101111111110001001001011111111111111011010111111111111110111
5344412638421242443,20,lattice,1010010111011101010111101101110111110101001000011000100101001111111111111111111110101101110111110101001001011100110101011110111111011111110100000001100010010100000000001000000000000010000111001101010111101111111111111101001001011101110101010000000010001001000000100001100011010101101001011101111101010000000010000001000011101101110111111101000000001000100101001110110111011111111100100001100010010101
5320358114457527333,20,lattice,1010100001000000101011111111111101011111001010000100000000001011110011010100101000001000010000000000101011001101010010101011111011110100101010111101111101001110101010001100000010100000000001000000000010111100111101001010101010001101010010101111111111111111111110101000110001001010111111111111011111111011111011110101111100101000010000001010101111001111010011100010100001000000001010111110111101001111
7546457130711606113,20,lattice,1000000000000001100011000010000000011000111111110111111111111101111000010111100111001010000000111000110011100001011110010000001000000000100011011111000101111001111111111111111111111101111101111111111111011111001111111011110010100001011110011101111100011111100111001010000001111000110000100000001110000000000000000001100000000000000000001000110111110011111111111101111100011111101111001010000001111001
-2813936368126261752,20,lattice,1001111111111011110101011111111111111101001111111111111111010001000000000000000100011001110110101101000111111111101011010001101111011010110100010001000000000101000100011000000001010001000111011010110100010001101110001101000100011001100011010001000110001000110100011111111111111101000100011000101011010001111111111011110100010001000000001101000100000000000001011111111111111111111100000000000000000001
-392903655632194673,20,lattice,1101110111101111001101001100110001110001111111011111111111110101110111101111001100001100110001110001000001001000000000001111111111111111111101001101110001110001000000001000000000000000010011000000000001001101111011110011110111011111111111110100110111001111000100000100110001000001000001001100001000000000010011000111000111011101111011111011110111011110111111110100110111001111001100000000100000000001
-3044783386595385241,20,lattice,1101100100101111110101000000001000010001011110010010111111010101100100101111110101001000001011010101111111111111111111110111101100101111110101001001001011110101110110011010111111011101100111101111110100000000001000000001111110111011111111010100000000101101010100000000000001000001010010000010111101010000000000100001000101001001001011111101010000000010010101011101100111101111111100000000000000000001
4734274924231584839,20,lattice,1000100101001000000011111111111110111111101010010100100000001011100101011000110000001001010010000000101111110111101111011011101101111010110100000001010010000000101111111111101111010000000001001000000010111001011110101101101010010101100000000000000000001000000011111111111111111111101110010101101011001011100101011011110010101001010110001100101010010101100001001011111111111011111110111001010110101101
6482224690004296827,20,lattice,1001100110000100010011111001110111000111001110011101010001000001000110000100000000011001100001000000111111011101111001111111111111011110011100000001000000000000000000011000010000000001100111000100010011111001111111100111000110011101010001001011100111011100011100000001000001000000111110011101111001111111111111011111011111111111111111111111000110011000010001000011100111010100011100111001110101000101
8201812472558054663,20,lattice,1110111111110011001101001010000000000010011010111111001000111111111111111111111100001010000000000010010011111111001000110000001000000000000001001011000000000010010010111111001000110100101101000000001101001011011100100011010010110101001000111110111111111011001111101111111101110011010010110100001000110110111111110011001111101111111110111111111011111111001101110000001000000000001001001011000000000011
-4288202204632192300,20,lattice,1011000101111000011101110001011110000101001000000000000000000011000101001000000111111101011111110111111101010111101101111111111111111111011100100001010000000000111111011111111101110010000001000000000000110001011010000001001100010111100001010010000101001000000011110101011111110111111100010111101101111011000101111001011111111111111111111111001100010110100001010011000101101000001100100001010010000001
-1271869033225146307,20,lattice,1000010100000000100011010111000100101011111101110111111111111001011100010000100011111111011111111111000001000000000000000000011000000000000000000101000000001000111111111111111111111101011101011110111111010111011111101111100001110001000010001101011100011110101111010111000101101011100101110001001010111101011101111111111100000100000000001000110101110001111011111001011100010000101010010111000100001011
-5162597197354905237,20,lattice,1000100000000100000011001000100101010101111111101111111101111101100011111111011100001000000001000000110111001111111101111101111011111111011111111111111111111111000010001000010001001100100011011111010111001000111111110101100010001001010001001100100010011111010100000000000001000000110010001001011101011000100010010101010111111110111111111111000010000000010001001100100011111111011110001000100101000101
5016749216417749495,20,lattice,1001011100000000010111010111111111111111111111111111111111110001000000000000000011011111111111111111000101000000000000000001011100000000000000010101000000000000100101111010011111111001011111100111111110010111001000011101100101111111011111111001011110101111111110010111000001001101100101110000011011011001011100000001110110010111000000001101000101110000000001001001011100100101111100010111000000000101
6364738109287917733,20,lattice,1111011101111011111101000000000000000000011101110111101001000101011101111010010011111111111111111111010001000010001000000100011101101010010001000001011000100100111101111111111111110100000001100010000001000000001000100000010001110111101001000100000101101010010001110111011111101111010000000000001000000111011101111011111101110111011110101101010000000010001001000111011101111010111101110111011110100101
-9212937745399535602,20,lattice,1110111111111111111101100100010010110000001001000000001000001111111111111111111101101100110010110001000001000000000000000110111011101011101101101111111111111111011001001100101100010010010001000010000001101100111010110001011011101111101111110010010001001011000001101110111011111011000001000000001000000010010001000011000001101100111010111011011011101110101111110110110011101011001101100100010010110001
-1080250798052485135,20,lattice,1000000000000000001011111111111111111111101100000000100010110001000000000000001110111010111111011111101111111111111111111011001000011101111110111011111111011111101100001001110111111011001011011101111110110010111111011111100100000001100010111001000000001000001110110000000111011111101110111111111111111011000000011001111110010000000010001011101100000001100011110000000000000000001000000000000000000011
8471317303132190083,20,lattice,1001000110011010110111110011100111111101001100011001101011010001000010010010000111111111110111111111111101111001111111010011001110011010110100010001100110101101000000001000000000011111011111011111111111111111111111111111000000001001001000010001000010011010110100110011100111101101000000001000001000011011001110011111110100010000100100101001000100001001001001011111011110011111111100000000000000000001
3980272855692530418,20,lattice,1111111111111111111101111111111111111111001111101111101111010001100001011010100100001000010110101001000111000101101110010001111001111011110100111111111110111101000111101111101111010000000001011010100100011100011110111001000000000001000000000000000000011000000000111111111111111101000000000001101000010001100001011011100100000000000110101001000110000101101111010011111111111111111100000000000110000001
-254169848072596516,20,lattice,1000000000101010000111101111111111111111101000001011101101011111111111111111111110101111111111111111101001001011101101011010011011111011111110100111111111111111100000001011101101011010010011111011011100000000001010100001000000000001101000010000000000001010000010100110111111111111000000000000001000001000000000101011000110100100111110111111100000000011101101011010000010111011011100000000000010100001
3385232535651026490,20,lattice,1001010001100110101011111101011111111111101111000111111111110001010001100110101010011100011011101011000001000010010000101111111111111111111110111101011111111111101111011111111111110000010001100100001000000000001000000000100101000111111010111001010001101110101000000000001001000000000001000110011010101001110001111111111100000100011001001010100111000110111011110000000000100100001010010100011011101011
3431815288843094612,20,lattice,1000000000000000100011111111111111101110101110111111010011101001000010000000100010011000100000001000101111111111011011101001101010100000100010011011111101001110000000001000000010000000000001000000100010011000101000001000100110101011000010001011101111111110111010011010101101001000101110111111011011101111111111111111111100000000000000001000100110101111010011101001101011110100101011111111111111101111
4099725224345659597,20,lattice,1111111111111111111101011110111101111101011111101111011111110001111011110111110100001000011000010101000011101111011111010000101011110111110101111111111111111111000010001110001101010000000001000000000100000000011000010001000010001111001111010111111011111111111100001000111101111101000010000110001101010000000001000001000100001000111000111101000000000000000001010101111011110111111100000000000000000001
-5303087539231308701,20,lattice,1111111111111111111101111111011111111111001101010110111100110001000100000000000000111111011111111011000101010100001100010001011101101111000100000001000000000000011111111111111111110001000101000011000100010101011011110001001101010111111110110001010101001111000100010101010001110001000100010000001100010000000100000001000100010101010011111001001101010111111111110001010101101111001100000001000000000001
8538805703286021362,20,lattice,1101101111111111111101010000110101101111111111111111111111110001000000000000000001011010111111111111110111111111111111110101001011010110111101010011111111101111000100001000000010100001000001000000101001010010111101101111000100001101011010100101001011111110111100010000110001101010000100001100001010100101001011111111111100010000000000001000000100001101011011100001000000000000101000010000110101101011
-6593880551865749401,20,lattice,1111111111111111111001000000100100000110011111111111111111100101000010010000011001011111111111111110010101111111111111100101001111111111111001010001110111101110000000001001000000100101000011010110111001010001111111111110000000000001000000100101000011011110111001010000100101000110010100001001011011100101000111011111111001000000100100001110000000000000000001100000000000000000001011111111111111111111
8647309806897401813,20,lattice,1000011111100111110111111111111111111111101001111110011111011011111111111111111110101111111001111101000001010010001100000000011110100111110100000001000000000000000001011010011111000000010111100111110000000001001000100000101011111111011111111010111111111111111100000101001001110100000000010000001000000000000100100011000000000101001001111100000001010010001101001010111111100111111100000101001000110101
5531402735785700059,20,lattice,1000010001011100111111000100011111011111111011101111110111111111111111111111111111001110111111011111000001000000010011111000011001111101111111101111111111011111110001101111110111110000010001001100111110000100011111011111000001000101110011110000010000001100111100000000000001001011110011101111111111111000010001011101111100000000000000001011000000000000010011110000000000000000001100000000000000000001
9015685297582902267,20,lattice,1010101111110111111111111111111111111111001000001100000000000011101111110111111100101000110100000100101111111111111111110010101011010000010000101011111101111111000000001100000000000000000001000000000000101010111101011111001000001101000001001010101111111111111100101010110101010101001010101101011111110010101011010001010000101010110101011111001000001100000001000010101011010101011100101010110100010101
4552949041646226365,20,lattice,1110011011110110111101000110111101101110011001101111011011100111011111110110111111111111111111101111000001100001001000100000001000000000000001100111111101101111000001101001001000100000011011010110001000000110111101100010000000100001000000001111011111111110111100000110100101100010000000100001001000001111111111111111111100000110111101101110000001101111011001100000001000010010001001100110111101101111
-2609404615788139439,20,lattice,1011000111110011101111110111111101111111001100011110001110100001000100100000000011111111111101111111101101011111011111111011011111110111111100000001001000000000000100011110001110100001000101100001001000000000001000000000000100010111001110101111111111111111111110110001111101111111000100010110001100100001000100100001000000010001011000111010101100011111001111110001000100100001001000110001111100111011
7728313745693993349,20,lattice,1000100000100010110011001100101111101100111111111111111111111101111111111110111100001000001000101100100011001011111011001100111010111110111011001111111111101111100010001010111011001100111011111110111100000000001000101100100010001011111011001000100000101010110000001000001001101100000000000000001000001101111111111111111100000000000000101000000000000000001011001100110010111110111011001110101111101111
3767794217567319008,20,lattice,1011111101110101010111111111111111111111001000000100000000000011111001110001010100101110011100010101000001000101000000000010011001010000010000111111011101010101101111111111110101110000000001000000000000100110011100010100000000000101000000001011111101111101010100100110011101010101101111111111111101110010011001010001010010111111111111111111001001000101000001001011111101111101011100100110011100010101
3928682338129246608,20,lattice,1010110001100000010011111110011011111111001000000110000001001011111001101111110100101100011000000100001001000110000001000010111001100000010011111111011111111111111111111111111111110000000001100000010000000000001000000100111111100111111111111010111001101111110110101110011001111101101011100110001111010010111001100001010000101110011000011100000000000000000001001010111001101111111110101110011000011101
-6477168986876368882,20,lattice,1011001110111111011111111111111111110111001000010000001000000011000110010111010110111011111111110111101111111111111101110011001110010111010100000001000000100000001000011001001100001011001111111111011100110011101101110101001000010001001100000011001110111111011100100001100101110101000000000000001000000010000100000011000011111111111111111111001000010001001101000011001110010111011100100001100100110001
1300551516053176678,20,lattice,1111111111110111011101001000000001000000011010001000011100000111111111100111011100001000000001000000011011111100011100010110101111000111000101001001100001010000010010001000010000000110100011000111000001101111111001110011011111111111011101111111111111111111011100000000000001000000010010001000011100000100100010000101000011111111111111111111011011111110011101110110111111000111001101101001110001110001
7892062890138690574,20,lattice,1110111111101111111101001100000000101000011011101110111011101111111111101111111100001100000000101000000001000000001000000100111010000010100001101111111011111111010011001000001010000100111011000110111001001110101000101110111111111111111111110100111011101110111001001110100001101110000000000000001000000110111011101111111000000000000000101000010011101000001011100100111010000010101001101110111011101111
-3237186846880982622,20,lattice,1110100001010111110101101000010101111101001010000001011110011111110001010111111100001000000000001001111011000101011111011111111011010111111111111101110101111111111111001101011111110000100001000101100111111111111111111111000010000001011110011111111111011111111100001000000001001001000010000000011110010000100000000101100100000000000000001000001010000001011111011110110001010111111100000000000000001001
-4555573728223278275,20,lattice,1001000111000001010011110111110001011110101100111100010111100001000100000000000011111111111111111111101101111100010111101001001111000101011000000001000000000000000100011100000000000000000101000000000011110111111101011110111101111101010111101111011111001101111010010001110001010100111101111111111111110001000111000001010010010011110001011110000100011100000001001001000111000101011011110111111111011111
-3211119904752891365,20,lattice,1110111011111011111001000000000110000000011001100111101111101111111111111111111001001110111110111110010001100011101111100100001000111000101011101111111111111110010001101111101111100100011001111011111001000000001110000000000000000001000000000000000000011000000011101110111111111110010000100011101111100100001000111001101001000000001110001000010000100011100111100100000000111000101011111111111111111111
-8465246689571245460,20,lattice,1000000000010000000011111010000111111100101000100001000111001011101000011111110010101010000110111100101111100001111111001000001000010001000011111111011111111100111111111111111111001111111001111111110011111110001111111100000000000001000000001000001000011001110010101010000111111100101000100001001111001000000000010001000010000010000100011000100000100001000111001111111111111111111111111111111111111101
-1237705497402583826,20,lattice,1111111111101111111101000000010010000000011011101110111011110111111011101110111101001000111010100111010001001110111001110100111011101110111101111111111011111111000000001100100000010000000001001000000001000000111010100101111111111111111111110000000000001000000001000000111011100111010000001100101001010111111011101111111101001000111010101111000000001100100001010100000011101010011100000000010010000001
3992207150799172497,20,lattice,1111111111111111111101000001000000001111011000010100100011110111110111111111111101101001010110001111011011011101110011110111111111111111111100000001000000000000011010011101110011110100000101000000111101101101111111001111010000010101000011110100000101001000111101101001010111001111011011011101111011110110110111111111111100000001000000001111000000010000000001000000000100000000011100000001000000000101
-39645738550338106,20,lattice,1001001010010000010011010010100100000100111111111111101111110001000010010000010011011111111110111111110101101001101011110001001010010000010011010111111110111111000000001001000000001101011011111011111111010010101110100111000000000001000000001101001010011010010011111111111111111111110100101001001001001101011010011011111111010010100110101111000000001001000001001101001010011010011111010010100110100101
-6337262805582901820,20,lattice,1001011010111101010111010111101111011111111111111111110111110001011000110000000111011111101111011111000001100011000000010000001000100000000010010111101111011111000101101011110101011101111111111101111100000000001000000000000000100011000000000001011000111100000100010110001101000001111111111111111111110001011000110001000110010110101111011101000101100011110101011001011010111101111100000010001100000001
8632219640660608043,20,lattice,1111111111111111111101101110111111110011001011001100110100000111111111111111111100001000000000010000000011001100110100000010111011001101000001101111111111111111000010001100110100000000100001000001000000101110111111110011001011101101110100000000100001001001000000001000010011010000001011101100111100000000000000000001000001101110111111111011011011101111111111110010111011011101001100101110110111010001
1248856650630868240,20,lattice,1111011111011001110101010011100100010000011100111001000100000001000000000001000011111111110110011111011101111001000100000001001010010001000000010011100100010000000100001000000100000111011111011001110111111111111110011111000100001001000100000111011110011001010111111111111111011111111111111111111111110000000000000001000001110111100110011101010100111001000101011111011111011001111101010011100100010001
-4331365439468459571,20,lattice,1000000001000001000011000000010101110111111000110111111111111101001101010111111111111111011111111111111101110111111111111100001101010111011111000001010101110111111111111111111111110000000001000000000011000011011101111111100000000101001101001100001101111111111110000000010101110101100000000100001101000000000001000001000011000011010101111111100000000100000101001000000001010111011110000000010100110101
-6484391020714468056,20,lattice,1011111111111111111111111111111111111111001111111111111010100001111111110110101000001111111101101010000001111111010010100000001110110100000000000001001100000000000000001011000000000000001111110100100000000000001100000000000000000001000000000000011111111110101000000001101101000000000001111111011010100011111111111111111100000011101101001000001111111111111011100000001111110100101000111111111111101111
-8942928596158592031,20,lattice,1111111111111101111101000000000011000101011110111111110111110101101111011101110101001011110111011101011111111111110111110100001111001101110101000001110011011101010000001100110101010100000001001101010101001011111111011111010000111101110111010000000000001100010100000000000001000000111111111111111111110100000000001101010101000000110011011101000000000000010001010100101111011101111100000000000001000001
-2621861520771736873,20,lattice,1000101011101110111111101010111111101111101010101110111011111111111111111111111100001010001001000000111011111111111111110000001000100100000011101011111111101111000010101110010000100000101001100100001000000000001001000000101010101111111011110000101011101100101000000000000001000000000010101110111010101110101111111111111100001010111001001010000010101110110011100000101000100100001000001010111011101011
-1989432857081348469,20,lattice,1000000000000001000011000000000000010000111111111110110111111101001100000001010111011011010010011111110111111100110111111100001000000001010111000011000000010101110110111100110111111101001101001001110111011111111011011111111111111111110111111101001100001001110111011011010011011111111111111111111111110000000000000001000011010011000000011101100000000000000101001101001101001001111110000000000000010101
-222515530486253907,20,lattice,1000000000000000000011000101000000000000111111111101111111111101110111000101111111001101000000000000100001000000000000001101111111011111111110000101000000000000110011011100010111111100110101000101111111111111111111111111110111011101111111111100110111001101111111001101000001000100110111011100011111111100110100000101110111001101000001001101110011010000000001001100110100000101111111001101000001000101
3204635404728890249,20,lattice,1100100000100000110001000000001000001100111011010010010111101111111111111111111101001000001000001100110011000010000011001110111100100101111011001101001001011110111011111010010111101110111111101111111000000000001000000100111011111111111111111110111110101101111011001100001001011110110011000010011111100100100000100001110000000000000000001100000000000000000001001100110000100001111011101111111011111111
-4414574491994355297,20,lattice,1101101010111010011001010000101000100010111110111011111001110001000010100010001001011010101010100110111111111111111111110101001010100010011011011011101110100110000000001010001000101111101111111111111100000000001000100000010110101011101001100101001010101010011001011010101111100110000000000000001000001111101110111111111111111011101111101111010100001010001001100000000000100010001011011011101111100111
-3999463454205792715,20,lattice,1010000000011010010011111101111111111111001000000001001001001011110111111111111110101101111111111111101001000001101001001111111111111111111110100101111111111111101001001111101111101010010001111011110010100100001110111100000000000001001001000000000000011010010010100100111111111111000000000000001001001010010000011011110010100100000110101100000000000000000001001010010000011011111010100100111110111111
4618407879521775618,20,lattice,1111110111111111111101110101101110100011001101011000101000100001000100000010001000111101101111100111000101011000101000101111111111111111111100000001000000000010000000011000000000100111110111111110011100110101101110100011001101011001101000110001000110001010001000110101100111100011000000010000001000100111110111111111111101111101111111101111001101011001111001110000000000000000001000110101100010100011
4358929229100304447,20,lattice,1000101110110011101111101011101100111011101010111011001110111111101111111011101100001000001100000011111111111111111111110000101100110000101100001001001100001011000010111011000110111110101111111011101100000000001000000011000000000001000000011110101110111011101111111011111111111111000010111011001110110000101100110001101100001000001100001011111110111111101111110000000000000000001100000000000000000001
6775051149284427830,20,lattice,1101001001111101111101010010011111011111111101100111110111110001001001001001101111111110011111111111000101100111110111110000001001001001101111111111111111111111111111101111111111110000000001000000001000010010011111011111000100100101110110110000000001001000101100010010010011011011111101100111111111110000000001000001101100000000010000001011000100100101110111110000000000000000001000000000010000000011
-4879036429090084425,20,lattice,1111111111110111111101111101111101011111001111011111010111110001000100010000000000011101111101000111000101011011000000100001111111110101111100000001000100000000000100011001000000000001010111110100011100010001101100000010000000000001000000001111111111111111111100010101101101000110011111011111011111110001110111110101011100011101111101011111000101011011000001100001000110010000001000010101101101000111
-94220740021366476,20,lattice,1011111011101101111111111111111111111111001101000100100111100001010000000001011000111100010011011111000001000000000000000011111011101101111100111111111011011111001111001110110111110001010001000001011000111100011011011111101111101111110111110001010000001001011000110100010011011110101111111111111111110000010000000001000000010100010010011110000001000000000101000000010000000001011000110100010011011111
-6610459023660510077,20,lattice,1001101000011111110111011010000111111101111110111111111111110001101000001110110100001010000011101100111111111111111111110000001000001110110011011011011111111111110110101011111111111101101001111111111111011010001111111111000110100001111011010000000000001110010000000000000001100000000000000000001000000001101000001111110100000000000011101100000000000000011001001101101000011111111100001010000011101101
8463322913900081903,20,lattice,1001101111011110101111111111111111101111001111111101111011110001001110001000101000011011110111101011000111111101111011110000001110001000101000000001100010000010000000001000100000100001001111011110101010011111111111101111000100111001111010100000000000001000001000010011100011001010000100111000111010101111111111111111111100000001100010001010000110111101111011110000000000000000001000010011110111101011
9114219037949246716,20,lattice,1000000100110111100111001111001101111011111111111111111111111101111100110111101110001011001101111011100011110011011110110000001100110111100100000001000100010001110111111011011110111101111101110111101100000001001100010001000000000001000000011101111101111111111100000001001101011001000000010011011110010000000000010001000100000001001100011001110111110111011111111000001100110111101100000000000000000001
2885954833339538031,20,lattice,1010011111101011111101100111111110111111001001001110101111101111011111111111111111111111111111111111000001001110101111100010011111101011111100100101111010111110000000001000000010100000000011000000111000000000111010011110001001111111101111110000000011001001111011100111111111111111000000001110101111100000000011000001111000000000000000001000000000000000000011100000000000000000101000100101111010111111
-7902919259814611151,20,lattice,1111001111111111110101000001101111101000011000011111111111010101000111111111100111111011111111111111111111111111111111110111001111111111110100000001101000000000000000001010000000000100000111111111100100000000001000000000000000011011000000000000000110111000100000000001101111001000000000011011111010000100000110111111100100000001101100001000010000011111111111011111001111111111111101000001101111101001
-9126724299856115612,20,lattice,1000000000000000000111111111111111111111001001000000000000011011111111111111111110101100010010110101000001000000000000011010111011101011011110101111111010110111101011001100101101011010010001000010010110101100111010110111101011111111101101111010010001001011010110101111111111110111100001000000001000011010010001000011010110101111111111111111101001000000001001011010010001001011011100000000000000000001
4405291110266065894,20,lattice,1001000010001010101011111111111111111111101111101101111110110001000010001000100010011000100010111010100111101001111110101001001010011010101010111111111111111011000000001000100010001001111011011111101110111110111111111011100100001001101010100000000000001000100010011010100111111010000100001000101010001001000010001011101000000000000000001000101111111111111111110001000010001000101010011110100111111011
5376190147815670747,20,lattice,1110100111111101001101101001111111010011001010000001000000000011100111111101000100001000000100000000111111111111111111111111101111111101111100101001010110010001001010011111110100010010100001011001000000101001011110010001000000000001000000000010100000011000000000101001011111010001111110111111111111110010100000011001000011111001111111011111111110011111110101110010100101111101001100101000010110010001
5325511785427683263,20,lattice,1110010111001111010101100001110011010101001000000100000101011111111111111111111111101101111011110111011001011100110101011110111111101111111100100001110001010101001000001100010101010000000001000001010111100101111011110111111001011101111101110010000111001101010100000000010001010101011001011100111101010000000000000001000011101101111011111111000000000000000101011110010111001111011100000000000000010001
-6661149480233499606,20,lattice,1101011111000111110101000010000000000100111111111111111111110101011111000110110101011111110011111101010001100000001011010000001000000000000001000111000001101101010001111000011011010100011101000110110111011111111011111111110111111111111111110101011111001111110101000110000001101101010000100000001011010101011111000111110101000010000000001100000000100000000001001101011111000111111101000010000000001101
2740305493532136654,20,lattice,1111110111111110011101010000100010000010011111011111111001110001000010000000000001011101111111100111010101011110100000101111111111111110011100010001100010000010000000001000000000000101000011001000001001010001111010000010010100001101100000100001000010001000001001010101111111100111010101011110101000110111110111111111011111111111111111111111010101011110101001110001000010000000001001010101111010000011
4552780076590621986,20,lattice,1011101011001111111011111110111011111111001100001000101100000001000000001000000000111000100010110010101111101110111111100011101011001111111011111111111011111111000100001000100000000011100011001111111000111000111011111110111111111111111111110000000000001000000000111000100011110110000100001000101100000001000010001001000000111000100011111110001110001000101101100011000010001011001010111110111011111111
-3621142862000020685,20,lattice,1111111111111111111101111011111111111111001110111111111111110001101111011111111100001011110011111011000111111101111111110000001101000111100100000001010001001001000000111100111110110000000001000000000000011011111111111111000000111101111110110000001101001111101100000000010001000001000000010100011110010000000101000101100100000000010001001001000010111101111111110000001101000111101100000000010000000001
3788491326094118797,20,lattice,1110010000110000001001100100001100000010001001000010000000101111111111110110001011101111111101100010000001000000000000001110011010110110001011100111111101100010111001001011010000101110011011110110001000000100001000000000001001000011000000101111111111111111111111100100001101000010111001001011011000101110111111110111101011101111111101101010111111111111011111110000010000100000001011111111111101111011
2853609318256308195,20,lattice,1100000000000010001001000000000000100010111110110011001111111101000100110011111111011001001100111111111111111111011111111101101100110011111111000001001000110111111110111011011111111111101111110111111111000000001000110111110000000011001101111111111111111111111111111011001101111111000000000000001000001100000000000011011111000001001000111111110000000000001001110000000000000010001011000000000000100011
5947237862603158950,20,lattice,1000001110001111100011111111111111111111101111111001111111111001101110011111100100001011100111111000100111111001111111010000001110001111100000000001100011111000000000001000110110001011111111111111111110011111101111111111000000111001111110000000000000001101100000000000000001001000000000001000111110000000000000000101100000000000000000001000100110111001111111011001111110011111111110001011100111111001
-1103509195771469452,20,lattice,1111111111111011111001010000010000010110011110000100000111100001000000000000000001011000010000011110011111110111001111100111101101000011111001011001010000011110011111111111101111100001000001000001010001111011011000111110011110110111001111100111111101111011111011111111111111111111011110000100001111100001000000000001000001010000010000011110000100000000000001000001000001000001011011111111111110111111
9105292604192775954,20,lattice,1011111111111110111011111111111111101110001101111011111011100001001010110000011000111111101111101110000101101011111011100000001010000000000000010011101111101110000000001000000000000011111111111110111000000000101100000000000000001001000000000001001010111110111000010010101101000110000100101011011011101111111111111111111100010010101101001110000000101011000001100000000010110000001011111111111111101111
5239416494565751785,20,lattice,1111010011011110010001110100010111100100001101000001111001000001010000001000000011111111111111111111000001000000100000001111011111111111010111110101111111110101011101001101111001000011010001011110010011110100111111100101000101000001111001000000000000001000000000010100000011000000000101000000101001001111010011011111010111110111111111111101000101000000100001001111011111111111011111110100110111100101
-8754613070648250843,20,lattice,1001000001000010001011111111111111111111101110001110101101110001000001000010001010011000110010100110101111001110101101111011111011101011011110111111111010110111100100001100001001100000000001000000000010011000111010100111101111111111101111111001000011001010011010111111111111111111000000000100001000101001100011101011011110111111111010111111000000000100000001100000000001000000001010011000110010100111
-961523981264884404,20,lattice,1001101001100110001011111011111101111110001110110111011100100001100001100110001000001000011001100010111111111111011111100001101001100110001000011011011001110010101110111111011100100000000001100110001000000000001001100010000110110111011100101111111111111111111000000000000001100010000000000000001000100001101001100111001010111011111101111010101110111111011111100000000000000000001011111111111111111111
4474652631274789763,20,lattice,1011011111010111010011110111110101111110001100011001011101000001000100010011000011111111111111111111001101111001011101000011001110010111010000000001000100010000000100011001011100000011011111010111010011110111111111111111000000000001000100001111011111011111111100010001000101110000000000010001001100000000000000000001000010110111110101111110000100010001001101001011011111010111011011110111110101111111
2801885225140719740,20,lattice,1100100010110001111101001000101100011111111011011111111111111111111111111111111100001000101000011111110011011111011111111110111111111111111111001001101100011111000000001010000111111100100111110111111100000000001000010101000010001011000111111100110111111111111111001000101101111111110010001011001111110000000000000001010100000000001000011101000000000000000001000000000000100001111100000000000000000101
-537029763675145522,20,lattice,1111111111111111111101111011111111111111001010000100110001000011101111011111111100001000010011000000011111111111111111110010101011001100011000101001110111010110001010001100110001100000000001001000000000111011111111111111001010001101110101100000000000001000000000000000010011000000001010111101111101100010100011001101011000101011110111111111000010000100110001000010100001001100011000101011110111110111
3619077321971632632,20,lattice,1110101111011001010101101011110110010101001000000000000000011111101111011011010100101011110010010101111111111101101101010010001111001001000100100001100010010001001000001000100100010010000111001001000111101011111110110101001010111101100101010010000000001001000111111111111111111101111010111101101101010000000000000001000111111111111110111101001000011100100101011111111111111111111100000000000000000001
5105159732174557627,20,lattice,1000010001011110000011100101010111111100101001000101111100001111110111011111111111101101010111111111000001000100000000001110111111011111111110000101010111110000111011011101111111110000000001000000000011111111111111111111000001000101111000000000000001001000000000000000010011000000000001000100101000001000010001011111000010000101010111111000101001010101111111001110010101011111111111100101010111111101
-662548181984298731,20,lattice,1111011001011011111101000000000010000000011001100101101100110101011001011011001111111110110110111111010001000101101000110100011001011010001111111111110110111111111101101101101111110100000001011000000011111111111110111111010000000001100000000000000000001000000011111111111111111111010000000001101000000100011001011011001101110110010110111111011101100101101101110100000001011010001101000000010110000001
-3828721791982976280,20,lattice,1011000010000000110011111011110111111111001000001000000010000011000010000000110010111011100001001111111111111111111111111011001010000000111010110011100001001110000000001000000010001011101111011110111111111011111111111111101110111001110011111011001110001100111010110010100001001110101110111001111011111011101110011101111100000000000000001000001000001000000011001011000010000000111010110011100001001111
2704228369157174177,20,lattice,1111111110111111111101000000000000000000011010011000001011110111111110001011111101001001100000101110011011011000101011110110111110001010111101000001100000101110010000001000000000001111111111111111111101111111101110111111011111111001101111110110100110001010111101111111101111111111010000001000001011100110100110001011111101000000100000001110010000001000000001100100000010000000001001001001100000101111
951991321784769380,20,lattice,1100011001001110111001000110010011101110111111101101111111110001011001001110111011011110010111101110000001100000110000000000001000001100000011111111110111111111110111101101111011110000011001001110111011111111111111111111110101100101111011100000000000001100000000000000000001000000000001100000111011001101111001011111111100000110000011001100000001100000110001000000011000001100111011011110010111101111
9126550162177618522,20,lattice,1001001000000000000011111111001111111101101100110011111111010001001000000000000010111111001111111101101101110011111111010000001000000000000010010011000000100000111111111111111111111011111101111111110110010011001111111101100100110001111111011001001100001011000110010011000011110101100100100000001000001001001100000011000110010011000010111101100100110000101101011011111101111111111110010011000000100001
-2804480858509977396,20,lattice,1111111111111111111101110011111111001010001100011110110010100001000100001000001000111011111111001010011111111111111111110011001111111100101000000001000000000010000100011010110010100001000111101100101000010001001010001010001100011111110010100000000100001000001000010001001011001010011110111111111111110011101111111101101000000001000010001010011110111111110111110000000000000000001000111011111111011011
-3874715785482618499,20,lattice,1011111111111111111111111111111111111111001001111000000010010011111111111111111100101111101111111111000001011000000010010000011110000000100100000001100000001001000000001000000000010010011111111111111100100111101100111011001001111001000010010010011110111111111100100111101101111111001001111001001110110010011110010001100100000000100000001001001001111011001111110000011110000000101100000000000000000001
-8497503010458644344,20,lattice,1111001101011110011101010001010110000001011100110101100000110001000000001000000101111011010111100111011101110101111001110101001101011000001100010001010110000001111111111111111101110000000001000000000111110111011111100111000000000101000000010000000000001000000101110011010111100111011100110101101001111111111101111111011111111111111111111111010100110101100001110101000101011000001100000000000000000001
-5055253849739624171,20,lattice,1111011111111111111101100111110111111100001000000001101001000111011111011111111011111111111111111111001001100001111111000010001000011010010000100111010111111100001001111101111111000010001001011111110001110111111111111111000000000001001001000000000000011010010000100000000111100100000000000000001000000010000000011111010000100010000111111100000000000000001001000110011111011111111001110111110111111111
6967180207831632518,20,lattice,1000111111111110110111011111111111111111111111111111111111111001111111111110110100001111111110001100000001111111100011000000001100100000010000000001001000000100000000111111100011000000001101100000110000000000001000000100000000110111100011000000001101101000110000001111111111101101000011111111101011011000111111111111110100000011001000001100000000000000000001001001111111111110111100001111111110001101
-1692747834113065780,20,lattice,1101111001111111111101000000000000000000111111111111111111110101101000110111111101001010000001001010010111100011111111110100001000000000001011011111111111111111110111101111111111110100101001110111111101000010001001000010010010100011010011110100101000111100111101000010000001000010010010100011011111110100101000110101111101000010000001001010010000100000010011100100000000000000001001001010001001001111
2287521553595669375,20,lattice,1110111101111101111101101111011001001110001011000100010001000111111101111111111100001100010001000100000001000000000001000010111101100100110000101101011001001100111111111111111111110000010001000000010000101100011001001100011011110111110111100110111101101101111000000100010001000100011011110111111111110110111101100101111000101100010001001100000000000000000001000010111101100100111001101111011111011111
56889348069273195,20,lattice,1010010000111101010011111111111111111111001001000000000001001011110111111111111110101101111111111111000001000000000001001010111111111111111110100101111111111111101001001111110101001010010001111101010000100100001111000100001001000001000001000000010000001000010000100100000101000100101001001111111101110010010000111101010010100100111111111111000000000000000001001010010011111101011010100100111111010111
8123733377308961027,20,lattice,1111110110101101111101001101001011011101011111011010110111110101110110101101111100001101000000000101000001000000000001011111111111111111111100000101000000000101010011011010110111010111110111111101111100001101001000001101011111011011110111110000110100101100110100001101001001001101011111011111111111110000110100101101110100000100000000001101000000000000000001010100110110101101111100000000000000000001
-7101670115436304692,20,lattice,1000101000000000000011001011100000000000111111111111111111111101101110000000010000001010000000000000110111111000000001000000001000000000000010001011100000000000100010101000000000001101111111011111111111011111111111111111110111111001111101111101111110001111011111011111100001010100110111111000011101111101111110000001010011011111100001011111110010111000000001001101111110000101011011011111100001010111
-995536703401465801,20,lattice,1111111111111111111101011001100000101111001110011001001011110001000100000010111100011001000000101111011111011001111011110111111111111111111100000001000000101111000110011000001011110111110111011111111101111101101111111111000110011001001011110101100110001010111101011001100111101111000000000000001000000111110110011111111100000000000000101011000000000000001011110000000000000010001000000000000000100011
5983524472527945105,20,lattice,1000000000001001000011101111110110110010001000000000100100001111111111111011011010101111110110110010101001111101101100101010001111011011001010100001110110110010101000001101100100000010000001001001000011101111111110110110001000000101100100000000000000001001000011111111111111111111101000001101101100100000000000000001000011111111111110111111111011111101101101101010000011011001001011111111111110110111
2030624409135608021,20,lattice,1000000000000000100111010100110111111111111101001111111111111001010011001011110111111111111111111111100001001100101111011101011011111111111111110111111111111111100000001100101111010000000001000000100111010100111111111111100101001101111111111000000001001000110110000000110011111101100000000100101011011000000001001011110100000000000000001001100000000100000011011001010011001111111100000000000000000001
968506780247092898,20,lattice,1111011101111111111101110011001111100011001000110011111000100011001100111110001111111111111111111111011101110111111000110000001000000000001000000011000011100010111101111111111111110111001101111110001100000011001111100010000000110001111000100000000000001100001000000000000001000010000000100000111000100111011101111111111101110111011111101011011101110111111011110000000000000000001000100011001111100011
-7218058265787706973,20,lattice,1001010101111110111111010101011111111111111101010111111111110001000101000100010111111111111111111111000101010111010001111111011101111111111100000001000000000000111101111111111111110000000101000100000000010001011101000111000100010101010001110001010101111110111100000001000001000000000101010111011011111001010101111111111100010101011101001111000000010000010001000001000101000100011100000001000001000101
-7342601902785182033,20,lattice,1100001010011010001001000010000000000000111101111111111000111101001110011010001011111111111111100011110101111001101000100000001000000000000011000011100110100010010000101001101000101101011111011010001011010111111110100010010000100001001000100100001000001010001011010111110111100010010000100000001000101111111111111111001111111111111111111111111111111111111101110100001000000000001011010111110111100011
-6681617629216018514,20,lattice,1000000000000000000011101110011110111101101000100010101010001111111001111111111110101010011110111100101011100111101111011000001000101000100011111111011111111111111111111111111111111010001001111011110010000000001010001000101000100011101010001000000000001000000011101110011111111101100000000000101010001010001000111011100010000000000010001000101000100010101011001010111001111011111110101010011110111101
-2549727742887038418,20,lattice,1000000000000010000011000000000000100000111111111110101111111101111011101011111111001000111010111110110011001110101111101100111011101011111111001101111010111111110000001110001110101100000001100011001010000000001000100000111111111111101111111100000001101011101011111111111111111111000000000000001000001100000000000011001011000000011000111010110000001110001111101100000000000010001011001100111010111111
-2926577413367526639,20,lattice,1110001011111111010101100010111111110101001000101111111101011111011011111111010111111110111111111111111001101111111101010000001000000000000011111111111111111111000000101111011101000000001001110011010000000010001000010100000000100011001101000000001011111111010100000010001001110100000000100010001101000000001000000001000011110110111111111101000000100000000001001111011011111111011100000010111101110101
4712550593706208494,20,lattice,1111111111111111111101001100001100011110011111100011100111100101110000111001111000001000001100010010000001000010000000100101111000111001111001111111111111011111011111101011110111100111111011111101111100000000001000000000000000000011000000100100110000111001111001111110001111011110011111111111111111110000000000110001001000001100001100011010000011000011000111100000000000100000001001111110101111011111
4289330938268156680,20,lattice,1110000000000101001001100000000001000000001000000000010000001111101111001111111011101001110001010110111111111101111111111110101111001111011001100001000001010010111000011100010100101110000001000101001011111111111111111111111110111101111111111110100111001101011000000000000001000000111010011100111101100110000000000101001011101011110011111110111000011100010101100110000000000100001011111011110011111111
802919351930561421,20,lattice,1111110011000111111101001000010000001111011010000100000011110111100011000001111100001000000000000110011111001100001111111111111111011111111101111101110001111111011010001100000011110000100001000000111111111111111111111111011110001101000111111111110111011111111101111100110001111111011010001100001111110110100011000001111100001000000000001110000000000000000001100000000000000000001000001000000000001111
6165524469022700718,20,lattice,1000010110000000001011001101111111111011111111111111111111111101110111111111101110001101111101110011000001001000000000101101111111111111101100000101100000000010000000001000000000101000010111110011001110000101101000010011100001011011000100111000110111111111101110000101111101110011100001011000001100111000010110000001001010001101111101111011110111111111111111110000000000000000001010000101100000010011
7491140013261333360,20,lattice,1000110101001111100111011101011111111111111111111111111111111001110101111111111100001101000000100001000001010000000000001101111101111111111100000001000000000000110111111111111111110000110101000110000110001101011011111001100011010111111111010000110101001111100100000001000001000001000000010000001000010000110101000111100100001101010001101001100011010110111111011000110101111111111100000001000000000001
-6030269121057735462,20,lattice,1000100010000011110011011111100111111111111111111001111111111001111110000111110100001000000000001000100011011000001111011000101110000011110110001001100000111100000010001000001110001001111111011111111111111111111111111111100111111001111111111001111110001111110110001111100001111101000010000000001010000000100000000011100000000000000000001000000010000000000011001001111110001111111110001001100000111101
-5645115033253143392,20,lattice,1111111111111110111101001111011100101111011111110111111011110101111101111110111100001101001100101011000001010011000010000000111101110010111100000001001100001000010111111111111011110000110101110010111100000000001000000000000000000011000000000100111101111110111100001101011101101111000001010011001010111111111111111111111100000000001100001000000011010011001011110000010100110000101000000101001100001011
-7802674043560278165,20,lattice,1101111111111111101101000000010010000000111111111111111111110101111111111111101101001111111111111000010001000111111110000100011001111111100001000111111111111000010001001111111110000000000001001000000001000000011110111000010000000101100100000000000000001000000001000000011111111000010000000101101110000100000001001001000001000000010110011000110111111111111111110100011111111111101001001111111111111001
7770808174403927444,20,lattice,1000000000100010010011111111111111111110101001111111111111101011011111111111111010111111111111111110100001100010111111101000001000100010010010000111101111111110100001101011111111101000011111111111111000000000001000100000100001100011111111101000001000101010011010000010001001110110000000000000001000001000001000100011011010000010001011111110000000000010001001001000001000100010011011111111111111111111
-2832827909363397948,20,lattice,1100011101011101111101000011010111010111111011111111110111111101011101011101111111001111011111011111010001110101110111110000001101000100000000000001010001000000110001111111110111110000000001000100000011000111011111011111000000110101110001010000001101001100010100000000000001000000111111111111111111110000001101011101011101000011010111011111000000110100010001000000001101011100011100000011010001000101
8067753733925779428,20,lattice,1111111111111011111001000000000000100000011000000100001101000111010111110011110001111101111110111100011001011111001111000111111111111011111001100001011000111100011000011110001111000100000001000011010001100000011000110100011000000111001111000111010111111011110011111111111111111111000000000000001000000100000000000011000001100000011000111100010000000000001101000111110111111011111001111101111110111111
-3744099371639225582,20,lattice,1110111110101011110101000000000000000000011000111010001111011111111110101111111101101011101000111101011011111010101111010100001110100011100101000001101000011001010000001000000010011111111111111111111101000000001000011000111111111011111111110110101110101011110111101111101011111111010000011010001110010100000000000001100001000000000000001000010000111010001111011110111110101011111101000000000000001001
7253058925910540205,20,lattice,1101110010010111111101011000100000000001111111111111111111110001100010000000000100001000000000000001010111001000000101011101111111010111111111011101110101111111000010001000000000011101110011010111111111011111111101111111010111001001000111111101110011011111111101011100100101111111010111001001001111110101100010000001010101011100100000011111010110001000000001010101110010000001011100000000000000000001
8037476330895666609,20,lattice,1000000000101011000011011111011111111001111111111111111111111001111101111011100110001101001110110001100001010011101100001000011100111011100110000001001110110000110111111111111110111000111101111011100100000000001000000000100000000011101100000000000000101010000010011111011111111001000000000010001000000000000000101011000010000101001110111001110111111111111111111101111101111111101110000101001110110001
-5873737052553690457,20,lattice,1100001110011100001101000011100111000010011000111001110000111111101111011100111101101011110111001011111111111101110011110000001110010000000000000001000100000000000000011001000000000110001111011100001111111111111111001111000000000001000000000000001110011000000000000011100111000000111111111111111011111111111111111111111101100011110111001011111010111101110011110000001110011100001001000011100111000011
8126643438406082705,20,lattice,1111011111100110101101110101111000101001001101011110001010000001000011100010000011111111111111111111000101011110001000000111011111100110101100010001111000100000000000001010001000000000000001100010000000000000001000000000111101111111011011111111011111101110111101110101111001101011000000000010001000001111011111101111111100010101111000101000111101111110011011110111010111100010101100110101111000101001
-1538034301038205505,20,lattice,1011111000100000100011111111011111111111001000100010000000000011011000100000100000101010001000000000001001100010000000000000001000000000000010111111011010101001111111111111111111111011111001101010100100000010001000000000101111110111111111111011111000101010100110111111011011111111101111100010001010011011111101101011110100100110001000001000101111110110101011011011111101101011111110111110001000001001
6713674098803348817,20,lattice,1000000000000100000011111111111111111111101001011111010110101011111111110111111010101111111101011110100001000010010100101010011111110101111010000101111101011010100001001111010110101000010001100101001000000000001001010000100001000111010110101011111111111111111100000000000001000000101011111111011111100000000000000101000010000100011001011010101001011111010111101000000000100101001010111111111101111111
7607837732367886444,20,lattice,1111111111111111111101001111110011001111011111111101110011110101111111011100111100001101010011001101000001010100010011000000111101001100111100000001010001001100000011111100110011110000000001000100110001111111111111111111000011110101110011110000010101001100110100000000000001001100011111111101111111110101111111011101111100000000000000001100000000000000000001000000110101001100111100000101010001001101
4553177959699263623,20,lattice,1111000101011010110101110001010110101101001100010101101011010001000101011010110111111101111111101101111101011111101011011111111111111111111100000001010100101101111100011111101011010000000001010000100011110001011110101101000000000001000000000000000001011000110111110101111111101101000000000101001010001111110111111111111100000000000100001000000000000101000011011111110111111110111100000000010100001001
-8921655177287189423,20,lattice,1101011010011111011101010110100111110111111101101111111111110001011010011111011111111110111111111111000001101001111101110000001010001010000111111111111111111111000000001000001000001101011011111111011111010110101111110111000000101001101101110000000010001010000000000010100111110111000000000000001000000000001010001011011111010110100111111111000000101000101001010000001010001010011100000000100010100001
-4596586409493889499,20,lattice,1111111101111111001101111111001111110011001000000000000100000011010100111011001100111111001111110011001001010001001100000011011100111111001100100001000100110000111111111111111110110011010101111011001100100101001110110001001000000001001100000010010100011011000100100101000111110011001000000000001100000000000000000001000011111111011111111011111111111111111111110010010100011011001100100101000100110001
3145692474781258880,20,lattice,1010000000000000010011100110001111001100001000000000000001001111011100111100110011111111001111111111101001100010110011001010001000000100110010100111001011001100111111111011111111111111111111111111111110100010001011001100101001100011110011001010001000001100110010100000000001001100111101110011111111101111011100111101111010100000000000001100000000000000000001001111011100111100111011110111001111111111
7886833681262146200,20,lattice,1111111111110111111001010110110100111110011111111111011111100001010000010000110001011111111100111110000001000000000000000001011010010011111001010111110100111110000001001000000011000001011011010011111001010111111100111110000001000001000011001111111111111111111001011111111101111110000101001001001011100001010010010011111000000100000000001100000001000000000001000001010010010000111011111111111111111111
-5448556299337138096,20,lattice,1010010100110101011011111111111111111111001001010001000000001011010111110101011010111111111101011111000001000000000000001011011111110101111000000101000000000000101001011111010101101010010101110101011000100101001101010110000001010001000000001011111111111101111100100101000101000000101101011111011111110010010100010101010010110101111101011110001001010001010001000010010100010101011010110101111101011111
-8623166929126355643,20,lattice,1111111101111100111101111111011101001101001001110110000001010011111101100100010100101111011001000101000001110010000001000000001000000000000000000011000000000000111111111111110011110000001101100000010000000011001000000100001111110111010001010111111101111100111100100111011001000101111111111111111111111111111111111101111100111111011101001101000000110000000001000111111101110100111100000011011000000101
5216007202800319173,20,lattice,1000000000001000000111111010111111111111101000000000100000011011001010101110011110111010111111111111111111111111111111111010001000101010011110110011111111111111101000001010101001111011001011111111111110100000001010100111101100101011111011110000000000001000000110100010001011100111101000000000101001111011001010111111111110110010101011101111101000000000100001111010000000001000001100000000000000000001
2863508136891070068,20,lattice,1000010100110001011011111111111111111111101001011011110111111011111111111111111110101101101111111111000001000001000001101010011111111111111100000101000100000110100001011011000101101010010111111111111100000101001100000110000000000001000001001000010110111001111010000101101111011111101001011011111111110000010100110001011010000101101100011110000000000000000001000000000000000000011010000101101110011111
-7681188002467942696,20,lattice,1111111111111111111101100110011011101100001000000010000000000011011001101110111101111111011111111111001001000110000001000010011001101010110001110111011111111111011101101111111111110000000001100000000000000000001000000000011101100111111111110010010001101010110000100110011011101100001001000110001011000011011001101111111100100100011000001100000000000110000001000010011001101110111000100110011011101111
-3388040060323947494,20,lattice,1001000010010000010011111111111111111111101100001001000011000001000000000000000010111001110111101110101111111111111111111011101111011111111110110001110111001110000100001000000001001011000011011000110010111001111111101111000100001001000001001011000010011000110010110000110111001100101100011101111011101011100111011111111110010000100100001100000100000000000001001011000011011100111010111001110111101111
-4900692849814696142,20,lattice,1000000000110000010011011101101111001110111111011011110111111001000000110100010010011101101111001110100101000011110001001111111111111111111110010101001111000110100101011011110001101111110111111101111100000000001100000100000000000001000000000000000000011000010010000000001101000100111111011111111111111101110110111101111110010101101111001110000000000001000001001001010000111100011011011101101111001111
2005707364836185168,20,lattice,1000101100000011001111001111000100111111111111111111001111111001111110010011111100001000000000010000100011110000001111110000101100000011000100001001000000110000100011111001001111111001111111010011111111011111111100111111100011110001001111111111111111111011111111111111111111111111000000000000001100000000000000000001000010001011000000111011100010110000001111110000101100000011001100001001000000110001
7760866069196679375,20,lattice,1111111111101110110101000010000000100001011110111110111001010101101011101110010101001010000000100101011111111110111011010000001000000010000001001011111011100101010010101110111001010100101001001110010101001010001011100101011111111111111011010100101000001010010101001010000011100101000000000000001000000111111111111111110101111011111011101101010000100000001001011111111111111111111100000010000000100001
-2810768057082879360,20,lattice,1011011111000100000111111111111111111111001100000000010000010001000000000100000100111111110001000001001101011100010000010011011111000100000100110001110001000001000000001000010000010011000001000100000110111111111011010111101111111111111101111011111111001101001100000000000001000000101111111110111101110011000111000101000110111111111111111111101101111100010101111011011111000101001100000000000001000001
-6532349587091442034,20,lattice,1000000000000000000011111111111111111111101001111100010111111011011111101101111110101111111011011111100001111100010111111000001000000101101010000001000001011000100000111000010111111000001111000101111110100111111011011111101001111101010111111010011111001101111110000000000001010000101101111111111111111000000000000001000010000000000001011000100000110000010111111000000000000101101010000010000001011011
8715860616776525728,20,lattice,1001000110110100111011111111111101111110101111111111011111100001000010000100110010011001111101111110100111111111011111101001001111110111111000010001101001001100000000001000010000000001000111110100110000010000101001001100000100011011010011001111111111111111111100000000000001000000100100011111011111101001000110110101111000000000100001001100000000001000010001000001000110110100111011111111111101111111
839802315682524211,20,lattice,1110110011111111111001000000000000000010011011001111111101101111111111111111111101001100011111100010010001000011111000101110111111111111111111101101111111111111010001001111111000100100010001111110001001000000001111100010010000000001101000100100000000001000001001000000000011000010010000000000101000100100110011111111011001101100111111111110010011001111111001100000000000000000001011101100111111111111
1733806475294438803,20,lattice,1001111101001110111111011111010111101111111111110101111111110001000100001000000100011101000010100011000001010000101000010001111100001010001100000001000010000000111111111101111111110001111101001110111111111111111111111111100111110101111011110000000000001000000000011111000011101011000000010000101000011101111101011111111100011111000010101011000111110000111011110001010100001010001100000001000010000001
-8644506554770012428,20,lattice,1100101000100000111101000000000000001000111011101111100111111111111111111011111101001000000000001000110011101010100111110100101000100000111111101111111110111111110010101010100011111100111011111001111101001000001000001111110011101011100111111100101000101000111111111111111111111111111011101111101111111100101010101001111100000000000000001000010000000000000011000000000000000000101001001000000000001101
1685494115415776044,20,lattice,1111111011111111111101100000010001011101001000000100000010010111111011111111110101101010010111111101011011101111111111010010001001001111110111111111111111111111011010101111111111010000000001000000100101101010011111111101011000000101111111010010000001001101110100100000010001001101001000000100111111010010000001000101110100000000000000001000001000000100000011010111111011111111111100000000000000001001
-8535252842728674300,20,lattice,1111111111111111111101100111111011111111001000101110110110110111111111111111111100101011111011111111001001111110111111110000001011101101001100100011111011011011000000001010010000110000000011100101001100000000001001000001011011111111111111110000000011101101001100000000000001000000001000111110111111110000000010100101001100000010111011011011001000111110110111110000000000100100001100000000000001000001
8628833435214202434,20,lattice,1011111111111111111111111111111111111111001111111110011111110001000010100111001100001100111001110011000001001010011100110000111011100111001100011111111001110011000000001010010100110000010011100111001100000000001000000000001111111111111111110011111111101111111100000000001001010010000000001010011100110000000000100001000000011111111001111111000111111110011101110000000000100001001000000000001001010011
3748916896868542812,20,lattice,1000100101000000100111111111111101111111101010011111011011111011111111110111111100001000000000000001101011011111011011111000101111110110111100000001000000000001100010011110011011110000100101000000100110001001011001001001100010011111011011111111111111111111111110001001010001001001100010010110011011111010110111110111111100001001000000001001100010010100010011111000100101000100101100000000000000000001
737529110902209756,20,lattice,1011111001000100010111111111111001110111001000000000000000010011101001000100010100101010010001000001001111100100010001010010001000000000000110111111111001110111101111101100010001010000000001000000000110111110111001100101111111111111011101111111111111111111011100100010010001000001101111100100011001011011111011100111010111111111111111111111001010100100010001011011111011100111011100000000000000000001
-2969792030412929854,20,lattice,1110011111111111111101100111010111111011001000000000000000101111111111111111111101101111111111111111001001000101111110110010001000000110001000100111010111111011011001111101111110110010000001000000101001100111111111111111001000000101111110110010000001001111101100100000000001000010001000000000011000100010000001000111101100100000000000001010011001111101111111110000000000000000001000100000010001101011
-6032272115420426902,20,lattice,1100111011100111111101001110111001111111111111111111111111111101111111101111111100001010010001011010000011100100010110100000001000000000001000001111111001111111000011101100010111100000001001000000101000001110111001011110110111111111111111111100111111101111111100000010010001001010000011101110011111110000001001000001101000000010000000001010000011100100010111100000000000000000001000001110111001011111
-6641661780397693995,20,lattice,1010000011100010101111100001111010111011001000001000001010111111111111111111111111101011111111111011111011111111111111111110001111111111101110100001111000101011000000001000000000000000000011100010101100000000101000101011111000011111101110111010000011101010101111100001111111111011000000001000001000001010000111101011101100000000100000101000111010111111111111110000000010000010101100000000100000101001
1490022352199208722,20,lattice,1010000101100011111011111101111111111111001000000000000101101011100101100011111110101001011000111111101111010110001111111111111111111111111100100001011000111110101111011111111111110010000001000011011000100000011000111110101111010111001111111011110101101011111110111101011011111111000000000000001101100000000000000001000000100000010000111110000000000000000101000000000000000001011010100001011000111111
4836237582998111099,20,lattice,1000010000000100000011000100100001010010111001011000010110101111011111111111111111111111111111111111000001000000010000001110011111000101101011000101100001010010100001001000010000001110010111000101101011100111111011011110111001111101110111111110011111001101101000000000000001000000111001111101111111111000010010000101001011000101100001011010111001111100110111101000010010000100001011100111110011011111
8461530656480982404,20,lattice,1111111111111111011101001001101010110101011111111111111101110101110110111011011100001001001000010000010011011011101101110100111110111011011100000001000000010000000010011010001100000101111111111111011100000001001000010000000010011011001101010000100110101011010101001111101111110111000010010010001100000000000000000001000011111111111111111111000010011010001101010100100110101011011100001001101000110001
1609539325019106873,20,lattice,1111111111111110111101111111111111101111001010111011001011010011101111111110110100001011101100001100001111111111111011110000001000000000000000000011100000001000000000101000000010000010101111111110110100000011101100001000000000111001000010000010101110111110110100001011101101001101000010111011001011011111111111111111111100000010000000001000000000111011000011000011101111111110111100001011101100001101
-4107221368996694377,20,lattice,1100101101111000101101001001010010001011111110111111110011111101101111111100111100001001000010000011111111111111111111110100101101111000101100000001000010000011110010111111110011110000100101001000001101001001011010001011010010010111100010110000000000001000000001001001011111001011111110111111111111111111101111111101111100001001010010001011110010110111100011110000000000001000001100000000000010000001
8019265375409626504,20,lattice,1100000000000100001101000000000000000001111111111111111011111101000000011100011111011111111111101111110101100011110001111101001000011100011111010111001111001111110101101011110011111101011011111100111111010010001111000111110000000001110001111100000000001100001101000000000001000011110101101111111011111111111111111111111111010110001111001111110000000000110001110100000000000000001100000000000000000001
-3416277084664123355,20,lattice,1111111110111111111101101111000101011011001001110001010110110111111100110101101100101111000101011011000001110001010110110000001100010101101100000001000101011011011111111011111111111111111111111111111101101111001101011011000000000001010100100111111100111101111100000000000001000010011011110011011110110000000000000101001000000000000101011010011111110011010111110000000000000000001000000000000001000011
2568496933867303946,20,lattice,1000100000010000000011111111111111111111101010001111101011001011100011111010110000001000000100000000101111111111111111111011101011111111110110111001111111111111100010001111101010001000100001111010100000001000001100000000000000000001000000001000100000011000100010111000111111101100100010000011101010001011100011111111110000001000000100001000100010001111101011001011100011111111111110111000111111111101
-2689666114344709611,20,lattice,1000011000001111010111111111111111110101101111111111111101011001011100001111010110011111001111110101000001000000000000010000011000000001000110000111000011110101100101111111111101011001011101111111010110010111001111110101100001110001111101010000011000001111000100000100000001010001000001000000001100010000010000000001000111111111111111111111000001100000111101011111111111111111011100000000000000000001
-7158457391774647626,20,lattice,1001000110010010110111010001100101101111111111011111111111110001000100000000000111011101101111111111110101011001111111111111111111111111111100000001000000000000000100011000000001011101110111111111111111010101101111111111000100011001000001011001000110011010110110010001100101101101000100011001001011011101000110011111111100010001000000001101000100010000000001011001000110010010111100000001000000000001
-4742466614917359111,20,lattice,1111111110111111111101111111101111110111001101001011000100110001010000000001000100111111101110010011000001000000000000000011011110111001001100110101101110010011000001001000000100011111111111111111111100010100101000010001000101001011000100110011010010111001001100111111101111010011001111111011101101110000010000000001000001111111101111111111001111111011100101110000010010000001001100000100000000010001
6481949197641070630,20,lattice,1000000000001000101011000101100010001010111001111100110111111111111111111111111111001111110011111111000001001000100010101100011111001101111100000101100010001010000000001000100010101100010111001000101011101111111111111111111011111101111111110000000000001000100011000101110011011111110001111100111111111100010111001001101100000000000000001000110001011100100111110000000000001000101011000101110010001011
5508090002847115324,20,lattice,1111111111111111111101111111011111111111001000000001000000000011000000010100000000111000000101000000001111110111111111110011101000010100000000111011010111111111001111111111111111110011101001010111011000111010011101111110000000000001000000000011101001011111111000100000000101000000001000000001001000000011101000010111011000111010010101111110001110100001011001000011101000010100001000111010010111111111
-2800469106602737704,20,lattice,1000000010100000100011001111101010111101111111111110111111111101111110101011111110001000101010001000100011111010101111011000101010101000110010001011101010011101000000001010000010001101111111101111111100000000001000001000111111111111111111111000000010101000100011011111101011111111100010101010101011001000101010101001110100000000000000001000100000001010100011001100111110101011111110001010101010001101
9193298770481878059,20,lattice,1101110101000100000101011101010001000001111111111111111111110001010101000000000100011101010000000001000001010100000000011101111101111100101100000001000000000001110111111111110011110000000101000000000111011101011001000001110111010111010000011101110101001100000100011101010001000001110111111111111011111101111111111111111111011101010011001001110111110111110011111101110101110100001100000000000000000001
-3548438859113609582,20,lattice,1110111110011111010101101111100111110101001010110000101000001111111110111111110100001000000000000000000011111000101001000000101100001010000000001001000000000000000010111000101001001111111111111111111111101111101111111101000011111001101001000000100100001000000000101111100111100100000010010000101000000010111110011111010011101111100111111101000010110000101001001111111110111111111100101111100111110101
-1936359846390625874,20,lattice,1110111111111101111101000000000110000110011000010111110101101111111111111101111101101101111111011110011001010111110101100110111111111101111101000001000111000110010000011111110101100100000101011100011001000001011111010110000000000001000000000000000000011000000001000000000111000110111111111111111111110100000101011101011001100101111111011110000000000001100001100000000000011000001001101101111111011111
6369167768836138818,20,lattice,1111011011111111111101000010000000010001011101101111110111110101011001110101000111111110111111111111010001100001000100010000001000000000000011111111111111111111010101101111110110010100011001010001000101000110011100010001000000100001000100010100011001111101000101000110011101010001010101101111111111110000001000000001000101010110011101011001010101101111110111010101011011111101111100000010000000000001
5443834263585357762,20,lattice,1000000001011010101011100001010110111111101000010101101011101111000101011011111111111001010110111111111111111111101111111111001101011011111110000001010110101110111110011111101111110000000001011000000011100001011110111111000000000001100000000000000000001000000011111111111111111111000000000101101010101010000101011011111000000000010110001000100000000101101011100000000001011000101010100001010110111111
-4496356675671223268,20,lattice,1001100010100000101011111111111111111111101111111111101111100001100010100000101000001000000000000010100111111111101011100001101010100000101010011001101000001010000010001010000010101001101111111010111000000000001000000010100110111011101010101001100110101010101010111111111111111111100110011010001010101001111111111011111000000000001000001010100110111011101011100000000000000000001010111111111110111111
-2315887688437601252,20,lattice,1000000000000000010011111101101001110111101010000000001001001011110010100111011010001000000000000100101011000010011001001111111111111111111110111101101001110110101010001010011101001111110111111111111110101000001001100100111111011011111111111111110110101111111110101000000001100100100010000000001001001010100000100111010010111101101001111110000000000000000001001010110010100111011010111101101001110111
-3990257199285065945,20,lattice,1111010111101011111001100000110010011000001000000000000010000011000011001001100011111111111111111111011101011110101111101111011111101111111101110001110010011000001000001100100110000010000001000000100001110001111010011110111101011111101111110010000001001001100001110101111011111110011100011110101111100000000000000001100000000000000000001000011100011100100111100111000111001001101011110101111010111111
5640008591382503920,20,lattice,1010101100111111110111101111101111111101001010000001000001011111111111111111111100001000000000000101101011110011111111010010101000011010010100101011001111110101101011111011111111011110111111111111110100101010001110110101000010000001000001010010100000011010010100101010001111110101001010000001001001010010101000011011010100101011001111111101000000000000000001011010111100111111111100000000000000000001
-216718352060177036,20,lattice,1000110100010000001011111111110100001110101111111101000011101001110100010000111000001101000000000010000001010000000000101001111100010000111000000001000000000010100111011001000011101001111111010000111011111111111110001111000001010001000000101011111111011000111111111111111111111111111111111111101011111111111111111011111110001101000100001010100011010001000011100000000000000000001010111111110100001111
-956387310287653324,20,lattice,1111111000101001111101110010001010001111001100100010100011110001000000000000000001111010001010011111011111100010100111110001001000101000010011111111111111111111111111101010100111111111111011111011111100010000001010000100111111101011101111110001000000001000000011111110101011111111111111101010101111110111001000101001111100010000001010001110000100000000100001000001000000101000011000010000001010001111
-408642492155706034,20,lattice,1111111100011001101101111111000100011001001110110001000100010001000000010000000100001000000100010001001111110001000110010001101100010001000100011001000100010001111111111101111110111111111101011011101111111111111111111011000000000001000000010111111100011001100111111111010111111011111111110001101110110000000000010001000100111011000100011001111111111111111111110111111100011001101100000000000000000001
-5437155845038361374,20,lattice,1101101111111111111101011011111111111111111110111111111111110001001111111111111100011011111111111111111111111111111111110000001101110111111100000001000101101101000000111111111111110000000001010110010100000001001101101101000000000001010001010000001101111111111100000000000001000101000000000001011001010000000101110111110100000000000101101101000000000000000001000000000101110111111100000000000000000101
-8937681136637492947,20,lattice,1000001011011111101111000010110111111011111010101101111110111111111111111111111110001010110111111011111011111111111111110000001010011111100011101011111111111111000000001001001110000000001011011111101111101010111111111011000000000001000010000000000010011111100000000000100101111000000000000000001110000000000000000001100000000000000000001000111010101111111111110000001010011111101000000010100111111011
5081154947015843281,20,lattice,1111111111011110111101011010010001101100011111110101011011000001100001000100110000001000010000000100010111110100011011000001101001000100110001011011010001101100011111111101011011000000000001000000000011111111111111111111010111110101011011000111111101011110110000000000010001001000000110100100011011001111111111011111111100000000010000001000000000000100000001000111111111011110111101111111110101101101
-4771633711647184651,20,lattice,1001000001010001100111010111110110111111111111111111111111110001000001010001100111011111110111111111100101001101001111111001011111011011111110010101110100111111100100001101000110010000000001010000100111011111111111111111000000000001000010011001010111011011111111010111110111111111100100001101001110010000000001010001100100000000000000001001100100001101000111111001000011010001101100000000000000000001
-7634958678935929239,20,lattice,1111111111111111111101100111100010001001001001001000000010010111011111001000100101111111111111111111000001000000000000010010011110001000100100000101000000000001000001001000000010010010011111001000100101110111111011111111011101111111111111110010010110001000100101110111110011001011011101111100111111110111011111001101111100000100000000001001011101111100100011110111011111001000101100000000000000000001
8244471581454390276,20,lattice,1010000000010000000011111111101111111111001000000001000000001011010010011011110010111110100110111100101001001001101111001011011010011011110010111111101111111110101000001001101100001111111111111111111110111110101111111100000000000001000000001010000000011000000010111110100111111100101000000001001000001010000000011001000010100000100110111000101000000001100101001011111010111111111010111111101111111111
5650191076329875727,20,lattice,1101011100101000010101000100000000000000111101110011110001110001010000001000000011111111001111010111000001000000000000000101011100101000010101010101000010000101111111111011110101111111111111111111111101010101001010000101110101110011110001110000010000001000000011010111001011000111111111111011111101111111011100111101011111111111101111111111010101000000100001011101011100101000011101010100000010000001
-4409939089563163595,20,lattice,1100010000000101110001000000000000000100111011101110111111011111111111111111111111001110111011111100010001000000010101000100001000001101010011101111111111111101110001101100111111001100011001001111110011000110011011111100111011101111111111010100000000001101010001000000000001000100110001100000111111000100000000000101010001000100000001011100000000000000000001001110111111111111111111001110111011111101
5990703317194475169,20,lattice,1000000000000100100011000000011111001100101000000001110011001111100001111110110111101000011111101100111111000111111011011111111011111110110111111101111111101101111111001111111011011000000001011100110010000000011111001100100000000001010010001000000000011100110000000000000001001000110000000111111011001111111111111111110100000000000000001000100000000001010011001111111111111111111111000000011111101101
-1721197682035242972,20,lattice,1000000000000010111111010000000000101111111111111111111111110001000000000010111111011000000000111111110111111011111111111101101110100111111111011001000000111111110110011000011111111101111111111111111111011001001000111111110110010001001111111101101110101111111111011001000001111111000000000000001010111101000000000011111100000000000000001001000000000000001011110000000000000000101100000000000000000001
-2675911688936783147,20,lattice,1111111111111111111101000000000010000001011111010110111001110101110100001100000101001101000011000001000001000000100000010111111111101111011101000101000011000001011111011110111101110101110101101110011101011101001011100011011111111111111111110000000000001000000001000000000011000001010111010000111000010111110101101111011101111111111011111111010111010010111001110101110100001110001100000000000010000001
2703484898424034580,20,lattice,1111111111111011101001111111111010101010001010111110001010100011111111101010101000001011111000101010000001111110001010100000001111100010100000000001111000101000000000001010001010000000000011100010100000000000001000101000011111111111101110100010111111101010101011111111111111111111000000000000001010000111111111101011101000000000000000001000111111111111101111100000001111100010101011111111111110111111
-2201831284777607896,20,lattice,1001100101101000111011011101111111111110111111111111111111100001100000100000000000001000001000000000100111010111111111101101111111111111111000011001011010001110100111011111111111100001100001101000111000000000001000000000100110010111100011100001100000101000100010011001011111011110100110010111111111101001100101111001111000011000001000001000000110000010000011000001100000100000111011111111111111111111
1708768430198848938,20,lattice,1110101111011111111101101001110111111111001000000000101111111111101111011111111100101001110011111111111111111111111111110010101111011111111100100001110010111111001000001000101111110010000011001011111111111011111111111111001010011101111111110000000000001011111100100000110011111111000000000000001110110000000000000001001000000000000000011010000000000000000111100000000000000000001000000000000000011011
7504425557229195679,20,lattice,1000000000000000001111111111111111111111101101111111011111111001011111110111111110011111111101111111100001001011001000111000011111110111111110000101101100101011000000001001000000111000010111110010101110000000101100000011000000000001000000111011011111111111111110000101111101101111100000001011001000111000010111110111111110000000101100101011100001011111001011110000000000000000001100000000000000000001
1555411804132618688,20,lattice,1110100101001010110101000000000010101000011000000000101011011111100111001010111101101000000010101101111111011100111011111111111111011111111101101001010010101101111010011100101011110100000001001010110111111111111111111111111111011101111011110000000000001010000011111001110011101111000000000000001000001111110111011111111100000000000010101000010000000000101011011110100101001010111101000000000010101001
8672813641895993989,20,lattice,1010001000000000010111100010000010011111001000100000000001011011101000001001111110101010000010011111111111111011111111110000001000000000000111111011000110111111111110111001111111111111111111111111111111111011101111111111111110100001101111111010001000001001010111111011000111111111111110100000101111111010001000000001010110100010000010011111000000100000000001011010001000001001011100000000000000000001
-4034656284465045350,20,lattice,1101111011111101111001000100111000010000011011101111110111100101111011111101111001001100111001011010000001001110000100000100011011101101101011111111111111011111000000001000000100000000000011000001000000000000111000010000010011101111110111100100010011101101101001000100111001011010111111111111111111110000000000000001000001000100111000011010010011101110110111100100010011100001001011011110111111011111
-5734006362094288163,20,lattice,1111101011011111010101111010110111110101001100101101000000000001000000010000000000111010110111100100111111101111111111110000001000010000000011111111111111111111000100101101000000000000001001010000000011111010111111111111000000000001000000000011001011011000000000110010110111100000001100101101101000000011101011011111010111111010110111111101001100101101111001000111101011011111011100111010110111100101
-2784948771180367859,20,lattice,1111111111101101111101000110111001011110011001101110110111100111111111101101111101101111111011011111000001101110010111100000001010000000000001100111111011011110000000001000000000000000001011100101111000000010101001011110111111111111111111110100011011101101111000000010100001001100111111111110111111110000001010000101110000000010100000001000000000101000000011000000001010000101111001000110111011011111
-4190159612013999050,20,lattice,1000000100100000101011000001101001011110111110111110111111111101000110100101111011011011111001111111111111111110111111111101001110100111111100000001001000001010100000011010000111101101000111100111111100000000001000001010111111111111111111111101101111101111111110000001101001011110110100011010011111110000000000000001101000000000000000001010100000010010000111100000000000000000001011010001101001011111
6944647969038864387,20,lattice,1001000000010101001111010000001101010011111100110111011111110001000000010101001111111111011111111111111101110111111111111101001000110101001111010011011101111111111111111111111111111101001001110111011100000000001101010010000000000001000000001111001101111111111100000000000101010010110100100011011101110000000000010001000011010010011101111111110100100011010101110000000000010000001000000000000101010011
2346636355531784756,20,lattice,1000000000001000000011000000000010001010111000111100100111111111111111111101111111101011111111011111111011111111110111111100001111001000101111000001100010001010110000001000100010101100000111001000101111100011111111011111111000111101110111110000000000001000000011100011110011011111111111111111111111111100000110001001101010000000000010001010110000111100100111110000000000001000001011000001100010001011
7584584844155556749,20,lattice,1111011011111111011101100110111101110111001000101010011001110111011011111111011111111111111111111111000001101010011001110000001000100000010100100111111111110111000000101010010001110010011011110111011100000000001000000101001001101011011101110010011011111111011100000000001001000111000000101010011001110010001010100111011111110110111111111111000000000000000001000000000000100000011100000000000000000101
261381207992113769,20,lattice,1110111111101011011101000011001000000000011010110010101000001111111111101011111101001011001000100000011011111110101101000000001000000000000000000011001000000000011010111010101101000110101111101011010000000010001000000000111111111111111111110100101100101010000011111111111011111111010000110010001000000100101100101011000001101111111010111111011010110010101001000110111111101011011101101011101010110101
-7114548021953789917,20,lattice,1111111111111111111101110111011111110111001101100011111001010001000000000000000001111111111111110111000101000000001000000001011000000010000100110111011111110111001101111111111101110011011001111110010100010110001000100101000101100011111001010001011000101010010100010110001011100101000100000000001000000011011001111111010101111111111111111111000101100000001001010011011000111110011100010100000000100001
7162791828732398918,20,lattice,1100010000111100111001000000001011000000111001010111110111111101011111111101111111011111111111011111010001000011110011101100011101111101111101000101001111001110110001011111110111110100010101111100111000000000001001000000010000000011110011100000000000101100000000000000000001000000111111111111111111110100010101111101111001000000001011001000010000000010110011100100000000101100101011000101011111011111
1192516859913915442,20,lattice,1000101001110110111001001010011101100110111111110111111111111101111101110111111100001010011101000110000011100111011011100000001000000000000011001111011101101110111111111111111111110000001001110100010000000010001101000100000000100001000000001101111101111111111100000010000001000000000010100111011001100000111001110111111100001010011101101110000000100001000001000000001001110100011000001110011101101111
-5434173281105488905,20,lattice,1000000000100101101011111111111111111111101101100011011110111001011000110111101110111111111101111111100001100010010110100000001000100001001010110111011101111111101101101111011111111011011001110111101100000000001000000000100001100011011110111011111111111111111100000000001001011010100001100010011110110000000000100001000000000000001000011010101101100111011111110000000000100001001010000110001001011011
5636430261712650102,20,lattice,1101100111101111101001001001100000001000111111111111111111110101100110101111101000001000100000001000110111011110111110100101101111101111101000001001100000001000000000001000000000000101100111101111101001001001101010111010110111111111111111110100100110001000101001001001101011111010010010011000101010100100100110001011101000000000100000001000110111111110111111110100100110000000101011011111111011111011
8263132766334474781,20,lattice,1000110111100011111111001101111111111111101011011111111111111111111111111111111100001000111000110111000011001110001101111000111111111111111100000001111000110111000000001110001101110000000001000010000000000000001000100000100011011111011111111000110111111111111100001101111001111111000000000000001000000000000001000011000000001101111000111111000000000110001101110000000001100011001000000000011000110011
4902600788338825660,20,lattice,1111110111111111111101010000101001100000011111001011111011100001000010000100000001011100101111101010010101001011111010101111111111111111111101011101101111101110000000001000000000000111110111111111111100010000101001100000010100001011111010100101000010101110000000000000100001000000000100001000011000000111110010111111111001010000101011101000010111001011111011100101000010101110101001111101101111111111
-7618057028600530409,20,lattice,1111111111111111111101000000000000000100011011111110111011110111111111101111111101001111111011101110000001000000000001000100011111100110111000000101000000000100010001011000010001000100010111100110111001000101101001001110011111111111111111110100011111101110111000000101000001000100010001011010011011100110111111101111111101000101100001001100000000000000000001000100010110000100111001000111111011101111
-1568632770304289,20,lattice,1110111111111111111001100111101001001010001000000000000000100111111110111111111001101111101111111110001001110000000010100010001000000000101000100011000000001010001001111000010010100110111111111111111000100111101001001010011001111011111011100110011110101110101000100000000001001010011001111010011010100110011110111111111000100000000000001010011001111010010011100000000000000000001011111111111111111111
-7571366405746274877,20,lattice,1011111111111111111111111111111111111111001011011111111011100011111111111111111000001000111000100010000011001110011010100000111111111110111000001001111000100010000000001000000000000000000011100010001000000000101000000000000011011111111011100000110111101110111000001000111001100010000000001010001000100010111111111111111000001000111001101010000011011110011011100000000010000000001000111111111111111111
1946296855489505995,20,lattice,1010110011111100110111111111111111111111001000000000000000001011110011111100110100101000000001001000001011001100110011011011111111111101111110111101111111011111001010001000110010000010100001001100100000101100111111001101001011001101110011010010100000001100100000100000000001001000101111111111111111111011110011111101110100100000000000001000001010000000110011001011110011111101111100101000010011001101
-2568788785973122883,20,lattice,1110010010001110110001100000100010100000001000000000001000001111010010001110111011111100100111101110011001001000101000001110011010001110111011111111111111111111001000001000101000001111111011111111111111111110101111111110111101001001111011100010000000001010000001100100100011101100000000000000001000001111111010011111111000100000000010101000011001001000101011001110010010001110111011111110101111111111
-4715031647905694990,20,lattice,1010101110111111111111111111111111111111001010111011111111111011111111111111111100001001100000111001101011111111111111110000101110001111111100000001100000111000000000001000000100001010101111111111111100001001101111111011000010011001111110110000100110001111101100001001100001111011000000001000001110000000000000000001000000000000000000011000000010011000111111110000100110000011101100000001100000111001
7382733754648988683,20,lattice,1000001000000000000011000111001001101111111011111110111111111111111111111111111111001111111011111111100001100000001010000000001000000000000010000111001001101111110001111110011111111000011001100110111110000110001000101101111011111111111111111100011111101111111110000110001001101101100000100000001000001100011100100111111110000010000000101000100001100000001011001000011000100110111110000110000000101101
8552319255964399545,20,lattice,1101111110101101111101010100101001010111111111111010110111110001000000000000000001011110101001010111000101000010010101110101011010100101011101011111101011011111000100001010010101111101111111101101111100010000001000000000111111111111111111110101111010101101111100010000001001000011111111111010111111110001000000100101001101011110101001011111000100000010010101110001000000100000001100010000001000000001
1760758787920837958,20,lattice,1000000111001001110011111111111111111111001000011100101111001011011111001111111110111111110011111111101001111100111111001010001111001011110000000001000000010100000000011000000111000000000111001001110010111111111011111111101111111101111111110000000110001001110010100011110011111100000000011100101111000000000000000001010000000001000000011100000000000000000001001010001111001011111010100011110011111111
-1601740098009308501,20,lattice,1000111001111101111111011110111111011111111111101111111111111001111001111101111100001100001111001011000001000011100010110000111000111100101111111111111111111111100111101111110111110000110001111101101100000000001100000010000000000001000000100000000000111000101000000100001111001011110111101111111111110000110000111101101100000000000000001010000011100111110111110000000000000000001000000000001110001011
-3726246958784693433,20,lattice,1001110101001011100111111111111111111111101111111111111111110001110001001010000100001100000000100001000001000000000000011001111111111111111100011101010010101001100111011111111111110000010001001010000110011101011111111011100111010101111110110000000000001000000110011101010011111011000001000000001000010001110101001011100100000000000000001001100111010101111111111001110101001011101100000000000000000001
-2182581766926176502,20,lattice,1000000000010100000011111001011111100111001000000000010000001011100100010100000010101001000101000000111111111111111111111011101101111110011110100001000101000000101110111111111001111011100101111110011110111001001101000011000000000001010000001011100100111100011100000000000001000000101110010011111001111111101111111111111111111011111111101111101110010011010001111011100100010100001010111001000101000011
-4576980415211731069,20,lattice,1111111111110111111101111100100001100101001001000000000000000011110010000110010100101100000000100101000001000000000000000111111110110111110101111101100001111101001011001000011001010111111111110111110101111100101001111101011111011001011111011111111111111111111100101100000001100101001001000000001001000111110010000111010101111100100001111101001001000000000001000111111111110111111100100100000000100101
-1713479884745706244,20,lattice,1000010000100110010111101100001111110111101011000011011101111111110001111111011110001100001101110101000001000010011001001111111111111111111111111101011111111111111111011111111111111110110001111111011100000000001001100100100001000011011001011010110000111111011100000000000001000100000000000000001001000000010000100111010111111100011111111111000000000000000001000000010000100111011100000100001001100101
-2836886746276759383,20,lattice,1111111110111101111101000000000001000010011111111011110111100101111110111101111001001011101111011110010011111011110111100100001010111101101001000011101111011010000000001000110010101111111111111111111101000000101111011010010000001001110110100000000000001100101000000000000001000000111111111011111111110000000000001101101000000000000001001010010000111011110111100000000000000100001001111111101111011111
1717273059453718328,20,lattice,1001000010000001110011111111111111111111101100001000100111010001000000000001110010111100100011011101101101001000110111011011111011111111110110111111111111111111000100001000000111001011010011001101110110111100111111111101101111001101110111010001000010001001110010110000100011011101101111001101111111010000000000000001010000000000000000001100000000000000000001001011111011111111111100010000100010011101
-9136562048683359667,20,lattice,1000010011011111111011110110111111111111101101101101111111101001011011011111111011111111111111111111000001000000110011101000011011011111111011110111111111111111000001001000110011100000000001001100111010110110111111111111000001001101111111100000000000001000101000000000000011001110000001001000111011100000010011001111111000000000000000001010000000000000100011100000000000000000001010110110110111111111
-5995383097042927041,20,lattice,1111111111111111111101000010100101111110011110101101011111100101001010010111111000001010110101111110011111111101011111110000001000010101111001111011110101111111000000101001011111100000001011010111111001111010111101111111000000000001010101000111111111111111111100000000000001010100000000100001011111100000000000000001010000000000000001011110000000000000000001000000000000000101011001111010110101111111
8442113451375774126,20,lattice,1001000001001001000111111111111111111111001100000100100100010001000001001001000110111010111110111101101111101111101111110011001001001001000110111111111111111111101100101111100110010000000001000000000010110010011010011001101100100111100110010000000001001000000110111110111111111111101100101111101111010000000001000001000110110010010010011001101100101111100111011011101011111011111100000000010000000001
475369779880523795,20,lattice,1011100010100101001111111000101101110111001100001000000000000001000010000000000000111000101001010011111111111111111111111111101010110111111111111011101111111111000000001000000000001111101011111111111100110000101001010001101110001011011101111111101010111111111100110000100001010000101110001010011100110011000010000001000011111000101101111111101110001010011101110011000010000001001000110000100001010001
5875263573681040246,20,lattice,1000001010001000000011111011111011111111101100111010110111111001001110101101111110111011101011111111111111111111111111110000001010001000000010000011100010010010000000001000100000001011101111101111111110000011101011011111111110111111111111110000000000001000000010000011100011010010101100111010111111111000001010001001000010000011100011011110100000101000100101101000001010001001001010000011100011011111
8168895564770162808,20,lattice,1101101101000100011101011001000001000000011110110100110001110001000100000100000000011001000001000000111111110100111111110101101100000100000100000001000001000000111111111111111111110101101101000100011111111111011011111111111111110101111111110101101101001100011100000000000001000000111110110100111011111111101101001111111111011011010001001111010110110000010001110101100100000100001101011001000001000001
8343737744770581618,20,lattice,1000111010101001001011001110111111111110111111111111111111111101111111111111111100001110001000010010000001000010000000000000011000100001001011001111111111111111000011101010100100101000111011111001001000000000001000000000100011101011100100100000111000101001001010001110111111111110100011101111101111100000010000100001000010001110111110011010100011101011100101100000010000100001001011001110111111111111
3298964553310348677,20,lattice,1111111011011111111101111010100000100000001110101000000000000001001010000000000000011010100000000000001111101001001100000000001010000000000011111111111111111111000000001000000000000111111011011111111111111110111111111111001110101001001000000111111010011011111100111110100101110010001110101000001000000011101010010011000000111110100100111010011111101001001101100011111010010011001001111110100100111111
-4064222168831606232,20,lattice,1110010011111111011101000000001000010110001000000110001101101111111111111111111111101111111111111111011001001110111101110110011011111111011111100111111111111111011000001110101101110000000001100001011000000000001000000110011001001111111101110110000001101011011101100000111011110111000000000110001101100000000000100001011001100000111011111111000000000000000001100000000000000000001001000000011000110111
2751857626555900454,20,lattice,1000101011010110101111111111111111111111101011111101111111111011111111011111111100001000000100000001100011111101111111110000101000010000001110001011110101101011000010101101011010110000101001010100101110111111111111111111000000000001000000011000101111011111101100001010000101001011000010000001001000011000101111010111101100001010000100001011100010111101011011110000100000010000001100000000000000000001
4581434963973333148,20,lattice,1100010111110011111001000100111100101010111111111111111111111101010111110011111011011111111111111110000001001111001010100100011111110011111001000101111100101110000000001111001010100000000001000000000000000000011000101010000000000101001010101101011111111111111011010111111101111110000000000100001010100100010111110011111000000000010000001000010001001111001011100000000001000000101011011111111111111111
-1350342246219424633,20,lattice,1001100101011101011111111101010111011111101111010101110101110001100101010101011000001000000100010110100111010101110101111111111111011111111100001001010101010110111111011101111111110000100001010001011011111111111111111111000000000001000001100001100101011101011000001000010101010110101111010101111111110000000000000001001010111101010111011111000000000000000001100000000000000000001000011001010111010111
3358706253405449479,20,lattice,1111010111011101111101100101010111010111001000000100110101100011010101011101011111111101110111111111001001010100110101101111011111011111111100000001000010000010011001011101110101110000000001001101011011111111111111111111001001010101110101100000000000001000000000000000000011000010111101011101111111110000000000001101001001110101110111011111000000000000110001100000000000001000001000100101010111010111
-7276000604120323075,20,lattice,1100010001101110111101000000011001100010111011111111111111111111111111111111111111001111011011111111010001000110011000101100011101101111111111000101011011101111110011111111111111110000000001100000000000000000001000000000110011110111111111110100010001101110101000000000011001000000000000000010001000001100010101101111111101000000011001101010010001000110111011100000000001100000001001000100011011101111
-6415838160137267443,20,lattice,1110110111011101011101100101100010000001001000000000000000001111110111011111111100101101100000000000001001001000000000001111111111111111111100100101100000000000001000001000000000000110110111001000010111101101111111111111011011011101110101010010010110001000000001101101110011010101111011011101111101110110110110001001010111101101110111111111011011011000100001010110110111011101011100100101100010000001
564443685432665785,20,lattice,1000000000000001000011001010000101010111111110110111111111111101101000010101011110001000000000010000111111111111111111111000101000010101011111011011001111010111111110111111111111111101101101111111111111011010001101010111100010000001010101111101101000111101011110001000000001010101110110110011111111110000000000000001000011001010000101011111100010000000000101001000100000000101011110001000000000010101
797186858059351745,20,lattice,1111011101101111111101000100011001111000011001000110111110100111010101101111101111111111111011111111000001000000000010000111011101101111111101000101011001111010111101111110111111110000010001000000100000000100011001111000111111111111111111110100010001101111100000000100010001111000000001000100001010000000010001000011100000000000000000001000011101010110111111110100010001100111101001100100011011111011
-9015901265709292485,20,lattice,1111111111111111111101111100111100010010001000000011000000000011110001110001001000101000001100000000001001000011000000100111111011111111111101111101111111111111001111001111000100100010110001110001001000000000001000000000000000000011000000000111110011111011111001111100111111111111011111001111001111100010110000110001001001111100111100011110011111001111000101100010000000110000001001111100111110111111
-2898123152281512217,20,lattice,1110000000100000001101000000001000000001011000000010000000111111000101100000001111111001111000000011111111111111111111111111101111111101111111100001001000000011111100011110000000110110000001100000001100000000001000000000111110011111010110111111100111111101101111111001111001011011111110011110001000111111100111100001001111111001111000011011111110011111110111110100000000100000001100000000001000000001
-4344690449307254344,20,lattice,1111111111111111110101010101011111111101011101011111111111010001000001100101100001011101111111111101000101000110110111010101111111111111110100010101011011011101010101011111111111010000000001000000000000000000011000010000000100000111111111010001000001101101110100000000011001011000000100000110111111010000000001000001000000000000010000011000000000000110010111001111111111111111111100010000011001011001
1746054177014059115,20,lattice,1101111011111111111101010110110101111110111111111111111111110001000000000000101000011000010001111110000101101101011111100001001001010111111011011111111111111111000100101101011111100001000001000010111000011010111101111110000100000101011111100101111011111111111000010000010001111110000100000000001010100001000001000011111000000000000000001010000100000000001011100000000000000000001001011110111111111111
-9048229563242586316,20,lattice,1000001000000001000111110011110000011001101000100000000100011011001011000001000111111011110011011001111111111111111111110000001000000001000110110011110000011001101000101000000100011010001011000001000111111011111011111001111110111111111110111111001111001101100111110011110001011001111110111100111110010000000000000001000010110010110000011001111110111110111111011111101111101111101100000000000000010001
4902770964341849558,20,lattice,1111000011011111110101110000110110111101001100001101100111010001000011011000110111111001110111111111111111111101111111111111001011011111111111110001110111111111000000001101000001010000000001000000010111111111111111111111000000000001000001010000000011011000010101110000110111111101000000001101001001010000000011011001110100000000110110001101000000000000000001011111000011011111111100000000000000000001
4600359613790616347,20,lattice,1100010000000100001001000100000001000010111011110110010011111111111101100100111111001111011001000110000001000000000000001100011101100100001000000101000001000010111111111110111111111100010101100100001011000100001001000010111111111111111111111111111101101101111100000100000001000010111111110110111111111110111101100101111111001111011001001111110001110110010001100000010000000000001011001111011001000111
-5027864628123023181,20,lattice,1001100011111011110111011011111110111111111111111111111111110001100011010000000000001000000100000000110111111111101111110001101111111011110100011001111110111101000010001101000000000000100001010000000000011000111110011100000000000001000000000001100011011001100011011111111111111111000110001111101111010000100000010001000000011000110100011000000110001101100111001001101111111011111100011000111110011101
4500925548035246168,20,lattice,1000001100100010110011010111011000101101111101110110011011111001011101100010110011111111011001101111100001110110001011000000001000100010110000000011001000101100111111111110011011111000001101100010110000000000001000101100111111111111011011111111111101101110111111010111011001101101000000000000001001001111111111111111111100000000000000001100000000000000000001001101011101100110111110010111011000101101
5030522602106526441,20,lattice,1000000000010000100011111111111111111111101001110111100010111011011111111111111110111111111111111111100001110111000010001000001101010000100010000001010100001000101001111111100011111000000001010000100010000011011100001000000000000001000010001000011101111000101110100111011111001111101001110111111011111010011111111111111100000000000000001000101001110111100011111000011101110000101110000011011100001001
4646788143887408887,20,lattice,1000001110000100111011111011101111111111101000111000110011101011101110111111111110101011100011001110111111111111111111110000001100000100001000000001000000000010000000111000010011101111101111111111111110101011101111111111101000111001110111101000001110001100111000000001000001000010101010111001111111111010001110001101111000000001000001001110000000010000010001100000000000000000001010101011100111011111
-687648254128872842,20,lattice,1100000000100010010101000000001000000000111110101011111011111101000010110010110111011000101111101111111111111011111111111101101010111110111111111011101111111111110000001010001001011111111111111111111100000000001000000000110000001011001011011101000010111110111111000000001001100101010000000010001000001111101010111111111101000000001000101101010000000010001001011101000010110010111101000000001000100001
7348089789711284597,20,lattice,1000001010001100000011111011111111011100101110101011110101001001001010001100000010011010101011010100101111101111110111000000001000001100000010111011111111011100000000001000100000001011101011111101010010010010101011000100100110101011110101000000000000001000000000000000000011000000111110111111111111001001001010101101010010111010111111011100100100101000110001001111111111111111111111111011111111011101
5090500040376734772,20,lattice,1011101000111110111111111011001111101111001010100011010001110011101000111100011100001000000000000101111111110011111111110000101000100100011110111011001111101111111111111111111111111111111101111111111100001000001001000101000010100011010001110010101000111100011100001000000001000101001010100011111001111111101100111111111100101010001111101111000000000000000001000000100000100100011100000000000000000101
3771121436008969765,20,lattice,1001000111110001111111010001111100011111111100111111000111110001000011000000011111111111111111111111111101111111111111111101001111110001111100010001110000001111000000001100000001110000000001000000001000010000111000011111000100011111000111111111001111111111111111010001111101011111111100111111001111110001000011000001111100010000110000001111000000000100000001100000000000000000001000000000010000000111
-4405092872620900927,20,lattice,1111111111111111111101100110111101111111001000001000001110110111011011110111111101111110111101111111001001001000001110110010011011110111111101111111111111111111000000001000000100010010010011110111111100100100101000111111001001001001001111110110011011111111111100100100101101111111000000001000001110110000000000000001000100000000100000011001001001001000001111110000000010000001101100000000000000000001
7606483329208397252,20,lattice,1000000000000100000011011010111111111111111110111111111111111001100000110111111110001000001101111011111111111111111111111000001000110111101111011011111111111111100110101111111111111000100001110111111110000000001101011010100000000001010110001001101001111111111100000000000001000000100000000011011110101000000000000101000010000000000001011000100010000011011111111000000000000101101010000000001101111011
3670669435426608524,20,lattice,1000111001101110001111111111111111101111101111110111111000111001111101101110001100001000010010100010000001100100101000100000001001001010001010001111011011100011101111111111111000110000000001000000000000001110011011100011100011110111111000110000000001001000000000001110010011100010000000000100101000101111111111111111111110111111111111101011101111111111111011110000000001001000001000001110010011100011
-496040769219345149,20,lattice,1010011000010011110111111111001111111111001000000000001010000011001000010010110110111110001101111101001001100001001011000010001000010010100010111111001111111111111111111111111111111011111101111111111110110110001101111101000000000001000010001011111000111111110110110110000101111101000000000000001010000010001000010011110100000000000000001000001000100001001011001011111000111111111100100010000100101101
-8744173302807654785,20,lattice,1011111111111111111111111111111111111111001110100011011111010001000000000000000000011000001101111101001111101111111111110001101000110111110100111011111111111111001110101011111111010011101001111111110100010000001100101000000100000001000000000011101000111111110100010000001101101101000100000001001010000001000000110111110100010000000100001000000100000001001011010011101011111111111100010000000100101001
6947825309416857981,20,lattice,1011110111111111011011111111111111111111001000000111000000000011010101111111011000111101111111110110001001010111111001001011111111111111111100100001011101100100001101011111111101100000000001100000000000000000001000000000000000000111000000000010000001111110010000100000011101100100000000000010001000000010010101111111010010111101111111111111001000000111001001000010010101111111011010111101111111110111
2943288928159827055,20,lattice,1110101111101111111101000000000011101100011010001000111111001111101111111111111101001000000011101100111111111111111111110110101010001111110001101011101011111101010010001000111111000110101111101111110101101010101011111101111010111111111111110000000000001010110000000000000001001100000000000000001011000100100000001111110000000000000000001100000000000000000001000110101111101111111101101010100011111101
-5051854661384381028,20,lattice,1011111111111111111111111111111111111111001000000000000000000011001111111110011100111111111111111111001101111111111111110010001110111110011000100001000110000110001000011011101001100010001111111110011000100001001110100110001000000001000000100010000000011000011000100000000111000110001000010001101001100010001111111111011000100011111111111110001000000001000001100010000000000000001000100011111111100111
345438800419799088,20,lattice,1111110110111111111101100101001110011111001000000000000000000111110110111011111100101101000110011111001001000000000011111111111110111111111100100101000010011111011011011011101111111111111111111111111100100101001110011111001001010001100111110010010000001000111101111101101111111111011011010011101111110010010000000001111100100000000000001000001000000000000011110010000000000000101100100000000000001001
-5333501683140458868,20,lattice,1100110011011111111101001100110111111101111111111111111111111101111111111111111100001000110100001001000011001101100010011100111111111111111111001101111111111111000000001100000010010000000001000000100111001100111111111111000000001101000010010000100011011000100100001100110111101101000000000100001010010000110011011111110100000000000000001001000011001101101011010100110011011111111100000000000000000001
1212364590515589446,20,lattice,1000000000000000000111111111111111111111101111111101111111111001111001011001101110001100010010000011100001000000100000111000111001011000101110011111010111011111100111101101111110111000010001001000001110011110011111011111100011000101100010111000000000001000001110011110010111011011100011100101101110111000111001011001101110001100010010001011100111100101110111111000000000000000001100000000000000000001
122213701170765046,20,lattice,1011011011111111010011111111111111111111001101101111111101000001000011000011010010111111111111111111000101101111111101000001001011001111010010110111111111110110000000001100001101000000000001000010000000010000111011110100000100101111111101000001000011001111010000000000010001110000000000000000001000000000000001000011000010110111111111111111000000000100001001001011011011111111011010110111111111110111
7022678011729574544,20,lattice,1000000100100000000011101111111010010110101001011110000001101111111111111111111110001101111000000010100001011110000000101010111111101000011000000001000000000000100000011010000000001000000111100000001000000001001000000000111011111111100101101010110111101000011011101111111111011110111011111111111111111010111111101001011011101111111110011110100001011110000001101000000110100000001011101111111111011111
-5308689896437748460,20,lattice,1111110111111111111101001100110011111101011111001100111111010001110001001110110100001000000000000000000011000000111010011111111111111111111101111101110111111111000011001100111111010000100001001110100101111101111111111111011111001101111111110000100000001000000000001000000011000000000010000000111010010000100000001101100100001000000011001000000011000100111011010111110011001111111100001000000011001001
-2214936228040585618,20,lattice,1111111111111111111101111111111111111111001001010000001010100011011101010111111100111111010101111111000001000000000000100010011101010110111100000101000000001010001101111101011111110010010101010010101100110111111101111111001001010001001010100011011111111111111100100101010101101111000001000000001010100010010101010011111100000100000000001010001001010101001011110000000000000000001000000100000000101011
-7209207849722976334,20,lattice,1001001000000000000011011111111100101111111111111111001011110001001000000000000010011111111100000011100101111010000000100000001000000000000010010011000000000000100100111010000000001001011111100000001110010011001000000000100101111111000000111111111111111010111111111111111111111111100111111111001010111111111111111011111110010111111000001011100111111111001011111001001110100000001010010011101000000001
6984399450058697804,20,lattice,1000000010001100000111010110100011000001111101101011110001010001001010001100000111111110101111100101000101101000110000010000001010001100000111111111111111110101000000001000010000011111111011111111010111010110101011000101110101101011110001010000000010001100000100000000000001000000111101101011111001011111111010111111010111111111111111111111110101101000110001011111111111111111011100000000000001000001
-6954906671245764619,20,lattice,1000000000000100110011000000001001001110111000000010010011101111110010111110111111101000101111001111111011001011110011111111111010111110111111111101101111101111111000001010010011101111111111111111111100000000001001001100111000001011010011101110000010111100111100000000000001001000111010001011111011111111111110111111111100000000000000001000000000000000010011001000000000000100111011100000101101001111
7821032904605312616,20,lattice,1111100111001011101101001000110010001010011010011100100110100101100111001001101100001000110010001010111111011110111111111111111111111111111101001001110010011010000000001100100010100000000001001000101011111001111010111011111111011111111111110000000000001000101001101001110011111011011010011100101110110100100011001001101000000000000000001010111110011110101111110000000000000000001001001001110010011011
-5390795050268711110,20,lattice,1100000010000001011001000000100000010110111110111101111111101101001011000001011011011011110101011110111111111111111111111100001011000001011011010011110001011110000000001000000101100000000001000001011011111011111111111110110100101101010111101101001111001101111011010010110001011110110110111101011111100000000000000001000011010010110000011110000000000000000101000000000000000001011011011011110101111111
-862055559323753715,20,lattice,1000000000000000001011111011110111111010101010011101111110101011101111011111101010001000000000011010111111111111111110111000101011011111101010001001110111111010100010001101111110101000100001001111101011111011111111111011100010000101111110101000100000001101101010001000000001011010100010000000111110100000000000000001001000000000000000011010111111111111111111110000000000000000001011111011110111111011
-4103204839498394247,20,lattice,1101111111111111111101000000010101110010111111111111111111110101000001010111101101011000010101111011010111000101011110110101111001010111101101011111010101111111010111111101011111110000000001000111001001011111111111111111000000000101011100100101111111011111111100000000000001010000000000000000001100000000000000000001000000000000010001111011010111100101011111110000000000000111001000000000000001010001
3614723990026878499,20,lattice,1011111010111110101001111110111111111010001000000010000000000011001000111110001000101010001111100010001011100011111000100010001000110110001001111111111111111010001111101011111010100011111011111111101000000000001000000000001000000011000000100010001000111110001000100000001101100010001000000011001000100011111010111111101000111110001111101010111111111111111111100010000000100000001011111111111111111111
7742557595121801852,20,lattice,1000001000000101111111101110101101111111101000100001011111111111111111111111111110101110101101111111101001100001011111110000001000000000011111101111101111111111101001101001011111111110111011111111111110100010001101111111100000100001011111111110111010111111111100000000000001000011100000100000011111110000000000000101011100000010000001011111000000000000000001110000000000000000001100000000000000000001
1774587094104232731,20,lattice,1110001101111010111101000000010100001011011000100101001010111111111101111010111101101011011110101111011011110111101011110100001001010010101101100011010110101011111111111111111011110000000001000000100001100011011110101111000000000001000010000110001001011010101111111111011111101111000000000101001010111111111111111111111100000000000000001000011000110101101011110000000001010000101100000000010000001001
-6621275403381173220,20,lattice,1001111111111111111111011111111111111111111111111111111111110001000000110000011000011100011111100111000001000010000000000001111111111111111100011101011111100111000111011111111001110001010001111110011100000000001000000000000000000011000001000001010000111110011100010100001101000111000101000011011001110001010000111111011100011101111111111111000000000010000001000000000000100000011000010000001100000111
5534824757657214191,20,lattice,1101111111111111111101011111111111111111111111111111111111110001111111111111111100001111110111110111000001111101111101100000001111011111011000000001110111110110000000001000111001000000000011011111011000001111111111111111000000001001111001000000000000001110000000000000000001000000000000000000011000000000000010001111010000001111110111111111000000000000111001000000000010011110011000000111110111110111
5237525601598033434,20,lattice,1000000000010100010011000000000111111101111001110111111111011111011101111111110111111111011111111101110001110001111111011100001100011111110111000001000111111101111111111111111111011100011101011111110111000111011111111101000000000001010001001000000000011110110000000000000001000100100000000001011001001000000000011111110110000000000101101100000000000000000001001111111111111111111100000000000101000101
-3283656013141212649,20,lattice,1001101010001011100111011010100111111001111111111101111110110001100000001001000100001000000000010000110111101101111110010001101010001011100111011111110111111001000110001000100110011101101011011111100111111111111111111111100110101001101110010000000000001001000010011010100111111001000110001000101110010000000000000001000000011000000010011001111111111101111111111101111111011111101100000000000010010001
7591586156795900994,20,lattice,1000000000000000100011111111111110111111101111001011101011111001110000101000110010001100001010001100000001000010000010001011111111111011111110111101111110111111100111001011101011111011110011111010111100000000001000001000100111000011100011101000000000101000110011111111111111111111100111000011101011111011110011111011111100000000000000001000000000000010000011001001110000101000111010011100001010001101
9153679813422809413,20,lattice,1000000000010000010011011111011110111111111111110111101111110001000000010000010010011011011110111111100101110101101111111001001100010000011000000001000100000100111111111111111111111001001101011011111110010011011110111111000000000001000000001001001100011010111111111111011111111111100100110001001001111001001100011011111110010011000100101111000000000001000001001000000000010000011010010011000100000111
-2544370169941451343,20,lattice,1100111111110111111101001111110101111111111111111111111111111101111111111111111100001111100101101111000001001001011011110000011010010110111100000111100101101111000000001000000000010000111111010110111101001111111101111111000000001001001010011100111111111111111100000000100001101111000000001000001010010000111111010111111100000000100000001001000000001000001011010000000010000010111100000000000000000001
2142716297638505369,20,lattice,1000100100000111100111111111111111111111101110011111111111111001100101000111101100001001000001111001101111011111111111111011111111111111111100000001000001111001100110011100011110111000100101000111100110011001111011111011100110011111111111111001100111001111101100000000000001101001000000000000001010010000000000000001100100000000000000001001100110011110111111111000100100000111101100000000000000000001
-4956778561412339489,20,lattice,1000100110001000100011101001111111101110001010010000100010001011100111111110111000001000000000001000111111111111111111111111101111111110111000001001000010001000000010011000100010001010100111111110111010101001101111001100101010011001110011000000100000001000100010101001100011001100101010011000111011001111101111111111111100000000000000001000001010010000100011001010100110111110111011111011111111101111
5273146204466216315,20,lattice,1000100000101100011111111100101111111111101111001011111101111001110000101110011100001000000001000110100011000010110001111111111111111111111111111101111111111111100111001010111001111111110011111111111100000000001001000110100111001011111101110000100000001100011100000000000001000010100010000010111001111001110010101111011110111100101111111111000000000000010001100000000000000000001000000000000001000011
-9146328902708037541,20,lattice,1010011011110110111011100111111101101110001000001100001001001111011111110110111111111111111101101111001001101100001011100010001011000010010010100111111101101110000000001100001001000000000001000000000000100110111101101110001001101101011011101111111111111110111100100010110001100110000000000100001000001111111111111111111100100010110000101110000000000100000001000010001011000010011011100111111101101111
-7160855252263650238,20,lattice,1000000001000000000011001001111111111111111111111111111111111101111111111111111110001000010000000000110011111111111111111100101111111111111110001001010000000000100010011110110101100000000001000000000010001001011000000000100010011111111111101000100101101101000010001001011001010000100010011110111111101000100101100001000010001001111011011110100010010110000101001000100101101101011010001001111111111111
905083849551611048,20,lattice,1110110101111101001101000100000000010000011011010001110100111111110101111101001101001100000111010011000001000000000000001111111111111111111101001101000111010011111111011111111111110110110101011101001101101101011111010011010001000001000100010100010000001101000100000100000001000000111111010111111111110000010000000001000011111101011111011111111111010111110101110100010000001101001101000100000000010001
-1995612517903054199,20,lattice,1111111111111111111101100010010111001110001000100001010010100111101101011101111001101011010111011110011111110111110111110000001000000000001001100011010111011110011111111111111111110010001001010100111001100011011111011111000000100001000010100010001001011100111000000010000101001010011111110111111111110110001001011101111000000010000000001010001000100001010011100000000000000000001001100011010111011111
-3080695407972678107,20,lattice,1011101111111111111111111011111111111111001000001000000010000011001111111111110100111011111111111111111111111111111111110010001010010000110000100011110111111101000000001000000000000010001011010010110000100010111111111101001000001001000010000010001011011110110100100010100101101101001000101001001011000010001011011111110100000000100000001000001000001001000011000011001111111111111100100010100100101101
5300495332381860304,20,lattice,1011100010000001011011111111111111111111001010001000000001100011100010000001011000001000000000000010101111111111111111111011101010010011011110111011111111111111000010001000000001101011101011011011111110111000101000010110101110001001000101101011101010011011011110111010110111111111101110001000001101100000100010000001011010111010100110111111000010000000000001100000000000000000001010111000100100110111
3233169551368918363,20,lattice,1011101010111001111011111111111111111111001110101011100011100001101000111000010000001010000100000100101111101011110111100000001000000000010010111111101111111110000110101011100011101011111111111111111000001010001100000100000000100001000001000000101000111000010010111010101111011110101111101011111111100001101010111001111000001010001100001100000000000000000001000001101000111000111010111111111111111111
-4863394942729655153,20,lattice,1100101101011101110101000011010101000101111110111111110111011101101101111101110101001011010101001101111111111111110111110000001000000000000000000011010101000101110110111111110111010000001001000000010001001011011111001101000000100101000001010100101101011100110100000010010001000101111111111111111111110100101101011101110101000011010101001101000000100000000001001111101111111101111100000010010000000101
8120749890108646259,20,lattice,1000001100000101000111111111111111111111101110111101111111011001101101011111100110001011010011010001101111111101111111110000001000000001000000000011000001010001100110111101111110010000001001000001000010111111111111111111100010110101111110011000001101001101000100000010000001010001100010110100111110010000000000000001000010001011010011011001100110111101111111011000101101011111101100000010000000010001
1938427282393375624,20,lattice,1101011111011111111101000010110100101010111111111111111111110101011111011111111111011111111111111111010001101101011110100000001000010010001001000111110101111010000000101101001000100000001001010010001011010111111111111111000000000001000000000100011111011111101000000010110101101010000000000001001000100100001011010011101000000010110100101010010001111101111111100000000000010000001001000111110101111011
8889624456633407961,20,lattice,1000001000000000010001000010000000000100111010100100100111111111101001001001111111001010010010011111111111100111110111110000001000000000010011111111111111111111111111101111111111111100001001001001110111111010011111011111111110100101110111111100001000001001010111101010010011011111111111100111111111111000001000000001010011000010000000011101000000000000000001001100001001001001111111000010000000010101
-2152574212095132850,20,lattice,1000000000000000000011011011110111010111111111111111111111111001100000010101011110001000000000010011110111111101110111111001101111011101011110011001100101010111100110001001010101111001100111011101011111011111111111011111100010000001010101111001100110011101011110001000000001010111110110111101111111111000000000000001001111011011110111011111100000000000000001101000000000000000001010000000000000000011
5579673642084940541,20,lattice,1001001000000100011011010010001001000110111100101110110001100001000000000100000011111011111011001111111111111110111111110001001000000100011011110011111011001110110100101010010001101101001011100100011010010010001001000110111111111111111111111001001000001100011000000000000001000000111110111110111011111111101111101101111111110010111011001110000100000000010001100001000000000100001011110011111011001111
1569713620437125399,20,lattice,1000001101100100101111001111111111111111111111111111111111111101111111111111111110001111111111111011100001111111111010110000001100000000100100000001000000000001100000111110110010110000001101100100101100000001001000001001100000111111110010111000001101101100101100000011001001001011100000110110011010111000011111111111101100000001000000001001100001111111111111110000001100000000101100000000000000000001
3054016340754015789,20,lattice,1101001100110110010101010011001101100101111111110011111111110001000000000100000011011111001111111111110101110011011001010001001000100110000000010011001101100101111111111111111111111111111101111111111100000000001001000000000100100011011000001101011100111111010100000000000001000000000100000000011000001101011100110111010111010111001111111111000100100010011001001101011100110111011100010000000001100001
-2993495779521684336,20,lattice,1011111011111111111111111111111111111111001011001110001010110011110011100011111100001000101000101001000011001010001010010011111011100111111110111111111111111111000000001000000000000000110011100010100100000000101000101001001111101111111111110011111011101111111100111100111001111111000000001000001000010010110011100011101100000000100000101001001011001110001111110000000010100010101100000000100000000001
4047692016488848533,20,lattice,1000101100100000111111111111111111111111101111111111111111111001111101110111111100001000000000000000100011110010001011110000101000000000000000001011000000000000100111111111111111111000111101100010111100001011001000001001100011110111001011111001111101111111111110001111011101111111000010110010001010111000111100100011111100001011000000001001000010110010000011110000101100100000101100001011000000000001
-4537681021254002611,20,lattice,1101000000000000000001010000000000000000111100000000000100000001000000000000000011111011101111011111111111111111111111111111001110011101111111110001000100010110111100011001010101111111101111111101111111110001101101010111110100000001000000001111000110011101111111110000000101010100111110111011111111110101000000000001000011110001100101011111111100000001000101001111000000010001011011110001000101010111
-5845260204055845658,20,lattice,1011011011111101110111110110111111011101001000100110100110000011001001111101110011111111111111111111001101100111110111010000001000001000100011110111111111011101001101101111110111010000001001101000100000000010001010001000000000100111100010000000000000001000100000100010011011011000111101111111111111110000001001101001100000000000000000001000000000100111100011001111011011111101111100110010011111011101
8827925669499843561,20,lattice,1100011100001100111001000111000011001110111001110000110011101111011110011110111011111111111111111111000001000000000000100000011100001000111000000101000000000010111001111000110011101111011111111110111011110111101111101110111001111001110011100000010100001000011000000101000011001110111001111000111011101111011110011111111100000101000010001110000001010000000001100000000000000000001011110111100111101111
-7627333526832276720,20,lattice,1111111111111101111101111111111111011111001100111111010011110001001000100000000000111111111111011111001101111111010011110000001000000000000000010011111101001011000100101110000000000001001001100000000000000010001000000000000100101111010010010011011111111101111100010010111001000000111111111111111111110001001111110101111100010010111001001001000100111111010011110001001011110100101100010010111000000001
-4654443023492130928,20,lattice,1100101111011111100101001000110001100001111010111101111111011111101111011111110100001000110001100001111111111111111111110100101011001110000101001011110111111001000000001100000000000000000001000000000011111011111111111111010010101101111010010000000011001110000100000000110001100001000000000100001000000100101011011111100101001010110011101001110010111101111111011111101111011111111100000000110000100001
7323529963392235597,20,lattice,1000111111111111101111111111111111111111101011111111111110111011111111111111111100001101110000100001000001011100000000000000111111100110001100000001000000000000000000011100000000000000000101000000000000001101111001100011000011111111111110110000110111001110001100001101110001100011000001011100001000010000110111100111001100001101111011111011101011111111111111110000110111000010001100000101110000000001
2123537202428270751,20,lattice,1000000000000000000011000110100000111111111111111001011111111101111110010011111111001110100000111111100001000000000100001000011010000011000111001111100000111111100001001000001100011111111111110111111111011111101101111111110011111001001111111111111111111111111111011111100101111111100001000000001100001000000000000001000010000110100000111001100001101000001111011000011010000011001110000100000000110001
4743187016710296405,20,lattice,1011101110110111111111111011111111111111001000001001001101000011000110110011011000101001101100110110111111111111111111110011101110110111111100100001101100110110000000001000000100000011101111110111111100000000101000010000000000001001000100000011100110111011111100111001101101111111000000001001001101000000000000000001000000111001101100111111000000001001000101000010000010110011011000111001101100110111
2789685176052707713,20,lattice,1000010001011010010111101111110110111111101001110101101101011011111101011111111110101111010110110101000001000001100000001000011001011010010110000111010110100101101011111101101111110000010001011000010011111111111111111111000000000001100000000000000000001000000010101111010111110101000001000101101001001000011101011011010110101111010110111111000001000001100001001010111101011011011100000100010110100101
-1414700703018440694,20,lattice,1101000100111000000001010001001110000000111100110011100101000001000000001000000011111111011111111110111101110011100101001101001100111001010000010001000010000000111101111111101111101111011101111011011000010001001110000000000100000001100000000000000000001000000011110111011111111110111101110011101101001101000100111001010011110111011110111110110100010011100001001111011100111011011011111111111111111111
4985330235348103625,20,lattice,1000110111111111111111111111111111111111001011010111111111111011111111111111111100001101011111110101000001010111111101011010111111111111111100000001010011010101000011011111111111110000000001001001010000000001011011010101000000010111111101010000000000001001010000000000010011010100000000000100111101010000000000000001010000001101011111111111000000000000000001000000110101111111011100000000010011010101
-8725156600698931301,20,lattice,1000000001001011111011000000011010111111111000000110101111111111110111111111111111101000111011111111111011001111111111111111111111111111111111101101111111111111111000001110101111110000000001000000000010000000011010111110111010001111111111110000000001001001000011100000111011111111000000000100001100000000000001000001000000000000010010111010000000000100101111100000000001000011001010000000011010111111
6603312840390416438,20,lattice,1111111111111111111101101111110111111111001000100101000100000111111111111111111100101010110110011001001011101101111110110000001001000000000000101111110111111111001000101101000100000000000001000000000000101111111111111111000000100101000100000010001001011001100100101010110111111011001000100101001100000000001001000001000000000010010100011001001011101101111111110010101011011001101100000010010000010001
150516860853118566,20,lattice,1111110111001111111101101101100001101111001011001000011011110011110110000110111100001000100001101101000011001000011011111111111111001111111100101101100001101111000000001000001000010111110111001111111111111111111011111111111111111111111111110110110110001111111100000000100001101101000000000000001000010110110110000111111100000000100000101001000000001000001011010000100010000110111100000000000000000001
3158932421433607552,20,lattice,1001100101111011111111011001011111111111111110110111111111110001000100000000001000011001001000000011111111110111111111111101101101111111111100000001000000000010111111111111111111110001100101111011111100010001001000000010000110010011000011110001100100101010111110011001011111111111000110010010001011110001100100110001111100011001001000001111000110010010000001110000000000000000001000010001001000000011
-5730315522252736317,20,lattice,1111111111111011111101110100100010001010001101001000100010100001000010000000101001111110100010101110000101001000100010100111011010001010111001111111111110111111000000001000000010100111111011101011111001111110101010111110011111101001101111100001000010001000101011111111111111111111011101001000101011100111111010001011111000000000000000001010011101001000100011100000000000000000001001111110111010111111
-2958498310755039344,20,lattice,1111110111011100100101111101110111001001001111001101110010010001000000000000000000011000110111001001000111001101110010010111111111011100100100111101110111001001000100001101010010010001000001010100100111111111111111011101000100000001010010010001000011011100100100010000000001000000011111111101111010010111111111011101110100010000000001001000011111111101110011011111111111111111111100010000000001001001
-6640503765193558145,20,lattice,1101110101100001010001001000000000010100111111111111000101010101100100000001010000001000000000010000010111010100000101001101111101100001010001001001000000010100010111011110000101000101100101000001010001011101011000010100110111111111000101011111111111111111111111111111111101111111111111111111001101010000000000000001000011111111111100111111000010000000000101001111111111110011011111011111111000010101
-224854608270265362,20,lattice,1111001100111110111101100000000010100001001000000000001000010111001000001010000111111111111111111111111101110011111111110110001000001010000101100001000011100011111101111111111111111111011101111111111101110011001111101111011100110001111010110010000000001010000101100000000011100011000000000000001000011111001100111111111101110011000011101011011100110001111011110110000000001010001100000000000000000001
-8863083893673618587,20,lattice,1111111111101101110101000010101010001000011111111110110111010101101111101101100100001011101010001000010111111110110110010000001000101000000000000011101010001000000000101010100010000100101111101100100100000000001010000000111111111111110111110000000000001000000001001011101011001000111111111111111111110100101111101101100100000010001010001000010111111110110111011111111111101101111101001011101011001001
-5950745360869244172,20,lattice,1111110001101011110101111100001000111100001010000000000000000011110000100011110000001000000000000000001011000010001111001111111111101011110111111101011010111101111111011110101111010111110001100011110100001000001000000000111111111111101111010111110001101011110111111111111111111101001010000010001010000010100000100011100000101000001000001000000010000000000001001111111111111111111101111100001000111101
-3627646682350073505,20,lattice,1100110001000100101101001100000000001000111011111110110110111111111111111111111100001100000000001000000001000000000010001100111011100101101111001101111001011011110011001110010110110100110001000100101111001100011001011011111011111111111111111100110111101101101100001100000001001000111011111110111111110100110001000101101100000000000000001000111011111110110111110100110000000100101101001100000001001001
5558437443895406809,20,lattice,1001000000000000001011011000000001001110111111111011111111110001000000000000001010011000000001000110110111001011011111101101111110111111111111011001101101111111100110001000010011101111111111111111111111011000101101111110110110000001010111101101110110111111111110010000000001000110110110001000011111101101100000000101111010011000000001001110000100000000000001100000000000000000001011011000100001111111
1439185170615082646,20,lattice,1110001111101111111101100011111011111111001000100000001101111111001111101111111111111011111011111111111111111111111111110000001000000001000000100011111011111111001000101110111101110000001001000011011100100010001000110111111110111111111111110010001001101111011100000010000001110111000000000000001100000000000000000001000000100010111011111111000000100000001101110000001000000011001100000010000000110001
-8159448882543190724,20,lattice,1000101000000000000011101010101001000101101010101010010001011111101010110100010100001000000000000000111111111111110011110000101000000000000011111011101111001101100010101010000001011111101111111100111110001010001000000001111010101011010001011111101010111100010110001010000001000001111111111111111111111111111111111101111111111010101111001101100010100010000001011111101110111100111110001010000000000001
-3646722656608204382,20,lattice,1111011111111111111101110101111101101111001101011011000010100001000000110000101011111111111111111111000101011011000010100011011111110100111100010001101100001010000100001011000010100011010111110100111100000000001000000000000000000011000000000111010111111110111100110101101101001010001101011111011011110111011111111111111100000000001100001010001101011011000011100000000000100000001000110101101101001111
1177852390299029397,20,lattice,1010011011101110011111100110111111111111001001101110111001011011011011111111111111111111111111111111000001000000110000000000011001001110010011100111111111111111000001101100111001010000010001001110000000000110011011100101101001101111111111110000000000001100000000000000000001000000000001000000111000001010011011101111011110100110111011111111000001000100111001000010011011101110011100000110010011100101
-7806245416760726873,20,lattice,1101100100001001010101011000000010010000111111111111111111110001100000000000000000001000000000000000110111111111111111111101101111111111111101011001000010010101110110011000100111011101100111101001111111011001101010011101110110011011100111110001100000001001000011011001101111111111110110011011101111110001100000000001000011011001000010011101010110000000100101001101100110101001111101011000000010010101
1943792443981599217,20,lattice,1111111111111111111101010000000101101101011111100001111011010001000000010000000001011010000111101101010111100001111011010101001000010110110101111111100111111111011111101001111011010111111011011111111101111110101111111111000000000001000000000101000000011110110100010000000101001001000100000001011010010111111010011111111100000000000100001001000100000001010011010111111010011110111100000000000100000001
5737496646967066823,20,lattice,1111111111101101111101111110111011011101001110101110010111010001000000100101100100011010101001011001001111101110110111010001001010100101100101111111111011011111000100001010010110010001101011100101100100000000001000000001111111111111111111110011101011101101110100000000000001000001111111111110111111110000000000000101100100000000000001001001000110101110010111010111111011101101111100000000000000000001
-6982767704570310235,20,lattice,1100000000000110000001000000000001100000111000000010011000001111111111111111111111101000111001100101111011101111111111011110101011100110010111101111111111111101111000001010011001011110000011100110010111000000001001100000111010101111011001011110101011111111110100000000000001100000000000000000001000001110101011110111110111101010111101101101111000000010011001001110101011111111111111100000001001100101
-6892788348287703712,20,lattice,1000000000000000000011111111011010111111101001000010000001001011111101101011111110101110001010111101100001000010000000001010011000100000010010101111011010111111111111111111111111111010111001101011111110000000001000000000101111110111101111111010011000101011010110111111011111111111101001100010001001001010010000100001010010100110001010111101100001000010000001001010111000101011111110100100001000010101
1406008534313216700,20,lattice,1000000000000000000011111111111111111111101111111111111111111001101101111000100110001010001110001000100111111111110111111000001000111000000010001011011110001001100110111111110010011000101001111000100110000000001110000000100000000001100000001000000000001000000010011011011111001001100110111111111111011001101111111101110110000010001110001000100110110111110011011001101111111101111110001010001110001001
2330008248588467738,20,lattice,1000000001001000000011000111011110001111111001111111100111111111111111111101111111001111111110011111100001110111100011001000001101111000110010000001010110001100110001111111100111110000000001001000000010000001011110001100100000000101100010000000000000001000000011100111111111011111111111111111111111111100011101111001111110000000010010001000100000000101100011001000011101111000111010000111011110001111
-225655989017369343,20,lattice,1110111111011010111101001111110110101111001001111101101011111111111111011010111100001111110110101111000001101000101011110000001000001010001000000111110010101111000000101000101001100000001011001010111111111111111111111111000001111101101011110000000000001010000011111111110111101111000000000000001000001111111111011111111100000010100010101111000000100000101001100000000000001010001000000010100010100111
4711041282756191032,20,lattice,1011001101000011111111111111111111111111001000100000001001100011001000000011011110111011010110111111101111111101101111110000001000000010001000110011010000111111101100111101001111110011001001000011111110111111111110111111101100110101001111111011001101011011111110111111110111111111000000000000001000100010001000000011011100100010000000111111000000000000000001100000000000000000001000100010000000100111
-9213195849505546083,20,lattice,1111111011111111111101000000000000000000011000100000010110000111111001011111101101101010000001111011011011100101111110110100001000000101100011111111111111111111011011101111111111110110101001000111101101101010001001111111011010100001011110110110101001011111101101000000000001000000010000100000011110000100000000000101100001000000000001001000011010100000011111110110001000000111101001100010000001011001
7992292664549150045,20,lattice,1000000000000101000011111111111111111111101111000111111101011001110000010101000000001000000001010000000011000000010100001001111100111111011110011101001111110101101111111111111111111001110001011111010110011100001111110101000011000001010100001001110000011101010100000000000001000000100111000001111101010000000000000101000010111111011111111111100111000001010101001001110100111111011110011100000101010101
-8691519186318476762,20,lattice,1010110101100111101101101101010001011010001011010100010110001111111111110111111100001101010001001000000001010000000010000110111101100111101100000001000000000000111011111111011111110000010101000100100000101101011001111011111011110111011111111111111111111111111100000101000001001000001011010100011110100000110101000101100000000001000000001000111011110110011111110010110101000101101000101101010001111011
-7123875913065897890,20,lattice,1110001001010011011101000010000000000100011000100100000001111111111111111111111111101111111111111111111001110111011111110000001000000000010011100011011100110111111001111111111111110100001001000000011111100010011100110111011000100101000001111110001101111111111111100011011101111111010000100100001001110100001001000011011111100011011100111111000000000000000001000000001000000000011100000010000000000101
6836271425334477236,20,lattice,1011000000110100000111110110101111111101001000000010010000000011000000110100000010111110111111111101101101000011010001011011011010111101110111111111111111111111101100001011010001011011011011111111110100000000001001000000001000000011010000001011010000111100010100000000000001000000101101101011111111011011010000111101010110110100101111001101101100000011010001011111111011111111111100110000001101000001
261305855864742303,20,lattice,1111111111111111111101100100000001101000001001000000010010000111111111111111111101101111111111111111000001000000010000000110011100001111111101100101000001101010011001111111111111110110010101001111101101100111011111111111011001010001111111110110010100001111101000000000000001000000000000000000011000000110010000000111101000000100000001001000011001010000111111110110010000000110101001100101000011111011
1684306087213582393,20,lattice,1000000000000000000011000000010010111000111000101111111111011101001011101111110111101010111111111101111101111111111111011100001011101111110111100011111111111101110000001110111110001000000001001010100010000000011011111000110000101111111111011000000000001000000010000000010011111000100000000000101010001000000001001011100010000000000010001000110000001110111111011111111111111111111111000000111011111001
9073186179427849300,20,lattice,1100011010111111111001000000000000000010111111111111111111111101011011111111111111011110111111111111010001000000000000100100011010100101111011010111111111111111010001001000010111101100011011111111111101000100101001011110010001101011110111100100011010101101111001000100000001011110010001101010011111100100010000000001011001000000000000001010010001000000000001100000000000000000001011000110101111111111
-4091366346673842871,20,lattice,1110011000011001111101100010000100000011001000000000000000101111111000111111111111101110001110111111011001100001100111110010001000010000001111111111101111111111111011101011101111111111111111111111111111100110001110111111001000000001000000110110001000011001111111100110000111111111111001100001101111110110001000010001001101100010000100011011011000100001000111110000000000000000001000100000000000000011
7204990629129549077,20,lattice,1011111111111111111111111111111111111111001110000000000010010001000000000000000000011000000000001000001111111111111111110011101010111111101100111001101111111011001110001011111110110011101111111111101100111000001110111001001110000001101010010011100000001010100100111000001111111001001110000000001010010011100000001011100100010000000000001000001110000011111111010011100000111111101100011000000000001001
4168926503460500200,20,lattice,1101110001101001101001011100011010001000111111111111111111110001010001101000000000011100011010000000000001000000000000001101111001101001101111011111111011011011110111001110100110110000010001001000000000000100011010000000110111111111110111110000010000001000000011011110011011011011110111111111111111110101110001101001101000011100011010001000110111111110110111110001110001101000101011011100011010011011
7272234754598914998,20,lattice,1111111110111111111101111111101111111111001100000000000000000001000000000000000000111010100111011111001111111011111111110011001000000000000000111011101111011111001100101000000110001111111111111111111100111010101111011111001100101001000111110011001010001001111100110010100101011111001110111011111111110011000000000001100000110000000000001000001100000000000011000011001010000001111000110010100000011111
-1480390931865566893,20,lattice,1110111101111011111101000000000000000010001000000000000000101111111111111111111101101111011110111111011001010101000111110110011101111011111101100001000100000011011001011111000111110110000001010000001101100101011100011111011000000001000000110110010101111001111111101111111111111111011001010111101111110110000101010001101101100001010100001011001000000000000001100000000000000000001001000000000000000011
743883094352638513,20,lattice,1111001111100001110001010010001000000100011100100110000001000001000000000000010011111011111111011111111111111111111111110001001000100000010000010001001000000100011100111110000101000101001001100000010000010000001000000100111100111111100111011111001111101001110011110011111111011101111110111111111111110001000100100001010001110011111000011100000000000000000001001111001111111101111111110011111010011101
-7031854513471035639,20,lattice,1000000011000000101111111101111111111111101111001110101010111001010011101000101110011100111010001011100001001100000010111111111111111111111110111101111111101111000000001000000000100000000011000000101110000100111010001011100111001111101010111000010011001000101110011100111011001111100111001110101010111011110011101011101100000000100000001011100111001110100011110000000000000000001000000000100000000011
-2736981281963358860,20,lattice,1111011111011111111101100000100000000001001000001000000000010111001010010000001111111111111111111111011101111101110110110110001010010000000101110011110100010011000000001000000000010111001011010001001111110111111111111111001000001001000000010111001111011101001101110011110101010011011100111101001100110111001010010001001101110011110111011011011101111101111111110110001010010000001100000000000000000001
-245717310537104900,20,lattice,1000101111001101111011111111111111111111101110111100110111101001101111001101111000001011010011010010101111111111111111110000001000000000000000000011010001010010000000111100110110100000001001000000001010111011111011011110101110111111111111110000001101001101001000000010010001000010101110111100111111100000001001000101001000000011010011011010000000111100110111100000001000000000001010111011111011111111
-658273585074625801,20,lattice,1111011111111111111101000000000000000000011101000011001110110101010000110011101111111111111111111111010001000000000000100100011000110011101101110111001100111011011101111111111111110111011101111111111101000100001100111011010000000001000000100111011100111111111101110111001101111011010001000001001000110100010000010011101101000100000100101011011101110011011111110100000000000000001001000100000100000011
8295635583522714242,20,lattice,1101111111101110111101000000000001000010111111111111111111110101111111001100111101001000100001000010010011001000010000110100111111001100111101001101100001000111000000001000010000100100110111000100011101011111111011101111010111111101111011110100110111001100011100000000000001000010010111111100111011110101111111001111111101001101110001001111010000000000010001100000000000000000001001001000100001000011
2647297028773254755,20,lattice,1000000000010000010011011111101111111111111111111111111111111001000000010000011010011000001110001110100111101011100011111001001000111000111010011111101111001111100100101011100011101101111111111111111110010000001100001110000000000001000001001001000000111000111010011110101111001111100111101011111111111001111010111101111110010000000100001110000000000000000001001000000000010000011010011010101110001111
-5475137875288970819,20,lattice,1111111111111111111101011001001000111011011111110011011111110001000100100011000000011001001000110001010111110010001110110101101100100011101100000001001000110000010111111010001110110111111111111111111100000000001000000000010111110011011111110111111110111111111101011111001001111111000000000010001000000000000000100011000000011001001000111011010111110010001111110001100100100011001100000001001000110001
-7290398544447428114,20,lattice,1110101011011000011101000000000000000000011010101000000001111111111111111011011101001000000000000000111011101101100001110100101000000000011111101111110110010111010010101000000001110110101011010000011111101010111110110111011010101001000001110110101011011000011111111111111111111111111010101101101101111110101011011001011111111111111110111111010010000000000001110100100000000000001101001000000000000001
-9160868514191136967,20,lattice,1000001000100001100111101011011011111101101000110010110110011111111111101111110110101011011011111101111011111110111111010000001000000000000010000011001010011001111010111110111111011010001101101111110100000010001000011001111111111111111111110000001000101001100110000011001011011001100000110010111110010000001000000001000000000010000000011001101000110010110111011111111111101111111100000010000000010001
-985961372467851959,20,lattice,1001111111111011111111111111111111111111101111111111111111110001100101001010001100001001010010100011000111110111101111110001101101111010111100000001000000000000000110111111101111110000000101001010001100000001011010100011000010010101101000110000000100001010000000011011111111111111000000010000001000000001101101111011111100011001011110101111000110010111101001110000000100001010001000000001000010100011
7638835039193041897,20,lattice,1110111011110101111101101110111101011111001010000001000101100111111011110101111100001000000000010010001011100111000111100010101001110001111011111111111111111111001011101111010111110010100001110001111000000000001100010100000000000001000100001111111011111101111100101110011101011111111111101111111111110000000000000001000000000000001100011100000000000001000101000000000000000001001000101110011100011111
5451690086587912653,20,lattice,1010001111001111110011101111111111111110001000011000111111001111111111111111111110101111110011111100101001111100111111000000001110001111110000000001000000000000000000011000010101000010001111001111110010101111111111111100001000011001111111000000000110001111010000000001000001010100000000011000011101000000000100000001010000000001100011111100000000010000000001001010011111001111111011101111111111111111
-2988999249475638041,20,lattice,1111111111111111111101001000001101001010011111111111111111110101100000110100101000001000000101001010010111111111111111100101101010111100101001011011101111111110010110001011110010100101101011111111111000000000001001001010000000000001010010100101100000111100101000000000000001000010010110101011111010100101101010111111111000000000000001001010010110101011111011100000000000000000001001011111111111111111
7147867526878571540,20,lattice,1111111111111111111101001010101010001011011111111010101111110101111010101011111100001000000000001011000011101000100010110000101010001000101101011111101010111111000010001000100010110111111111101111111100001010101010001011011111111111111111110000100000001000101101111111101011111111010011101010101111110100111010101001101100000000000000001000010011101010100111110000000000000000101100000000000000001001
2884388348883753572,20,lattice,1010100100111111110101101001000101111101001000000001010111011011100100111111110100101000000101111101011011111011111111010110101100110111110100101001000101111101011010111011011111011111111111111111111100101001001101111101000000000001000011010010100100111111110100000000000001000101000000000000011111010000000000000101110100000000000000001101000000000000000001011111111110111111111100000000000000000001
6384541646111033450,20,lattice,1000001000010011010011011111110101110111111111111111111111111001011001010011011010011110010100110111100001100101001101100000001000010011010010011111010101110111100111111101011101111000001001010011011011011111111111110111000000000001000101001101111111011111011110011110010101110111000000000000001101000000000000000001000011011111111111111111000000000000000101001000001000010011011010000010010100110111
3201996579252432873,20,lattice,1000000000000100001011000010111111111010111001111111111110101111011111111111101111111111111111111011110001111111111110101000001011110111101011000011111111111010100000001111011110101000000001110100101000000000001001001010100000000011010010101000001011111111101000000000000001000000100000000111011110101000000001110101101000000000000001001010111111111111111111110000000000000100001011100111111111111011
8290128950347046089,20,lattice,1000000101100100000011101001111001111111101010011110011101101001100111100111011110001001011001010000111111111110111111111110101111101111111100000001011001000000100010011110010100000000000001100000000000000000001000000000111111111111111111111110100111101111111100000000011001000000100010011110011100001000000101100101000010101001111001111111100010011110011101001000100111100111011010001001111001110111
-5475208411121547023,20,lattice,1011101000110111011111111010001101111111001010100001011101110011101000010111011100001010000100110011111111101111111111110000001000010000001111111111111111111111111110101111111111111111101001111111111100001010001101110111000000000001000000011111101000111111111100000010000101110011000000100001001100110000001000010001001110111010001101111111000010100001011101110000000000010000001100000000000000000001
-4538030391329463598,20,lattice,1111111111001111011101101000010010010100001000000000000000000111111111001011010100101000010010000000011011111100101101010010101011001011010101101011110010110101001010001100100100000010000001000000000011111111111111111111111111111101111101110010000000001000000001111111110011110111001010001100101101010010100001001001000011111111110111111111001010000100100101000111111111001011011100101000010010010101
-3117022263970748076,20,lattice,1011011111010111101111110111110101111011001001000000000000000011011111010111101110111111110101111011000001000000000000000010011111010111101100100101110101111011001001001001010110110010010011010101101111111111111111111111001001000001000000011111111111011111111100100100000101000001001001001101011110110010010000010101000100100100000101011011111101111101011111110010010000010100001100100100000000000001
-5432889684060533968,20,lattice,1111111111111111111101101111111111111111001010111111111110110111111111111111111100001000000001010000001011111111111111110000101111111111100100001001000101010000000010011111111110000000100101010101100000001001011101011000000010000001010100000000100101111111100000000000000001000000000010010111011110000000000000000101000000001001000101011000001010111111111111110000100111111111101000001001111111111001
7339327798172797476,20,lattice,1111111111011111111001000000000000000100011111111101111111100101111111011111111001001000000000000100010011001001111111100100111010011111111001001001100011111110000000001000000001000100111111011111111011111111111111111110010010001001111111100100100010001111110001001000100001111100010010001000001101000000000010000001010001001000100000111100000000000000000001000100100010001111111011111111111111111111
6060937878786617242,20,lattice,1101010101001010101101010100010000101011111111111111111111110001000001000000101111011111111111111111000101000100001010111101011101111111101101010101010000101011110101011111111110110000000001000000100111010101011110111011110101010101101010110101010101001010101111010101011111111011000000000100001010011101010101011011101100000000000000001000110101011111111111110000000000000000101000000000000000001001
8945356486008215436,20,lattice,1010111011111111111111111111111111111111001011001011111111110011111010111111111100001100101111111110000001001010001110100010111010111111111110111111111111111111000000001010000000000010111011111111111100000000001000000000000001001011111110100000010010101011101000000100101011111010000000001010001100000000000010100001000000000000101000111000000001001010111111100000000010100011101000001100101111111111
6968815128375030100,20,lattice,1111111111111111111101111111111001111101001111001110011110010001000011100011000000011100111001111001000101001110011110000011111011100111100100111111111001111101000000001000001100000000000011100011000000000000101000110000011111111111011111110111111111101111111100000000000001100000000000000000001000000000000000000011000000010000111000111000001111101110011111010111111111100111111100010000111000111001
8744457612317999958,20,lattice,1111111111111111111101010111010111101111011101110101111011110001000000000110010101111111010111111111000101110100111011010001001101001110110100010001010001101101011111111111111111110001000001000110110101111111011111111111000101110101111011110001000101001110110100000000000001000101000000000000011001010111011101011111111100010000000001101101000000000000000001010001000101001110111100000000000000000001
-5259521469861498551,20,lattice,1000100000111001000011111111111111111111101110000011100101101001100000111001011000001000001010000000101111111111111111111011101000111001011010111011111111111111101110101011110111101011101001111001111100000000001010000000000010000011100100000000000000001000000010111010001111011110101110101111111111110000100000101001000010111010001110011110100010000011100101100000100000111001001010111010001110011111
8061300972836014152,20,lattice,1001000000001010111011111111111111111111101100100000101111100001000000001000010010111010000011111111101111111111111111110001001000001000111010111011010111111111101110101101111111111011101001001111111110111011011111111111101110100101111111110000000000001000010010110010000011111111000100000000101011101001001000001011111000010000000010001110000000000000000001000000000000001000011010110010000010111111
6952031282624837933,20,lattice,1101111111111111111101000000000101001100111111111111111111110101011110111101110101001011111111111101010001111011110111010100001100110101110101000001001101011101010000111011010111010100001111111101110101000000001101011101000000000001010011000100001110111101110100000000000001001100010000110011011111010100000000010101110100000000000000001000000000000000000011000101111111111111111100000000000000001101
9131838921774455072,20,lattice,1010110101010011101001101101110100111010001001000000001010001111111111110111101000101100000000101000000001000000001000000110111111110011101000101101000000101010001011011101001110100010110101010011101001101101111100111010001011010001001010101111111111111111101111101111111101111010000000000000001000000010110000000011101000000100000000101000111111111111111111110010110000000010101011111111111101111011
-3828442033425461218,20,lattice,1111111111111111111101000000000000000000011001100000000010000111011000000000100001111110000001001001010001100000000000000100001000000000000001111111111111111111011111101011111111110111111011111111111101111110001001011001011111100011110110010111111000101101100101110110000001001001011111100011111110110111111000000101100101000000000000001000011111100011111111110111111000111101101101100110000000001001
8487054727279714518,20,lattice,1001010000011000010011110100000110000100001101000001100001000001010000011000010011111100000110001100000001000000000001001111111110011000111011111101100110001110111111001001100011001111111111111101111111111101101110001110000001000001000001000000010000011000010011111100100111001110111111111111111111111111110110111101111011110100000110001100000000000000000001001111110010011000111011111111101111011111
3288376538440233365,20,lattice,1000001000100001001011000010001100010010111100101111111110111101001000110111101011111011111111111111111111111111111111110000001000100001001011110011111111111111110100101011111110101101001011111111101100000000001000000010000000000011000100101101001000111111101011000010001101111010110000100011001110100000000000100001001011000010001100011010111100101111111111110000000000000000001011010010101111111011
-91311594100234845,20,lattice,1011111011111111101101111110111101111011001001000000010010000011111011100100101000101110001001001010000001000000010010000000011000000100100001111111111111111011001011101110010010100010111001100100101000000100001001001000001011100111010010100011111011111111101100000000000001001000001111101111011010110011111011110111101100000000000000001000111111111111111111110010011000100100101000111110111101001011
757141713514467745,20,lattice,1101111111111110111101000001000001000000111111111111111111110101111111010110110101001111110101101101010001110000010000000100001100000100000000000001000001000000010001111001010010000100011101010100110101000111001101101100010001110001010010000101111111111110111100000000000001000000010001110001011011000101111111111111111101000111000001001000010001110001010011000101111111110110111101000111000001001001
5146493792221557277,20,lattice,1000000000000100000011111111111111111111101000100000010000001011111011010111110010001110000001000000100001100000010000001000001000000100000010111111110101111110101011101101011111001010111001000111100010111111111111111110101011100001011110001011111111011111111000000000000001000000101011100000011100001000111000000101000010101110000001111000101011100001011111001011111011010111111010111111110111111111
-5926719564186035305,20,lattice,1111111111111111111101111110111111110111001111001111001000110001000000010000000000011100100100000010000101001001000000000011111011111111011100111101111110110111000100001001000000000001110011110010001100011100101100100011000000000001000000000011110011111011011100111100111111110111000111001001001000110011110011110011001100111110111111111111001111001111001101110001010010010000001000011100100100000011
3461159507271541891,20,lattice,1001110010110011001111111101101100110011001111011011001100110001010010010011001000011100101100110011000001001000001000001111111110110011101100011101101100110011000000001000000000001111110111110011101100000100101100110010000001001001001100101111111111111111111111111111111101111111000000001000001000000000010010000011001011111101101100111011111111111111001111110000010010000010001000010100101100110011
-1468384355560126826,20,lattice,1010110111111011111101001101111110111111001011011111101111111111110111111111111100001000010000000011000011011111100010111111111111111111111100001001011010001011000010011110100010110000000001000000001100001000011010001011000010011111100010110000100001001000001111101101111111111111000011011111101010110000110111111011111100001000010010001011000011011111101011110000000000000000001100000000000000000001
4218578699577485879,20,lattice,1110111111111111101101101100001111111011001011000011101010111111111111111111111100001000000010100001000001000000001010010110111110111111101101101101001111111011011011011011111110110110110101111111101100000000001100101001000000000001001010010000000000001010000100101100001111111011000000000000001000000010110000111011101100000000000000101001011011111011111111110000110000111010101100000000000000100001
2952447411964298176,20,lattice,1011111101111111011111111111011111111111001011100001000001110011111101111111011100001110000000000111000001100000000001010000001000000000010100101111010111010111111111111111111111110010111001011100011100101111011111010111000011100001000001110010111000011100011100101110000101000111001011100101111101110010111001011101011110111111011111111111000000000000000001010000011000000000011100000000000000000001
4798464642733909388,20,lattice,1011101010110111010111111010111101111111001110101010011001010001000000100010010100011010001000100101111111111111111111110001001000100010010110111011101101111101000110101010001001011011101011110111111100000000001000100101000110101011011101011011101010111111111100011010101001100101000000000000001001010001101010100111010110111010101101111101000000000000000001011011101010110111111100000000000000000001
-6380135639250495403,20,lattice,1000000000001000000011011101000011111011111111111111111111111001110100001111101110001100000010000000000001000000100000001101111111111111101110001101000010110000110111011111111110111101110101001111101111011101011111111011110111010101111110110000000000001000000010001100000011110001100011000000101100001000110000001001000010000000000010001000110111011111111111111000110000001111101110001100000010110001
-7457436772855174333,20,lattice,1111011111111101111101110111111111011111001001000100000101110011011011111101111111111111111111011111000001000000000101110010011011111101111100110111111111011111001001001101010111110000010001000001011100100100011100011111001001000101000111110010010011111101111100100100010101011111111111111111111111110000000000000001001100100100010000011111000000000000000101110000000000000000001100000000000000000001
-1018099875972118823,20,lattice,1100111010011011110101000100000000101001111111111111111111111101111110011011110100001100000100101001000001000000001000000000111000010010100101001111100110111101010011101001001011011101111111111111111111011111101111111111000001000001001000000100111010011010110111011111100111111101000000000000001000000100111010011011110100000100000000101001000011100001001011011101111110011111111100000100000000100001
4276288936325897371,20,lattice,1011010110011110111111110101100111101111001100011001100010110001000110011000101111111111100111101111001101011001100010110011011110011000111100000001000010000000000000001000100000001011010111011110111111111111111111111111000000011001100010110000000000001000000000110101100111101111001101011001101011111111010110011111111100000000100010001010001101011001100011110000000010001000001000000001100010001011
7998916459489144515,20,lattice,1000000000001111100011110001101111111011101100011011111110111001000100101111101011111001111111111011111111011111111110111111111111111111101110000001001011111010000000001000111110101111000111111111101100000000001011111010100100011011111110110000000000001110100000000000000001101000000000000000001010000000000000001111100000000000000000001000111111111111111111110000000000001111101010010001001011111011
-503661547428153966,20,lattice,1111101001111111110101111010011011101101001110100110111011010001000000001010100100001000000010101101111111111111111111110001101001101110110101111011011111111101111110111111111111110000100001101110110100000000001000001100011110100111111111010000000000001000100000001000001011101101000000000000101010010111101001101111110100000000000000001000000000000000000011001111101001111111111100000000000010001001
4873503901598048530,20,lattice,1111110110111111110101001101101011110101011011011010111101010111110110101111110100001101101011110101000001000000000000001111111111111111110100000101101010000101000001001010100001011111110111111111110100000100001010000100011111011011111111010000010000001000010000000101101011100101000001011010101001010000010000001001010001101101101011111101000001000000000001001111111111111111111100000100000010000101
-3727286902599240982,20,lattice,1111111001011111110101001110000111111101011011100001111111010111111001011111110100001010000111111101000011100001111111010000001000010000000111111111011111111101111111111111111111110110111001011111110111111110011111111101000000000001000000010000000000001000010100000010000111111101000000100001001000010000001000011001010100000010000110011101000000000000000001011111111101111111111100000000000000000001
3864798437542458108,20,lattice,1111111111111111111101010001010011000100011100010100111011000001000000000100000001111111110011101100011101011100111011000111011111001110110000010001010011000100011100011100111011000001000001001100010001111111111111101100011111111101111011000000000000001100000000000000000001000000010100010100111011000111111111111111110100010001010011001100000100000000010001000111111111011110111001111111111111101101
3130820822547702073,20,lattice,1000010001011000100011111110010110111110101111100101101111101001110001011011111010001100010110111010000001000000100000001000111001011011101010111111110110111110101111101101101111100000010001001000000011111111111111111110000001000101100000000000000000001000000011111110010111111110100001000101101110101000010001011001100000000100000010001000100011000101101111101000010001011000101011111111111111111111
-4831354178259721637,20,lattice,1000000000111000000011100001111111111110101000010011100000101011010111111111111111111111111111111111101001011111111111111111011111111111111110000001001110000010100000011011100000101010000111111100001000000000001110000000000000000001000000000000000000011000000010100001101111000010101000011111111101101010000111111101011010100001111111111110101000011111110001100000000000111000001010100001111111010111
-4241459698476318249,20,lattice,1000010111000001101111011111110011011111111111111110110111111001010111000001101110011101110000011111000001010100000110111001111111001101111100000001000000011010000001011100000110110000000101000001101111011111111011011111111111111111111111111001110111001101111110011101110001011111111111111110111111110000000000000001100000000000000000001000000001010100000111110000000000000000101000000001000000011011
-347437681757107403,20,lattice,1101000111111101111101010001111111011111111111111111111111110001000100011100111111011111111111011111110101011111110111111101011111111101111100000001000100001111000000011011110011110000000111111100111100000001001111001111000000000001000011110000000100011000111100000001000111001111110111111111111111110001000111111101111100000000000000001011000000000000000001110000000000000000001100000000000000000001
-5356399220798323366,20,lattice,1000101001000100011111111111011011111111101011110110010111111011111101100101111100001010010001000111100011100100010001110000001000000100000110001111011001010111111111111111111111110000000001000100000100001010011001000111111111110111111111111011111101101101111100000000000001000001101011110110011111111000111001000101011110001110010001011111000000100100010001110000001001000100001100000000000000000001
-8705936550139809875,20,lattice,1100110010100001010001001100101000010100111011111111110101111111111111111111111100001100101000000000000001001010000000001100111010100101010011001111101011010110000000001010000000001100111111111101011100000000001000000000110011111011110101111100111010101101011000001100101001010100111011111111111101110000110010100001000011101111111111111111000011001010000101001100111010100101011011001111101011010111
8628193696574205023,20,lattice,1111111111111111111101111111111111111111001000000011010110000011110001110111100100001000001001011000001011000111010110010011111011111111111100111111111111111111001111001111011110010010100001110101100100000000001000000000000000000011000110000011110011111111111100000000001001011000000010000010011110000000000000100001100000000000001000001000001111001111011111110011110011110111101100101000001101011001
5792666443273751370,20,lattice,1001010110101111001101010001101011110011111101111011111110110001000100100111000111111111111111111011000101011010111100111101011110111111101100000001001000100000000100011010111100011111011111111111101100000000001000100000110101011011111110110000000100101010000100000001001001110001000000000000001000000000000100100011000110010101101011111011111111111111111111110001000110101111001100000001001000100001
2425802081490382435,20,lattice,1000101001111111111111111010011111111111001010100111101111111011101001111111111100001000000000100111111111101111111111110000101000000010011111111111111111111111111110101111111111110000101001111011111100001010001110100111000010000001001001110000100000011010011100001010011111111111000000000000001000100000101000111011111100001010001110101111000000000000001001110000000000000000001000000000000000100011
9013771188077955,20,lattice,1111111111111111111101110011011011001001001000000100100000010011000001001000000101111011111011001101011111111111110011010010001001001100000100100011011011001001011100111110110010010000000001000000000100100010011011001001011100111111110011010000000001001000000100100000010011000001011111111111111111110111111111111101110100100000010011001001011100111110110011010111111111111101111100000000000000000001
3008152741095829107,20,lattice,1111101110011111101101111010000111011010001110100001010110000001101000010001000000001010000000010000111111111011111111110000001000000001000001111011100111111010000110101001010110001111111111111111111111111011101111111011000010100001000100000001101000011001100000011010000101011000011110100001111110100000000000000001000000011010000100011000111110111001111111110011101000011101101001111011100111111011
8282040627785896357,20,lattice,1010010000000110110111100100010001111111001001000000011010011111111111111111111111101111110101111111000001000000001010001110011111010111111111100101110101111111111001001100011111111010010001000110111111100101111101111111111001001101011111111110111111011111111100000100000001101000000000000000001010001010010001000111111100000000000000001000000001000000011011011010010000000110111100000100000001101001
2814114752756198293,20,lattice,1100101000111101100001000000000000000000111111100011111110101101101000111111101001001010001111011000110111100011111110100100001000010100000011111111001111111010111111111011111110111111111111111111111101000010001111011000010000000001010000000100001000011101100001000000000001000000110010100011111110100100001000010101100001000010000101001000111111100011111111101100101000111101101011111110001111111011
7168295415951618018,20,lattice,1000000000000100000011000000110101000100111000111101010101111111011111010111011111111111111111111111111001111101010101111100001011010101010111000011110101010101100000001101010001001000000001010100000011110111111111111111000000000001010000001111011111011111111100000000000001000000111001111101011101111000000001010101010011110111110101111111100000000101010001001100000011010100011111000000110101000101
-8137837938489594538,20,lattice,1100110110110000001101000000100100000000111111111111111111111101111110111011111101001001100100000011010011011011000000111100111110110001011101000001100100000011000000001001000000001101111111111111111101000001101100000011000000000001000000001100110110111001011111011111101111111111110011011011001110111100110110110001001111001101101100011011110011011011000101110100000010010000001101000000100100000001
3760477122537838828,20,lattice,1111101000000001111101011010000000011110001010100000000011100001101000000001111000001000000000000110111111111111111111110000101000000000111011111011111011111111111110101000000111111111101011000001111111111010101010111111111110101001101111111111101010001001111111111010100011111111111110101000101111110000101000000001111000001000000000001110000000000000000001100000000000000000001001111010000000011111
-1906175037152991190,20,lattice,1011110010001000001011111110101111111111001011000000000000000011110000000000000000001100000000000000000001000000000000000011111010011011011111111111111111111111001111001000000000001011111011111111111100111110101111110111001111001001100000100011110010001000001000111110100111110111001111001001101001110011110010011011011110111110101111111111001111001001100001110011110010000000001000111100100110000011
2796045118121477641,20,lattice,1000000000000000010011111101111111011111101111011111110111111001010010000100011110001101100001010111100001001000010001111111111111111111111110000001100001000111100000001000010001111001110111000101011110011101111111010111100111011101010101111001110111011101011100000000000001000100111111011111111111111000000110000101011110011101111111011111000000000000000001001000000000000100011100000000000001000101
8826554515010188089,20,lattice,1111111111111111111101001010000111010100011111111111111111110101111011111111111100001000000101000000010011101111111111000000101000010100010001001111111111111111010010101111111111000100101001011101010001001010011111111100000000000001000000000000101000011101010000000000000101000000010010100101111111000000101000010101010000001010000111011100000010000001010001000100111011111111111101001110111111111101
1587449206714498026,20,lattice,1111111111011101111101111111110111011111001001111101110111100011011111011101111100111111110111011111000001010100100000100000011111001101111000000001010010000000000001011100100000100000000001001000000011111111111111111111000001111101110111100000000000001000000000000101110011010010111111111101111111110000010111001001001000000101110010001010000001011100110111100000000101001000001000000111110111011111
6724887073117088571,20,lattice,1100000110001100100001000000000000000000111111111101111010111101000110001100100011011111110111101011110001111000111010110100001110001000100001000001000010000000010000011000100010001101011111011110101111111111111111101011110101111001111010110100000000001000000001000001100011001000110000011000111010001111111111111111101101000001000010001000111111111111111111110100001110001000101011000011100011101011
8805500522290801061,20,lattice,1000000000110010000011111100011111110001101110000011111100011001000000110110000110001000001111100000101111000011111100011111111101111111000111111101011111110001111111111111111111111011110001111111000100000000001000100000000000000001001000001000000000111110000010000000001101100000000000000000001000001001100000111111000111111111011111111111111111110111111101011111111101111111011110000000001101100001
8150825849246385474,20,lattice,1110111111101111101101101111111011111011001001011100111110111111111111111111111100101111110011111011000001011000010010010010011111001111101100000001000000000000000000011000010010000000000111000100100100101111111011111011111011111111111111110000010111001110100100000001000001001000000000011100011010010000010111001111100100000001000000001000111011111110111111110000010111001111101100000001100001001001
2035379693135938430,20,lattice,1111101101001111111101110011000010111111001100010000100011010001000000000000010001111011010011111111111111111111111111110000001100001000110100000001000000000100111110111110111111110111001101001111111111111011011011111111111110111111111111110000000100001000010000110011000011101101001100110000101011010011001100001011110100000001000010001101000000000000000001000011001100001011111100000001000000000101
1533664948482568192,20,lattice,1110001011111110100001000000011001001000011000101111011010001111001011111110100011111111111111111111111101101111111111100100001011110110100011110111111111111110010000001110011010000000000001000000000000000000011000000000010000001111011010000110001011111110100000000000011001000000010000000110011010001111001011111111111000000000011001001000011000101111111011001111001011111110111011110010111111111111
4106211082908890561,20,lattice,1111111111111111111101100010000110111000001000100001000110000111111111111111111101101110111111111111001001100001000110000000001000010000000001100111111111111111011001101111111111110110011001011011110101100110001110111100000000000001000000000010001000011001100001100110011111111101001000100001001110000000001000010001100000000010000100001000011001100001101111000110011001111111111101100110000110111101
-6028414458499185504,20,lattice,1010101011001010101111101011110111111111001000000000100010001111111111111111111100101000100010001011111011111101111111110010001010001000101100100001000010001001001000001000100010110010101011001010101111101111111111111111101010111101111011110000000000001000100000101011110011101011001010101000101010111010101111011111111100000000000000001000101010111100111011110010000000001000101100100000000010001001
-4134823302913736070,20,lattice,1000001011000000111111001110110111101111111011101101111011111111111111111111111110001010110000001111000001001100000011110000001011000000111111101111111111111111000000001000000000100000000011000000111111101110111111101111100011101101110011111000111011001100111110000110110001001111100011101100111011111110111011111111111100000000000000001010000000000000000001100000000000000000001000000000100000001111
-6497068022495592576,20,lattice,1010000000111011001111101001011111110111001000000000001000011111110101111111111100101001001010110011101011010111111101111111111111111111111100100001001010110011101011011111111101111010000001111011001100100000001000100011001000000011101100110010000000101010001110101001011111110111000000000000001000010010000000101011001110101101011111111111101000000111101101110010000000000010001100000000000000000001
-8953301251249370859,20,lattice,1000000000010000000011011111111111111111111111111111111111111001000111111111101110011101111111111111100101011111111110111001111111111111111110000001101101110010100000001001010000001000000111111111101110000000101101100010000000000001000000001000000110111111101010000000000101000000100000001001011000101000000010010101001010000001101101111010100101011111111111111000000010010100001010000001101111111011
3330696951924273173,20,lattice,1001010101100011111111111111111111111111101111111110011111110001010101100011111010011101011000111111000001010000001011101001111111100011111100000001000000000000100111011110001111110000000101000011111000000001011000111110101111111111011111111011111111111111111110011111111001111111000000010000001001100000000100000011111000000001000000101110000000010000000001100000000100000000001000010101011000111111
-2246704558211385565,20,lattice,1000000000000000000011111101011000011111101111010110000011101001000000000000000010011101011000001110100101010000000011101111111101110101111110010001000000001010111111111111111111111001010101000000111010010101011000001110111111010111010111111111110101111101111111111101011001011111111111110111011111111011110101100001111010010000000000001000100100010000000011101000000000000000001010111101011000001111
-2657347574650161402,20,lattice,1000011100000111000101000010000000100001111101111101111111111101011101001111111111111111110111111111000001100000011100010000001000000010000100000111000001110001110101111101111111111100011101001111111111111111111111111111110101110101111111111100011100001111000100000010000001100001000000000000001000010000000000000011000111000111000011111111110001110000111101011000011100000111001100000000000000000001
398698807185907348,20,lattice,1010001000011100111111111111111111111111001000000001010001011011111100111101111110101111001111011111001001100001110111110010001000010100111100100111000111011111101111111111111111111011111101111101111100100111001111011111000000000001000000010010001000011100111100000000000101000101101111110111111111110010001000011101111100100000000101001101000000000000000001010010000000010100111100000000000000000001
2822586218567121818,20,lattice,1010000110100000110011101011101111111111001000011010000011001111101110111111111110101001101000101101111111111111111111111010101110111111111100000001000000000000000000011010000000001111101111111111111100000001001000000000101000011011000011001010100110111111111110101001101101101111101000011010001011011010100110110111111100000001101000001100000000011010000001001010100110110010111110100001101000001101
-4464215395109833095,20,lattice,1011111010110111101111111111101111111011001010000011011110110011111010110111101100001000001001011001001011101011011110110000101000100111101100101001001101111011000010101010011110111111111111111111111100000000001000001000000010000011010110111011111010111111101100000000001001001000000010000010011110110000000000000001100100000000000000001000111111111011111111110000100000100101101100000000000000001001
5062692261637383443,20,lattice,1011101011110101101111111010111101011111001110101111010110110001000000000100000000011000111001011011111111101111010111110001001000000100100010111011111101011011000100001110010110110001000001100101101100010000001001001000000100001111010110111111111111111101111100000000000001000000111111111111111111110001000000100101100100010000000001001000101110101111010111110001000000100101101100010000001001001001
1115223023494599491,20,lattice,1111111001111111111101100000000100111010001000000001000100000111000000010011101001111100010110111011011101000001001110100111111001011011101101111111011110111111111111111111111111110111010001011011101001111110011110111011000000000001000100000111010000011011101001111110011111111111001000000001001100000000000000000001000000100000000100011000011111100111101111110010000000010011101001110100010110111011
-1675456527211193763,20,lattice,1000010101111100100111010111111111001011111111111111110010111001010101111100101111011111111111001011000001010010110000011001011101111100101100000001000000000001100001011111110010110000010101111100000100000001001011000001000000000001000000010000000100001000000100000001000011000001110111111111111010111101111111111111101100000101011111001001111111111111111111111000010101111100101100000000000000000001
-1970714753756289042,20,lattice,1100111000000001111101001110000000011111111111101110111111111101111011100111111100001010000000011111000011100000000111110000001000000000101011111111111111111111110011101010010111111100111011100101111111001110001000011111110111101111011111111100111011101101111111001110001001011111110011101110011111110000001000000001111000000000000000001010000000100000000011100000000000000000001000000010000000011111
3404005440842880506,20,lattice,1000000010001000010011110111111111101100101000011010101011001011011110111110110011111111111111111100101001111010101011000000001010001010000010000001100010101100000000001000000000001010000111111010110010000001101010101100101000011011101011000000000010001000000010100111101111101100000000001000101000001011011110111111110010000000100010001100000000001000000001001111111111111111111011111111111111111111
7880162894717009667,20,lattice,1000000011011001100111101101111111111011101011011111111110011111111111111111111110001000110110011001100001011111100110011010111111111111100110000001111110011001000000001000000000010000000011010001100110000000111110011001000000001001000010010000000010001001100110000000111111011001100011011111101110010000000010000001100100000000100000001001111011011111111111111010110111111111101100000000000000000001
-8632532937422507883,20,lattice,1011011110010111110111110111111101111101001101011001000111010001010110010000110111111111111111111111000001011001000011000011011110010111110100000001100100001100000000001001000010001011011111010111110100110111101101111101000000000001000000001111011111111111111100010101100101001101001101011001001111010001010110010001110100000000000100001000000000000001000011001111011111110111111100000101100100001101
5537891673174375402,20,lattice,1001101011010110010011111110110111101111101111101101111011110001101010010010010000001010000000100100100111101101111011110000001000000010010011111111111111111111000010101001001001000001101011010110010010111110111111111111000010100001001001001001101011011110111000011010100101100100000000000000001001001011111011011111111110011010110101101110000000000000000001001001101011010110011010011010110101100101
-3416688003001178162,20,lattice,1001001111111110111111010111111111111111111101111111111111110001000000000000000011111111111111111111000101011011111011110001001111111110111100010001100110101001000100001001000000000001000111111110111100010001101111101111000100000001000000000001000010011000100100010001100111101101000100001001101010010001010110111111111100010000100100001001000100011001101011010001000010011000101100010000100100000001
1096483703083795875,20,lattice,1000001000001000100011001111000010111111101011110000101111111011111101111011111110001010000010001000100001100000100010000000001000001000100010001111000010001000111111111111111111111010111101001011111110101111001010111111101011110101101111110000000000001000100011111111011111111111100011110000101011001000111100001011111100000000000000001000100011110000100011001000111100001000111010001111000010101111
4901636306705866506,20,lattice,1000000100000101000111000011010001010101111000111101011111111111101111110111111111101011111101111111111111111111011111110000001000000101000000000001000001010000110000111100010101011000001101000101010111100011111101111111110000111101010101011111111111111111111100000000000001000000110000111101011111110000000000000101000011000011110101011101000000110000010101001100001111010101111100000000000001000001
1961531189657192734,20,lattice,1111111111110111111101111111111101110111001000110010011000010011111111110111000100101111101101100001001001111010011000010000001000000010000100000011001001100001001000111010011000010010111111110111000100000000001000100001001001111011011000011111111111111111111100000010001001100001000000000000001000000010111110110111000100111111111101111011001011111011011001010011111111110111001100000000000000100001
2775975417764491005,20,lattice,1011111111100111111011111111111011111110001001110100010111100011111111100111111000001111010001011110000001110100010111000000001101000101110000000001000001001100001001111100010111100000000001000100110000101111111001111110111111111111111111101011111111101111111000000000000001000000001011111100011111100000000100000101110000000000000001001100000000000000010001000000011101000101111011111111111111111111
438589036182808524,20,lattice,1101000111111101101101000000100100010000111111111111110111110101000011011101101111011001111111011111110101111111110111111101001111111101111101010001110111011011000000001000000100000100000011011001101101010001111111011011000000000001000100000100000010011001001101000000100101010011111111111111111111110000000000000001000001000000100110011011110100011111110111110100000010010001001100000000000100010001
-1097574638194487494,20,lattice,1011101111110010001111111111111100100011001000000000000000000011001100000000000000111011111100100011101111111111001000110010001100000000000000100001000000000000001100111111001000110011001101110000001100110011001100000001001100110001000000011111111111111011101111111111111111111011001100110111001000110011101111110011001111111111111100111011111111111111111111110011001100110000001100110011000000000001
-5241972315554170405,20,lattice,1100011011101111110101000110111011111101111101101111111111011101011011101111110111111111111111111111000001000110101111010000011011101111110111010111111011111101000001001110111111010000000001100011000000000000001000000000000000000111101111010000000001101011110100000000011011111101000000000010001000000000000000100011000000000000011000111101000000000010001001001111011111111111111100000000011000110101
-7851852124726095894,20,lattice,1000101111111111100101011001111111111001111111111111111110110001100011111111100100001000011110101001010111011111111110010000001000010000100100001001111111111001000010001111111110010000000001010010100100000000011110101001000000000001000010010000000001011010100100001000011111101001000000000000001010010000100001111011100100000000000000001001111111111111111111111101111111111111101100000000000000000001
-7693166808921259343,20,lattice,1000001001011000001011011110111111111111111111111111111111111001111001011001101010001110010110010010000001100101100000100000001000000000000010011111010110111010100111101111100110100000001001000000000010011110011110011010000000100101000000000000001001011000000010011110111111111111100111100101101110101000001001011001001010001110010110011010100111101111100111100000001001011000001010011110111110011111
-2918364181934134847,20,lattice,1100000011011000011001000000110000000110111111011111111111111101110111111111111111001101110111111111110001011101111111111111111111111111111111000001110110111111000000001100000000100000000001000000001011001101111111111111000000000101000000100000000011011000001011000000110111110110110000001101101001101100000011011011011011000000110110101111000000001100000001100000000000000000001011000000110110100111
8529589674859952374,20,lattice,1110111111111010101101001100000110101011011011110111101010111111111111111010111100001100000110101011000001000000000000000000011000010010101101001111010110101011011011111111101010110100111001011010101101001111011110101011000001000001001010110000010000011010101111111111111111111111000001000000001000111111111111111011111100000100000000101011111011111111101011110000010000000000001100000100000000000001
2207165024421031321,20,lattice,1000110010101001011111011100101011010111111111001111110101111001110010101001011100001100000000000101000001000000000001011111111011111101011111111111111111011111000011001000100001111000110011101001011100001100001010010111100111001111110101110000110000001000011110011100101011010111111111111111111111110000110000001001011111111110111111011111000000000000000001010000110000000000011100000000000000000001
-1821950420698079089,20,lattice,1000000001000001000011111010111011111111101000000100010100001011100001001111011110101000010011110111111111101111111111111011101011001111011111111111111111111111101110001100111101110000000001000001000010111010111011110111101110101111111111111010000001001111000100000000000001010000101000000100011100000000000000000001000010111010111011111111101000000100111101111010000001001111001110100000010001110001
-1888010746792142809,20,lattice,1111000101110110100101000000011101101001011100010111011010010101000101110110100111111011111111111011111111111111111111110000001001010110100100000001010001101001111100111111111110110000000001000110100100000000011101101001000000000101011010011111001101111111100100000000000001001001000000000000011010011111000101110111100100000000000000001000111110111111111111111111001101111111101100000000000000001001
3283835267397503946,20,lattice,1011000001101010010011111111111010111101001100000000000000000001000000000000000010111100111010100100101101001110101001001011011011101010010010111111111010110100001100001110101001000011000001001010000000110000011010100000111111111111111111010001000000001000000011111111111011111101001100000000001000001011010011101011010010111111111010111100001100000110101001001111111111111111111110111111111010111101
-5686588677317632696,20,lattice,1111111001000101111001001110010001010110011111100100010101100101111001000101011000001010000000000100000011100100000001000000001000000000000011111111010001011110111111111101111111100000101001000000010011111111111111111111111111110101111111101111111101001101111000001010010001010110011111100100011111100000001000000001011001111110010001011110000000100000000001000000001000000000011011111111110111111111
7760651113754768786,20,lattice,1001100000000010110111011111101000101101111111111111101011010001100000000010110100001000000000001000100111111010001011010001101100100010110100011001000000101101100110111010001011011101111111100010110100011001001000101101110111111111101011011101111111101010110111111111111111111111000010000000001011011111111111111011111100000000000000001000000010000000000011011111111111111010111100001000000000001001
3835715320242526430,20,lattice,1111111011111101011101001110110000010000011011101110110100010111111011111101011100001110110000000000000001000100000000000000011011000000000001111111111111110111000001001100000000000000000001000000000001001110111001010001010011101111110100010100111011101101000101001110110001010001011111101111111101110000011011000001000011111111111111111111010011101110110101010110111011111101011101001110110000010001
2251129314561863270,20,lattice,1101111111101111111101010000000011011101011101101110110111110001000000001100100101011111111011111111010101100110110111010101001001101101110101010001010011011101010101101110110111010101000001001101110101010000011011011101111111111111111111110000000000001100100100000000000001001000010101101110111111110000000000001101110100000000000000001000000000000000110011010101011011101101111100000000000001001001
7007694676289752451,20,lattice,1101111100111111111101011010000000101011011110110011111110110001100000000000000100001000000000000001010111110011111010110000101000000010101101011011000101101011111111111011111111111111111111111111111101011010001000101011010110100001011010110101101100111110101101011010000001101011000010000000001010010101101100111111101100001000000000001001010111110011111111110000100000000010101100000000000000000001
7023799514457363540,20,lattice,1000000000000100000011001110111111011111111111111111111111111101111111111111111110001110111111011111100001101011110011111000001000100100100011001111111111111111100000001010010010001000011011111100111110000000001001001000100000100011010010101000001010111100101100000000000001000000100011101111111111111000011011111101111110000000000001001000100000101011110011111000001000100100101010000000101001001001
1935789204791794018,20,lattice,1001001000111011111111010010001110111111111100101011101111110001001000111010110111111110101110111111000101101011101111110000001000011000010011111111111111111111000100101011101111111111111011111111111100000010001110101101000000000001100001000000000000001000010011111110101111111111000000100001101011010001001000111011110100000010000110001101000000000000000001000001001000111011111100000010000110000101
4440733609579819684,20,lattice,1111101111110101111101001000010001000110011010001101010001100111100011110101011000001000010001000100111111111111111111110110101011110100011101101011111101001111000000001100010001000000000001000000010001101000111101000110010010001101010001101111101111111111111100000000010001000100011110001111011101100110100011010101011001101010111101001111000000000000000001000000100001000100011001101000111101000111
1398701215481767741,20,lattice,1100011110011011110101000100100000000000111111111001111111111101111110011111110111001111100110111101000001000000000000000100011110001001110101000101100000010000000001001000000000001111111111011111111111111111111111111111010001111001101111010100010110001001100011001111100111111101010001111000101111010100010010000001000001000101100000011000010001001000000101001100111110011011111101000101100000011001
3997142348314599878,20,lattice,1110011100111111111101100111001111111111001001100001111100101111111111111111111111101111011111111111000001000001111000100000011000011111001000000101000111100110111011111111111111111110011101111111111100000100001111110110000000000001010000100000000000011100001000000000000001000010000000000000001000100000010000011111001000000111001111111110000001000001111001100000000000000000001000000111001111111111
5888700461203653204,20,lattice,1111111011111111111101010110010101111111011111101101111111110001011001000111101000011110010101111111000001100100011110100000001001000111101011111111111111111111010111101101011111110000000001000010101001111110111111111111000101100101011111110101111011011111111100000000010001101010000000000000001010000000000001000111101000000000000000001000000000100100011111100000000000000010101000010110010001111111
-3964629371208564688,20,lattice,1100001101100000110101000000000000000000011000110110110011011111111111111111111111101111111111111111110001110110000011010100001000100000000001000011001000000000111001111111111011110100001101100000000101000000001000000000111001110111111011110100001101101100110101000011011001001101010000110110111011111110011111111111111101000011011000001101010000110010000001010100001101100100111101000011001000000001
3802505696926872871,20,lattice,1101111101111101101001000000000010000010111111111111111111110101110100001101101001001101000011001010010001010000110000100101111101001101101000000001000011000010110111111111110110100101110101001101101001011111011111011010010111110101110110100000000000001000000000000000000011000010110111111111111110100100110100001101101001000101000011001010110111111111111111100000000000001000001001011111011111011011
-4514874396141132888,20,lattice,1001100010101110110111011011111011111101111111111111111111110001100010101110110100001000001010101101110111111111111111111001101111101111110100011001111011101101000010001010111011010001100011101110110100000000001010101101110110111111111111110000000000001010110100001000001011101101000000000000001011010001100111101111110100000000000000001100000000000000000001001101101111101111111100000000000000001101
-1453165521537702385,20,lattice,1000000100010010000011111111101101111111101111111011011111111001000110010010000010011011101101111111100111111011011111111001001110110111111100000001000000000000100000011001001000001111111111111111111110010001101100100110000000010001000000001111111110111111111110010001100101101110000000010001001000001001000110110011011010010001100100101110100100011001001001001001000110010010011010010001101100110111
-436540623383073438,20,lattice,1000101101111111111111111111111111111111101111111111111111111001101101111111111100001011011111111111000011110111111111110000001000101110000000000011011111110101100110111111111111110000001001111111010100000000001011100000000000100011111001010000000000001110000000000000000001100000000000000000001000000000001000111111010100000011011111111101000000000000111001000000001101111111111100000010001011100001
-3528778960809557277,20,lattice,1111001110110111111001000010100100000010011000101011010000100111001110110111111001111011111101111111111111111111111111110000001000000000001001100011101101111110000000101001000000100111001111110111111101000010101101000010000000100001000000101111101111111111111101000010100101000010011000101011011011100110001010110101101001100010101101001010011000101011010011100000000000000000001001100010101101101111
-7390592115644829138,20,lattice,1111111111011111011101000000000010000100011111001101111101110101000000011000010001011000100111110101010111001001111101010111111011011111011101111111110111110111010100001001110101010101110011011111011101111100111111110111000000000001100001000000000000001000000001010000000111010101010100000001111101010101000000011001010111111111111111111111000000000000100001000101110010011111011101010000000110000101
6686873689922956587,20,lattice,1100000101110111011001000001000001110110111000010111111101101111111111111111111011101101011111110110111001010111111101101110111101111111011000000001000000110010111011111111111101100100000101010111011001000001001101110110010000010001011101101100000101111111011000000000000001100110000000000000001000100000000000000001001011101111111111111110000000000000001001100000000000000000001011111111111111111111
2292195417957805258,20,lattice,1010101111011110001111111011110111110111001000111001101000000011101111011110011100101011100110100011111111111101111101110000001100011000000000000001000000000000000000111001100000000010101111011110001111111111111111111111000000010001100000000000000100001000000000101011100111100011000000111001101000000011101111011111011100111011110111111111001010111101111001110010001110011010001100100011100110100001
-3254531713487355892,20,lattice,1011111111111111111111111111111111111111001000000010000000100011100000101101101000101000001011010010001111101111110111110011101000111101111100111011101111011111001110101011110111110011101011111101111100000000001000000010001110000011110111100010000000101000001000100000001011010010001111101111111111110000000000000001001000100000001010001010001110000010110111100000000000000000001000111000001111011111
1899269807869124566,20,lattice,1001100101011111000001111001010111110000001110010101111100000001000000010111000000011001010111110000111111110111111110010111101101011111000000010001000101110000111111111111111111110001000001011111000011111011011111110000000000000001000000000001000000011111000000000000000101100000000000000001001000000000000000010111000011111011011111111001111111110111111111111111101101111111101111111011011111110001
6220060300313949869,20,lattice,1110011000011110010101100110000011100000001000000000000000000111011000011110010111111111111111111111001001000000110000000010011000001110000001110111000111101111011101111011111011111111011111111111111101110111001111101111011001100001111001010010000000001100000000100000000001000000001001000000111000001111011100111111111101110110000111101111011001100000111001010110011000011110011101100110000011100001
-1886044458999179457,20,lattice,1001010101111111111011111111111111111111101111111111111111110001010101110111111010011101111111111111000001000000000010001001111111111111111100000101000000001000100101011111111111100000010101000000100000000101011000011010000001010101011110100001010101111111111000000101010001111010000001010100001110100000010101000001101000000000000000001000000001010111011111100000010101000000101010010101111111111111
-6330600787162296368,20,lattice,1111111110111011011101110110101110110111001000001001001000000011011010110011010101111110101110110111001001101011001000010000001000010010000001111111101110110111000000001001001000001111111111111111111100100000101100100000000000000001001000000011011010111011010111111111101111110111000000000000001000000010011010110011000101111110101110111111001001101011001101010011011010111011011100000010000100100001
-8501951847873835302,20,lattice,1000000001000100101011101111110011011110101001110100010011101011111111001101111010101111110011011110100001110100010010100000001000000100101010000001010001001010101001111100010011100000000001000100101011111111111111111110111111111101111111101010011111001100111000000000000001001010111111111100111111101010011111001101111000000000000000001010100001110100010011100000000000000000001011111111111111111111
-5670697018179285172,20,lattice,1000000011010110101011111010110111101011101010101101111010111011101011011110101110001010110111101010111111101101111111111000001011011110101011111111110111111111000000001000011000000000000011000110000011111111111111111111000000001101011000001000000011011110101000000000000001000000000000000000011000001111101011011111101100000000110101101010101110101101111011110000000011010110001010001010110111101011
-5851874976813779923,20,lattice,1110101100111111111101000000000100000101011000110011001011011111111101111111111101101011001111101101111011110111111111110100001100110010110101000001000100001101111111111111111111111110101101111111111101000001001100101101000000000001000001000110001100111110110101000001000101001101010000000001001011010110101100111111110101000000000100001101000000000000000001000110101100111111111100000000000100000101
-7422938402557478319,20,lattice,1100011011100111111101000100111001001101111001101110011111111111011111101111111111111111111111111111000001001100000011000100011011100111110111100111111001111111000000001100000011000000000001000000010000000100111001001101111101111111111111111100011011101111111100000100110001001100010001001110011111010100010011100101110100000000010000001100000000000000000001000100011011100111111100000100110000001101
-8386232966716450888,20,lattice,1001100100110001000011011001111100011111101111011111111111110001000000000001000000001000000100010000100111011111001111111111111111111111111100010001000100010000100110011111000111111001100101110001111100001000001100010000000000000001000100001001110111111111111110011101111101111111100110011111001111110000000000000001000010011001001100011000100110010011000111001001100100110001001010011001001100011101
1948884273208858741,20,lattice,1011111011011010111111111111111111111111001010000000001000010011101011011010111100001000000000000000001111101101101011110010101010001010111110111111111110101111001010001000001010110010100001000010101110111110111110101111001010101101101011110010100010001010101110111110110111101111000010000000001000001011111111111011111100001000000000101000001010001000101011110010100000000010101100001000000000000001
6198490850773033458,20,lattice,1101111110010111111001011111000001111110011111111100011111110001111100000111111000001000000000000000000011110000011011100000101100000000000000001001000000000000010111111000011111100101111111000111111111111111111111111111010111111001011111101111111111011111111100001011000001101110000010110000001011000000111100000111111000001001000000001100000010010000000001000000101100000010111001011111100001111111
2457767203394216162,20,lattice,1000000110000011101001000001100100111010111010111101111111111111111111111111111110001001100100111011111011111111111111111100101111010011111100000001000000000000000000011000000010101100100111010011101111101011111111111111000000011001001110101100101111011111111111001011110101111111000000010000001010100000000110000011101000000001000000001010110010011101001111110000000100000000001010000001100000111011
8959057484871363795,20,lattice,1111101011000011110101110010000000011000001000100000000000000011001000000000100001111010110000111000111111111110001111110000001000000000000011111011110000111111011100101000000110000111001001000011100011111011111000111111011110101101001111011111111111111011111111111111111111111111011100100000001110000011001000000001100000100010000000001000011110101100001111011111101011000011111101111010110000111001
618591342009488082,20,lattice,1000000100000000000111111111111111111111101110011100101111111001000100000000100110011001100000011011100111011110111111111011111111111111111100000001000000000001100100011000000110111001100111001011101110011001111010111111100111011111111111111001100110001011101110011001111011111111100110011000001110111001000100000001101110000001000000001001100110011100101111111000000100000000001100000000000000000001
-4360153671665268746,20,lattice,1111111111111011111001111110111010111110001101100110000000100001011001100000001000111110011000111010000001000110000000100000011001100000001000111111111110111110001111101110001111100000000001100000000000000000001000000000001111101111101111100011111011101011111011111111111111111111000001000110001000100011011001100011001000110110011000001010001101100110001101100000000001100000001011111111111110111111
-880855341367356093,20,lattice,1000000000001000000011101011011110010000101000000000100000001111111111111111111110101000000010000000101001100111100100001010001001111001000010100011011110010000111011111111101110110000000001001000000010100000011010000000101000000111100100000000000000001000000011101111111111111111111011110111101110100000000001001001000011101011011110011000111011111111101111111110111101111001101011101111011110011011
2683726739636186258,20,lattice,1010100101101010001111111111111111111111001010010110101000111011100101101010011100001001011010100011101111110111111101111011101101111010011100000001000000000011101111111111111101110000000101000000001100000001011000000011101110010111101001110000000101001000001110111001011111110111000000010100101000110000000101001011001110111111111111111111001010010110101001110000000000000000001100000000000000000001
-6090809389677727994,20,lattice,1001001001110100111011111011111111011111101110111111110111110001000000100100011010011010111111011111100101100111010111110000001000100100011010011011111111011111100100101111010111110000001001100100011000000000001000000000000100100111010001101001001011111101111100000000001001000100111111111111111111111001001001110101111100010010011101001110000000000010000001000000000000100100011010010010011101001111
5203914245612460014,20,lattice,1000011010000101010011111111110111111111101111101101111111111001111011011111111100001110100001011100000001000000000000000000011000000000000010011111110111111111000001101000000100001000111011011111111011111111111111111111000011101001010111001000111010001101110000000110100001010000000001101000001100000000011000000001000000000110100001011100000001101000010101000000111010010111111010001110110111111111
8984035509665210868,20,lattice,1000000000000001001011000000000000011010111011001000001110101111111111111111111111001000000000011010110011000000000110101110111111011111111011101101110100111110110011001000001110101110110011000011111011101111111111111110111011001101001111101110110011001111111011101100110001111110110011000000001110100000000000000001000010000000000000011010111011001000001111100000000000000001001011101111111111111111
-6069293273893692727,20,lattice,1001001100100001110011111111111011111111001101110010010111000001001100100001110010111111011011011111000001010010000111000000001100100000010000000001001000000100101111111110111111111011011101101101110000000000001000000000111111111111111111110011011100101101110000010111001001011100101101110110111111010000000100100001110000000001001000001100000000000010000001001011011101101101111110110111011011011101
-8285561209959021761,20,lattice,1011010001010000001011111110111111111010001001000000000000000011010001010000000010111100111111111010000001000000000000001011011011111111101011111111111111111010101101001101001100100010010001010000000010110100111111111010001001000001000000001011010011011011001010110100110111110010101101000101001100100000010000000001000010110100110111111010111111111111111111100011010001010000001011111111111111111111
3987890059351910511,20,lattice,1011101000110011011101011010001100110011001110100011001100110001100000100011001100001000001000110011101111101011111111110001101000110011001111111111101111111111101110101011001111111111111111111111111100000000001000110011000110000011001100111011101000111011111110111010001111111111000000000000001100000000000000000001000010111010001100111111001110100011001101110000000000000011001100000000000000110001
-5034054370867463702,20,lattice,1001001010100100011111111010101001100111101100101010010001110001001000100100001010111010101001100111111111111111111111110000001000100100001011111011111011111111000100101010010001111011101011101110011100000000001001000010111110111111111111111001001010101110011100000000000001000000100100101010011001111111101011101111111110111010111011101111000100100010010001100000000000000100001000010010001001000111
6961301324137936303,20,lattice,1000000000000000011011111000111000101111101100001100000011100001000000000000011010111000110000101111111111011111111111111111111111111111111111111001111010101111100100001100000001101000000001000000011010110000111000101111111110011111101111111011000011001000111111111001111111111111101100001100001011111111100111101011111110010000110000001110000000000000000001000000000000000000011010110000110000001111
7749365483043549968,20,lattice,1011111011101111111111111110111111111111001001100000010110000011111011101111111100101110010011111111000001100000000000000000001000000000000011111111111111111111001001101000010111110010011001000101110100100110011001011101101111101111111111110010011001001111111100000110000001000000001001100100011111010000011000000101100000000110000001001000001001100000010111010010011000000101111100100110000001011001
3589566614268646977,20,lattice,1001001110110011111111111111111110111111101100111111101111110001000100000010000110111111111110111111101101111111101111110001001100000010010100000001000000100001000100111011001001010001001111110010111100010001001000100101000100010011001001010001001111111010111111111111111111111111000000000000001000000001001110110011111100010011101100101111000100010000001001010001001110110010011100000000000000100001
-5403405794620349373,20,lattice,1101111100010000101001000010000000000000111111111111111110110101101000000000000001001010000000000000010111100000000010100000001000000000000001011111000100001010110111111111101110110101111001000010101001011111011100101010010111100001000010100101111000011000101011011111011111111011010111100000001010101101111101111011101001000010000000001000111111111111111111110100101000000000101011011111011110111011
-2694675866191960408,20,lattice,1111111101100011110001000100000000000000011111110010001101000101111100100011010000001100000000000000000001000000000000000100111000000010010001001101000000100100111111111110001111000101111101100011010001001101001000110100111111111111111111111111111111101111110111111111011001111100010011000000001001000100110100000011010001011111011000111100000011000000000001001111111111101111111111111111111001111101
-832565030401958962,20,lattice,1000000001100000000111000010111000010001111000101110000100011111101011111101110111101010111111011101111111101111110111011000001011100000000111111111111111011101100000001110000000010000000001000000000000000000011000000001111000101111100100011110001011101001000111100010111111011001111111111111111111111000001011100001000111100010111110011001111000101110000101011110101011111101111100000000010000000001
-6246813707665574624,20,lattice,1000000000100001010011000010001000010100111010100011010111001101101000110101110011001010001000011100111111111111111111110000001000100001010011101011001101011100111110111011111111001111101111111111111100000000001000000000110000100011000111001111101100111101110011001010001101011100110000100011001111000000000000100001010011000010001000011100000000000010000001001111101110111111111111111011101111111101
1371331070138975396,20,lattice,1000100000000000001111001010011000000011111111111111111111111101111101111110101100001000000000000011100011100100000000111000101001000000001111001111011000001011110111111111111110110000100001000000001110001010011000000011110011110111001010111100111101101010101111001111011101101011110011110110001010111101111101111111101111001010011000001011110111111111111111110000000000000000001100000000000000000001
-5836258281123689238,20,lattice,1000000000000000000011111100000110110110101100000001101001101001000000011010011010111000000110100110101111000001101101101011111000011011011111111111001110110111111111111111111111111111111101111111111110111110001110110111100000000001101001101000000000001000000011111111001111111111100000000000101000001011100000011011011010111110001110111111100000000000101001101000000000001010001010111100000110110111
1785591390581310928,20,lattice,1111011111111011101001110111111110111010001001000000000000100011010111000011101011111111111111111111000001000000000000100011011111010011101000100101110000111010001001001000001110100010010011000011101000110111111100111010001101011101001110100011011111111011101011110111111111111111001001000000001110100000010000000001001000100100000000001010001101011100001111100000000000000000001000110111110100111111
4056121603783867934,20,lattice,1111111111101110110101101101101011101101001011011010111011010111110111101110110100001000001010100000000011010010101000000000111100101010110000000001001000000000000011011010101011000110110111101110110100000000001000000000111111111111111111110000000000101010000000001101001011101100000000000010001000001111111111101111110100001000001010101000000011010010101011001111111111101110111100001101001011101101
338889063951303467,20,lattice,1111111111111111111101100100000100111110001000000000000000000111011101010011111101111111011110111111001001000001000100100110011101010011111101100101000100111111011111111111101111110010010001010011111001110111011110111111001000000001000000000111011101011011111101111111111111111111001001000001001100100010000000000001000000100100000100111110001001000001001101100010000000010001001000100100000100111111
-5806598396260489774,20,lattice,1010001100000100000011101011111011111111001000000000010000001111101111101111111110101011111011110110111111111111111111110010001100000100000000100001000001000000101000111110111100101010001101101111001010100011001011110000111110111111111111111010001100001111000000000000000001000000001000110000011000000010001100000111000010101011111011111111101000110000111101001010001100101111001010101011111011110111
-6633407550797969480,20,lattice,1011111101101111111111111111111111111111001110100010111011100001101000000010101000001000000000100010001111110110111111110000101000000010101000111011001011101110101111111110111111110011101001101110111000011010001011101110101111111111111111110000100000001110101000001000000001101010000000000000001000100011101001101111111100001000000000101010000010100000001011100000000000000000001000111010011011101111
8857011478966133525,20,lattice,1111001111111111111101110011101110111100001100001001000111000001000000000000100011111111111111111111011101111011101111000011001010011001110000110011100110011100000100001001000111000111001111111111110000110011101110111100000100000001000111000011000010011001110001110011101111111100001100001001001111000000000000000001100000000000000000001000000000000000000111000111001111111111111101110011111111111101
-6105617382725272737,20,lattice,1010111010101011100111111111111111111111001011101010101110011011111011111011110100001000000000000000000011101010101110010000101010101000100110101111111011111111000010001000000000010000111011101011100100001000101000001001101011101111101111010000100010101000100100001110111011111001000010101010101010010000101010101011100100001000100000001001101011101110101111010000111011101111101100001000000000000001
-252423335441107269,20,lattice,1000000000001000101111111111111111111111101111111011111111111001001000001111101110001011000011111111100111110000111111111000001000001100101110000011000011111011100111111000111111111001111111011111111110001011001011111111100111111001111111110000000000001000001110000000000011001011100000100000111010111000001000001111101100000000000010001011100000100000110011110000000000000000001100000000000000000001
203319397632870044,20,lattice,1000101111110101010011101011111111111111101010111111010101001111101111111111111100001010111100010100111111111111111111110000001000000000010000000011110000010100000000101100000101000000001001000001010000000010111100010100000000101101000101001010101111111111011000001010111101010100101010111111011101100000001000000001010010101011111111111110000000000000000001001000101111110101011010101011111111111111
2183667543069478653,20,lattice,1111011110111101001101100011101110010010001000110001000000100011011110110001001001111111101111010011001001111011000100100000001100000000000000000001000000000000001000111011000100101111111111111111111100000001001100000000000000010001000000000010001100111001001001110111101111010011011111111011111111110010001100110001001001111111101111011111011111111011110101110000001100010000001001110111101110010011
782740543673787626,20,lattice,1110010111111100011101000100000000000000011001011011110001011111011111111110111111111111111111111111000001000000000000000110011111111100111101000101000001000000010001011001010001010110010111111100011101000101101111000101010001010001010000010100010100001100000101000100000001000000111001111111111011111111011111111111111101100101111111001111010001010001010001010110010110111100011101000101000001000001
-8131932347307067630,20,lattice,1100001110001111110101000010000000010001111011111100111111111111111111001111111111001011100011111101110011111100111111010000001000000000000100000011000000010001010000111000001100011100101111001111110111111111111011111111111111111111111111110100001110001011000101000011100011111101010000100000001100010000001000000001000101000011100010111001010000111000101111011100111111001111111100000000000000000001
-7505053200830586190,20,lattice,1101110111111111111101000000000000000000111111111111111111110101110110011001100101001101000010011000010001010000100110000101111110011001110101000001000010010000010001011000100110000101110111011001110101011101111111111111010011011001100110000100000000001001000001011101110111011101010111011001101111010100000000000001000001000000000000011000010111011001100111010101110111011111111101001101100110011001
-1491938411046711530,20,lattice,1100110110111111111101001101100110000111111011111111111111111111111111111111111100001100000000000100000001000000000001001100111111111111111100001101000000000110000011001000000001111100110111111111111101001101101110000111000011011001100001110000110100001000011100001100000001000100010011011011101011110100110110111111111101001101101110001111000000000000000001000000110000000000011000001100000000000111
-8461603980915484912,20,lattice,1101111110011001001001011111100110010010111111111001100100110001111010011001001000001000000100010010000001101000000100100000001000000001001000011111100110010010000000001000000100001111111111111101111100001110101110010010000000000001000100100000111010011001001001011111100111010010111111111111111111110000000000000001000011111111100111011011111111111011110111110000000000000001001011011111100110010011
2723042896732989984,20,lattice,1001101111111111011011111111111111111111101111111111111101100001001011111100011000001010111111010110000111111111111101100000001011010000010000011011111111010110000000001101000001000000000001000000010000000000011100000100000000000101000001000000001011111100011000000010111101000100000110111111111101100000001011111101011010111111111111111111000000000000000001000000001011110100011010111111111111110111
176586801695771299,20,lattice,1000010000000110100111101101010011101011101001000000011010011111111111001111101110101100000001101001000001000000000000001110111111001111101110101101000001101001101011011000111010111010110101001110101111111111111111111111111111111101111111111010110100001110101100000100000001000000000001000000011010011110110111001111101100000100000001001001111111111100111111111010010000000110101100000100000000000001
-2303385707018271739,20,lattice,1000000110000001111011111011101111111110101000111000010111101011101110111101111010101011100001011110111111111111111111101000001110000001111000000001100000010000000000001000000100001111101111111111111010101011101001011110101010111011010111101010101110101101111000000001100001011110101110111011111111100000000000000001000000000000100000011010000000011000000111100000000010000001001011111111111111111111
-472030338553858595,20,lattice,1111111111111111111101010000000001000001011100100101011100010001000000000000000101111010111101111111011111111111011111110101001001000110000101110011111101111011011100101101011100110101000001000100000101110010111101111011010100100101011000010111111111111111111100010000000001000001010100000100011000010101001001010111000101110010110101111011011100101111011111110111001001010111001100000000000000000001
-4444905007695256234,20,lattice,1111111101110110111101000010000000000000011111110111001011110101111101100010111001001111011000100010010001100100001000000000001000000000000001000111010000100000111111111111111111110100001001000000000001000111011000100000010011110111001001101111111101111111111101001111011001100110010000100100001000000101111101110011111101001111011000101110010011110110001001100100011101100010001001011111011100101111
578930301196143226,20,lattice,1111100010110111101101001000101100010000011010001011000100010111100010110111101100001000001000000000111111111111111110110110101010110111101111111011101101111011000010001010000100001111101111110111101100000000001000000000000010001011000100001111101111111111101100001000101101010001011010001011011100010000100000100001000001101000101101111011111111111111111111110110100010110111001100001000101100010001
6441592081652872810,20,lattice,1111011101010000111001100111010000000110001000000000000000000111011101000000111011111111010100001110001001000000000000000010011100000000011000100101000000000000111111111111011011110010011101000000011011110111011100001110001001010001000000001111111111111111111111110111010101001110111111110111011011111111111101110111111101100111010000001110001001010000000001100010010100000000001011111111011101001111
8459198052378053110,20,lattice,1101110111111111111101001001111000000011111111111111111111110101110111111011001100001000011000000000010011011111100100111101111111111111111100000001011000000001000010011110000000110000000001000000000000000000011000000000010010011111000000110100100111111000001101011101111111111111010010011110001000110100100111111001001101011101111110111011010111011111101111110000100001100000001100000000011000000001
-1915267246742171256,20,lattice,1111111111111111111101000000000000011101001000000000000111010101000000000001110101111000000000011111011111111111111111110111001000000001111101111011110000111111011100101000000111110111101011000001111101111010111000111111011110111111111111110111101111001011111101111010111001111111011110101100001111110000000000000001000000000000000000011100000000000000000101000111000000000001111100000000000000011101
-3233229300831393148,20,lattice,1110010110000010000001000001100000100000011001011000001000001111011110001010000011111111100010100000010001011000001000001110011110001010000000000001100000100000000000001000001000001111111111111111111111111111101110110110111111111001101101001110010110001010000011111111100111111111000000000000001000001111111110001011010011111111100110111110111111111000101001001111111110011011011011111111100110111111
7713704433743553647,20,lattice,1111100000001001000101111000000000010001001000000000000100000011100000000001000000101000000000010000111111010010100100011111111100101001000111111001000010010001111111111011101100011111111101111011000111111001001010010001111111110011101100010010100000001001000111111111111111111111111111010010101100010000000000000001000011111111111110111101111111111111101101011111111101111011001100101000000000010001
-1617556909790864622,20,lattice,1000000000000001000001000001000000010000111000010000000100101111111101101111111111101011010000011011111011110110111111111110001101000001101000000001000000010000111010111110111111111110000101000001001011101011011011111011111111111111111111111110101101001101101111101011010001011011111000110100001110110000000000000001000011100001010000011010111010110110111111110000000100000001001011100011010000011011
-6206559618344464457,20,lattice,1010000000001001001011100101110110111011001000000000000100001011000111001011001111111101111111111111101001010100101110111111111111111111111110100001000010010011101000011100101100111010000101001001001110100101011010111011101000000001100100110010000000001001001011110101111111111111101000010100101100110000000000000001000010100001010010111011111101011111101111110010000000000001001010100000000010010011
-7479236671032323776,20,lattice,1010001010011001110011101111111110111111001000000001000000001111111111111111111100101010100110011100101011111111101111110010001000010000000010101011101110011110001000101001100101001010101111111001111110100010101110011110000000000001000000000010001000011001000011101111111111111111101010111111101111110010001000010001000000100010100110011100001000000001000001001010001010011001111010101011101110011111
3130386206025758965,20,lattice,1000000000000000000011101111011011111110101000100100111011101111111111111111111110101110011011111110101001100100111011101000001001001110111010101111011011111110101001101110111111101000000001000000000010100110011011111110111011111111111111111000000001001000110010000000010011001110100000000100111011101000000001001001111010000000010000001100100000000000000001001000000001001000111011101111111011111111
1132205720583248963,20,lattice,1100000000010110000001000000000100000000111000010001011010001111000100010110110011111111111111111110111101110111111111001111001100011110110011000001000101100000111101111111111111101111000101011110110011110011011111111100000000000001000000001111000100011110110001000000000101100000010000000001001000001111000101011111110011000000000101101000111000010001011011001111011101111111111011111111111111111111
-8663475590188068246,20,lattice,1110101110000110010101100001100001000101001000011000010000011111111110111110111101101011100001100101111011111001111001110110001110000100010100000001000001000000000000001000010000001111111111111110111111101111101111101111111010111001011001111110101110001110010100000000000001000000011000111000011001011111111111111111111111101111100111101111001000011000010001010110101110000110011100000000100001000001
8175867860754541524,20,lattice,1000000001010000001011011100011111111011111111111111111111111001100001110000001110001000010100000011100011000111000000111001111001111100101111011101011111111011110111111111111111110000000001000000000010001000011100000011000000000101000000101001110001111100101110011100011101001011100111000111111110111001110001111101101110011000011100001011100111100111110011110000000001000000001000000000010000000011
-5630747566450615092,20,lattice,1101011111111011011001010111111110110110111111111111111111110001000000000001000001011111111110110111000001000000000100000001011000111011011000010111101110110110000101101011101101100001011011111011011000010100001110110010000101000001101100100001010000001001000011010111111111111111000101000000101100000000000000000001000011010111111110111110000101000011101101100001010000001001001001010111111110110111
