hash,n,target,matrix_bits
-6847339014598097277,20,join,1111111111111111111101010010111101111001011111111111111111110001001011010111100101011111111111111011010101101111111110010000001000000000000001010111111111111011000000101000010100010000001011010111100100010010111101111001000000101001011100010101001011111111100100000010000001010000000000101000011100010000000000000001000000000010100101111001010101111111111111110101011011111111101100000010000001010001
4634271955485317458,20,join,1111100101111000111101001001011000001101011010010110100011010111100101101000110100001001001000000100111111010111110011111111111111111111111100000001000000000000111111011111110111110000100101100000110100000000001000000000011110010111100011110100100101101000110101111001011111001111111111011111111111111111110101111101111100001001001000001100000000010010000001000111100101101000111100001001001000001101
756214131413699306,20,join,1111111111101111111101011001010011001111011110010100110011110001000000000000000000011000010000000110011111111110110111110111101101001100111100011001010011001111011110111110110011110001000001000000000001111011011011001111111111111111111111110001100001001000011000011000010011000110011111111110111111110111101111101101111100011000010011001110000100000100000001000001000001000000011000011000010011001111
1827560299665395052,20,join,1011000011011111101111111011110111111111001000000000110000000011000000001100000010111001110111111111111111111111111111111011101111011111111100110001110111111111001100001000111110010011000011001111100111111011111111111111001100001101111110010000000000001000000000000000000011000000001000000000111010000011000000001111100100100000000011001000001100001101111111010011000011011111101100100000000011101001
6292664864778105918,20,join,1001100100010000001111011101000100001011111111111101111111110001000100000000000100011001000000000011100111010001000000111101111111010101111100000001000000000000110111011001000010111101110111010001111111111111111111111111000110010001000000111101111111011101111111011101110101011111110111111101111111111101110110010001111110011101000100001011110111010001000011110001000100000000001100000000000000000001
-7233439947983514854,20,join,1111101100100010011001101000001000100000001000000010000000000111101100100010011000001000000000000000111111110011001101100010101000100010000001101011001000100000111111111011001101101111111111111111111100000000001000000000111110110011001101101111111110111111111111111111101101110110001010000010001000000111101100100011011011111111101101111110011010110010001001000110101100100010011011111111101101111111
8803612719432212053,20,join,1000001000101101001011001111101111111111111011111111111111111111111111111111111100001010001011010010100011110010111100110000001000101101001010001011001011110011100011111010111100111100111111111111111100000000001011010010100011111011111100110000000000001101001000000000000001010010100010100010111100110000000000000001001010001111101111111111100011111011111101110000000000000000001010001010001011010011
-7704936214307650961,20,join,1111110111111011100101111101111000110001001000010000000000000011000100000010000000001000000000000000001111011000001000001111111111111011110100000001000000000000001110011000001000000011110111000011000100111101101000110000011111011111001100010111110111111011000111111111111111111111001000010000001000000011110110000011000001111101111110111001111111011111101111011111110111111011111100111101100000110001
-1759045207517059026,20,join,1000111000001000100011001110010110001001111111111111111111111101111001011000100100001000000000000000000011000000100010000000111000001000100011011111011111101001110111101111111010011000111001011000100111011110011110001001000010000001100010000000000000001000000011011110011111001001110111100111111010011101111101111111100100001000000010001000110111111111111011011101111111111111111110001110000010001001
-122874827168991271,20,join,1100111110111010010101000000100000000000111011111011111011011111111111111110110101001000100110000000010001001001100000000100111010111010000101001111101110100001000000001000000000001100111111111110110101001100101110100000010000001001000000000100000010011000000011001111101111101101010001001001101000001111111111111111111111001111101110101101010011111011101001011111111111111110111101000100100110100001
4090926312726732439,20,join,1000000000000000000011000111100000011010111001111000000110101111011110000001101011111111100001011010100001000000000110101000011110000001101010000101100000011010100000001000000110101111111111000111101111111111111001111111111111111111011111111111111111111111111111110111100001011010111111111000011110101000000000000001100010000000000000001000111111111000011111111000000000000001101011111111100001111011
-6021717989140865971,20,join,1111111111111111111101100000001000110010001000000000000100100111111111111111111101101111111111111111011001111111011111110110001000110011111001100011111100111111011000101111001111110110001001110011111000000000001000010010011000000011001100100110011111111111111101100011111101111111000000000000001100100000000000000001001001100000001100111110011000000011001101100000000000000000001001100010011100111111
4125385790565553001,20,join,1011101011111110110111111110111111101111001000100110011010000011101011111110110100101010011001101000101111101111111011110000001000100000000011111111111111111111001000101110011010000000001001100100100000000000001000000000001010101111011010010010101011111110110100000010001001001000000000100110011010001111111011111111111100000010001000001000001010101111011011011011101011111110111100101010111001101001
-4975143132514634116,20,join,1000110011101101001111111101111111111111101111011110110110111001110011101101001100001100101001010011000001001000010100011111111111111111111110011101111011011011000000001000010100010000110011100101001100000100101001010011101111011111111111110000110010101101001100000000000001000000100111001110111110110000000000000101000110011100111011011011101111011110111111110000010010000101001100000000000000000001
-3069263028532035694,20,join,1111101011101111101101010000101011110001011100001010111100010001000000001100000101111010111011110001011111101110111100110111001011101111000111111111111111111111000100001010111000010111000011101111000100010000001011100001111111101111111110110000000000001000000000000000000011000000000000000000111000010001000010101111000101111010111011111011111110101110111111110111101011101111001100000000000011000001
-6848429256159987490,20,join,1111101110111111111101110010100011111101001100101000100111010001001010000001110101111010101111111111111111111011111111110000001000000001010001111011101111111111000000101000000101001111111111111111111101110010101111111111011100101001111111010001001010001001110100110010100011111101001100101000101111010000000000000001000000000010100000011100000000000000000001000111001010001111111100000010100000011101
-2823206539273549102,20,join,1111110100111110101001010000000000100000011101010010001000100001000000000010000001111101001100100010000101010000001000001111111100111111101000010001000000100000111111111111111111111111111101111111101001010101001000100010011101010011001000100111110100111010001001111101001111100010000000000000001000001111110100111111101001111101001111101010111111110011111111100101010100000010001011111111011111111011
5208481771395950675,20,join,1001000100110001111011111011001110111110101100010011001111100001000100110001000010111001001110111110111111110011101111101011101100111011111000000001001100010000111111111111111111111111111101111111111000000000001100010000000000000001000000001011000100111011111011111011001111111110100100010011001111100000000000010001000000000001001100011100000000010011000101000001000100110001111011111111001110111111
3413396030221503228,20,join,1001000010000010000011110000100011110000101100001000111100000001000010000010000011111111110111111001111101101000111110001111001010001111100011110111110111111001000000001000001000001111011011011111100011111111111111111001111101101001111110001001000010001110000010010000100001100000000000000000001000001001000010001111000010110000100011111000111111111101111111011111111111111111111111110110100111111001
-2837461191469702386,20,join,1111001101010010000101010011010100100001011100110101001000010001000001000010000111111011110111111111111111111101111111110001001101010010000100010001010000100001111100111101111011110000000001000000000011111111111111111111000100010101001000011111001101011010100111110011010111101111000000000100001000011111001111011111111111110011010100101001111100110101101011111111001101011010101100000000010000000001
7030456702695257836,20,join,1101100101011111101101011001010110100010001110010101101000100001000100011010001000011001010110100010111111110101111110111111101101011111101100000001000000000000111110111101111110110001000101011010001011111111011111111011000000010001001000000000000100011010000001011001010111100011000000000000001000000101100101011111101101011001010111101011111111111111111111110000000100011010001001011001010110100011
-8989558905583123868,20,join,1111001111111101110101110011111111011101001100111110000000010001001010100000000111111011111111011101111111111111110111110000001000000000000100000011100000000001000000101000000000010001001011100000000100000010101000000001001100111111000111010011001111111001110100110011111111011101111111111111111111110011001111100001000100110011111000011001001100111110000101011111001111111101111100000000000000000001
-7880161188543352307,20,join,1101111010101111111101011010100011010011111111111111111111110001000000000100000000011000100011010010010111101010111101110001001010001101001011011111111011111111000000001000010000001101111011101111111101011010101011110011110111101111111111110001000010001100000000000000000001000000010110101000111100110001000010001101001001011110101011111111010110101000111101110001000010001100001000010010100011010011
6122855816332494972,20,join,1110101000111100110101000000000110000000011000000011110001001111101010111101111101101000001111001100111111101011111111110110101000111100110111111111111111111111111010101011110011011111111011111111111101000000001110000000000000000001100000000000000000001000000001000000001111000100111110101011111111110110101000111101110101100000001111001100010000000011100001001110101010111101111101101000001111001101
4701017773726473458,20,join,1111111111111111111001010111111001011110011111111111111111100001011111000000011001011111111111111110000001010100000000000000011111000000010000000001000000000000000001011100000001000000000101000000000000010111111000000110010101111111010111100101011111111101111000010111111001011110010101111111111111100001011111100001011000010111111000011110000000010100000001000000011111000000011011111111111111111111
-8979559371539687828,20,join,1000000000000000000011001111110011111111111011111100111111111001111111001111111110001110110010101101100001001100001000001000011011001010110010001111110010111111100000001000000000001000000011000010000010011111111011111111111111111111111111111000010011001010010010001111110011111111100000001000001000001000111011001011111110000000110000101000100001001100001001001000011011001010111110000110110010101101
1902328801035344558,20,join,1001000010111100100011010000101111001000111101001111111010000001000010100000000011111101111111111100110101001111111010001111111111111111110011110101111111101000000000001010000000001101000011111110100000000000001000000000000100001011100000000001000010101000000000010000101111000000110100001011111010001111010111111111100000010000101111001000111101011111111111001111111111111111111111111111111111111101
68830236650464916,20,join,1110100110011110001001101001100110100010001000011000100000001111111111111110101100001000000000000000111011011101111000101110111111011110101000000001100010000000000000001000000000001110100111011110001011101111111111101011000010011001100000100000000010001000000001101001100111100010001010011001101000101111111111111111101111101101110111101010111111111111111111110000100110001000001011101111110111101011
1583295097821373011,20,join,1010010000000000100011100100010000011000001000000000000000001111010001000101100011111101010111011100001001000000000000001111011101011101110011110101010101011100111111111111111111111010010001000000100011111111011111111111111101000101010110001111010101011101110011100100010001011000111111010101111111001010010000000001100000100100000000001000111101000101010111001111111101011111111111111111010111111101
2036476944246245697,20,join,1000101100000001000111011011111110110111111110111111111101111001101111111011010100001011000000010001111111111111111111110000001100000001000100000001000000000000100010111111101101011000101101000001000110001011011110010001100010110101000100011000101101011001000111011011111111110111100010110111101101010000000000000001000011111011111111111111100010110111100101011001101111111011011100000000000000010001
3977603160581330475,20,join,1101111010111111111101011110101111111111111111101111111111110001111010111010111000001100000110000110000001000000000000000000111000011000011011111111111111111111000011101011101011101101111011111111111100001110001110101110000001000001100000100000000000001000001000011110101111101110000011100001101001100001111010111111111000001110000110001110000001000001100001100000000000000000001000011110101111111111
-8575594114790435018,20,join,1010100100001000000011101001000010000000001000000000000000001111111111001000110100101001000010000000111011010100100010001110111101001000110100000001000000000000111011111100100011011110100101001000100011111111111111101111111111111101100011110010000100001000000011111111110111101111111111111101101011111111111111111111111111101001000010001000111011010100100011001111111111001000111111101101010010001101
-1577037954571238251,20,join,1000000000000000000001000000000000000000111001000101000100001111010101111111101011111111111111111010110001000100000000001111011111111111101011100101011111111010111101011111111110101100000001000000000011100100011101111010110001000101000100001110010001111111101011100100010101011010111001000101011110101100010001000001000011100100010100011000111111111111111111111110010001010001101011111111111111111011
-2921126129182240044,20,join,1111111111111111111101110010110101001011001000001100000010000001001011000000100001111010111101111111011101101111011111110000001011000000100001111011111111111111000000001000000010000000000011000000100001110010111101111011000000101101000010010111001011111111111100110010110101001011011100101101011110110111001011010101101100000000000000001000011100101111011111110011001011010000101100000010110000001001
4303476662045196455,20,join,1101111110111111111101000000000100000001111111111011111111110101010100110010111101011111101111111111010001000001000000010101011110110111111101000101001100101111010101011011001111111111111111111111111101000100001100100111000000000001000000000101011110111111111101010101101101111111010001000001001000110101010100110011111101000100000100101011010001000001001001110100000000010000001100000000000100000001
8387255476791747755,20,join,1000100010100001001011001010101101111011111010101011111110111111101011111111101100001000000000000000111111111111111111111000101010100001101011111011111111111111000000001000000000001110101011111111101100001000101000010010100010101011000110111100101010111111101110001010101101111011100010001010001110100000100010000001001010001000101000011010111110101111111111110000000010000000001010001010101000011011
-2192658822962360804,20,join,1000011000101100000111111110011111111111101101100111110000011001011000111100000110111110011111010001000001100010110000010000001000000000000011111111111111111111111111101111111111111001011001111100000100000010001011000001100001100011110000010000001000001100000100000010000001000001101111100111111110111011011001111101000110111110011111011001101111100111111111111011111001111101101100000010000000000001
2147406715943690483,20,join,1101111111110111111101000000000000000000111111111111111111110101000000000000010001011101110001111111010101011100011111110101111111000111111101010001110001111101010100001100010111010101000001000000010001011111111101111111010111111101011111111101111111111111111101010000010001011101010100001100011111010101000001000001010101010000010000001100010000000000000001000101000111000111111101010000010000000101
9073362252468543702,20,join,1000000100000011000111100001000000111101101000010000001111011111000100000111110111111011110011111101111111111111111111011111001111001111110100000001000000100000100000011000001110011111000111001111110111111011111011111101111110111111111111011110000100001111110111100001000001111101000000000000001000000000000000000011000010000001000000111001100000010000001111011111111111111111111100000001000000110001
1449361492140684281,20,join,1000101000000101000011111111111111111111101011100001011110101011111011111111111100001000000001000000100011100001010110000000001000000000000010111111111111111111101011101111111111111010111001111111111010101110001101111110100010100001010100001010111000111111111000000000000001000000100011100001011110100000100000000101000010001010000101011000101011100001011111101000111000010101101010101110011111111111
7625093881500873147,20,join,1101000000000011111101000000000000000000111100000000101111110101000000000011011111111001010011111111111111110111111111111111101101001111111111010001000010111111111111111111111111111111000101001011111111111001011111111111111110010101111111111101000000001011111111110001010011111111010000000000001001110100000000000011011101010000000000111111010000000000000001000100000000000000011101000000000000000101
-667003567952429355,20,join,1101111111111011111101011011111110101110111111111111101111110001000010001000000000011001111010101110010111111111101011100001101111101010111000010001100010100010000000001000000000000001000011001000001000010001111010101110000110111111101011100000000000001000000011111111111111111111000100001000101000100101111111111011111100010001110010101110000100011100101001100001000010001000001001011111111110101111
-7564453880341844169,20,join,1111111111010111101101111101110101111011001011011100011010100011110111000110101000001101100001100010000001000000000000000011111111000111101100000101000000100010000001011000001000100000110111000110101011111111111111111111001111011101011110111111111111011111101100000101100001100010000001000000001000100011110111000111101000001101100001101010111111111101011111110000000000000000001000111101110001111011
3247847929570128697,20,join,1111111111110111111101010010011101011111011111111111011111110001001001000100000101011111111101011111010101100111010111110000001001000100000101010111111101011111010100101111010111110000000001000000000100000010011101000001000000100101010000011111111111111111111100000000010001000001010101111111011111110000001001010101000100010010011101011001000100100111010111010001001001110101111100000000000000000001
-614247995132028926,20,join,1000001000001100000011101111111111101011101000110000110000001111111111111110111110101011011011001011101011110111110010110000001000000100000010000011000011000000101011111111110010111010001101001100000010100011011011000001101010110111110010110000001000001100000000000000000001000000101010110110111010111111111111111111111110100011011011001011111011111111111011111010001101001100001110100011010011000001
-1901637692922301171,20,join,1111100111110111111101111001111100111111001000001100000110000011100111110011111100101000111100111111111111011111011111111111111111111111111100100001111100111011000000001100000110000000000001000001100000100000111100011000001000001101000110001111110111111111111101111001111101111111001000001111001110100000000000000001100000000000000000001000001000001111001111110010000011110001101000100000111100111011
6685348015514381807,20,join,1000000000001000000011111111111111111111101000000000100000001011000000001100001110111100001011010111101101000000110000111011111010101101011110111101101011110111101111001010110101111011111111111111111110110100001011010111101111111011111101110000000000001000000010100000000011000011101111001010111101111011010000001101011110111111101111111111101100000000110001111010000000001000001010100000000010000011
-3776332849222262591,20,join,1001110110110110001111011101111111101111111111011111111111110001000100110010001100011001001100100011000111010011011000111111111111111111111100000001001100100011000111011011011000110001110111110110001100000000001000100001000000000011001000111001110111111110001100011001001101100011000000000000001000001101110111111111111100011101111101101011100111011111111011110000000000100010001100000000000000100001
-660448070380363363,20,join,1000001000000000001011000010000000001010111111111111111111111101001001110001101011011011011110011011110111110111111110110000001000000000001011000011011110011010110111111111111111111100001001000000101011000010011000001010110000100111000110101100001001111001101011011011011111111011110110110111101110111100001001100001101010000010000000001010110111110111111111110000000000000000001011010011011110011011
3050776345010580817,20,join,1101001111110111111101010010111100100111111100111111011111110001001011110010011111011011111101111111111111111111111111110000001000000000000001010011111101100111000000101110000001100000001001000000001000000010001000000110000000101111000001101111001111111111111101010010111101100111000000101111001001100101001111110111011101010011111101111111000000100000000001100000001000000000001000000010111100100111
7648471560020651364,20,join,1111111010110101111101011000000100000001011111000011010101110001100000000000000000001000000000000000010111000011010100110111111000110101011111111111101111011111011111101011010101111111111111111101111101011000001100010001000110000001000000011111111010111101111101011000001101010001111111111111111111110101100000010001000101111110101101011111010111000011010101110101100000010001001100011000000000000001
4216581459228524100,20,join,1011111001011110111111111111111111111111001111000101101011110001110001011010111100001000010100101011000011000101101011110011111001011110111110111111110111101111101111101101111011110000000001010010101110111111111111101111000000000001000000100000000001011010101100111100010111101111000000000001001010111011111111011111111100000000000100001011000010000101101011110000000000000000001000000000000100000011
2411333813390800665,20,join,1011001110010001001111111111101111110111001100011001000100010001000110010001000110111111101100010111101101111011000101110011001110010001000100000001100100010001000000001000000000001111111111111111011110110011101100010011000000001001000000001011111110111111011110111111101101110111101111111011001101110000000010000001000111111111111111111111101100111011000101110011001110010001001100000000100000000001
-4525915412008880839,20,join,1011111101011110011111111111111111100111001110110101001000000001000000000000000000011000000000000000001111110101011001110001101101010010000000011001000000000000101111111101111001110001100101010010000010111111111111100111000110010001000000000011111101011110011100111011010101100111000110010001001000001111111111111111011111111111111111111111001110110101001001110011101101010010001000111011010100100011
-1029730714914071425,20,join,1111100010110111110101101000101101100101001000000000000000000111100010110110010100101000101101100101111111111111011111111111101111110111111111111001101101111101001000001010000001001111100111110111111100100000001000000100001000001011011001001111111111111111111100100000001001000100001000001010011001000111100010110111010101111000101101111101000000000000000001001111100010110111111100100000101101100101
5592814914502663132,20,join,1000000000001000100011000000101010001000111000001011100011111111100010111000111111101000101110001111111111011011110111111111111110111101111111100001101111011111100000001000100010001111111111111111111110000000001010001000110000001011100010000000000000001000000011100000101111001111111111111011111111111110000010111101111100000000000010001000110000001011100011111100000010111000101011000000101110001011
-3362484159894485997,20,join,1100000001000011101001000000000000111010111111111111101111111101000001110011111111011001011100111111110111010111101111111101111101111011111111000001011100111111110111011111101111110000000001000011101011000000011000111110110000000111001111111101100101111011111111111111111111111111000000000000001110100000000000000001001000000000000000011010110000000100001111100000000000000000001011000000011000111111
-1232678264835557341,20,join,1111111101111110111101111111011111101111001000100000000000100011111101100100111100101010000000000010001011100100000011100000001000000000000000101111011001001110111111111111111111110010101001000000111000101110011001001110001111110111110011110011111101101100111100101110010001001110001111110111111011111111111101111111111100101010000000001010001010100000000011100000001000000000001000101110010001001111
-8518715500044580721,20,join,1000001001001000100011111111111111111111101000100100100010001011001001001000100010111110010010011100101101100100100110000000001001000000100010111111110010111101101101101100100111000000000001000000100010111110111010111101101111111111101111110000001001001000100010111111111111111111101111101100101111001011001001001001100000000000000000001000101101100100100111001011111111101011111110111110110010111101
4245486166720477981,20,join,1111011110111110011101000111001001100100011101111010111001110101011100101110011111111111111111111111000001000000010000000000011000000100000000000111001001000100010101111010111001111111011111111110011100000110001001000100011101111011111001110100011100101110010000000000000001000000000001110010011001001111011111111111111111110111101111101111000001100000010001000100011100101110011101000111001011100101
-2087655344207238022,20,join,1000000010001000010011110000110111010110101100001101110101101001000011011101011011111100110111011110111101001101110111101111111011111111111011111111111111111110000000001000000001001000000011011100011011110100111111011110100000001001100001000000000010001000010010000000100111000100111111001111111111101000000011011101011011110000110111011110000000000000000001001000000010011100011011111111111111111111
-453836123167099483,20,join,1111110011100111110001111100111001111100001111001110011101000001110001100111010000001000000000000000000011000110011001001111111111110111110111111101111101111101000111001110011101000000100001000000000000001000011001100100111111001111011111001111111111111111110100001000010001000000000010000100011000000000100001000111000000111100111001111100000010000100011001001111111111111111111111111100111101111101
-6990257721776001272,20,join,1101110011011100001001010100110010000010111111001111111111110001000001000000000000011100110010000010000101000100000000001111111111111111111111011101110111111111000101001100000000000000000001000000000011011100111111111111010111001101110000100001010011001000000001011100110011000010110111001101111110111101110011011101101111011100110111001011110111001101111111110001010011001000001011011100110111000011
2332555856351818135,20,join,1000000000000000000011001001101111101101111010011011111011011111111111111111111100001000000000000000111011111111111111111110101111111111111110001001101111100100100010001011111000001110100111111111110110001000001111100000000010000001000000001000100000011010000010001000000111100000100010000001001000001110100110111111110110001001101111101101100010001011111001001110100111111111111110001001101111100101
-7432250102326374782,20,join,1000010010001010001011010101100010101111111101011000101011111001010110001010111011111101111011111111000001001000000000001111111111111111111110000101100010101110000000001000000000001111010111101111111111110101101010111111111101011111111111110000010010001010001011110101101011111111000001001000001000101111010110001011111100000100100010101010100001001000101011100000010010000000001010010101100010101111
-3168094862409651288,20,join,1001101001000001011011011010010111010111111110100101110101110001101001000001001000001000010000000010111111101101111111110000101001000000001011111111110111111111111110101101111111110000000001000000000011111111111111111111100110100101100101101001101001001001011010011010010111010110111110100101111111110000000001000001000011111010010111011111000110100100000101100000000001000000001010011010010111010111
-5096260698507966945,20,join,1000000000110100000011111101111111011111101011011111110111111011110111111101111110001101111111011101100001011011110101001111111111111111111110000001001101010100100000011011010101001000010111111101010000000000001000000000000000000011010000001000000110111101010000000000001001000000111111011111111111111000000000110101000010000101111111011100100000000011010101001000110111111101111110000101111111010101
6912612445798677663,20,join,1111001111000100010001000000000000000000011100110100010000000101001101000100000011111011111011101100111111111111111011100100001000000000000001000011010001000000011100111100010000000100001001000000000011110011111001001100111100111111111011001111001111101110110001000010010001000000111100111110011011001111111111111111111011110011110001001100011100111100010001001111101111111110111011111111111111111111
843736972063877713,20,join,1011001110000100000111110011110111000011001100011000010000010001000110000100000110111011110111000011111111111111110111110011001110000100000100000001000001000001000000011000010000011011001111000100000111111011111111001111101100111101010000011011001111011100000100000000000001000000111111111111111111111111101111111101111111110011110111001011111100111101110011111011001111011100001100000000000001000001
-5381647661851839262,20,join,1111101111101111111101110000000001100001001000000000000000000011000000000010000001111011010001101011111111111110111111110111001100000110101101110001000001101011011110111110111011110111000101000110101101111011011011101111111111111111111111110111101101001110101100110000000001100000001000000000001000000111101111101111111101110000000001101011011110110100111011110011000000000110001100110000000001100001
1368529776079531152,20,join,1111101111111111111101110001011111101011001000010000000000010011000101001000000101111001111111111111111111111111111111110111101111111111111100000001000000000001011100011111111110110010000101001000000100110001011010000001001100010111111010110010000100001000000100110001011011101001001100010110101010010011000101111111101100110001011010001001011100011111111111110011000101101010101100000000000000000001
-4809499690022365384,20,join,1001111111111110111101011111010111101010111111111111111111110001111101010010101000001101010000101010000001000000000000000000111101010010101000000101000000001010000111111111111011110000010101000000101000011111011111101010000011010101001010100000111101011010101000011111010111101010000001010000001010101101111111111111111100000100000000001000000111110111111011110000010000000000101000011111010111101011
4552956347015384781,20,join,1110111111111000010101000000000010000101011000001000100001011111111111111000011101101001111110000101011011111111100001010110101111111000010101100001101010000101000000001000100001010110000111111000010101100000101010000101011000011011100001010000000000001000000011101111111111000111111111111111111001111111111111111111011111111111111111111111000000000000100001011110111111111000011100000000000000000001
-7233748784710339505,20,join,1000000101000010000111111011111111111111101110011111011100011001100111010111000100001001010000100001111111111111111111111011101111111111111100000001000000100001100010011100011100010000000101000010000110011001111101110001100010011101011100011011100111111111010110001001010001110001000000000000001000001000100101000011000110111001111111111101101110011111011101011011100111111111111100000000000000100001
7036602866389036632,20,join,1001100110111001111011111101111111111111101111011011111111110001000000110000001000011001101100011110100111011011111111111111111111111111111100010001101100011110000100001011000100101011110111111111111100000000001000000010000000000011000000100001100110111001111010011001101111011110100110011011111111110001000000110001001000010000101100011110000100001011000101100000000000000000001010011001101111011111
-6349390716734765664,20,join,1000000000000000000011000101001010111011101001010010101110111111110110111111111111101101001011111011100001010010101110111111111111111111111110000001001010111010111011011011111110111111110111111111111110000000001010110000111011010011111110111000000000001011000011100101001011111011100000000000001100000000000000000001000010000000001010111000111011010011111111111000000000101011101010000001001010111011
1517348478772684289,20,join,1111111111111111111101011111111111111111011111111111111111110001001000000010000000011011101001101111000111111110111111110000001000000000000000010011000001100000000100111000011011110001101111100111111100010011101001101111000110111111011111110001101111101111111100010010000001100000000000100000001000000001101110100111111100010011000001101000000100110000011011110001001100000110101000010011000001101011
6665749742959668815,20,join,1111111111101111111001111111111000111110001001101000000100100011111111100001001000101110111000010010000001001000000100000000011010000001000000101111111000010010000000001000000000000010011011000001001000100110111000010010111111111111111111100111111111101111111001111111111001111110001001101000001100100000000010000001000000111111111000111110001111111110001101100000011010000001001011111111111111111111
-5074306708895910703,20,join,1100011010010001001001000110100100010010111111111101110111111101011111011001101011011111110111011111000001000001000100000000011010010001001011000111100110011010000001001001000100101100011111011001101011111111111111111111000000000001000000001100011010011001001011010111110111011010110101111101111110110000000000000001000011000110100100011010110101111101110111110000010000010001001011010111110111011011
1754772360521027684,20,join,1110111101111110011101000100011000000000011011010110010000011111111111111111011101001101011001000001000001000000000000000110111101111110001101000101011001000000111011111111111101110000010001100000000000000100001000000000010011010111010000010110110101111110001101000100011001000000011011010111011000011110111101111111011111111111111111111111011011010111111001110110110101100100001101000101011001000001
416587425286982576,20,join,1001110101000100101011111111011111111111101111110111111111110001010001000000100000011101010001001010000001000100000010001001111101011101111100010101010001001010111111111111111111110000000001000000100010011111011111011111000111010101010010101001110101011101111100010100010001001010100111110101111111111001110101010101111100000000000000001000100111010101010011100001010001000000101010011101010001001011
7453524479723535801,20,join,1011010011001110100111110101111011111101001000001100000010010011010011001110100111111101111011111101001001001100001010011111111111101111110110110101111011111101000000001000000010000000000011000000100010110100111011101001111111111111111111010010010011001010100100100100110011101001001000001100001010011011010011101111100100000000000000001000101101001110111011011111111111111111111100000000100000001001
1327827379606104009,20,join,1000000000000000000011111111111111111111101111111110111111111001100111100001100010001001111000011000100111111110111111111001101111100101101110000001111000011000100000001110000110001000000001100001000010000000001000010000101111111111111111111001101111101101101110011001111001011000100110111110111110111000000000000001000010000000011000011000100110111110111111111001100111100001101010011001111001011011
-56431873679422603,20,join,1000100000000000100011011000001001101001111110000010011010011001100000000100100100001000000000000000111111001110011010011111111011111111101111111111111111111111111110001010011010011111100011100110100110011000001001101001111111001111111110111111110011101110100110001000000001001001100110000000011010011111110011101111100100001000000000001000111111001110111111111111110011101111101110001000000000001001
-2073004103497984188,20,join,1111111101011010101101011111000110100011011111110001101010110001101000010000001100001010000100000011000111110001101000110000001000010000001100011011000100000011111111111111101111110111111101011010101111111111011110101111000000000001000000000001101100011010001111111111111111111111000110110001001000111111111101111011111100011111000110101011111111110101101011110000000000010000001000000000000100000011
-3571730997136910872,20,join,1100010001001010101001000100000010101010111101111111111110111101011011011111101111111111111111111111000001000000001010101100011001001011101111010111110111111011110001101100101110110100010001001010101011010110111111111011110001100101101110110000000000001010001011000110110011111011000000000000001000001100010001001011101000000000000000101010111101111111111111110000000000000010001011000100010010111011
-1329541663589165806,20,join,1100001010000001010101000000000000000000111000101000000111011111011010011111111111111110101111111111111001101001111111110000001000000000000011111111101111111111010000101000000101011111111111111111111111110110101111111111111000101001010111111110001010011101111111000010100001010101111000101001111111110000001000000001000011000010100000011101000000100000000001001110001010000101111101000010000000010101
5007665429119284534,20,join,1000000000000000000011011111110111100110111111111111111111111001110011010000011010001100110100000110100001001001000001101001111111011110011010011101110100000110100000001000000000001000010011010000011011011111111111111111100000001001000001101001110111011100011010011100110101000110100111011101001001101101111111011111011111011111110111101111100000000000000001001000000010000000011011011111110111100111
-3607428709769873050,20,join,1111111101111011111101011001010000100000011110110110101110100001100101000010000000001000000000000000010111110100101110100101101101000010000000000001000000000000111111111111111111110000100101000000000001011011011010110010011111110111101110110101101101001010000011111111011111111111000010010100001000000101101101001011001001011011010010111010011111110111101111110101101101000010001001111011011010111011
-8824659994006018276,20,join,1111111011111111111001000000000000101010011111101111111011100101001010011110111001001010100111101110010101101011111011100100001010001110101011111111111111111111010000001000111010100101111011111110111001010010101111101110010000101001111010100100000000001010101001000000000011101010000000000000001010100111111011111111111000000000000000001000010000101001111011100000000000000000101011111110111111111111
-7460169337787463809,20,join,1111011011110111001001110110111101110000001101101111011100000001011001110110000011111111111111111011000001000000000000000000011001000010000011110111111111111011000101101111011000000000010001000000000000000110011101100000000001100101001000001111011011111111001000000110010101100000000001000000001000000001011001110111000011110110111101111010111111111111111111110111011011110111001011110110111101111011
8323678524324734318,20,join,1011010111011011111011110101110110111110001001010000100010000001010100001011101011111101111111111111000001010000100010001111111111111111111100000001000000000000001001011000101111100001010101001011101011110101111110111110001101011101101111100000000000001000000011110101111111111110000001010000101110000000010100001001100000000000000010001000001001010000101111100000010100001011101011110101111111111111
-1108784579350094717,20,join,1000000011010110000011110100111111100111101101001101111001000001000011010110000011111100111111100111000101001101011000001111111011111110011111111111111111100111000000001100000000000000000001000000000010110100111111100111000000001101011000001001010011011110000000000000110001100000000000001100001000001111111111111111111111111111111111101111100101001101111001001011010011011110011010110100110111100111
7374610108021348953,20,join,1110010100101111010101100101001011110101001000000010111101011111010111111111011111111111111111111111001001000010111101011111011111111111011100100101001011110101111001011010111101011110010111101111011100000000001000000000111001011111111101110000000000101110010100000000001001100100000000000010001000000000000000101111010111110101111111111111000000000010001001001110010110101111011100000000001001100101
4404483955774837638,20,join,1101111111110110111001001000100000100000111111111111011111110001100010000000000000001000000000000000010111111000001000000101101010000010000001011011100000100000000010001000000000000101111111100010110001011111101000101000010111111111001011001111111111111111111101011111111101101110000010000000001000001101111111110111111001011111100000101000010111111010001011000101111111110010111011011111111101111111
9220928548986120698,20,join,1011010010010000000011110100100110000001001100000000000000000001000000000000000011111100101110000001001101000001000000001111111111111111111111111101111111111111001101001001000000001111110011111110011111110100101110000001001100000001000000001011010010011000000111111100101111000001111111001011111001111111110011111111011111111100111111111111111111001011110001111111110010111000001110110100100100000001
-1428157380987437173,20,join,1111101111100111111101111011111001111111001000010000011000110011000110100110101100111011111001111111111111111110011111110011001111100110111100000001000001100001001000011010011010110011000111100110111100100001001001101011111111111111011111111111111111111111111100000000000001100001000000000000001000000011000111100111111100000001000001101011001100011010011011110000000100000110001100000000000000100001
-5963830237148109172,20,join,1111111111111111111101100000001111011001001000000000000100010111101011111111111101101010001111011001011011101111110111110110001000111101100101111111111111111111011010101011110110010110101011111101101100100000001111011001001000000001000100010010000000011101100100100000000101010001011010101111111111110000000000000001000000100000000101011001011010101111110111110110101010111101101100000000000000010001
-3789159147296745513,20,join,1000100010100110100111101000101001101001001010001010011010011111100010100110100100001000000000100000111111001011111010011111111111111111111111111101101111101001000010001010001010001111110111111110100100000000001000001000111110001011111010011111100010101110100100001000101001101000000000000000001000001111110111111111100100000000000000001000111111011111111011011111110111111111111100001000101001101001
-4625918621223115543,20,join,1000000000000000000011100100101001000110101001001010010001101111010010110100011011111101111101101110100001001000000000001111111111110110111111110101111101000110000000001000000000001110010011110100011010000100101000000100111001001011010001101111111111111110111110000100101001000100111101011111011011101111111111111111111111110101111101001110100001001000000001001000010010100100011011111101111101101111
-2215604186571904234,20,join,1110101111010101101001101001110001001010001000011000000000101111101111010101101000101001100000000010111111111111010111110110101111000100101000000001100000000010000000001000000000100010100111000100101011111011111101011010011010111101010110101111111111111111111100100001100001001010111110111111011110100110101111000101101000100001100000001010111110111101010111100000000000000000001011111011110101011111
3947413834892770724,20,join,1001101011011001101111011110111110011011111111101111100110110001001010001001101000011010110010011011100111101101100110110000001010000000001011111111111110011011000000001000000000000001001011001001101010011110111110011011000110101101100110110000001010001001101011111111111111011111111111111111111111110000001010000001101000000010100000001010111111111111100111110000000000000000001000010010110010011011
1666788212953712311,20,join,1001000010111101111011111111101111111111101111001011110111100001000010111101100010011100101111011110100101001011110111101011111110111101111010111101101111011110000000001000000000001111111111111111111100000000001000010000000000001011110100000000000000101001000000000000100001010000101111111011111111110000000000000001000000000000101111011000000000001011110101000001000010111101111010111111101111011111
-5285697023025573868,20,join,1110011010001110011101000110100011100111001001101000111001111111011010111111011111111110101111111111000001000000000000000000011000000000000011111111101111111111000001101000111001111111111111111111111111100110101111110111111001101001111101110000011000001110011100000110000001100001000001100000001000011110011010001111011111110110101111111111000001100000011001010000011000000110011100000000000000000001
-4125588570368346760,20,join,1010100001001001100111101010110111111001001000000000100110011111111111011111110100001000010010010001111011111101111111011010101011011111100110101001110111111001101010001101100110010000000001001001000111111111111111111101101010000101100110010000000000001001000110101000110111111001101010001101101110010000000000000001000100000000000010011001111010111101111111011111111111111111111100000000000000000001
6330270515976532426,20,join,1000010000000101000011000101000001010000111111111101111111111101011111011111111111011111110111111111000001000000000100001100011111000111010010000101000001010000110001011100011100001100010101000101000011111111111111111111110001111101011101001100011111011111111000000100000001010000110001010100011100000000000000000001000011000111110101111100110001010100010101001100011111010111111011000111110111111111
-856950402823574052,20,join,1010110110000001110011101101100010011100001010001000000010001111110110001011110100001000000000001000001011001000000010001111111111111111110100101101100000011100000010001000000010001111110111101111110111111101101011111101111111011111111111011010110110001001110011101101100011011100111011011000101111000010110010000001100000000000000000001000000000000000000011001111111111111111111111101101100010111101
-3244731640282114009,20,join,1001000000000000000111011000010010011011111110000111101110110001000000000000000010011000010000000011111111000111101111111111111001111011111111111111111111111111111111101111111111111001000001000000000111011000011010011011110110000111100110111001100001001001101111111110011111111111110110000111101110111001100001000001101110011000010000001011110110000111101111111001000001000000001100010000000000000001
-8854653184890503063,20,join,1110001010011001101101000000000110001000011000000001100010001111111111011111111111101010100110011011111011111101111111110110001000011001101111101011110111111111011000101001100110111110101011011001111111111111111111111111000000000001100010000000000000001000000011101010110111111111111010101001101110110110000000011001100100000000000010001000111010101001100111110110000000011001101101100000000110001001
5200975275385063280,20,join,1000110101001101011111011101111111010111101111010110110101111001110101001101011100001100000000000111000001000000000000011101111111111111011100001101010000000111100111011111110101110000110001000000011110011101011011010111100111010111110101110000110101001000011100001100010001000111110111011111111101110000110101001001011111111111111111111111000001000000000001110000010000000000001100000000000000000001
-3452521605893351271,20,join,1010111001001011101111101110111110111111001000100100001000111111111111111111111100101010010000101011001001100100001000110000001000000000001011101111111110111111001011101110101110110000001001000010001100101110011010111011101011101111101110110010011001001010101111101111111111111111000000100000001000100010111001001011101100100010010000101011101011101111101111110000000000000000001000000010000000100011
962977214744903244,20,join,1000010000000000000011011101011000100011111111110111011100111001010000000000000010011100001000000000000001000000000000001101111101100010001110011101011000000010111111111111111111111001110001100000000010010100001000000000110111110111001100111101111101111011101111011111011101110011100111010110001000111101111101100011001111011111011100111011111111110111111111111001110001100000001010011101011000000011
3563491845190106274,20,join,1101110101111011111101000000000000001001111111010111101111110101000000000000100101011101001100101011010101000001000010011111111101111111111101010101000100101011111111111111111111110101110101110010111101010101001100101011010100000001000010010101110101111010111111111101011111111111010101000001001010010101110101111011111100000000000000001001010111010011001011110101010000010010101100000000000000000001
3795755068123866851,20,join,1010000000010001000011111111101111110111001000000001000000001011011110111111011110111111101111110111101001011011111101111010011110111111011110100001101111110101101000001001110101011011111111111111011110100000101111110101000000000001000000001010000000011101000010100000000101010000101000001001111101010010000000010001000011111111111111111111101000000001110101001010000110111111011110100000000111010101
6335272095505637383,20,join,1010100101111011110111111111111111111111001010010110101001011011100101111111111100001001011010100100101111010111111111111011111101111111111100000001011010100100101111111111111111110000000001100010000000000000001000000000001010010111101001010000000001101010010010101001011111111101000000000000001000000010100101111011010100101001011110111101000000000110001001001010100101111111111100001001011010100101
-1029708604432933590,20,join,1010101111001111011111111111111111110111001000010100101101101011101111001111011100101001010010110111101111111100111101110010101111001011011100000001010000100100001000011100101101100000000001000000010010111111111111110111101111111101111101110000000101001011010000101011110011110111000000000100001001000000000101000011010011111111111111111111000000000000000001000000000101001011011000100001010010110111
6892850051736095429,20,join,1000001110000000101011000011110000001010111111111110111111111101001111000101111011011011110011011111110101111110110111110000001000000000000000000011100000000010000000101000000000001000001111000000101011010011111011011111111111111111111111111101001111001101111111000011110001001010110110111100111111111100001111000101101000000011100000001010110000111100010111100000000000000000001011000011110001011011
-3828989072639777647,20,join,1010110000110000100111111111101111111011001011000010000010011011111110111111101100001100001000001001000001000000000010001010111000111111100110101111001111111011101011111011111110111011111111111111101100000100001000001001001011000011000010011010110000111001100110101100001111011001101011000011111110011010110000110001100100000000000000001000111111111111111111111010110000111111101100000100000000001001
-6998288381285666192,20,join,1011110110111001111111111111101111111111001111011011100111110001110100111001111100001001001000001010000011010010000011101011111110111101111100000001000000001010000111011011100111111111111111111111111100000001001000001010000011010011000011110000110100111001111110111101101111011111101111111011111111110000110100110001111100000000000000001000000010010010000011100000000000000000001000001001001000001111
5709403173799526147,20,join,1000010000110011010011111111001100111110101011110011001111101011111100110011111010001111001100111100000001000000000000001000011100110011110010000101001100110100111111111011001111111111111111110011111100000100001100000100000001000001000000001111111111111111111111111111111101111111000001000011001001000000010000110011010010000101001100111100000001000001000001001000111100110011111011111111001100111111
-6869160640676644379,20,join,1010101000111111011111111011101111111111001000000011101101101011101100111111111100101000001110110110111111111011111111110010101000111111011110101011001111110111101110111011111111111111111111111111111100000000001010010110000000000011100101100000000000001000001000000000001111110110000000000011101101100000000000000001011010101010001111111111000000000000000001100000000000000000001000101000001111110111
-6838933071675409254,20,join,1000000000000000000011111111111111111111101110001111101101011001100011111011010110001000101000100000101111001111101101111011111111111011111110111101111110110111100000001000000000001000000011000000000010000000101000100000100010001111101101001000100011101010010010111111111111111111100000001000001000001000100011101011010010111101111110111111100010001110001001001011100011111011011110001000111110110101
1456115906993935233,20,join,1111111111111111011101101111110100010111001011111101000001110111111111110001011100001101110100000101000001010101000000000000011111010000010100000001000000000000000001011101000001000000000101010000000001101111111100010111000000010001000000000111111111111101011101111111111101010111011111111111111101110010111111010001011111111111111111111111000001010101000001000000111111010000011100000101110100000101
-5683493024839453799,20,join,1000100101111000011011111011111111111110101010010111101001101011101101111111111000001001011110000110111111111111111111111010101101111010111000000001011110000110101010111111111111100000000001111000011000000000001000000000000000000011100000100000000000001000000010101001011111101110000010010111101001101010101101111111111010101001011110101110000000000010100001100000000000101000001011111011111111111111
4682108038751295025,20,join,1111011011111000111101110110111110001111001100001010100010110001000000000000000011111111111111111111000101001010100010110011011010101000101111110111111110001111000100001000000000000011011011101000101100010000101010001000001101101111100010110001000010001000100011110110111111001111111101111111111111111111011111111101111100000000000000001000001101101110100011110001000010101000101000010000101010001011
-3689767544521544048,20,join,1001110100011110100111011101000111101001111111010001111011010001100000010100000100001000000000000000000111010001111010011111111100011110111100011001000101000001111111111111111111111111111101111110111111111111001111101111000010000001010000010001100100011110100100001000000001000000000110010001011010011111111101111111111100011001000101001001110111010001111011011111110100011110111100001000000001000001
4099156329395718939,20,join,1010010101110000111111110101011101001111001000000010000000101011010101110100111111111101111111101111001001000010000000101111111111111110111100100101011100001111111101011111010011110010010001100000111100000000001000000000001001000111000011111111010111111100111110100101011101001111111101011111111011111111111111111111111100100100001000001010000000000000000001000000000000100000001000100100001000001011
-5948102844947130976,20,join,1111011010101110111101000110000010000000011101101000101011010101011000001010110111111111111111111111000001100000100000000000001000000000000011110111101011101111010101101000101011011111011111111111111101110110101011101111111101111011111111110000001000001000000001110110100011101101010001100000101011011111011110101111111101000110000010001100010001100000100001000111011010001010111101000110000010001101
-8847895949847297610,20,join,1010000011011010110001100000110110101100001000001000001000001111000011111011110111111000111111111101111111111111111111111111101111111111111111111001111111111111000000001000001000000010000011000010000000100000111010101100001000001101101011000010000011001010110011110000111111111101000000000000001000001110000011011011110000100000110000101000001000001100001011001111100011111111111101100000111110101101
-561665340768781391,20,join,1101011110100100010001000111100000000100111111111010011001000101011110100000010011011111101001100100000001111000000001000000001000000000000000000001000000000000000000011000000000001111111111101110111001000111101000000100111111111111111111101111111110101110110001010111101001000100110101111010011001001111111111101111111011111111101001101100000000011000000001001111111110101110111011111111111111111111
-3423120201790262764,20,join,1101101110111110111001010011000101000110111110111111111011100001001100010100011001011011001101001110111111111111111111110000001100010100010000000001000101000100010110111011011011101101101111111110111001010011001101000110000000000001000000000101101100111100111000000000000101000000010110110011011011101111101111111111111101010011001101001110000000000001010001000000001100010100011011111011111111101111
8573649734036288642,20,join,1111111111111111111101101111011001110101001000110100001001000111111111111111011100101111011001110101001001110100001001010000001000000000000000000011000000000000011011111110111101110000001101000000000000100011011000110101011011111111111101110010001101101011010100100011011001110101000000110100001001000010001101000011010101111111111111111111000000110100000001000110111101101111011100100011010000100101
-3421141619747014450,20,join,1000000100000101001111111111110111111111101100010000010110110001000100000101001110111111110101011011101101111100010110111011001101000101101100000001000000010000101100111100010110111011000101000101101111111111111111111111101100111101010110111011111111011101101100000001000001010000101111111101111110110000000000000001000010010001000001011011101111111101110111110000000100000101001000000001000001010011
-6899744094925546569,20,join,1000000010000011011011011010100101110110111111111011111111111001101010000111011010001000100001110110110111111011011111111000101010000111011010011011100101110110000000001000001101101111111111111111111111011011101101110111100110101001011101101101111110111111111110000000100001110110000000000000001101000000000000000001000011011011101101111111000000000000000101000000000000000001011011011011100101110111
7668134530192467607,20,join,1011101101111110001111111011011111111011001110110011111000110001000000000000000000011000000000100000111111111111111111110001101100011010000100011001000110100001111110111111111111110011101101111110001100011011001111100011000110000001001000000001100000011010000000011011000111100001000100000000001000001011101101111111101100111011001111101011111110110111111111110001101100011110001100011000000110100001
5277475491710517966,20,join,1011100110011011000111111111111111111111001000011001100000010011000110011001000100111001100110010001101111011111111111111011101111111111111100000001100010000000000000001000100000001011100111011011010110111001111111111111000000011001100000010000000000001000000010111001110111111111001110011001101100010010000110011001000110111001110110111101101110011001101101011011100111011011111100000000000010000001
-656928903705244379,20,join,1010110001111010100011101101011111101000001000000011000000001111110111111111101100101000001110001000001001000011000010001111111111111111111110101101011111101000111011011111111110010010110001111000100000000000001000000000000000000011000000000010000000111000100010101100011111101000001011000111101010001110110101111111100100100000001100001000111111011111111111111110110111111111101111101101011111101001
6833836141155057777,20,join,1000101100110010000111111011111111111011101110111011111010111001101100111010000100001001001100000001111111111111111110110000101100110000000100000001001000000001100110111011101000011011101111111111101100000000001000000000000000010011000000011000101100111010000110011011101111100001000010110011001000011011101110111111101110011011101111101011111111111111111111111001101110111110001100000000001000000001
-8614812344606320784,20,join,1001001010000001000011010011110101110011101100111101010100110001001000000001000011111011111101111111111111111111011111110000001000000000000010010011110101010011000100101000000100001001001011000001000011010011111101111011100100101101010100111111111111111111111110010010110001010000100100111101011100110000001000000001000011010011110101111011110100111111011111111001001011000101001110010010110001010001
-381092685154432952,20,join,1100110111011010111001000000010000101110111011011101111011101111111111011111111101001101110100101110010001001100001011101110111111011111111101000101110000101110010000001100001011100000000001000000010011111111111111111111010001011101001011100100110111011010111011001101110111101110000000000100001001001110110111011111111100000000010000101100000000000000000001000000000001000010111011101101110111101111
9183725204964749011,20,join,1111111111111110111101010011101100100101011111111011111011110001001110110010000101011011101101101111010111111011011011110000001110110010000100000001000100100001000000011001001000010111111111111110111100000000001100100001000000000001001000010101111110111110111100010011101101100101000000000000001000001111111111111111111101010011101101101111000100111011001001010101001110110110011100000000000000100001
-1257784715896807400,20,join,1111111110111111001101001100000110000000011011000011101100100111111100111111001100001100000100000000000001000000000000000110111000111011001101101101001110110011011011111011111100111111111111111111001101001100001110000010000001000001000000000000110000011000000001101111001111110011010011000011101000100100110000111011001011111111111111111111111111111111111101110100110000011000001001101100001110110011
2986579990833700580,20,join,1100000000000001000001000000000000010000111100010001000100101101000100010001001011111001000100010010111111010001000100101111111100110001101011000001000000010010111111111011000111101111111111110001111011111101001100011010110000010001000100101111111111111111111111111111111101011110111111111111011111100000000000000001000011111101000100011010111111110011000111101100000000000001001011111111111101111111
-4187459694933052079,20,join,1000010010000000110111000111110100101101111111111111111111011001011111010110110111011111110101111101000001001000000001011000011111010010110110000101110100001101000000001000000000011000010011000000110111011111111111111101100001001101000011011101111111011111110110000111110101101101100001001100001011011101011111010111110100000100100000001101000000000000000001011111111111111111111100000000000000000001
-1064879252413842417,20,join,1001100011000011100011011100110000111000111111001110001111000001000000000010000000001000100000100000100111001100001110001111111011110011110111111111111110111111000000001000001000000001100011000011100011011100111000111100111111001111001111001111110011111011110111111111111111111111000000000000001000000001100010000011000000011000100000111000110111001100001111001111111011111011111111111100111100111101
2911542980129137432,20,join,1000111011110011000011001111111101111010111111111111011110111101111111110111101000001010111100110000000001101111001100000000001000010000000010001111111101111010000000101101000100000000001001010001000000000010111100110000000000000001000000001111111111111111101110001110111101111010000000101101001100000000001000010001000010001110111100111010111111111111111111111000111011110011001011011111111101111011
-69180938487711380,20,join,1100010100011100001101000101000111000011111111110111110101110101010100011100001111011111001111010111000001000001100000111101011100011100001100000101000111000011111111111111111111111101011101111101011111010111001111010111000000000001000000000000000000011000001100000100000111000011111111110111111101111101011100011101001111111111011111111111110101110001110101110000000000010000001000000000000100000011
6092103517939409097,20,join,1011110111111000100111111111111111111101001100011101000010010001000110000000000100111001111110001001001111011111100010011011111111111110110100000001100000000000000000001000000000000001000111000000100100110001111110001001000100011101000010010011000111011000100110111101111111001001101111011111111011011011111111111111110100010001100000001001101111011111110011011111111111111111111100000001100000000001
2985824480321882456,20,join,1010001110001111111011110011100011111110001000111000111111101011001110001111111011111111100011111110111101111000111111100000001000000000000000000011100011111110000000101000100111001111111111111111111111111111101011111110111111111011111111110000001000001001000000000010100011011100000000101000111111100000000000000001000000000010000010011100000000100000100101000000001010001101111011111111101011111111
218871565739501061,20,join,1000010011111110111111101111111111111111101001001111111011111111111111111111111110101111111111101111000001001010011011100000011010100110111010000111111111101111000000001000001011100000010011111110111100000000101001101110000001001011111011110000010010101110111000000000100001101110000000000000001011101010111111111111111100000000000000001000000000000000000011100000000000000000101000000100101011101111
6610367300938998981,20,join,1101000000100000000001010000000000000000111100110111110001110001000000000000000011011011011111000111111111110111110001111101001000100000000011010011001110000101111111111111110001111101001101111100010100010000001000000000110100100011100000011101001000101000000011010011001111000101111111111111111111111111111111111101111111111111111111001111110100100011100001011101001101111100011111010010001010000001
-7850620450478734268,20,join,1101111111111111111101010011110101111111111111111111111111110001000000000000000001011011110101111111010111111101011111110001001000000101001000010011100101110011000100101000010100100001001111010111001101011111111101111111000100101001010100100101111111111111111100010000000001000000000100101000011100100001000000000101001000010011110101111011000100111101011111110001000000000100001000010010100001110011
-7486044609699633295,20,join,1101001100110010001101000000000000000000111110111011101110110101000000000000000011011011101110100011111111111011111110110101001100010010001101010001000100100011110100111011101000111111111111111111111101010011001100100011010100000001001000111101001100111010001111111011101111111011010000000000001000001101101110111011101111011011101110101011111110111011111111110101000000000010001101010000000000000001
-8208773569315723238,20,join,1000000011100000101011101000111100101010101010001111001010101111100011110011101010001000111100001010111111101111111111101111101011111011111011111111111111111110000000001000000000000000000011100000101000000000101000001000100000001111000010101110100011111011101011111010111111111110100010001111001010101110100011110011101000000000100000001000111110001111101111100000000010100000101011111111111111111111
-5369452631085197577,20,join,1010001100100100011111111111111111111111001000010010000000001011001110111100111110111011101111101111101111111111111011110010001100100000011000000001001000000000001000111010010001111011101111111110111100000000001000000000101000111011110001111010001110101100011100100011001001000111101100111011111011111011111111111111111110100011001001001111000000000000000001000010000100100000001000100011001000000111
-5719050119752894785,20,join,1111111111111111111101111010111111101111001110101110001001010001001000000000000100011010010000100101011111111111111111110000001000000000000001111011111111111111000110101110001001010001001001000010010100010010011000100101001110101111111001010011101011101110010100011010111001100101000100100000001001010011101011111111111100111010111111101111000100100000000001010011101011111110011100000010000000000001
-2337308720783778253,20,join,1111001011010101111001010010010001000100011100100100010111100001001001000100000011111010111101011110111111101111011111100000001001000100000011111111111111111111011100101100010111100000000001000000000011110010111101011110011100101101010111101111111011111111111000000000000001000000111110101111011111100101001001000101110000010010010001001100000100100100010001000101001001000101111011111110111111111111
-1780384649935797420,20,join,1000110110000010000011001101100000100000111011011000001000001111110111110010111000001001100000100000000011011000001000001111111111111111111100000001000000000000000000011000001000001110110111000010100011101101111100101010111011011001001010101111110111111010111111111101111111111111000000010000001000001111110111111011111111101101100000101000111011011111001011101110110110000010101011111101111100101111
620211480368582802,20,join,1111011111010110110101110011110001101100001000000000000000000011001010000100100011111111110101101101011101111101011011010010001010000100100000110011110001101100001000001000000010000011001011000110110011111111111111111111011100111101011011011111111111011110110100100000100001001000001100101000011011001111111111011111111100100000000000001000001000101000010011001111111111011110111100110010110001101101
-4956739325161725594,20,join,1010001010010101101011101011111101111011001000000000000000001111101111110111101110101011111101011011111111111111111111110000001000000001000010100011101101011010001000101001010110101010001111110101101110100010101101011010001000100001010110101111101111111111111100100010000001010000101010111111011110110000000000000001000000100010000001011000111110111111011111110010001000000101101010100011101101011011
-119942133539307602,20,join,1010000000001000000011100000010111010111001000000000100000001111110011011111111111101000110111011111111011001101111111111111111111011111111111111101110111111111111000001101110101111010000001001000000011111111111111111111101000000101100000000000000000001000000010100000010111000000111010001101111111111010000001011101001111100000110111011111101000000101110101111010000001011100001010100000010111000011
-6498398320215952517,20,join,1010001000010010010011110010000100101111001000000001000001001011001000010010110011111111111110111111111101100001001111110010001000010000010011110111010110111111111101111101101111111111011001011011111111110111111110111111000000000001000000001111011000011011111111111111111111111111001000100001001001001111001000010011111110100010000100101100000000000000000001001011001000010010111110110010000100101101
457726751414949773,20,join,1010000010000000100011100000100100001000001000001000000010001111110011110011111011101000101100001010111011001111000110101111111011110011111111111111111111111111000000001000000010001110100011110001101011100000101100001010101000001001000010001111111011111011111111111110111101111111111011001111001110101110000010110001101000000000000000001000111011001111001111101110000010010000101011111100111100111111
-3013207784152971537,20,join,1101011111111111011101000000001000000000111101111111111101110101011111111111011111111111111111111111010001111111000100010000001000100000000001000011001100010001010000111111000100010100001101110001000100000000001000000000010000100011000100010100011111111111001101000111111101010011010001111111011100110100001000100001000111110111111111111111010001111111111101110100011111110001001101000010001000000001
-4888586211408089756,20,join,1111111111110110111101111111111101100111001100010000001001000001000100000000010000111101010001100101001101010100011001010011111111100110011100000001000000000100001101011100011001010011000101000110010100111101011001100111001111111111011001111111111111111111111100110001000001100100000100010000001001001111111111110111111101111111111101101111000000000000000001000011110101000110011100110001000001100101
-2586936607144713640,20,join,1001111110011011111111011111111111111111111111111111111111110001110010001000111000001100100010000000000001001000100000000001111010001000111000011111100010001110000000001000000000001001111111011011111110011111111111111111000111111001100111110000000010001000000010011111110111111111000111111001101111110001111110001001111000001100100010001000000011001000100011000000110010001000111000011111100010011111
6807556143719009161,20,join,1000001111111001101111110011111111011011101000111111100110111011001111111001101111111111111111111111111101111111110110110000001111100000000100000001100000000000000000001000000000000000000111100000000100000001101000000001000000111111000010010000001111111001101110100011111111011011111101111111111111110000001111110001100100000011111000001001111101111111110111110000001111110001101100000001100000000001
1386943259538824331,20,join,1111111111111111111101111111100111111111001100111000000001010001000000000000000000111111100011111111001101111000010111110001001000000000000000010011000000000000000100101000000000000111111111111111111101111111101111111111001111111001111111110011011110001101111100110011100001011101001101111000111111110011001110000001110100110011100000001101000100111000000001010011001110000101111100010011000000000001
2367577761658284453,20,join,1100000100100010001101000001000000100001111000010010001000111111111111111111111111101001001100111111111011010011101111111110111101111111111100000001000000100000111011111111111111111110110101111111111101000001001000100001111000010011001111111110100100111011111111101101001111111111000000000000001000001110000100100011111111100001001000101111111000010010001001110100000100100010001100000001000000100001
-8400407659284267406,20,join,1000000100000001000011011111111100111111111111111111001111111001100100000011000000001001000000010000100111011011001111001001111110110011110000000001000000000000100110011001001110001001110111110011110010011001101100111000100110010001001110001111111111111111111111111111111101111111100000010000001100000000000100000001000010011001000000111000100110011011001111001001111111110011111010011111111100111111
-7034337901021637232,20,join,1010100011010010000011101011110110100011001010000100001000001111101111111011111100001000000000000000111111111111111111111010101011010010000010101011110100100000001010001101001000000000100001000000000011101011111110110111001010000101001000001010101111011010001111111011111111111111000010000000001000001110101111011011011111101011110110111111111010111101101001111010101111010010001110101011110100100001
4333501570247270188,20,join,1010011010000010100011111111110111111011001001000000000010001011111111011111101110101111110101101010000001000000000000000010011010000010100010100111100100101000001001001000000010001010011111010010100011111111111111111111101001101001001010001010111111011111101110100111100101101000000001000000001010001010011111010111101100000100000000001000111111111101111111111010011111010110101010100111110101101011
5395899477494462312,20,join,1101100100000011111101000000000000100001111111111111111111110101100000000011111101001000000000100111110111111000101111111101101110001011111101011001000000111111110110011000001111111101111111111111111111011111101011111111110111111011111111111101100110001011111111011111100011111111000000000000001000000100100000000011111101001000000000101111010000000000001001010100000000000010001100000000000000100001
9107391419726812858,20,join,1100011110110111111101000000000000001000111101111111011111111101011110110111111111111111111111111111010001010010001111010100011100100011110101000001000000011101010001111011001111011101011111110111111101000001001000111101010000010011001111011111011111111111111101000111101101111101010000010000001111010000000000000001100000000000000000001000000000000000000111000100000100110011111100000000000000011101
3394266350351283817,20,join,1110000010111011000001100000100010110000001000000000001000001111111111111111111111101111111111110101011001001011101100001110011010111011000011100111111111110100001000001000001100001110011011111011000000100000001000110000011000001011101100000010000010001011000011100110111111110000000000000000001000000010000000000011000011101111111111111111111001101111111101001110111111111111011111100111111111110101
4554786283580398299,20,join,1101111111111111111101000000000000000000111111111111111111110101000101110100000101011101111101110111010101011111011001110101111111110111111101000001001101000000010100011111011000110100000101110100000101000000001000000000010000000011010000000101111111111111111100000000000001000000010100010111011000110101010111110111011101011101111101111111010100011111011001110101000101110100001101000001001101000001
7811981667138738431,20,join,1111111101111111011101111110010011010111001000000000000000000001000000000000000000101000000000000000001111100100110101110011101001001101011101111111011011110111111111111111111101110011100001001101011101111110011011010111011111110111111101110011100000001000011000111000000011010111011111100110111101110011100000001001011011111111111111111111001110000000000001100011000000000000001000110000000000000011
-5850051829568961137,20,join,1000011001111010101011111111111111111111101101100111101111101001011001111010111010111110011110111110000001000000000000000000011001111010001010111111011110111111101111101111101111110000010001000000001000000100011100100010000001000101001000100000010001111010001010111110011111111111000001000100001000101001011001111011111000000110011110101010100001100111101011100000010000000000001010111110011110111111
4991746704856081933,20,join,1100100101110001110101000000000000000000111111111111111111110101100101110111110101001001001100000001110111111111111111111100101101110111110101000001001100000001110110111111011111010100100101110001110101000000001100000000010000000001000000001101101111111111111101001001011101111101010010010111001111010100100100110001010101001001001100011101010010010011000001010101100101110111111101000000001100000001
1681433775157835902,20,join,1011111111001111111111111111111111111111001101001000110000010001000010001100000100111101100011000001000101001000110000010011111111001110011100110101100011000001000000001000000000000011110111001110011110111111111111111111101111111101111111110000000010001000000000000000100011000001001111011000111001110011111111001111011100111111110011111111001111011000110001010011110110001100011100000000100010000001
8980977534339388118,20,join,1110011110001010001101100111100010100011001000101000100000011111011111111110001111111111111111101011001001101000101000010000001010000000000000100111100010100001000000001000000000001110011111111010001111100111101110100011111001111001101000110000001010001000000011100111111111100011000000101000001000011111111111111111101111110111111111101011111111111111111111110010011110001010001100000010100000000001
-2308726466245294550,20,join,1110100010001001100101000000000000000000001000000000000000001111100110111001110101101000000000000001111111111111111111111111101110111111110111101001101110011101011010001000100010011111101111111111111111101000101010011001111010001011100110010010000000001000000011111001101111011101111110011011101111010110100010001001100101101000000000001001111010001011100111011111101110111111111101000000000000000001
7968812946519308706,20,join,1110110110011011011101001001100110100101011011011001101001111111111111111111111100001000000010100101010011011001101001111110111110011011011100001001100110100101000010001000101001011110111111011011011111101111111110111111000010001001101001010000000000001000000011101111111111111111000000000000001000000110110110011011011111101111100110111111000000000000101001000100100110011010011100000000000010100101
4486352130196301680,20,join,1001100001110110011011111000011111110110101110000111011101100001100000110110011000001000000000000110111111000111111111101111111111111111111111111101111111111111111111001111111111110001100001110110011000001000001101100110000010000001001001101011100001111111011000001000000101100110000010000000001001101001100001110111011011111000011111111110000000000000000001000000000000000000011011111100011111111111
-6103156193661317755,20,join,1000100000111010000111111001111110110011101010001111101100011011100011111011000100001000001100100001111111111111111111111111101111111111101110111001111110110011100010001011101100011000100001111010000100000000001000000001000000000001000000010000100000111010000111111001111111111011000000000011001000011000100000111011000111111001111110111011111110111111111111111011100011111011001100000000000000000001
-216421332827889285,20,join,1000000000010000000011000000000110011010111101111111111111101101000101011001101011111111111111111111110101011101111111101101001111011111111010000001000110011010110100011101110110101100000001011001101011010011111111111110000000000001000000001000000000011000000011010001010111011010110100011101111111101000000000011001000010000000000110011000110100011101110111101000000000011001101011010011110111111111
-827284148432479668,20,join,1010111010101101001011101111111011010010001011101000100000101111111111101101101000001000000010000010000011000000100000100000101000001000001010101111111011010010000010101000100000101010111011101101001000101110101010010010111111111111111110100000000000001000000000101110101011010010111111111110111110100000100000001001001011101111111011011010111111111111111111100000000000001000001011111111111111111111
-5667678871415802329,20,join,1001000000010010000011110100111101111000001100000000001000000001000000000010000011111111111101111001101101000011011110001111011111110111100111110101111101111001101100001011011110001011010011110111100010110000001100101000000100000001001000001111111111111111100110110000001101111000000000000000001000001011000000110011100010110000000100101000111111111111111111111111111111110111101111110100111101111001
-6525465946235151454,20,join,1111111111101101101101111111101011010011001111110000100100110001000100001000001100011001000010010011000111110000100100110001101100001001001100000001000000000000001111111010100100110111111111101101101100111111001010010011111111111111110110110000000100001000000000111111101011010011111111111111111111110000000100001001000101111111101011011011111111111110110111110000000100001000001000000001000010000001
-2259841849471813319,20,join,1001110000000011110011111111000010111111101111000000101111100001110000000011110000001100000000100000000001000000000000001011111000001011111010111111000010111111111111111101111111111111111101001011111111111111111111111111111111110101101111111001110000001011110011111111010111111111000001000000001000000000110000000011110000001100000000101100000011000000001001001001110000001011111010111110000010111111
-2335980233640545795,20,join,1010111100010011001011101111011100110010001011110001001100101111111111111111111100001010000000000010000001100001000000100000001000000000000000000011000000000010111011111111101110101010111101010011001000101111001100110010000000100001000000101110111101111011101011101111111111111110000010110001001000100000101100010011001011101111011100111010111011111111101111100000001000000000001011101111111111111111
-3092338837599479022,20,join,1011111111111111101111111111111111111011001111111100110110110001111101001001101100001000000000011011000001000000000110110000111001001001101100001001000010011011000111111100110110110000110001001001101100111111111011011011001111111111111110110000100000001001101100011111010011011011001111111110111110110000000000000001100100000000000000001001111111111111111111110000000000000001101100000000000000000001
-3465820712577083996,20,join,1000000000000000000011111111111111111111101100101111111111111001000011111101111110111110111111111111101101101111111111111001001011111101111110110111111111111111100000001110000000011000000001000000000010000000011000000001100000001111000010011000000011111101111110000000111101011111100100101111111111111000000011110001110110000000111000001001100000001111000011011000000011110001111110000000010000000001
-3518572170422985945,20,join,1101011111011111111001010000000000000000111101111101111111100001000000000000000011111111111111111111010101111101010101100101001011000001010001010011110101010100010100001100000000000101000001000000000011110111111111111111010100101101010101000101011111011101011001010010110001010100010101111101111101100101000011000001010001010111110111111110010100001100000001000101001011000101011011110111110111111111
1644173531104036566,20,join,1000000100000000000011111111010111111111101111110101111111011001111101010011110010001001000000000000100011010001000110001000111101010001100000000001000000000000111111111101111111111000100101010001000011111111111111111111100010010001000100001001111101011011110010011111010111111101100011110101001110001000100100000001000010001001000100011000100011110101001111001011111101011111111110011111010110111101
1594934514439913003,20,join,1111010110011111101101000000000110001010011000000001100010100111010110011110101111111101101111111011011001001001100010101111111111111111111101100101100111101010011000001001100010101111110111111111111111110101101111111011000000000001100000100000000000001000001001100100100111101010011001001001101010100111010110011111101100000000000110001010111111011011111111110000000000000000001001100101100111101011
-5334614361909057511,20,join,1111111110111111111101010001000100001100011100111011001111110001000100000000000001111011101111111111011111111011111111110101001110110011111100000001000000000000010100011001000011001111111111111111111101010001101100001100000000010001000000000111001110111111111101110011101101111111010100011011001011110101000110110011111100010001000100001100000100010001000001000101000110110000111001010001101100001111
-4298133144450033920,20,join,1111101111111111111101110011110110001000001100010000000010000001000100000000100001111011111110011010111111111111111111110011001101011000100000000001000000001000001100111101100010000011000101000000100001110011111110011010001100010101000010000000000000001000000001111011111111011010011110111111111111110111001111011001101000000000000000001000011110111111100111100111001111011000101001111011111111011011
-4258906513423415766,20,join,1011101010101101010011111011111011110111001010000000010000000011101000000101000000001000000000000000111111111110111101110010101000000100000010111011101011110100001110101000110101001011101111101111011100111010101011010100111111111111111111110011101000001101010000001000000001000000101110101010111101000010101000000101000011111011111011111111001110100000010101001011101010101111011110111010101011110101
-6339252397995837626,20,join,1001111110110011011111111111111111111111101111111011101111110001111010010011001100001000000100000001000011000001001000010000111010010011001100011111100100110111000010001001001000011011111111111111111100011111101100110111000000000001000000000001111110111011011110111111101111111111000010000001001000010000110000010011000110011111101110111111000111101001001101110000110010010011001100000000000100000001
5531450571411543318,20,join,1110000011101100101001000000001000000000001000000010000000101111011111101111101011111111111011111011111001101110111110101110001011101111101011100111111011111010001000001110000010100010000001100000001000000000001000000000111111111111111111110110000011101000101001100000111011001010111000001110111010101110000011101111101000100000001000001010111111111110111111110000000000000000001011110111111011111011
-1340252541786690549,20,join,1010011011010011010111111111110111111111001001100001001101011011111111011111011110101110110111110111000001000000000000000000001000000000000010101111110111110111001001101001001101010010011011010011010111111111111111111111000001100001000101001010011011011011010110100110110111110111000001100001001101000000011000000001010010111111110111111111000001100000000001001010011011011011011100000110000100010101
8046869348176843794,20,join,1110011010011101101101000000000010000001011001101001100100011111111010011101111111101110100111011011010001001000100000010100011010001000000111101111101111011111010000001000100000011110111011111101111111101110101111011111010001101001100100010000000000001000000001000110100111010001111111111111111111110100000010001001000101100110100111011011111011101001110111110100011010011101001100000000000000000001
-1031559818639725038,20,join,1000111001010110010111001110010111110101111011110111111111111111111111111111111100001110010100100101000001000100000000000000011001010010010111001111011111110101111011111111111111110000000001000000000011001110011111110101000000000001000000001000111001011110010100001110010101100101000001000100001000001000111001011111010111001111011111111101000001000101001001011100111101111111111100000100010000000001
-5035892950611975146,20,join,1101110111111010111101010001011110101111111111011111111111110001000000100000000001011101111110101111010101010111101011111111111111111111111100010001011110000000010101011111101011110001000001111000000000000000001000000000000100000011100000000001000000101000000011011101111111111111000100010111101010001101110111111011111100010001011110001000000100010111101011110001000101111000101000010001011110101011
-6865305997461175992,20,join,1111001111111111111101100001000000000010001000000000000000000111000101000101111011111111111111111111011101111111111111110111001101110111111100100001000000000000011100111111011111110110000101000000101001110001011101011110011100010101010111100111001111111111111101100001010001001010011100010111011111100110000101000101101001100001000000001010011000010100010111100010000100000000001001110001011101111111
-2270703200374159467,20,join,1010101111101011011011101011111010110110001010111110101001101111101111101111011000001011111000100100111011111110111101100000001101100010010000000001000000000100000000111110001001000000000101100010010000000000001000000000111011111111111101110000101111101010011011101011111011110110000000000010001000000010101111101011011011111111111111111111000000000000000001000000101111100010011011101111111011110111
-2782797297285525137,20,join,1011111011001101101111111110110011011011001000000100000000000011010001001001101000111110110010011010001001000100100110100011011011001001101011111111111111011111001101001100100110100000000001000000000011111110111111011111111111101101110111110010000001001001001000111110110011011011111111111111111111110010000001000001000000100000010010011010111111101100110111110010000001000001001000110110110010011011
-2419080870793832313,20,join,1111111111111111111101000000000000000000011100000111001100000101000001100011000001111010011100110101011111100111011101010111001001110011010101111111111101111101011111101111011101010100000001100011000001000000001000000000010100000111001100000111111111111111111101111010011101110101010000000010001000000100000000100001000001111110111101111101011100000111001101010111111111110111111101110000011100110001
-6711311488556874799,20,join,1000011110001100000011111111100111111111101001111000110000001011111110001111001110101111100011010010000001100000000000000000001000000000000000000001000000000000000001111000010000001111111111111111111111111111101111111111101111111001111100110000011110001100000000000111000001000000101011111000111100101010011110001101000010111111100011111011101111111000111111111010011110001101001010101111100011110011
-7058830875733804323,20,join,1000000000000000000011011000111101111111111110011111111111111001000001000001001010011000010100110011111111111111111111111111101111111111111111011001111101111111100110001101001111111000000001000000001010011000111101111111100100000101001100111101100011111111111110011000110101111111100100000100001100101000000001000001001010011000010100111111100110000101001101111000000000000000001010010000010000110011
-471805962162000110,20,join,1000000100101011001011111111111111110011101101010011111100111001010100111111001110111101001111110011100001010010111100101011111101111111001100000001001010010010101111111111111100111011110101111111001100000000001000000010100001010011111100110000000000001000000010000001001011110010000000010010101100100000000000001001000010111111111111111011111111111111111111110000000000000000001010000101001011110011
1205831109428981753,20,join,1110111111110101110101100000000000000000001000000000000000001111111111111101111101101111111101011101011001100110000000000110001001100000000001100111111000001000011001101110000000000110000001000000000001100000011000000000011001111111000010011110111111111101111101100111111101011101111111111111111111110110011111100001100101100110111000001000011001111111000111011110111111110101111101100111111000001001
-4583710478349881143,20,join,1000000000001011011111111111110011111111101011111100111111111011111111001111111110001100110011110111100001001000101101111000111011001111011110001111110011110111100000001000101101111000010011001011011111111111111011111111111111111111111111110000000000001010011010000100100011110111000000000000001000000000000000001011011010001111110011111111000000000000000001000000000000000000011000000000000000000101
-5085630910366216205,20,join,1010101001001110000111101110011111110111001000000100000000001111111001111111011100101010010000000001101011100110111000010010001001000000000011111111111111111111111011101111111111110000000001000000000010101010011011100001101011100111111000010010001001001000000000101010010011000001001010100100111000011010111001111111001111101110011111111111101011100111111101111010111001111110001100100010010000000001
-2110951415686675661,20,join,1111001011101111111001000000001000000110001000000010010001100111001011101111011011111111111111111111011101101110111111100110001000100100011011110111111011111111011000101110110101100110001001101101011000000000001000000100111101111111111111110110001000101101011000000000000001000000011000101110111101100110001000100101011001110010111011111110000000000000000001000000000000100000011011110110111011111111
-5223154753378277373,20,join,1110011101111111111101000000000010000000011000000000100000011111111111111111111111101111011111111111011001100000100110110110001000001000001101100111011011111011111011111111111111110110011001101011101101100110001010111011011001110111111111110000000000001000000001100110011011111011011001100000101110110110001000001001101101100010000010001011011001110110111111110110000000001000001100000000000010000001
-1649240759934990754,20,join,1001100000010001100011011000000100011000111111001111110111000001100000010001100000001000000100011000110111001111110111001111111011111101111011111111111111111111110110001001000110001101100011110101100011011000101101011000000000000001000110001101100010011101100011011000100101011000111111001111111111000000000000000001100000000000000000001000110110001111110111001101110011111101111011111110111111111111
-8508371176043033094,20,join,1000011000000000010111010110100000111101111101111111101111011001011000000001110111111111111110111101000001000000000000010000011000000000000111010111111110111101100101101000001111011101011011101011110111010110101000111101110101101111101111011101011010101011110111111111111111111111100101100000001111011000011000000001010110000110000000011101000001100000000001011111111111111011111100000000000000000001
-4846107343096917541,20,join,1111010010101111101001110100101011111010001000000000000000000011010010101111101011111100111111111011001001000010100000001111111011111111101111111111111111111111001001001010111010001111010011101111101000100000001000000000111101001111111110100010000000101000000000100000001011001000001001000010101000000010010010101111100000100000001010001000111111101111111111110010010010101111101011110100111011111011
-5946961919294972523,20,join,1100011001010011011101000110010100110110111011100111001101111111111001111011011111001110010100110111000001100101001101100000001000000000000011111111011110110111111111111111111101110000001001010010011011001110011100110111000000100001000000001110111001111011011111111111011111110111000000100001001000100000001001010011011011111111111111111111000000100001001001100000000000000000001001000110010100110111
-7400605600345961984,20,join,1110001101101100110101000000000000000000011000110000000011011111101111111110110111101011011011001101111111111111111011110100001000000000000001000011000000000101111010111110110011010110001101101100110101100011001001001101111010111111111011010110001100101100110101100011000001001101111010111110111011011111111111111111111101000011000000001101010000100000000001001111101111111110111101000010000000000101
2629391839857836264,20,join,1011101110111100111101110011101111101111001100000000010000110001000000000000000100111011101111001111111111111111111111110011001110111100111100110001101011000011001100001000010000111111101111111110111100110000101011000011001100011011110011110011000010001100001100010000000001000011001100111011111011111111101111111111111100110001101011001011001100011010110011110001000000000000001100000000000000000001
6765968598309642153,20,join,1100000010000000000001000000100000000000111001001010000000011111011110101111111111111111111111111111110001001000000000011110011010101111101111100101101011111011000000001000000000001111011111101111111111000100101000000001111101111111111111111100010010101000000111000100101011000001110001001010111000111110010010101111101111100100101011101011111001111010111111111100010010101100001101000000100000000001
3353631728031706421,20,join,1011101100110011111111111011111111111111001110000000000110010001100000000001100100001000000000000000111111111111111111110011101000000001101100111011000100011111101110111111001111111011101101110011111100111011001100111111001110100001000111111011101111111111111110111011111101111111001110110001001111110000100000000001000100001000000000011001001110100000000111110011100000000001101100001000000000000001
-6861796503881741498,20,join,1001010010010010000111010100101100100001111111001111001100010001010000010010000111011100101100100001000001000000000000001111111111111011110111111101111100111001000101001001001000011101010011110010000100010100001100100001000001000001000000001111110111111011110111111111111111111101000001000000001000001101010011110011000111111100111100111001111111011111001111011111111111111111111100000100000100100001
-6607904289295508239,20,join,1100100010100011000101000000100000110001111111111111111111011101100011110011000101001000101000110001110111001111011100011101111111110111000111011001111101110001000000001000000000001100100011100011000101000000101000110001110010001111001100011101111111111111010111011000111101110001000000001000001000000000000000000001000011011111111111111101110111111111011101011111111111111111111100000000100000010001
-182361346154516220,20,join,1001000100010001010111010001110100010101111110111111010111010001000000000000000011011011111101011101111111111111111111111001001111010101010100010001000100000000100100011101000101011001000101010001010110010001111101010101000100000001000000001111101111111101111110010001110101010101111110111111111111110001000100010001000011010011111101011101000100010001000101001111101111110101111100010001000100010101
2065838341311049067,20,join,1110010010101111111101100000101011001111001000000000110010001111111111111111111111101100101011111111011001001010111111111110111011111111111111101111111111111111001000001000110010001110010011101111111100100000101011001010111011001111111111110000000000001100000000000000000001000000011000001010111111110110000010101101111100000000000011001000001000001000110011100010000010001100101000100000101011001111
4704712971226003971,20,join,1000100000010010001111101010001100110011101010100001001000111111101000110011001100001000000100100001111111111011101100111000101000010010001111101011001100110011111110111011001100111111111111111011001110101010001100110011000000000001000000001111101110111011001111111111111111110111000000000000001000001010101000010011001111111111111111111111111111111111101101110000100000010010001100000000000100100001
6866657025266321311,20,join,1000000000010000010111011101101101001101111111011111111011011001000000010000010110011100001101000101100101000011010001011111111111111110110110011101101101001101100111001011010001011101110111111110110110010000001100000101000000000001000001001001110110111100110110010000001101000101110111011011111011011111111111111111111110011100101101001101000000000000000001001111111111111110111100000000000000000101
6003160351241282860,20,join,1101001110110101111101000011101101011101111100111011010111110001001110110101110111111011101101011111111111111011010111110000001100000000000000000001000000000000000000111001000111011111111111111111111100000011101101011101000000110001000101001111111110111111111100000011100101011101111111111011011111110000001100000001000000000011000100011100000000110000000001000101001110110101111100000011000100011101
7005326084372114239,20,join,1000000000000000000011111101011111110101001000000000000000001011010000000000000010111100011110010000101001000000000000001111111101111111010110111101011111010100111111111111111101111011010001011000000010110100011110010000101101000001100000001000000000001000000010111100011111010000101111010111111101011011010001011001000011111111111111111111101111000111110101001111111101111111011110111101011111010101
6365904266312250195,20,join,1000010000000010001111100100000010100011101001000000001000111111010111111111111111101101111111111111000001000000000000001111111111111111111111100101001010110011111001011111101111111110010101101011011111100100001010110011111001010111101101111010010000001010001111100101111111111111000000000000001000011110010000001011001111100101011010111111111001010010101101110000010000000010001100000000000000000001
-4218733412805143246,20,join,1001101111110111111011011111111101111111111111111111011111110001000000010000000000011000100100000100100111111111011111110001101111110111110000011001101101000100000100001001000000000001100111110101110000011000101100000100000000000001000000001111111111111111111100011000101101000100000110011111011111000001100110110101110000011001101101001100000100001001000001000001101111110111111010011011111101111111
-1364187566737661965,20,join,1000000100000010000011111011110101111110101000110101011111101011101111010111111010101011010101111110111111111111111111111000001100000011111000000001000000000000101010111101011111101000001101000011111011111011111111111111100000110101001111101111101111011111111110000011010101111110000000010000001000000000000100000011001010000001000000111010100000010000001111100000000100000010001011111011110101111111
4794945476156234601,20,join,1010100101101011110011101001011110111101001000000110100101001111111111111011110100101000011010111100111011010111101111011110101111111011110100101001011010111100111010011111101111010000000001000001010000000000011000010100101010010111101111000000000001101001010011111111111111111101001000000110101111000000000000000001000000000000011010011100000000000000000001001111111111111111111110101001011010111101
5507210025721387119,20,join,1110001011101110110101100000110011101001001000000000000000001111101011111110110111101010111111101101111111101111111011010010001011001110100111111111111111101101001000001000000000000010000011000000100001100010111011101101111000101111111011010010000011001000100000100000110011101000001000001100101010001111101011111111110100000000000000001000011000101100111011011111111111111111111100100000110011101001
2633034894144857179,20,join,1111111101101111111101100101011011010101001000010010100100000111010101101101010101111101011011010101000001010000100100000111111101101101111100000001000000000000111111111111111111110010010101101001000000000001001010010000111111110111111111110000000100001001000000100101011011010101011111110110111111110000000100000001000001110101011011011111001001010110100101010111010101101101011100100101011010010001
-3742920042826778821,20,join,1101110110100111111101000001100000001010111111011111111111110101100110000010111101001001100000101111010111011010011111111111111111111111111100000001100000001010000000001000000010001101110111101111111101011001101000101111110111011011011111110101110110101111111101011001101001101111010000011000001010110101100110100111111100000000000000001000010000011000001011110000000010000000101001000001100000001011
-8619611959497796781,20,join,1111101111101111111101100010010011001111001000100000110010100111101111001110111101101011110011101111111111111111111111110000001000001100000000100011010011001111011000111100110011110010001001001100101001111011111011111111111110111111111111110000000000001000000000000000000001000000011000111100111011110110101111001111111100000010000011001000001000100100110011100000001000001100101000100010010011001111
5221212509166345689,20,join,1011001101101010010111111011011110101101001100110110101001010001000000000000000010111011011110100101111111110111111011110000001000000000000000010001000000000000111111111111111111110001000001000000000000010011011010100101101100110111101001010001001101001010010111111011011111101111000100110100001001011111111101111111111110111011011110101101000100000100000001001111101101111010111100010011000000000001
4328407150069415117,20,join,1110111110101110000101000000000000000000011000000000100000001111111111101111111101101110001011000000011001000010100000000110011000101000000001101111001011000000011011111010110000001110111111101110010101100000001010000000111111111111111111110100000000001000000001100110001011000000011011111010111000011110111111101111111111101111111011101101111011111010111001011110111111101110111101101111101011000001
7801758392989138499,20,join,1011100111011101111111111111111111111111001000000000000000000011100000000000010100101000000000000101101111111111111111111011101111111111111100111001000000000101001110011100100011110011100101000000110110111001111111011111001110011101110111110011100101001000110100111001110011001111101110011111111111110011100111001101111100111001000000001101001000000000000001010011100101000000111100000000000000000001
7978501153111541943,20,join,1111101111111110111101000000010000000000011100111101110011000001000000010000000001111011111111101111111111111111111111110101001001011100010001010011010111001100010100111101110011000000000001000000000001110011111111001100000000000001000000000101000001011000000001010000010111000000011100111111111011010111001111111101111001010010010111001100010100000101110001000111001111111100111001110011111111001101
4517333379103594526,20,join,1111111111001111111101011000000011100000011111111100111111110001100000001100000000001000000011000000010111011100111100000101111111001111010101011001000011100000010110001000111000000101100111001110000011111111111111111111111111111101111111110000000000001100000000000000000001000000000000000000011000000101100111001111000001011111110011111101010111011100111101010101111111001111111101011101110011110001
-2413113216241628038,20,join,1100011011011111110101000010110011100101111001101101111111011111011011111111110111111111111111111101000001101100111001010000001011000110010111110111111111111101000000001100000000010000000001000000000011100110111111111101000001101101111011010000001011001110010100000000010001000001000000001100011001010100011011011111110100000110110011101101000000001100010001011111111111111111111100000000010000000001
7131596891387084443,20,join,1000101111110000011111111011111111111111001010111111000001111001101111110100011100001000011000000100111111111111111111110000101001100000011000001011011000000111000010101110000001100000000001000000010000000000001000000100000010111111000001111011101111111101011110001011111101000111101110111111111101111011101111110101011110111011111111111111000000000000000001000000100001100000011000001010011000000111
-1479053503944871628,20,join,1101111111101011010101001100100000100101111111111111111101110001100010000010000100001000000000100001000011001000001001010101111111001011010101011101110010110101000010001000001000010101110011001011010101011111111010110101110111111111111101010001110010001010010111011111111011110101000000000000001000000101110010001011010111111111111111111111000010001000001001011101111111111111011100000000000000100001
5166285903194981719,20,join,1111110111111001011101000000000000000000011101011110100100010101000001000000000001111101111010010011010101000100000000001111111111111011111101010101111000010000010100001110000000000100000001000000000001010000011000000000011111011111100101110101010111101001000111111111111111111111111111011111101111110101010011100001000001111101111010011111011111011110100101110111010111101001001101010101111000010001
2551988728977414829,20,join,1000000000000010000011111000001101111111101010000011001111101011100000110011111010001000001100111100111111010011011111111111111111111111111111111001001101111111111111011111011111111111110101110111111110000000001100111100100000000001001001001111110101111111111110101000001101111110000000000000001000001000000000010011010010000000000100111100100000000000001001001000100000110011111010111000001101111111
641926462513642954,20,join,1001001100000100000011011111000101100101111111110001111101110001001100000100000010011011000101100101100111110001011001010000001000000000000000000011000000000000111111111101111111111111111101011111011111111111111111111111100100110001011001011101111100011111011100000011000001000000100100110000011001001101111100010111011111111111010111111111100100110000010001001101111100010110011110010011000001100101
5649267890442745207,20,join,1111110111111111111101000000000000000000011111011111011110100101110111010101101001001101100101011010010001010000010100001111111111111111111101000001000001010000010001011000010100000100110111010101101001001101111101011010010001011001010110000111110111111111101101000000000001010000010011011111011110100100000000000001000001000101100001011000011111011111111111110100010110010101101001111101111101111011
-3804180979027029744,20,join,1000101111010001010011011111111101111111111111111111011111111001101111010101010000001001100100000100100111111101010111010000101111010001010000000001100000000100000000001000000000000000100111010001010010011111111101011101000000001001000001001111111111111111111110001011110101010100100111111111011111010000100110010001010010011011110101011101000000001000000001001001111111110111111110001011110101010101
-4735400417340605870,20,join,1011001111001111101111111111111111111111001100110000010100000001001100000000000010111111111111111011101101111111111110110000001000000000000000000011000000000000001100111100010110000001001101000101000010110011111111111011001100111101111110110011001111001111101100010011000001000000001100111100011110010001001100000101000000110011010001011000101111111111111111110011001111000111101100110011110001011001
-4340154500220157007,20,join,1111111111111111111101100000010101110110001000000100011101100111111111111111011101101011110111110111011011111111111101110010001101010111011000100001010001110110011000111101011101100000000001000111010001101011111111110111001000000101011101100110001111011111011000000000000001000100000000000000001001000000000000000111010001111111111111111111000000000000000001000000000000000100011001100011110111110111
8382355116672453495,20,join,1111111111000010100101010100010000000000011101010100000010010001010001000000000001111101010000001001000001000100000000000111111111000010100100010101010000000000011111011100001010010000000001000000000011111111111100111011111111111101001010011111111111111111101111111111111101111011011111010100001010011111111111010011100101010101010000001001111111111111111111111111111111010011101101010101010000000001
6825870468334049184,20,join,1100010000000010000001000000000000100000111001010111111000011111010111111110010111111111111111111111010001000000001000001111011111111111111111000101000000100000111001011111111000011100010101001010000111000101001010100000110001010111111000011100010100001010000011000101011011100001000000000000001000001111010111111111010111110101111111111111111001010111111001011111010111111111011111000101000010100001
-3942136648027960274,20,join,1100000100001111110101000001000011111101111001111010111111011101011110101111111111111111111111111111110001010010111111011100011110101111110100000001000010111001110001011010111111011110011111101111111111000001001011111101111101111111111111110000000000001000000000000001000011111001000000000000001000000000000000001011100100000000000010101001000000010000111111011100011110101111111100000000000000100001
-2774822776260795878,20,join,1101011111100111001101000000000000000010111111111110111110110101000000000000001011011111111001111011010101111100001000110101001111000010001101010001010000100010010100011100001000110101000001000010001001010111111000100011111111111111111110111101111111101111101101010111111001110011010100000000001000100101011111100011001111010111111001111011111111111111111111110000000000000000001001010001010000100011
-9147330756447502251,20,join,1010100000000000000111111110101011011111001000000000000000001011100010001000000100101000000000000001101111001000100000011011111010001000000111111111101111011111101010001000100000011111111111111111111110111110101010011101101111101011100111010010100000001000000110111110101011011101111111111011111111111011111010001001110110111110100010001101101111101000100001011011111010101001111100000000000000000001
1664131919886141128,20,join,1111111010111011000001000000000000000000011001000001001000000111010000010010000001111100000110110000010001000000001000000111111000111011000001111111101110111010011111101011101100001111111011111011101001111100001110110000010001000001001000000110010000011010000011111111111111111111010000000000001000000111010000011011000001111110101110111010111111101111101111100111111000111011001011111111111110111111
5134954818791476884,20,join,1011100011111111111111111111111111111111001110000000001000000001000000000010000000001000000000000000101111001111111111111011111111111111111110111101111111111111001110001001001000100011100001010010001000111000111110111110001110000001001000000011100001011010011000111000111111111110000000000000001000000011100011011011111000111000110110101110001110000101001001100011100000010010001000111000111111111111
-864084575036615737,20,join,1000000000000000000011111111111111111111101000010000001000001011111111111111111110101101000000100100101001010000001000001010111111111111111110000001000000000000101011011000101111001010110111111111111110101101101111111111101011011001101111101010110100001011110010101101100111111111100000010000001000001010110100000011010010101101000000111100101001010000001001001010110110001011111010101101100110111111
-7213393056687014573,20,join,1100000101010010110101000000010100001100111010110111001111111111101101110011111111001001010100101101111111111111101111111100101101110010110101000001010100101101111110111111101111110000000001000000000011001001011100101101000000000101000010001111101101111011111111111111111111111111000000000100001010001100101101110011111100000000010000001000000000000101000011001100101101110010111101000000010100101101
7724779989951461332,20,join,1000000100001010000111111111110111110111101101111101101000111001011111011010001110111111110110100011100001010100101000011000011101011010001100000001000010100001100001111101101000111000000101001010000111111111111111111111100000010101101000010000000000001000000010111111110111110111000000000000101000001011111111011011001111111111110111111111101111111101101001111000010101011010001100000000000010100001
-1958410681816892211,20,join,1000000100101000100011111111111111011111101010010111110010101011111101111101111110001001011011001010101011010111110110111010111101111101101100000001001000001000101111111111110111111000000101101000100000000000001000000000100010010111110010100000000100101000100010000001011011001000111111111111111111111010100101111101101000000000001000001000101011110111110111111000000101101100101010101001011111011011
-8048305911956575544,20,join,1111111101101101111101110001000001001000001000000000000000000011000100000100100001111001000001001000011111010000010010000111111100100100100000100001000001001000111111111110111111110111111101101101111101111101001001001000111111111111111111110111111100101100111100100000000001001000111111110110111111110111111100101101111100000000000000001000011111110010010011000111111100100100111101111111001001001101
-3339849008727097322,20,join,1100000001000010000101000000000000000001111011010100001000111111111111111111111111001101010000100011110001000100001000011110111111111110101111000101010000100011111011011110111000110100000001000010000111101101011011100011111011011111111010111110110101001110001111101101010001100011010000000000001000011110111111111111101111101101011011101011111011111111111111110100000001000010001100000000000000000001
-8086020304612095911,20,join,1100011011111111011101000000001001100100111111101111111101111101011011111111011111011110111111110111010001101010111101110100001010100110010111111111111111110111010000001010011001010100011011111111011100000000001001000000010001101011111101110100001010101111011100000000000001000000000000000010011000000100001010100111010111111111111111111111000000000010010001000100001010100111011101000000001001100101
-6429832386334005216,20,join,1010101110110101100101101011101101011001001000000000000110001111101110111111100100101000000000011000111111111011111110010010101100000101100000101001000000011000001010111011010110011111111111111111100100101011001001011000001010110011010110001110101110111101100100101001000001011000111010111011111110010000000000000001000000000000000000001000111111111111111111111111111111111111101100101011000001011001
7098328410964627859,20,join,1111101110110011001001110000001100000000001100000001000000000001000000000000000001111010101100000010111111111111101111110111001000110000000001111011101100000010011100101011000000001111101111110011011000110000001100000000000100000001000000001111101111111011111111111111111111111111011110111011001100100111001010110001001011111011111100111110011110111011001101100111001010110000001011111011111100110111
740162682049565619,20,join,1111111111111111111101101111011101001011001000000001000010000111111101111110111100101000000100001000001011110111010010110010101100010000100000101001000100001000011111111111111111110010101101110100101000101011001100001000000000000001000000000110111101111110111100101011001101001000011011110111011010110111111101111111111100000000000100001000011011110111011011110010101100110100101000101011011101001011
6908765080758817898,20,join,1000010010001011110011000111110111111111111111111111111111111101011111111111111111011111111111111111000001000000000011001000011010011011111110000111100111111111000001001000100111001000011011011111111111000111111111111111100001001001101111100000010000001000110010000110100111111111000001001000101111000000010000001001110000000000000000001000000000000000000011001000010010001011111010000100100110111111
-3208020559458180576,20,join,1111111111111111111101010100111100111101011111111111111111010001000000000000000001011100111100111101000101001000000101010101111111110011110101011101111100111101000100001000000101010001010011000001010100010100111100011101000101001101000111010101111111111111110101011111111101111101000101001111001111010001000000000001010100010100110000011101000100000000000001010111111111111111111100000000000000000001
2728357087571600821,20,join,1111111111011111111101111011110101111111001110100101001110100001000000000000001000011010010100101010011111111101011111110001001001010010101000111011110101111111001110101101001110100001000001000010101011111111111111111111000100000101001010100111111111011111111100111010110101111010000100000000001010100001101001010011101000010000000000001010001110101101011111110000000000000000001000111010110101111011
-4039981186274167723,20,join,1001000000000000010011010000000010000100111101001110111011110001000000000000010011111100111011111111110101000100100001111111111011111111111111111111111111111111110101001100101011111101000001001000011111010100111011101111111111001111111111111001000000001000010011010100110011101111110101000100101011111101010011001111111111010100010010001111000000000000000001001101000000001000011110010000000010000101
-6610007134144277434,20,join,1110111111111100111101101111101111000101001011111001110001011111111111111111111100001110100111000101000001000000000000000000011000001100000000001111100111000101000001101000110001010110111111111100110100101111101111000101000001101001110001010000010000001000000000000100000001000000111011111111111111111110111111111101111100101111101111001101000001100000110001010110111110111100011100000110000011000001
4625952847034806244,20,join,1110110110110110100001101100000001000000001000000000000000001111111111111111111100101100000001000000000001000000000000000110111110110111100000101101000001000000011011011001011010001110111111111111101101101101101101101000011011010001011010000110110110111111100000100100000001000000011011010000011000000110110110110111100001101101000001101000111011111011111111111110111110111111101111101111101111111001
7456151457560546595,20,join,1001111111110111111111111111111101111111101111111111011111110001110110010001110100001000000000000000000011001000000111000001111110010001110100001101100000011100000010001000000110000001111111110011110100011111101100011101000011011001000111011111111111111111111100011111101101011101000111111011001111010000100000000001100000001000000000001000000010001000000111000001111111110111111100001101100000011101
5331694349131204091,20,join,1101001011001001110001010010110010011100111100101100100111000001001010000000000011111111111111111111111101101110101111100000001010000000000011110111111111111111000000001000000000000001001011001000110011110010111010011100111101101111111111100001001010001000000011110110111011111110111100101110101111100001001011001001110000010010100010001000000100101000100011001111001011101001111011110110111111111111
-1531171757233832315,20,join,1110000100000000000101100001000000000001001000010000000000011111001100000000000111111111111111111111111101110100000000011110001100000000000100000001000000000001111101111100000000011111001101000000000111110111111110101001111101110101000000011111011111011010000111110111110111101001111101111101001000011111011111111111100111110111110110101001111101111111111111011111011111111111111100000000000000000001
-4487241858108180043,20,join,1000101000000101000011001010000001010000111110100110111110101101101001000111001000001000000000000000111111111111111111110000101000000000000011111011111011111111111110101110111110101100101001000101001011001010011001010010111110111111111111111101101001101111101000001010000001000000110010100100011100100000101000000101000011011010011001111010111110101110111111111100101000000101001011011010011001111011
-6844932533159454603,20,join,1111111111111011111101000000000000000000011111011011100111110101110110011000100101001000000000000000010011000000000000000111111110111001111101001101000000000000010011011001100010010111111111111001111101011101101110001111010011010001000000000100110100011000000011111111111111111111011111111111101111110101110110111001111101001101000110001000010111011001100011010101110110011000111101001101000110001001
8616154620611686613,20,join,1001011001000010010011010110010000100100111111100110001001000001011001000010010011011110010000100100000001100100001001000000001001000010000011111111011111111111111111111111111111110000000001000000000010010110011000100100111111100111001001001111111001111111111111111110011101100100000000000100001000001111111001110111011011111110011101111111000000100100001001001111111001100010011011111110011101110111
-1944712021125274063,20,join,1011101110100101010111111011111001010101001000000000000000000011001110000101000100101011100001010001111111111111010101010010001000000100000000100011000001000000001000111000010100001011101111100101010100111011101001010101111110111111010101011111111111111111111100100000000001000000111111111111011101110010001000000101000011111111111101111111001100111000010101011111111111110101011100100011100001010001
258223044625786824,20,join,1011111010110100011111111111111101111111001011000001010000110011110010110100011100001000000000000000000011000001010000100011111010110100011110111111101101011111001011001011010000111011111111110111111100101100001101000011000010000001010000101111111111111111111100001000000001000000101111111011011111111011111010110101111110111110101101001111001011001011010001110000000000000000001000001000000101000011
-5236274400082314603,20,join,1110101111101101110101101000011000011101001010000110000111011111101111111111111100001000010000010001111111111111111111110110101001100101110101101011111011011101011010101110010111010000000001000001000100001000011000011101111010111111110111010110100001101001110101101000011001011101111010111110111111110000000000000001000100001000010000011101000010000100000101011110101111101101111100000000000000000001
-5453809851506074866,20,join,1110111001101011111001000100000000100110011011100110101111101111111111101111111001001100010000110110000001000000000000100100111001100011011011101111011010111110111011111110111111100100010001000011011001001100011000110110111111111111111111100100111001101011111011101110011011111110000001000000001001100100010000000011011001001110011000111110000001000000000001100000000000000000001011111111111111111111
1674840589533347853,20,join,1011001110000010110111111111111111111101001100111000001011010001001110000010110110111111111111101101101101111001011011010000001000000000000100000001000000000001000000101000000000011011011111011110110110110111111111101101101100111001011011011011001110001110110110110011100001101101000000111000001011011011111111111111110100000010100000001001000000111000000001011111111111111111111100000000000000000001
6410367234017399827,20,join,1000011001000100100011000111011101001011111111111111011110111101011101110100101111011111111101011011000001100000000000000000001000000000000010000111010101001000110101111111010110110000011001000000100010000111011101001011100001100101010010001111111111111111111100000110010001001000110111111111011110111101011101110101101100000110000000001000110111111111011111111000011101010100101010000111010101001011
4636428060273194602,20,join,1111111111111111111101000000000000000010011111111101110101110101000000000000001001011000000100000010010111110101010101110101101000010000001001011011010100000011010111111101010101110101101001010000001001111111111111011111010000000001000000100101111111011101011101011011010101000011011111111111111111110101101101010101011101111111110111011111010110110101010001110000000000000000001001011010000100000011
-4608422991543976855,20,join,1000100000000010001011011010001000100010111111100010101010101001101000100010001000001000000000000000110111100010101000101000101000100010001011111111001011101111111111101010111011101111111101111110111110001000001000100010111111110011111011111101101000101010001011111110001011101010000010000000001000101111111111111111111111011110001010101010111111100010111011100000100000000000001011111110001011101011
-6476192067082168922,20,join,1011111011001111111111111111111111111111001111100100101000110001111000001010001100001000000000000000000011100000000000000000101000000000000010111111110111111111001111101100111100110000111001001010001110111111111111111111101111101101111111110000111000001000000000111110010011100011000011100000101000110011111001001111001100111110110011111011001111101100111111110000111000000000001000001110000000000011
-2022758390886033620,20,join,1111111111111111111101001111000100000001011111110001000000010101111100010000000100001000000000000000000011110001000000010000101100010000000100001001000100000001011111111001000000010111111111010010000101111111111110100011000010000001000000010111111111011010000101111111111111111111011111111001001000010111111111111011111101111111110110101111011111111101101001110111111111011010001100001000000000000001
-6480818341496993746,20,join,1010100011001011100011111100111010111010001010000100101010000011110011001011100000001000000000000000001011001100101110001111111111111111111111111101111110111011001010001100101010000000100001000000100010111100111010111010111111001111101110110000100001001000100011111101111111111011000010000100101010000010100011001011100000000000000000001000111111011111111111111011110011001011101011111100111010111011
6344816990216101189,20,join,1011101111111111111111111011111111111111001110001100001101000001100011000001010000001000000000000000111111111111111111110011101111111111111100111001111101111111000010001000000101000000100011000001010000111000111000111110001110001111011111110011100011101111111100111000111001111111000110001100001101000000100000000001000000111000110000111110000010000000000101000011100011000011011000111000111000111111
2549841623515571953,20,join,1000000000000000000011110101111101101111101001011111011011111011010111110110111111111101111111101111100001000000000000011111111111111111111110000001000000000001100001011000000000111000010111100000111110000101101000000011100001011111010011111111010111111110111110000101111001001111100001011111011011111111010111111111111110000101101000001011100001011010000011111000010100000000001110000000000000000001
2235584714845053870,20,join,1000000010010000000011000000101100010001111001111011101110111111011110111111101111111111101111111011110001101011000100011100001010110001000111000111101100111011000000001001000000001111111111111111101110000000101100000001000000000001000000001100011110111011101111100111101111111011110001101011001110111000000010110001000111000110101100011001111111111111111111111100011010110001101100000000000000000001
-2281994694988393934,20,join,1001100111110101110111111111111111111101101110111111011111010001100100010001000100001000000000000000101111111111111111010001101111110101110100001001000100000001000010011001000100010001100111010101000100011001111101011101000000000001000000001011101111111111110100011001100101010001100110011111011111010000100100010001000100011001110101011101000110011101010101011111111111111111111100001000000100000001
-1638641796568626223,20,join,1101111111111111011101011111111111110111111111111111111111110001100100000100000100001001000001000001000111010000010000010001111111101111010100000001000000000001000111011010010100010001110111101111000100011101001001010001000111111111111101010001110110101111000100000001000001000001000111011010011100010001110100000101000101011111111111111111000111011010011101010001111111111111011100000000000000000001
4518763629963786717,20,join,1000000000001000000011100010011110100101101000000011101000011111001001111010010111111010011110101101111111110111111111011010001001111010010111111011011111111101111111111111111111111010000001111010000110000000001110000000100000000001100000000000000000001000000011111010011111111101100000000011101000011111101001111011110111100010011110101101101000000111101001011111101101111111111110000000001110000001
-3384892673899171726,20,join,1110110110010000011101001100100100000100011011001001000001001111111110111110111100001000100000000000000011001001000001001110111110110010011101101101100100000111000000001000000000001111111111111110111111101101101100100111000000001001000000001110111110111110111111101111101101100111111011011001001001111111111111111111111111101111101101101111000010001001000001000110110010010000011001101100100100000101
-1779926470307636020,20,join,1000100001001000000011111011011010110111101110000110100000010001100001001000000000001000000000000000111111110111101101111011101001101000010110111011011010000101111111111111101101110000100001001000000000001000011010000000111110110111101101110000100000001000000011111111111111111111101110110110101001111011101101101001011111111111111110111111101110000110100001011011101101101000011100011000010010000001
6618562169288590330,20,join,1001000000001010010111010000000010100101111101000000101001010001000000000000010011111111111011111111000101000000101001011111011111001111111111110101110011111111111101001100111111111111010001001010011111110111111011111111111111111111111111110001000000001010010111110100010011100111000000000000001000001111010001001111111111110100010011101111000000000000000001001111010000001010011100000000000000100001
-5657849177063921691,20,join,1111110000101111000101111100001011110001001111000010110100010001000000000000000000011000001010000001000111000010110100011111111000101111000111111101001011111001111111111111111111111111110101101111100100010000001010000001111111010111111111110001000000001000000100010000001011010001001111000010111100010001000000101001000101111100001011111001011111000010111111011111110101101111111100010000000000000001
-8052999396650637087,20,join,1010100000010000000011111100001101001111001000000000000000001011100000010000010100001000000000000000101111000001010001111111111111111111111111111101011101011111111111011111010111111111110001110100111110111000001101001111001010000001000000001111110111111101111110111000000101000111111111000011011011111111110001110101111110111000000101001111101010000001000001011011100000010000011110101000000100000001
6774189835728806414,20,join,1011111111111111101111111111111111111011001111110110110110110001010000001000100100011110000010011001000001000000100000000001011000001000100100011111001010011001000111111110110110010001111101101101100100011110001010011001001111111111110110110000000000001000000000011110001011011001001111111111111110110001011000001001100100000100000010001000111111111111111111110001111101101101101100000100000010001001
-9069137804526765511,20,join,1110011101100000000001000000010000000000011000110100000000001111011101100000000011111111111011011111010001000100000000000000001000000000000001000011010000000000111101111110000110010000000001000000000001100111011000000000111111111111110111111111011111101001100111110111111011011111111111111111111111111110011101100001000011110111011000011001111101111110100111111111011111101001101111110111011000010001
-8332132463732593355,20,join,1001111111110011000111011111111100111101111111111111001111010001000000000000000000011010000100100000000111100001001000000001001000000010000000011111011100100000000111111111001100000001111001110010000000011110001100100000000100100001001000001111111111111011111111111111111111111111000000000000001000000001111101110011000010011111111100111001100111111111001101011111111111110011111100011111011100110001
1561543580655370618,20,join,1001001111011111101111110111110111111111101101111101111111110001001111001111101111111111111111111111000101111101111110110000001111001111101100000001100010011001000000001000100000000000000111001001100111110111111111111111000100111101111110110000000000001000000000000001110011111011000000001000101110010000000010001001100100000000000000001000000101111101111111110000000111001011101100000000100010000001
-535816758167265845,20,join,1110010000000010011001100100000000100110001000000000001001001111111110100011011011101101101000110110001001000000001001101110111110100011011011100101001000100110111001011010001001101111111111111011011011100100001000100110111111111011101101101111111110101011011011111111111111110110000000000000001000001110010110100011011011111111111111111111000000000000001001000000000000000010011011111111111110110111
6399382183906375328,20,join,1100110011111110101101000000000001001000111111001111111011111101110011111110101101001000000001001001010011001101111010111111111111111111111111011101111111101111010010001000110010010100100011011100101101001100111111101011010010001001110010010100100000001100100100000000000001000000010010001101111010111101110111111111111100000000000001001000110111001111111011110100100010011100101100000000000001000001
-6222492289230810920,20,join,1000011000100010100011110111101111111111101001111010111111111011011110101111111111111111101111111111000001100010001010000000001000000000000010000111001010111001100001111010111110011111111111111111111100000010001000000000101101111011111111111000011000101011100110000111001011111001000000100010001000001000011000100011100100000010001000101000100001111010111111111000011110101111101110000110001000101001
7485337785528660902,20,join,1000010001010000001011010100010100000010111101000111000000100001010001010000001011111100011110100011000001000101000000101111111011111111101111111111111111111111111111001111111110110000000001010000001011010100011100000010000000000001000000001111010001111000001011111100011111111011111101000111101000101111110001111011001111111100011110111011111111101111111111110000000000010000001011110100011110000011
4563978027675400115,20,join,1110100100101111011101101001001001110011001010010000011000111111111101101111011100001000000000000000111011010010111101111110111101101111011100001001000000100010111111111111111111111110110101101111011100101001001001110011111111110111111101110110100100101111001100001001000001100011000010000000001000000010100100000111001111111111011111111111011010010010111101110000100000000010001000001001000000100011
-6362227623436089848,20,join,1010011000100111001111110111011001111111001001100010010100100011011000100111001111111111111111111111000001100000000000100000001000000000000010110111011001111111111101111110111111111010011001100111101100000110001001010010111101111111111111111111011101101111111100000110000001010010001001100010011100100000011000000001001000100110001001111011101101100110011111110000001000000000001000100110001001110011
-8580277346616962308,20,join,1000010000000000010011000100000000000100111011111010111111011111111110111111111111001111001011010101000001000000000001001100011100101001010011000101001010010100110011111010111111011111111111111111111111000100001000000100111011111011111111011100010000101001010011000111001011010100110011110010111101011100010000100001010011001111001011111101000000000000000001001110111110111111111111000111001011010101
-4990574800238985446,20,join,1001001110000000000011111111110111111111101111111101111111110001001110000000000010011111110010111101100101111000000000000000001100000000000000000001000000000000000000001000000000001001011111000000000011111111111111111111100111111101111111111001011111001000100010011111110011111101100101111100101011011001011111001011110110010111110000001000100101111100000011011001111111001111111110010111110000001001
7963177376553897404,20,join,1111011011111101110001100000001011010000001000000000000000000111001001101101100011111111111111011100011101100111110111000110001000101101000011110111111111011100011101101111110111000110000001101101000000100000001011010000011100100111110110000000000000001000000000100000000011010000111111111111111111000010000000001001000001100010011011011000011100100111110111001111111111111101111011111111111111111111
8349237718733063054,20,join,1100000000001000000101000000000000000000111101010101101111111101010001011001101111111101010110111111110001000001100000011111111111111111111111010101010110111111111111011111111111111100010001011000001111110101011110111111110000000001100000010100000000001000000111111101011111111111110101000101101111111100010001011001101111000100010110001011110101000101100111111100010000011000001100000000000000000001
1885537208062257114,20,join,1111111111111111111101111101100010001111001111011000100011010001010110001000100100011101100010001101000001000000000000010111111110101000111100000101100010001001000001001000000010010111111111111111111101111101101010001111011111111011100011110000000000001000100101111111101111011111011111111011111111110111111110111001111100000000000000001001000101011000100011010011110110001000111100000000000000000001
-4960766923713969749,20,join,1010111000101111001011111111111111111111001001000010100000001011111111111111111100101100001010000000000001000010000000000010111000101000000010101111111111111111101011101011111111101010111001111111111000000000001000000000101011100011111111100000000000001000000000101110001011010010001011100010111100100010111000101001001010101110001011111110101011100010111101100010111000101000001010101110001111111111
9184664436441052889,20,join,1111110111010111110001011100110101111100011111011101011111000001100001000010110000001000000000000000000111000101001111001111111111010111110001011101110101111100000111001101001111000000100001000010110011111111111101111100000110000101001011001111111111111111111100011100110101111100000010000000001000000001100001010011110000001000000000101000000010000000001011001111111111110111111111111111111101111101
-202459842396271007,20,join,1001010111011111111011111111111111111111101101011101111111100001000101010011111010011111111111111110000101011101111111101001011111111111111000000001010000101110000100011101111111100000000001000010000010010101111111111110000000010101001011100001000101011011111000010001010111111110000000000000001000000000000101010011111000000000010000101100000000000100001001000000000001000010111010111111111111111111
-699796683973425258,20,join,1001000101000010110011010001010000101101111100110100111111110001000000000000100011111111110111111111111101111101111111111101001101001111111100010001000000001000111100111101111111110001000101000010110011111111111111111111111100110101111111111101000101001111111100010001000001101100000100010000001010001001000101000111110100000000000000001000000100010000001011001101000101000111111110010001010000101101
-7610536705896328827,20,join,1010111111110001001111101111111110010011001000000000000000001111111111111101101100101100100100010001001001000000000100000010111011010001000100101101110100010001001001001000000100000010110011010001000100101111111100010011001001001001000100001010111111111001001111101111111111010011111111111111111111110010000000000001000011101111111111011011111111111111110111110010110111010001001100100100100100010001
-1531869161589408145,20,join,1000010000000000000011000100000001100000111111111111111101111101011110101111001111011111101011110111000001000000000000001100011000000110000111000111101011100011110001101000011000011101111111101111011111000110001001100001110111111111111101111100011010001110000100000100000001000000100001000000001000001100011010101111001111111111111111111111110101111010111101111100011010101110001111000100000001100001
6600074878586010456,20,join,1000000000000000000011000000001000110000111000001010011111001111101111110111111111101010111001111111111111111111111111111110001010100111111111101011111101111111110000001010011100001110001011100111111110000000001000000000111010101111011111111111101111111111111111000000001001110000100000000010001100001000000000100001000011000000101001111000110000001010011111001110000010100111111011100000101001111111
8454417739583593386,20,join,1011001111101111101111110011111011111011001100001100000100010001000011000001000111111011111111111011111111111111111111110011001111101001101100110001111000011011000000001000000000010000000001000000000100110000111000010001111100111111111110110011000111101001101100110001111011011011001100011110111110110000000001000001000100110000111000011011111110111111111111110011000011100001001100000000000000000001
-4914767799331394050,20,join,1010111001000001001111111111110101010011001000000000000000001011111001000001001100001000000000000000001001000000000000000010011000000001001010111111010100010011101111111101000100110010111001000001001010111111111100010011101111100101000100111111111111011101001110111111110101010011111111111111111111110010010000000001001011111111111111011111111111111111110101110010010000000000001000101110010000010011
3651917418333175408,20,join,1100110111110000000101000000000000000000111011011111000000011101111111111000000101001100000000000000000001000000000000001100111111111000000101001101110100000000010000001000000000000100110011000000000001001101111100000001010011001101000000001100110111111000000111111111111111111111111111111111101101111111111111111001011111111111111110111111111111111111100001011111111111111000011101001101110100000001
-4811809812816540717,20,join,1111111101111111111101000000000000000000011100000010000010000101000000100000000001111100001100101110011101000011001011100111111000111010111001111111011111111110111111111111111111110111111001111010111001000000001000000000011100000011001011100111110000111010111001111110011111111110011100000010001011100111111001111011111001010000001000001000011100000010000011100111000000100000101001111111011111111111
4228374077127456788,20,join,1000000000000010000011111111111111111111001000000000001000001011111000100011011010101110001000110100101001100010001101001010001000100010010010111111011000110110101111111110101101101011111001100011011010100000001000100100101111111111101111101011111101101011011010111111111111111111000000000000001000001010001000100011010010111111111010111110101000000000001001001010111000100011011010111111111110111111
-8313955826208764413,20,join,1111100110111111010101111001101111110101001110010000101100000001000000000000000000011001000000000000111111011011111101111111111110111111011100000001000000000000001110011010111101011111111111111111011100111001001010110000001110011011111101010001100100001000000000111001001011110101000110010000001000000001100100001011000011111111111111111111000110010000001001000111100110111111011100111001001010110101
2043311780469821454,20,join,1100110101001111100101000000000001100000111011110111111110011111111111111111111101001101010011111001010001010000111100000100011101001111100101000001000001100000111011111111111110010100010101001111000111001101011011111001110011110111111110010100000100001111000000000000000001000000000000000000011000000100000100000111000001000101010011111001111011111111111111111110111111111111101101000101000011110001
6167244250158144710,20,join,1101110110111111011101000000000011000001111111011011111101110101010110001101000101011101101111110101010001011000110100011101111110111111011101000001100011000001010000001000110000011111111111111111111101010101101111110101010101011001111101010000000000001100000100000000000001000001010101011000111100010100000110001101000101011101101111111111010101011000111101010101110110111111011100000000000000000001
-46674735082250327,20,join,1111111111111111111101001001000011110000011111110111111111110101110101001111101100001001000011110000010011010100111110110101111101001111111100000001000000000000011111111111111111110100100101001111001101011111011011111111010111110111111111110000000100001111000000000000000001100000000000000000001000000000000000000111000001001001010011111011010111010100111111110100100100001111001100001001000011110001
-7752972811070413774,20,join,1111110111111111111101111101111111111111001000000000000100000011000100100001000000111101111111111111001101011010100100001111111111111111111100100001001000010000001000011010000100000011010111111111011100100000001000010000001101011011110101010011000110101001000000110001101011010100001101011011111101010000000000000001000000110101111111111111001100011010100101000011010110111111011100110001101011010101
5958305396373009010,20,join,1111110110110000101001110101100100001010001101011001000010100001000000000000000001111101101100001010000101000000000000101111111111111001111100010101100100000010000101001000000000101111110111110000101000110101101100001010000101000001000000101111110111111000101011111111111111011111111111111111111111111111110111111001111000010100100000001010111111011111100011100001000000000000001011111101111110001111
8621295595410497943,20,join,1011010101111111111111111111111111111111001000000000000000000011010101111111111110111111011111111111001001000000000010111011011101111111111100100101010111111111101101111111111111110010010001000000101100100101011111111111001001000101001011110010010001011111111100100100010101111111001001000100001011110010010001010011111100100000000000001010001001000100000011110010000000000000001000100000000000001011
1496006738956576022,20,join,1011110111001111110111111101111111111101001010010100100011010011100101001000110100001000010010001100001111010100101111011111111111111111111100001001010010001100001111011100101111010000000001001000100010111101111111111101101111011101111111010000000000001000100000111101110011111101001110010100101111010011100101001001110100000000000000001000000000000100100011001111110111111111111100001001010010001101
9198215261132716507,20,join,1100010000011110011101000000000001100001111111111111111111111101011001111110111111011110011111101111010001000001011000111100011001011110111111011111011111101111110111101111111011111100010001011110111111000110011111101111010000000001011000110100010000011110011100000000000001000000000000000000001000001101111111111111111111000100000111101111010001000001011001110000000000000100001000000000000001100001
3225380435473316710,20,join,1011000001100001100111111101011011011011001000000010000000000011000000100000000010111000011000011011101111010110100110111111111101101101101110111001011000011011111111111111111111110011000001100001000100000000001000000000111111110111110110111011100101101001101110111101011011011011111111110111111110110010000000100001000000110000011000011001111111110111111111111011000001100001101100100000001000010001
8039817981227424086,20,join,1000010001000000110011000110010000001110101001100100000011101111111111111101111011101110010010011110000001000100000011001000011001000000110011101111111110011110111011101100100111100000000001000000100011101110011010011110111011100111100111101110011001001001111011101110110011011110111111111111111111111110011001000001111000000000000000001000000000000100000011001000011001000000111011111111111111011111
-4237084238500393990,20,join,1100000011001000000001000000000000000000111101111111111010111101001111111110100111011111111111101011110001111111111010011100001111111110100111000001111010101001000000001100000000000000000001000000000001000000011010000000110000011111111010010100000001001000000011000001111011101001110000001110101000011111111111111111101111000000111010001001111111111111111111111101011111111110101111000000111010000001
-1845837592272212808,20,join,1101110111100100111101001101111001001010111111011110010011110101110111100100111000001101111001001010000001001000000000101111111111100111111100000101111001001010000000001000000000100000010011100100101000000100101001001010111111111111011111111111111111111111111100000000100001000010111111011110011111110101110111100101111000000100100001001010010011011110010011100000000000000000001001011101111001001111
5577143520015367279,20,join,1111111001111111111101010110001001101101011101100010011011110001011000100110100101111110001001111111000001000000000000000000001000000110000011111111111111111111111111101111111111110111111001111111111100000110001001101001011111100011011111110111111000111111111100000000000001000000000000000000001000000111011000100111111100000110000001101000000101100010011011010101011000100110111100000110000001101001
5008111888090679781,20,join,1111111111111111011101000000000000000000011111101111111001110101111011111110011101001110110101100111010001100001001001000100001000000000010001001111111111100111010001101101001001010100011001010010010101001110111111100111010000100001001001000100111011011110011101000110110101100101010000100000001001000111111111111111011111111111111111111111010000000000000001000100011011010110011101000110000100100101
-3836821342567344381,20,join,1000000000000101000011000000000001010000111010100101110110001111111011111111101011001010010111010000111011101101110110101100001000000101000011111111111111111010111010101101110110001100001001001101000011101110111111111010110000100101110100001100000000001101000000000000000001010000111011101101111110100000000000000001000011001010010111011000111111111111111111111110101011011101101011111111111111111011
6485897092545300521,20,join,1011011111111011010111111111111110110111001100111110001001010001000111100010010010111111111110110111000101111110001001010001001111100010010100000001111000100100000000001000000000000000000011100000010000000000101000000000000100111111001001010011001111111011010111111111111111110111000000001110001001000011001111100011010111111111111111111111000000000000000001001011011111111011011100010001111000100101
-278522256613593357,20,join,1001011111100110110111110111111001111111101101111110011011010001011000000000010110111111111001111111000001000000000000000000011000000000010100010111110001101101000101101000000011010001011011000110110100010111111001101101111111111111111111111111111111101111111100010110100001001101000101101000011011011011011111100111110100010110000000001101000001000000000001001011011111100111111100000000000000000001
6297569017352842971,20,join,1011101011010101111011111010110111111111001000000101000100000011100011010001001000101000010100010000111111111111111111110011101011010001001011111011111111111111000000001101000100000000000001000000000011111010111111111111000000000001000000001011101011011101111000111010110101010110101110101101011111110000000001010001000000111010110101011110001110101101000101100010100001010001001010111010110101011111
-8713595419853944696,20,join,1000000100000000000011111111111111111011101000110001000000001011111110010100101110101111100101001001101001111001010000011000001100000000000000000001000000000000101000111001010000011011111111111100101110111111101101001011100000110001000000001011111110111100101110100011000101000000101111111111111110111011111111111101101110100111100101001001111111111111111111111010111110010100101110100011000101000001
-2223865209884189350,20,join,1000110011110010001011001100111100110010111011001111001100101111111011110111001000001000000000000000000011000111000000101110111011110011001011111111111101110010000011001111001000100000100001100000000000001000001000000000000010000111000000101111111111111111011111101110111101110010000010000110001000001000110011110011001011111111111111111111111111111111011101100000100000100000001011111111111101110111
-350631715421478147,20,join,1000100010100000100011001000101000001010111111111111111111111101100110100011101000001000000000000000110111011111111111111101111111111111111111001001101000101010000010001010000000001101100111110011111000000000001000000000110110011011001110101101100111111011111111011001111111111111110010001010001010101100100010100001101000001000101000001000110110011011001111101000100010100000101011011001111100111111
612626837484375662,20,join,1101111101010111101101011000010100111011111111111111011111110001000000010001100000011000010100111011010111010101001110110101111101010011101101011001010100111011110111111111011111110001000001010001100011011111011101111111000000000001000000001111111111111111111101011111010101111011000100000101001110110000000000000001100000000000000000001000010111110101011111110001000001010001101100010000010100011001
4152403249178748897,20,join,1000100000000100000111001000000011101111111111111111111111111101100111111111111100001000000000000000110111011111111111111101111111111111111111001001011011101111110010001110111011111100100001101110111111001000001011101111110010011111111011111000100000001110110100001000000001000000000000000000001000001100100111111111111110001000000001101101100010000000011001011000100000001110111100001000000001000001
-7462240178990794404,20,join,1010010000001000001111101110111011000111001000000000000000001111111111111111011110101110111011000111001001000000100000001010011011101000011111101111111011110111101001001000100000111010010011001000001110100100111010000011111011111111111101110010000000001000000010100110111011000111111011101110111101111110111011101101011111111111111111111111101001001110100001110010010000001000001100100100000010000001
6019012155803337910,20,join,1100001001100110001001000010001001100000111111111111111111111101001001100110001111011011011101100111110111111111111111110000001000000110000011010011011101100111110110111111011001110100001001100110000000000010001001100000110100100111011000111101101111111111111100000000000001000000000000000000011000001101101101110111111111011011011101101111110100100111011001110100001001100110001001000010011001100011
-2776710754789296553,20,join,1101110101110011011101000000000000000000111111010111011101110101100001000000011100001000000000000111010111000100000001111101111101110111011101011101010100010111111111111111011101110000100001000000011101011101011100110111010111000101000101111111111111111111011111011101011101110111010111000101001101110101110001000001011111111111111111111111000000000000000001110000000000000000001000000000000000000011
-1465072784651940419,20,join,1010100010010101100011111010111111111110001000001001000110001011101011011111111000001000100100011000111111111111111111111010101010010111111011111011111111111110000000001001000110001010100011010101111010111010111111111110000000000001000110001010101010011111111000100000100101011000101010001001011111100000000000000001100000000000000000001000101010001001010111001010100010010101111011111011111111111111
-3564203196379184979,20,join,1011000100010011111111111111111111111111001100000001001100010001000000000000000110111101100111111111101101010001001111111011011110011111111100010001000100110011101101011001001111111011111111111111111110111101101111111111000100000001000000011011010110011011111110110101100111111111000100000001001000010001000000010011000100110001000100111011001100010001001111110001000000010000001100000000000000000001
-1220713468519779795,20,join,1100000100100000110101000001001000001101111110111111111111111101000101100000110111011001011101111111111111111111111111111101001101110111111100000001000000000001110110111111011111111100000101100000110100000001001000001101110100010111000011011101101111111111111111010001011101101111110100010111001011011101000101110111111100000001000000001001000000010000000011011101000101110010111100000000000000000001
-1945944759073238421,20,join,1001011111111011011111011111111110110111111111111111111101110001011111101011011100011111111110110111000001111110101101100000001100100011011000000001000000000000000000111110001101100000001101100011011000000001001000110110000101111111101101110000001111101011011010010111111111110111000000000000001000000000000100000011000011111111111111111111000000010000001101000000000100000011011000000011111010110111
6223234635574677460,20,join,1110010111000000001001000000000000000000011000001000000000101111010111100000001111111111111111111111011001001000000000101111011111111111111101100101100000000010010000001000000000100110010111000000001011100101111000000010111101011111001100111111010111101011001111110101111111111011111101011110001100111111010111100001001111110101111110111011111101011111111111110100000000000000001011100101111000000011
5653535778755523692,20,join,1010000010101110111011101100101011101110001000001010011011101111110011111110111010101100101011101110101001001010111011101111111111111110111111111101111111101110000000001000010010101110110011101110111000000000101001001010111011001111111011100010000010101110111000000000000001000000000000001010011011101111111111111111111100000000000000001000000000001010010011100000000000000100101011111101111111101111
-6563430174262661942,20,join,1110111111111111111101101111111111011111001010011000000010111111111111111111111100001001000000001010001011111011010111110010101110010000101100000001000000000000000010011000000010110010111111111101111100101011101100011111000010011001000010110010111110111101111100101011101101011111011011111111111111110010101110010001101100000001000000001000001010111001000111110000000100000000101000001001000000001011
508689608768426286,20,join,1001100100001111101011011101111111111111111111111111111111110001100100000110101000001001000001101010100111010000111110101001111111111111111100000001000000000000100111011111111110101001110101001111101010011101011011111010100111010111111110100001100100001111101000000001000001000010000000010000011000100001100100000111101000000001000001101010100111011111111111110000000100000000001010011101111111111011
1813299269576946063,20,join,1110100100100001000101100001001000000000001000000000000000001111110110110001110101101001001000010001111011011010000111011111111110110001110100100001001000000000111010011010000111011111111111111111111100100000001000000000111011011011000111011111111110111111110111111111101101111101111111111011001111010110000100100001000111101001001000011001011010010010000101011111111110111111111101100001001000000001
-8073925954468968478,20,join,1111111111111110111101000001011001000101011101111111011011110101000111110110110101011111111101101101010101011111011011010101011111110110110100000001000000000000010000011110010011010000000101100000000000000001001000000000010000011111011011010111011111111110111100000001011001000101010000011110011011011111111111111111111101000001011001001101000000010110000001000101011111110110111100000001011000000101
-3284355701874553286,20,join,1111011111110111111101010001001000000010011101111111011111110001000100000000001011111111111101111111010101011011010010100101011111110111111100000001000000000000010100011010010010100101010111110110111100000001001000000010010100011011010010101111111111111111111101010001001001000010010100011011011010100101010111110111111101010001001001001010010101011011011011110000000100000000001001010001101101001011
2880781498757284936,20,join,1110101101100111111101001001000001011010011010010000010110101111111111111111111100001001000000001000111011110110011111110110101101100111111100000001000000001000111011111111111111110110100101100101101001101001001001011010111011110111011111111110111101101111111100001001000001011010011010010110011111100000100100000001101000000000000000001000011010010110010111100000000000000000001001101001011001111111
-485565867471023258,20,join,1001000100000000000011110001000001100101101100010000000001010001000100000000000011111111111111110111101101010000011001011111011100000111010100000001000000000000111101111110111101111011000101000110010111110111011011110111111101111111111101111011010100001110010110110001000001100101101100010000001001011111010100000111010111111111111111111111100100010000000001011111011100001111011110010001000000000001
-4107486000684015841,20,join,1111010111111110111001000101011111101110011001011111111011100111010111111110111011111101111111101110000001000110011000001111111111111110111100000101011111100100010001011111111011100000000001000110000000000000011001100000000001000111111000000000010001101110000000000000000001000000000000000000011000001111111111111111111100000101011111101110000001000111111001000000010001111110011011111101111111101111
1385368442402967850,20,join,1011101000001000000011111111111111101010001110100000100000000001001000000000000000001010000000000000101111100000111000100000001000000000000010111111101111100010101111101010111000101011111111111110101010111010001011100010101111101011111000100000101000001000000010111010000011000000101110100000111000101111111111111111111010111111101111101010111111111111111011101011101000001100001011111111111111111111
6004070884964661214,20,join,1100011101011101100101000000010000001000011001110101110110111111011101111101101111111111111111111111010001000100110110000100011101011101100001000101010011011000111101111111111111110000000001000000000001100111011111011011010001010101110110000100000001001101100001000000010001001000111101110111111111110100000001000101100000000000010000001000111101110111110111110100011101011101101001000111010111011001
6857822493882730318,20,join,1010000100100000011011111111111111111111001000000000000001101011101111110111011110101001001001000110101111111111011101111010101100100101011100100001000000000110101010111111011101111010101101110111011100100001001000000110101010110011011101111011111111111111111110100001001001000110101010110010011101111010100100100101011010111111111101111111000000000000000001000000000000000000011010101001001001010111
-8812268250931512972,20,join,1111111111111111111101000000000000000000011101001010010011010101010010000100110101111111101111001111010001001000010011010111011110100100110101110101101001001101010000001000010011010111111111111111111101010100101001001101011101001011010011010111011110111100111101000000000001001101011111111011111011110111111110111111111101000000000000001101010000000000000001010111011110100100111101000000000000000001
-496392125099674404,20,join,1001101010000110110011111010110001101100101110101100011011000001100000000010100000001000000000000000111111111100011111100001101000000010100010111011110001101100000110101000001010001001101011000110110011111111111001111110111111111111011111111111111111111111111100011010100001101000000010000000001010001011101011000111110000001000000000001000000110101000011011001111101011000111111011111111111001111111
-5074321022657247878,20,join,1111111111111111111101111010111111111001001000000000010010000011101001111111100100101010011111011000001111101111111110010010001001111101100001111111111111111101001110101111111110010010000001100101100000100000001001001000001000000111110110000010000000101101100000000000000001000000001010100111111110000010000000100101100000000000000000001000011110101111111111010111111111111111111100101010011111111001
-4614523341468285228,20,join,1111110110101111111101000000000000000000011001001000011001010111010010000110010101111100101011100111010001000000001000011111111111101111111101111101101011111111010001001000011001011111110111101111111101110100101011100111111111111111111111110111010010001110010101000100000001100001000000000000001000000111110010101111111101111100101011101111010001000000001001010111010010001110011100000000000000100001
-1314333305234475087,20,join,1111111100100110011101111111001000100111001111110010000001110001111100100000011100001000000000000000000011110010000001010000101000000000000000001011000000000000111111111011111011111111111111111110111100001011001000000101011111110011011001110111111100111110011101111111001001100111001111110010001001111111111111111111111111111111001111101111000010110000000001000000111100100000011100001011000000000101
3921582035696042925,20,join,1001001100000000110111010011000000101101111100110100001011010001001000000000000011111111110001111111111101110100011111110000001000000000000000010011000000001001111101111100011111111001001101000000110111111111111111111111111111111101111111111111111111001111111111110011010001101111100100110000001011011111001101000011110100000010000000001000000100100000000001011111001101000010111100010010000000000001
-8667969280151684470,20,join,1010111011111111101111101111111111111111001000100111000100011111111111111111111100101110111101111001001001101111000100010000001000010001000010101111111111111111001000101111000100010000001001010001000000000010011100010001000000000001000100000010111011111111101100100110111101010001001001101111011110010000000000000001000000100110111101011001101011101111111111110010111011110111101100000010010100010001
6544844326850921516,20,join,1100000000000011000101000000000000010000111011110111011101011111111101110111010111001111011101110101110001010000011101011100011100100111010111000001000001110001111111111111111101011100011101100111010111000101001001110101110001110111011101011110111101111111010111000000000001110001000000000000001100000000000000000001000011111111111111111101110000000000011101011111111111111111111101000000000000110001
6661247868166811281,20,join,1110010010110101001101100000001101000000001000000000000000001111111111111111111111101100101111010011011001001011010100001110111010111101001111101111111111010011011000001011010100001110111011111101001100100000001101000000001000000001010000001110010010111101001100100000000001000000111011111111111111110110000000110101000011101111111111011011111011111111110111110110010010110101001001100100101101010011
-6667839949743988117,20,join,1100000010000100110001000000000000000000111000011100010111001111111111111111111111101001110001111100111011111101111111101110101111011111111011000001100001001100010000001000000011001100000111000100110011101111111111111111111010011101111111001110100111001111110001000000100001001100111000011100011111001100000111000101110001000000000000001100010000000000000001001110100111011111111011101111110111111111
3635990290983460445,20,join,1011100000100000010111111101111111111101001110000010000000010001000000100000000100011000001000000001101111010110101101011111111111111111111110111001011000000101101111011110101111010011100001100000010100000000001000000001101111010111101111011011100101101011010110111101111111111101101110010110001101011011100101100001010110111101011010111101001110000010000001011111110111111111111100000000000000000001
-6947262438247015122,20,join,1111011101000101011001000010000000010000011101110000010100100101001000000001000011111111111111010111010101100000010100100000001000000000000001010011000001010010111101111110010101110111011101000101011011110111011001010111111101110111010101111111011111101101011101010010000001010010111111111111111111110000001000000001000011111111111111011111011101110000010101100100001000000001001011110111010001010111
-1624598316106609337,20,join,1010000011001000000011111111110111111111001000000000000000001011111011001011110110101010110010001101101011101100100011011010001011001000100110111111110110111101001000001100100000000000000001000000000011111111111111111111101111101101101111010010000001001000000010111111110111111101101011101100101111011010111011001001110110100000110010001000101000001100100001011011111111011111111110100000110010000001
1484507319640915969,20,join,1111111101001111111001000100000001000000011001000000110100000111010000001101001001111100000011010010000001000000010000000111111101001111101001111101010011111010111111111111111111110111110001001101101011111111011011111110111111110111111111100100010000001101000000000000000001000000011111000100111110100100010000000101000001111100000011011010011111110100111111100110010000001101001011111111011111111111
8265885510179693549,20,join,1001101011110110010111011010111101100101111110101111011001010001000000000000000000011000000000000001000111101101011001010001101011010110010111111111111101100101000110001001011001010001100011010110010100011010111101100101000100000001001001011111111111111111110100011000000101100101000100000000001000011111111111110111010111111111111101111101000100000000001001011111111111111111111100010000000000000001
1599061930014520315,20,join,1010000011010000000011101000110100000100001000001101000000001111100011110010110010101000110100000100111111001111001011011111111111111111111111111101111100101101000000001001000000000000000011010000000011101000111100101100000000000001000000001111110111111010110111111101111111111111111010001101001011001111110111111011110111101000110100001100101000001101000001001111110111111011111111111000111100101101
-7017559472329223361,20,join,1010000100001001001111111001001111011111001000010000100100111011000100101001001110111001001010010111111111111111111111111111101110111101111100000001000000010011111110011011110111111111101111111111111110100001001010010011101110010011110101110000000100001001001110111001001011010111111110111011111111110000000000000001000010111001001111011111001000010000100101110000000000000000001000000000000000010011
3879672099183977499,20,join,1010001001000000000011111111111111111111001000000000000000001011011011000000010010111110110000000100101001100100000000000010001001000000000010111111110010011100101000101100000000000010000001000000000010111111111111111111101111111101110111001011111011001000010010111111110011011100101111111101111111111011111011001001110010111110110010001100101000101100000001001011111111011101111110111111110111011101
7836828399320810126,20,join,1100001000000000000001000010000000000000011000100000000000001111011000000100000011111111001101111110111001100000010000000000001000000000000011110111001001000000111111111011111111111111111111111111111111110110001001000000111101110011011110101111111100111111111111100010000001000000111101110010011110101111011100100101001011110111001001011010111101110011011111101111011100100100001011110111001101111011
-7724454390370446104,20,join,1111111111011111111101101001100110101100001000000000000000000111111111011111111100101001100110101100011011011001111011000110111111011111111100100001100100101100001000001000000010000110110111011111110011111111111111111111001000001001000010000010000110011010110001101001100111101100001000001001001011000110110110011111110000100000000000001000001000001001000011000110110111011111111001101101110111111111
3917676276446331130,20,join,1001000000010000001111111111001111111111101100000001001001110001000000000000000010111000000100100111101111110011111111111011101100111111111110111001001110111111111111111111111111111111111101111111111110110000001100100111000100000001000000011011100000111010011110111001001111111111100100000001001000111011100000111011111110111000001110101111100100000001001001110001000000010000001100000000000000000001
1814438968798866954,20,join,1101111101111111111001000010000101100000111111111111111111110101101100011111111001001011000111101010010111110101111111100000001000000000000001000011000111101000110111111111111111110101101101011111111001011111011111111110000000100001000000000100001000011110100000000010000101000000000000100001011000000100001100011111111001000010000101101000010000110001111011100100001100011110101011011111011111111111
-1642696191529348928,20,join,1011000000100000011011110000111000010111001000000000000000000001000000000000010011111000111100011111111111001111000111111111111111111011111111111101111100011111101100001010000101101011000011100001011100100000001000000000111100001111000111111111110111111001111111111111111111111111111111011111101111111011000000100001011011110000111000011111000000000000000001000011000000000000011010110000101000010111
-3525315527387857210,20,join,1000000100100000000011000101101010000000111011111111111110001111111111111111111111001101111010101000100001011010100000001100111111111111100000000001000000000000100000011010100000001100010111101010000000000001001000000000110011011111111010001000000100101000000011000101111011101000110001011010101000001100110111111111100011000101111010101000111011111111111111111110111111111111101111101111111111111001
-4205891489858392923,20,join,1111111111111111111101111111111111111111001111111011111111110001111110110101111100001011000101011100000011110001010111000000001000000000000000000011000100011000000011111001010111000011111111111111111100001111101101011111000000100001000110000001111110111111111100000011000101011000000111111011011111110000000000000001000000000010000000011000000000110001010111000000111110010101111100001111100101011101
5770954921630722027,20,join,1010100110111001101111111001101110011111001010001001000000011011100110111001101100001000100100000001111111111111100111111111101111111001111100001001100100000001000000001001000000001111100111111001111100101001101110001001000000000001000000000000000010011000000011111111111111111111111111111111101111110010100110111001100100001001100100001001101110011011100111110010100110111001101100000000100100000001
5151732366845612697,20,join,1111111111111111111101000011001111011000011100111111110110110101001101111101100001111111111111011111011101111111110111110000001000000000000000000011001000010000010100111111110110110100001101111101100000000000001000000000000000110011100110000000001100101001000000000011001111011000011111111111111111110000001000100001000000000011001010011000011100111111110111110101001101111101101001010011011111011011
4281650095498631552,20,join,1000000000000000000011011101100010100001111111011010101001010001000000000000000010011100100010100001100101001000100000011111111111101111111110011101100010100001100100001000000000011111110111101010110111011101101010100101111111111111111111110001000000001000000011111101111011101111100101001000101000011111110111101011111111111101101010101101110111011000101001011111110111101010111110000000000000000001
7457954753422177866,20,join,1111111111001110111101000111100011100100011111111000111001110101011110001110010001011111100011100100000001000000000000000000011100000000000000000101000000000000000001011000100000000101111111001110011111111111111011101111111111111111111111110000010100001000000000000111100011100000000001111000101000001111111111101111111101111111100011101111000001111000111001000101111110001110011001011111100011100111
-8350844000389841496,20,join,1000010100001010000011111111011111111110101001110010101000001011111100101111111010101111001010100000000001000000000000001000011100101010000000000101000000100000111111111111111111111011111101101111111010000101001010100000101111110111111111100000010100001010000010101111001011100000000000000000001000001010111100101111100010101111001011101000101011110010111001001010111100101111101011111111011111111111
-5092090769697707092,20,join,1000100011000010010011111110111111111111101010001111111011001011111011111111111100001000110000100100101011001111111011001010101011111110110011111111111111111111000000001000000000000000000001000000010010001000111111101100100010001101111011000000000001001000010010001000110011101100000000001100001001001010111011111111111110001000110000101100000000000000000001001010111011111110111110101010111111101101
-2690567450279935025,20,join,1110111111111111111101100001010100101001001000000101000010001111111111111111111101101001010110101101011001110101101011010110001101011010110100100001010100101001011011111111111111110000000001000000000001101111011111111111000000000101000010000110000101011010100101101111010111111111001000000101001010000110111101011011111100000000010000001000011000010101101011010110101101011010111100100000010100101001
-4046468225979835950,20,join,1111101101100100110001100010010000000000001000100000000000000111101001000100110001101010010000001100111111111111111011010000001000000000000001100011010000001100111110111110010011000010001001000000000001111011011001001100111110111111010011001111101111111110110001100010010001001100111110111111011011001111111111111111111101100010010000001100011000100100000001001111111111111110111111111011111101101101
1296784578162700969,20,join,1100100010001110111001001000100011101100111110101110111111111101101011001111111000001000100011101000111111111110111111111100101010001111111011111011111011111111000000001000000000001100101011001111111011011010111011111111111111111111111111110000000010001110100000000000100001100000000000001000001000000100100010001111111000000000100001101000000000001000111011000100100010001110111011011010110011111111
8161643793869297922,20,join,1000000010100000000011110001111101000010101000001010000000001011000111100100001011111101111111101111111101011111010001111111111111111111111110100001111001000000000000001000000000001010000011100000000000000000001000000000101100011111010000101111010111111100011110100000111001000000111101011111111001111111010111111111111111110101111111101111111100011111010001101010000011100100001011110001111101000111
-5887929993242283299,20,join,1111011010110111100001110110001101111000001000000000000000000011000000000001000011111111111111111110001101000010011110000011011000110111100011110111101101111110011101101011011110001111011111110111111000110000001001111000001101000011011110001111011111111111111000110000000001111000001000000000001100000010000000000001000000100000000000111000111101101011011111101111011010110111101011111111111111111111
114347423776258118,20,join,1001000001000000001001010000010000000010111110000100100000100001000000000000001011011000010010000010111111000100100000101111111001001001101011111111010011011010111111111111111111110001000001000000001011111111011011011010111111110111110110101101000001001000001011111100010011001010111111110111111110101111110001001001101011111100010010001010111111110111111111100000000000000000001011111111011111111111
-4248598676467632558,20,join,1111111011111111110101000100100000011101011111101111010111010101111011110101110101001110110000011101000001000000000110000100011011000001110111111111111111111101000001001000000110010100010011000001110101001110111101011101010011101101010111010111111011111111110101001110110001011101010011101111011111010000000000000001100000000000000000001000000001001000000111011111111111111111111100000100000000011001
-1704117307744296519,20,join,1000000001010111011011000001010101111110111101110101011111111001000101010111111011111111111111111111110101110101011111111101001101010111111110000001010101111110111101111111011111110000000001000100010011110111011101111111000000000001010001001111011101111111111100000000000001000100000000000101011001100000000001010111011010000000010101111110000000000000000001000000000000000100011011010001010101111111
7631568169091566094,20,join,1001011010111101101111111111101111111111101101111011110110110001000010000101000010111111101111111011000101001010110110100001011010111101101110010111101111011011000000001000000100001111111111111111111100010000101001010010000100001011110110110001000010101101101000000000100001010000101101111011111110110000000000000001000000010000101001011010101111111011111111110001000010000101001000010000101011011011
4385628903009803059,20,join,1011011110001010000011110111101110100001001101011000101000000001010100001010000011111111111111100001000001000000000000000011011110001010000000000101000010100000000101011000101000001111011111111010000110110111101110100001101101111001101000010000010000001010000010110111101111100001000001000000001000001111111111111111111111111111111111101111111111111111111001111111111111111110001100110111100010100001
1445183710499562608,20,join,1110110011010111111001000000000001000000011011001100010111101111111111111111111100001000000001000000010011001100010111101110111111111111111011101101110111111110000000001000000000000100100011000101111011101100111111111110011011001101010111101110110011011111111000000000000001000000011011001101011111100100000000000101000001001000100001011110010010001000010101000100100010000101011011101111111111111111
-3823098854789429287,20,join,1001000011101110101111011011111011111111111111111111111111110001000011100100101010011011111011111111110111111111111111110001001111101110101100010001111011101011000000001110000010000000000001100000100000000000001000001000110110111111111111110001000011101110101100000000011001001000000100001110011010101001001111101111111100000000000000001000100100111110111011110000000011100100101000010000111001101011
7501367849855557509,20,join,1111101110001110110101001000000000000000011110111000010011010101100000000100000000001000000000000000011111111100111011010101101110000100110001011001000001000100010110001000010011000111101111001110110111111111111111111101011111111101111011010111101110001110110101001000000001000000010110111000011011011111111111011111110101011000000001001100010110000000010001001111111111111111111101011011100001001101
-6867733959327988308,20,join,1111111101101111111101010100010011000011011101000100110000110001010001001100001001111100010011000111000001000000000000000111111001001111111101111111010011111111111111111110111111110000010001000000000001111111011011111111111111111111111111110000010001001100001000000100010001000000011111000100111111110111110001001101111101111100010011001111011101000100110001110000010001000100001000010100010011000011
-7234142761034797052,20,join,1110100100000000111101001001000000001111011010010000000011111111111111111110111100001001000000001101111011111011000011111110101100000000111100000001000000000000111010011000000011111110111111110000111111101001101000001111111010111011000011111110111111111000111111101111111111001111111011111111101011111111111111111111111100000001000000001101000000000000000001000000100100000000111100000001000000000101
-8284267429051695632,20,join,1100001010100100001001000010101001000010111000111010110000111111111111111111011111101011101011110111111011111110111101110000001000000100000011000011101011000010000000101000010000001110101111101111011100000010101001000010111010111111111101111100001010101100001000000000000001000000111000111010111000111110001110101111001111111111111111111111111000111010111101110000001010000100001011000011101011000011
-3010513528222355765,20,join,1101101110001000001101011010100000000011111110111011100010110001000000000000000000011010000000000001111111111011100111110001001000000000000001011011100010000011000110101000000000111111111111111011111111011011101110001011110110111001100010110101101010001000001111111111111111111111111111111011101111111111101110111001111101011011100010001011111110111011100011110001101000000000001100010010000000000001
2790095701400131889,20,join,1000011110000000111011111111111111111111101001111000000011101011011110011000111010111111111111111111000001000000000000000000011110000000111000000101100000001110000001001000000010001011011111011001111110110111111111111111100001111001000011101010011110011000111010110111110111011111101101111101111111111011011110011001111100000100000000001000000001001000000011100000010000000000101010110111100110001111
-4589324849829473592,20,join,1001001000000000110011110010111001011110101100100000000011000001001000000000010011111110111001011110101101101110010111100000001000000000000011111111111011111110101100101110010111001001001001000100110010110010011001011100111111111111111111111111111011101111111010010010000001001100111111101110011111101011001001000101110000010010000000001100000000000000000001001011001011100101111011111111111011111111
1517742546283649894,20,join,1000000000000000000011000010110100000001111110111111001111111101101111010010000111001010110100000001111111111111101111110000001000000000000011001011110100000001100000101101000000011000001001000000000011011011111100101101100000100101000000001111101111111011111111111111111111111111110010111101001000011101101111110011110111011011110100101001110110111101001011011101101111010010111110000010010100000001
5711223539118603172,20,join,1011011101001001111011110111111010011110001101110100100111100001011101001001111011111111111110011110000001110000100001100000001100001000000000000001000010000000101101111110100111100000001101001000011010110111011010011110111101111111100111100000000000001000000011110111111011011110111111111111111111100000001101001001011000000111010010011110000000110000100001000000001100001000011011111111111111111111
8033294395621957803,20,join,1001100011010101000011011000110101010000111110011101110101010001100001010100000000001000000100000000111111111111110101111111101111011101011111011001110111010101000010001101010000000000100001010000000011111011111111010111000000000001000000001101100011011101010100001000010101000000111111111111111111110000100011010101000011111111111111011111110110001101010101001111100111011101011111011000110101010101
-9016496530054212581,20,join,1000001000100000000111001011001111110101111110110111111111111001101100111111010110001010001011110101111111111111111111110000001000100000000010001011001111110101111110111111111111111101101101111111011100000000001000000000100010100011111101011000001000101111010110000010001001100001100000100010001000011000001000100111000111011011011111111111100000100010011101011000101100111111011100000010001000000001
-6965978152110689238,20,join,1000000000000001000011110110111111111111101100101111111111111001001000100101001111111110111111111111101101101111111111110000001000000000000011111111111111111111100100101010011111111001001011100111111110000010001000010001100100101111111111111001001011101111111110000010001001010001100100100010011111110000000000000001000010010010001001011111100100100010010101111000001000100101001110000010000000010001
-1197472161554039305,20,join,1110100111001011101001001001110010111010001010011100101110101111110111001011101000001000000010000010111011011100101110101111111111011011111000001001110010111010000010001000101010100000100011001010101011111111111110111110111111011101101111100000000000001000000011111111111111111111000010000000101000100000100011001011101000001000000010101010111111011100101111100000000000000000001011111111111110111111
845517488613664082,20,join,1000000000000000000011011101111011001100111111111110110111111001110111101100100010001100111001001000100001001000010010001101111111101101111110000101111001001000100000001000010010001000010011000100100010000100111001001000111111111111111111111000110111101100100010000000000001001000111111111110111111111101110111101101111100000000000000001000100111011110110011001101110111101100111111011101111011001101
-651664464064127213,20,join,1111111100100111011101001111000001100011011111110000011001110101111100000110011100001101000001000011000001000000000000000000111100000110001100000101000001000011111111111010011111111111111111101111111101011111001001100111111111111111111111111111111110101111111100000100000001000011000011010000011000110111111100100111011111111111001001111111010011110000011001110000010000000000001100000100000000000001
-773587419030262675,20,join,1111101101111111111101111011001111111111001100110010110001000001001000100000000000111011001111010111111111110111111111110000001000100000000000010011001010000100111111111111111111110111101101111111111100000000001000000000001100110011110001000001001000101000010000010011001011000100001110110011111101110011001100111101010000111011001111111111000100100010000001000011001100111101011000110011001111010111
5534336834573471723,20,join,1010011000010100101011111111111111111010001000000000000000001011011000010100101010111110100101101010001001100001010010100010001000000100001010111111110111101010101101101001010010101011011011010110101010111111111111101010001000100001010000101011111011011110101000100000000001000000101101101001011010101011111111011111101000100010000101001010111111111111111111100010000000000100001011111111111111111111
6444210191781580851,20,join,1011111011111111111011111111111111111111001000000000010100000011000000000101000000111000001001010000001111000010010100000011111011101111011010111111111111111110001111001010010100100011110011100101001000110000001001010000001111101111111101100011110011101101001000000000000001000000001111001010011100100000000000000101000000111110111111111110001111001110110101100011000000100101001010111111111111111111
3983774798650134840,20,join,1000101001010110110111111111111111111111101111111111111111111001101001110110111100001010010100101101100111110111011111110000001000000000000010011011011101111111100111111111011111110000001001010010100010001010011101101111000000000001000000001001111111111111111100001010010101101101000000000001001000001001101001110111111100000010000100101000000000100101001011001000101001010110111100000010010100101101
4604577789387700218,20,join,1111101111111110111101001000000100001111011110010101100011110101100101011000111100001000000000000000111111111111111111110111101111111110111101001001010100001111011110011111110011110100100001010000111101001000011100001111000010000001000000000100100101011000111101111001011111001111011110011111111011111111101111111111111100001000000100001001000010000001000011110000100000010000101100001000000100000001
-2390727778416752143,20,join,1100101110101011111101000000101000111101111010111010111111111111111111101111111101001000101000111101111011111010111111110100101010101011110101001011101010111101000000001000001111011110111111101111111100000000101000111101111111111111111111110100100010101011110111001011101011111111000000000000001000010000000000000011010100000000000000111101000000000000001001010100101010101011111100000000000000000001
2699111420890650313,20,join,1110111101011110101101101111010111101011001011110101101010111111111111111111101100001000000000100001000011000001101010110000111101011010101100001101010110101011111011111111111110110000110001011010101111101111011111101011000000000001001000010000000000001010000100101111010111101011000000000000001000001110111101111111101100001000000100101001111111111111111111110000100000011010101100000000000000100001
8662249484459490795,20,join,1000000011000001111011111111111111111111101001001110110111101011010111111111111110111111111111111111100001001100010111101011011111111111111110100101111111011110000000001100000111100000000001000000101010000100111001011110101001001111110111101000010011101101111000000000110001011110101001011111111111100000000001000001111000000000000000001000000000000100000011100000000000000000001010100101111111111111
-1049954013438599787,20,join,1110111011111111111101100110110010001000001000001000000010001111111111111111111101101110111010011101000001001000000010000010001010001000100011101111111111111111000000001000000010000010010011001000100001100110111010001000011011101111101111110010000010001000100001101110111111111111011001101110101111110110011011101001100100000000000000001000011001101110100111010110011011101001101101100110111010001001
-1623127952482033968,20,join,1100010001000101010001000000000000000000011000000100010101001111111111111111110011101111011111011100010001000100000101001110011001101101010011100111011011010100111011111111111111000100000001000000000011100100011011010100111001000111110101001100010001001101010001000000010001010100111011110111111111000100000001000001010011100111011111011100010000000100000001001111111111111111111111101111111111111101
-6019743368197667927,20,join,1111111110101101011101000000000000010001011010001000010101010111100010001101010101001000000000010001011111111010110101110111101110101101011101111001101011010111010000001000010100010111111111101101011101101000101011010101111111111111111111110110100010001101010100000000000001010001111111111010111111110000000000000001000111111111101011011111010010001000010101010111100010101101011100000000000000000001
1275505757653384144,20,join,1001010011110110000011110101111111111111101101001111111000010001000011110100000011111101111111111111000101001111011000001111111111111111111110110101111111110111000000001000010000000000000011100100000000000000101001000000000000001111010000001001010011111110000100000000000001000000000100001111011000001011010011111111010110110101111111111111101101001111111001011011010011111111011110010100111101100001
-6323145065028217610,20,join,1000100000000000000011101101000100110100101010010000000000001111110101011011010000001000000000000000101011010000000100001111111111111111111110001001000000000000111111011111111111011110110101010011010011111101011111110101101011010001000100001110110101011011010011111101010111110101101011010000001100001010100100000001000011111101010111111101101011010000001101001111110111111111111111111101010110110101
3407714398148106044,20,join,1011000100011111100111110001001111111001001100010001101010010001000100011010100111111101001111111011111101010011111110011111111110111111101100000001000000000000111111011011111110111111111111111111101100010001001110111001000000010001000000010000000100011010000100110001000111101001000000010001001000010001000100011011100100000001000110101001111111111111111111111111010100111111101100000000000000000001
-2637679581330812670,20,join,1111111111111101111101100010101111010111001000000001000101000111101111111101111101101010111111010111011111111111110111110010001010111001011101101011111111010111001000001011000101000110001011111101011100000000001100010100000000000001000101000010000010111001011000100010101111010111111111111111111111110000000000000001000001101011111111011111000000000000000101000010000010110001011000100000101110010111
3710347786699921475,20,join,1101111111111110111101010001010010001001111111111111111111110001000101001000000101011111111111101111010101111111111011010101001111101000110100000001000010000001010100011110100010010000000001001000000101010001011010001001010100111111111011010000000000001000000101010011111011001101010100111110111011010101111111111111111100010001010010001001010100011110100011010101011111111110111100000000000000000001
-396568511630999449,20,join,1111111100010110100101000000000101001000011110110001011010010101100000010100100001001000000101001000011111110001011010010101101000010110100101011011000101101001111111111101011111111111111101010111110111111111111111111111000000000001010010001111111111011111111100000000000001001000010000000001011010000111111100010111100100000000000000001000111111110001011111011111111101010111111101011000000101101001
2674673911178436017,20,join,1110010010110011010101100000101100110101001000001011001001010111010010110011010111111111101100110111011001001011001101011111011110110011011111110101101100110101000000001000000001011111011111110011011100000000101000100101000000001011001001011111111111111011111111111111111111111111000000000000001000000010000010110011010111111111101100111111000000000000000001001111010110110011011100000000000000000101
1050373245872383069,20,join,1000000000101010000011001000001011100000111010010010111000001111110110111111111010001000001010100000111011010010111101101111111110111111111111001001001011100000111011011011111111101111111111111111111100000000001000000000111011010011111101100000000000001010000010001000001011100000000000000000001000001110100100101111000011101101001111111110111010010010111101101110100100101111001011111101101111111111
6045043496868479372,20,join,1000100000001010011011111101011110110111101010010110101101111011100101101011011100001000000000000000101111010111101101111111111101111011011110001001000010100110111111111111101101111000100101101010011100001000001010100110101110010111101101110000100000001000011011111101011111110111000010000000101001101000100101101011011111111111111111111111000010000000000001000000100000000000011010001001000010100111
-5304794780099180977,20,join,1100010000000101000001000100000001010000011001001010010100001111111111111111111111101101101011110110000001000000010100001110111110101111011111100101101011110100010001001010010100001110111111101111111101000100001001010000111011111111111111111110010010101101000000000000000001000000111001001010111101000000000000000001000011101111101011111111111001001010110101001110010110101111011011101101101011110111
-8522655702215790460,20,join,1010000000100011000011100011011011111011001000000010001000001111001111101111101111111111111111111111111101111110111110111010001100101111000010100001001000110000111000111110111110111010001101101111100100000000001000100000111101111111111111110010000000101011000010100001001001110000000000000000001000000010000000100011000010100011001011111001111100111110111111111010001101101111101110100011001011110001
-184677148147653611,20,join,1110001011011111101101100010100101001011001000100000000000111111001011011111101111111110110111111011111101101101111110110000001000000000001011111111110111111011001000101000000000110110001011010100101111111111111111111111001000101001010010110110001011011100101100100010100001001011011000101101111010110110001010010101101100100010100000001011111111111101111111110000000000000000001000000010000000000011
-3519477866817239945,20,join,1101111110111111111101010110101111101111111111111111111111110001000000010000000001011110101111111111000001000011000000000001011010111110111101011111101111111111000101001011111010001101111111111111111100000000001000000000000000000001000000000001010000111000100000010100001111001000000101000011111010000001011010111111111100000100001100001000000101001011111011010001010010111110111100010100101111101001
170037992055426059,20,join,1000110110110000000011011101111111110111101111011111111101111001110110110010010100001001000100000000000011011011000000001101111111111111011100000001000100000000000010011001000000001001110111111111011100001001101100000000000000000001000000001001110110111111011110011101101101110111100011011011001000011001110110110011010111111111111111111111100011011011001001011001110110110011011110001101101100000001
5165488422117123515,20,join,1000000001010000000011001001010100000000111010111111000100011111101111110101000110001001010100000000111111111111010110011100101111110000000110000001010100000000110010011111000000000000000001010000000011001001011100000000000000000001000000001111111111111101111111101011111101010001111111111111111111111100101111110001000111101011111101011001111111111111010111011111111111110101111111001001111100000001
-3174382397685587520,20,join,1111111111110111111101111110111101011111001000101000000010110011011010100100101100111110111001001111001001101010000010110000001000000000000101111111111101111111000000101000000010110011011011100100111100100010101000001011001101101011010011111111111111111111111100100110101001001011001111101111011111110011111011110101111100000010000000001011001101101010010011110000001000000000001100000000000000000001
3135330980172551520,20,join,1011001011010001010011111111111111111111001100000101000000000001000000000000000010111111110100010111101101101101000101000011001001010000000010110011110100010100001100101101000101000001000001010000000010111111111100111111000100000001000000001011111111011011111110111111110111111111101111111101001111110001000000010001000010111111110100011111001100100101000001001011011111010001011110110111110100010101
6878922139182919168,20,join,1000000000000001110011000001000010111100111111010101101111001101100100001011110011001001000010111100110111010000101111001111111111011011110010000001000000111100110111011101101111001100100101001011110011111111111110111100110111010101101111001000000100001011110011111111111111111100100000000000001111000000000000000001110000000000000000001100000000000000000001001111111111111111111011111111111111111111
-8529425007015611512,20,join,1000000010000000000011000010100010101000111100111111111011011101001110101010100111111011111111101101111101111111111011011000001010000000000011000011101010101001000000001000000000001101001111101010100111000010101010101000110100111011101010011000001010001010100011010011111111101101100000101000001010001111101111111111110110000010100000001000110100111111101011011111111111111111111111000010101010101001
-1919794883636820270,20,join,1011111111011011101101111111110110111111001000000001000000000011000100010010000100111101110110111011001101010001001000010011111111011011101100100001000100100001001101011101101110110011000101010010000101111111111110111111000000000001000000000011010101011010000111111111111111111111001000000001001000000011010101011011100100110101010110101001001101011101101111110011010101011011101100100000000100100001
8755860774532385895,20,join,1011111101111111111101110011011111011111001000000000000000000011000001011000001100111011011111111111001111110111111111110011001001011101101100110011011111011111111111111111111111110010000001010000001100110010011111011111001000000001000000110010000001011000001100110000010111000011001100110111111111110011000001011101001100110000010111011011001100100101110111110010000000000000001000100000000000000011
-3572720452156194806,20,join,1101100100101000011101010001000010000101111110111111110011110001000100000000010101011001001010000101111111111111111111111101101111111000011100000001000000000001110110011010100001111101100111111000011101010001001010000101110110011011100001110001000100001000010111011011111111001111111110111111111111111111101111111101111111011011111110001111000000010000000001010101100100101000011100000000000000000001
6659525684985931927,20,join,1001110100100101001011111101101011111111101111011010111101110001100100100101001000001000001000000000000011000010010100101011111110101111111100001001001001010010100111011010111101111111110111101111111100000000001000000000111111111111111111111001110100101111001100001000001001010010100111010010011100110000100000100001001010111101101011111111100111010010111101110000100000100000001010011101001001010011
-1654151382247873046,20,join,1000000010001100001011000010100011001010111011111011110110101111111110111111101011001010101111011010110011101011110110101000001010001100101011000011101111011010000000001000110000101111111111111111101111000010101011001010110000101011110110100000000000001100000000000000000001000000111011111011111110101100001010001101101010000000100011001010111111111111111111110000000000001100001011101111101111011011
5285105025352465466,20,join,1101010110101111011101010101001001110111111111111010111111110001010000100001011111011111101011111111000001000000000100001101011110101111011100010101001000010111010101011010111101111111111111111111111100000000001000010000111111111011111111110101010100101111011100010101001001010111000101010010011101110000000000000001000011010101101011111111000000000000000001000000010000100001011000000100001000010111
4949808525604563240,20,join,1111111111011111111101101111110111011011001010111100110110110011111111011101101100001011010001011010000011111100110110110000001101000100000000000001000000000000000010111100010110100000000101000100000011111111111111111111001011111101110110110000101111001101101100000000000001000000001111111101111110110000001101000101100000000011010001001000011111111101111111110000001101000101101000000011010001011011
2937004666150938395,20,join,1000000000000000000011011111111011111111111111111111111111111001111111101111111110001000101010001001100011011010111010011000111110101110101110001001101010001001100000001000000000001000111111101111111110000000101010001001100011111011111111111000000010001000100110001001101011101001100010001010101010011000111110101111101110000000100000001000100011111010111111111000110110101110101110000000100000000001
1686522019536557990,20,join,1000000000000000000011011111001011111001111111110110111110011001111000101011100110001010001010111001100011100010101110011000001000001011100110011111001011111001111111111111111111111001111101101111100110000010001010111001111111110111111111111000000000001000000110011110001011111001100000000000101000011000000000001011000110000000000010101001111111110110111111011111111101101111101110000000000000000001
-2635522990178854377,20,join,1111111011111111111101111110111111111111001111101011111111010001000000011111110000011000000111111100000111000001111111000001111010011111110011111111111111111111000111001001111111000011111011111111111100011110101111111100000000000001000100000000000000011001110000000000000111111100000000000001101111000000000000000001000000000000000100011100000000000001000101000011111010111111111100011110101111111101
3377233935691305176,20,join,1111100000111001111001011000001010011110011110000011100111100001100000101000111000001000001000001110111111100011111111111111101000111001111111111111111111111111111111101111111111111111111001111111111100000000001000000000000110000011100111100000100000101000111011111010001111111111111110100011101111110001100000101001111000000000001000001100000000000000000001000000000000100000111011111000001110011111
4928511175679958709,20,join,1110010000010001000101000000000100010000011001000001000100011111010100011001000111111111101110110001010001000001000100001111011110111001000111100101000100010001111101011011100100011111111111111111101111110101001110010001000000000001000000001110010000011001000111111111101111110011111101111011101100010000000000010001000011111111101111111011111111111111111111111111111110111011001100000000000100010001
4656465190471951756,20,join,1000000000000000110111111100001111101101101000000001101011011011010000011110110110111100001111101101101001000001101011011111111000111110111111111111111111101111111111101111111011111111111001111110111110110100001111101101100000000001101011011000000000001000110110100100000111101101100000000000101011011111111111111111111100000000000000001101000000000000000001001111110000111110111100000000000000000001
5321510623436385868,20,join,1111011111111111111001100101000101000000001001010000010000000111010100011100101011111111111111111110000001000000010000000111011100011100101000000001000001000000011101111011111110100111011111111111111001110111001111001010000001000001010000000110010100011100101000000000000001000000011101110011111010100111011100111111101001100101000101001010011101111011111111100010010100000100001011111111111111111111
6601661796133647074,20,join,1101111111111111101101000010100001111010111111111111111110110101001010010111101001011111101111111011010101111011111110110000001000000000101001010011100101111010000000101000000110100101111111111111101101010011101111111010010000101001011110100101001110011111101000000010100001011010000000101000001110100000000000000001000000000000000000001000111111111111111111110000000000000000101001010011101111111011
-4716108373960905608,20,join,1000101110010111111111111111101111111111101111111011111111111001101110010111111100001011100101111111100111111011111111110000001110010111111100000001000000010001000000011000000100011111111111111111111110011011101101111111000000011001011100011001101110011111111100000001100001010001000000011000011100010000000000000001000100000001100101111101000000011001011101010000000110010111111100000000000000000001
-8548582216096550095,20,join,1111011111000110011001010111110001100110011101111100011001100001000000000000000011111111110111101111000101111100001000100001001101000000000000010001000000000000000100111100000000000001000001000000000011111111111111111111111101111101011001111111011111011110111100010111110001100110000100111100001000101111111111011111111111110111110001101111000101111100001001100001001111000000001011110111110001100111
-8670460985838143375,20,join,1111011011110011001101010010000100110000011100100001001100000001001000010011000011111111111111111111011101100101001100010000001000000010000011110111111110110011011101101111001100010111001001010011000001110110011100110001000000100001001100001111011011111011001111110111111111111011000000000000001000000000001000000011000011110111111110111011111101111111101111110111011011110011001101110010010100110001
-7067367305125463063,20,join,1000000001000000000011001000010100000000111011011111011011101111110111110110111010001000010000000000110011000111011001101110111111110110111011001101011101100110110011011111011001100000000001000000000011001000011101100110100010000101000000001110111111111110111011001000010101100010110010000101001000101111111111111111111111001101111101101110110010000101011001101100100001010000001011101111111111101111
8398276239374590095,20,join,1110010011001001101001000000010000000000011000000100000000001111111111111101111011101111111111011010011001000100000010001110011011101101101011100111111111011010011000001100000010000000000001000000000011100100111010011010111001101111110110100110000011001000100011100100111011011010111111111111111111110110010011001001101001100000010000001000111011111111110111100110010011001000101011101111111111011111
-1057017875188396564,20,join,1111111111111111111101000000000000000000011110110111111111010101000000101000000001011000001011000000011111111111111111010101101101111111010101011001011011110101011110111111111111010101100001101111010100000000001010000000010110000111111101010000000000001000000000000000000001000000010110000010111101000101100000101101010001011011011111111101010110000010110001000111111111111111111101011000001011110101
3168629844972990319,20,join,1010111100101001101011111111111010111011001000100000100110101011111111101011101100001010000010011010001011110010100110100000001000000001001000101011000010011010101011111010100110101010111111101001101000101011001010011010111111111111111110110000001000001001001011111111111011111011101011111110101110100000000000000001000000000010000010011010111111111111111111110000000000000000001010101111111010011011
4413763819828797106,20,join,1111110101111010111101110001011110101101001000000001101000010011000101111010110101111101011110101101011101010111101011011111111101111010111100100001011110101101111111111111101111110010000001011010000100100000011110101101000000000001000000000000000000011010000111111111111111111111000000000001001000011111111101111011111100100000010110101001001000000101101011010111110101111010111100000000000000000001
299580913342419967,20,join,1111111111111111111101000000000000000000011111100011100000110101010000111000000101011100001110000001010001000000000000000101111000111000001101111111111111011111011111101111110010110111111001111100001101000000001000000000010001000011000000000100010000111000000001111110001111000011011111111111111111110111111011111101111101111110011111001011011111101111110011110101010000111000001101000100001110000001
1648487985577885301,20,join,1010000001010001101011100000010100011010001000000101000110101111100001010001111111101000010100011010111111000101000111111111111111111111111111111101111101111111111111001101011111110000000001010001000011111100111101111111000000000001000000001111110111111111111111111000010101111111111110000101001111110000000000010001000000000000010100011010111000000101000111100000000001010001001011101000010100011111
-3498348781696910196,20,join,1001000100101000011011011001011010000110111110111110110111100001000100000000011010011001011010000110111111111111111111111101101111101100111000000001000000000000110110011110110011101001000101101000011000010001001010000110111110111111110111100001000100001000011011011001011011001110111110111111111111111101100101101101111011011001011010001110000000010000000001000000000100000000011011111011111111011111
7017325702158162380,20,join,1111111111101111010101111111111011110101001001100000101100000011111101001011000100101110010010110001000001000000000000000000011000001000000000101111010010110001001111111110111101010010011001001011000000111111011011110101111111111111111101010000010000001000000000111111010011110001000001100000101100000000010000001001000011111111111111111101001111110100111101011111111111111111111100100110000010110001
-3222226331381730983,20,join,1010000000000000000011111001101101000110001000000000000000001011100110110100011010101001101001000110111111111111111111111111101110111100111010100001100001000000101000001000010000001111101111111110111010100001101001000110101010011011010001101111100110111100111010100000000001000000111110111011111011101111101111111111111011111001101101001110101000011000010001001010000110000100011011111011111111111111
4280112261427741070,20,join,1100111001001111100101000000000000000000111011110101111111011111111111111111111101001110000011011001010001100000010000000000001000000000000011001111010111111101110011111101111111110100111001001111100111001111111111111111110011100101111111010100011000001100000001000010000001000000010011100000111110010100011000001101100001000110000011001000110011100100111111011100111101011111111101000110000011011001
-7741585903396125162,20,join,1000000000100001010111000000001000010101111111101111111111111101011010101111111111011110101011111111100001000010000101011100011010101111110111111111111111111111110000001010101111011101111011111111111100000000001000010000110111101011111111111100000000101001110111000100101011111101110000000010101111010000000000000001000011000000001000011101000000000010000101001100011010101111111100000000000000010001
5745588686324306801,20,join,1011110101010100111111111111111111111111001000000000000010000011000100000100110100111001000001001101001111010001010011011011111101110111111100000001000000001000101111111111011111110011110101010100111110111101011101001111001110010001010011011011111111111111111100100001000001001101101111010111011111111011110101110101111100000000000000001000001000010000000011010011110100010100111100100001000000001001
3392651906709852712,20,join,1101111100111010111101001110000000001001111111110011101011110101111000000000100100001000000000000001000011000000000000010000111000000000000101011111000000001111111111111011101011111111111111111010111101011111001110101111010111110001101011110101111100001010111111111111111111111111010111110000001011111111111111111011111100001110000000001001010111100000000011110101111000000000101100000000000000000001
172842000474579493,20,join,1111110110101100111101011000101011000101011110001010110011010001000010101100010100011000101011000101010111001010110011111111111111111100111101111101101011001111000000001010110001011111110111101100111100000000001011000101111111011011110011110000000000001100010100000000000001000000111111111111111111111111111111111101111101011000101011001101000000000000010001000101100010101100111100000000000000000001
-312357078316010363,20,join,1110010001101111111101000000000000000000011000000000011001001111011001101111111111101110011011111111011001000110111111111110011001101111111111111111011011111111111111111110111111110110000001000110010001100000011011111111111111111111111111110110000001001111111101000000000001000100010000000000011001000110000001000111011001100000010001111111010000000000000001000110000001000110011001100000010001110111
-7872300880964408869,20,join,1101111111111111111101011011111101111111111111111111111111110001001010110000101000011010101101111011010111111111011111110000001000110000100000011011111101111011000000101011000010000001001011110111101100000000001000000000000000000001000000000101101111111111111100010010101101101010000100101011001010100001001010110111101100000000000000001000000110111111011111110000001010110000101000010010101101101011
2480700050673635181,20,join,1101110110111010001001011101101110100010111111011011101000100001000010100000001000011101101100100010000101011010001000101111111111111111111100010001101000000010000000001000000000001111110111111011011100000000101000000000000100011011000000100001110110111010001011111101111111111111000100011010001000101111110110111011001111111101111110111111111111011011101101110000000010100000001011111101101110100011
2787145740160720385,20,join,1000000000000000101011001011111111101110111111111111111111101101101111111110111010001011111111101110110011111111111011101000001000000000101010000011111111101110100000101111111011101000000001000000101010000010011111101110100000100101111011101000001001001100101010000010010001001010100000100100111010101101111111111111111000000000000000001000100000100100111011100000000000000000101011111111111111111111
-4107275948010731308,20,join,1000000000110010001011111111111111111111101011110111111000101011111101111110001110001110001111100010100001000011111000101000011000111110001010001111001111100010101111111111111111111000111101111110001000000000001100000000000000000001000000001000000000111010001010000000001111100010000000000011001000001011111101111111101110111111011111101011101111110111111111110000000000110010001010101111011111100011
7729589228386742246,20,join,1010101000000001100001101010000000011000001000000000000100001111111111001101111000101010000000011000111011110100000111000010001000000001100011101011010000011000111010111100100111000110101001000001100011111111111011011110111111111111110111101110101101001001100011101111110011011110111111111111111111110000000000000001000000000000000000001000111010110100000111001110111111001001111011111111111111011111
2811269084566578937,20,join,1111010101111010100101100101010110100000001001010101101000000111010101011010100011111111011111111011000001000001001000001111011101111011101100000101000100100000111111111111111111110000010101011010000001110101011110101000000000000001000000000000010100011010000011110111011111111011000000000000001000001111010101111011101101100101010110101000111111110111111111111111010101111010101101110101011110101001
8494576084972009205,20,join,1111111111111011111101010000001100011100011110100011001111110001000000100000110001011000001100011100011111100111101111110101101000110001110101111111011110111111011111111111101111110111101001110011111100000000001000000000000100000011000111000111101001111011111111111111111111111111010110100011001111110001000000100001110000000000001000001100000000000010000001000101101000110001111101010000001100011101
-8810157660806237051,20,join,1111111111111111111101101011011111100111001000000000000000000111101101111110011100101000000110100101011111111111111111110010101100111110011100101001000110100111011110111111111111110010101101111110011100101001001111100111001000000001000000000000000000001000000100101001000111100111001000000001101000010111101101111111111101111011011111101111001000000001000001000010000000011010001100000000000000000001
4403299493369203264,20,join,1111111111111100111101011000100011001011001110001000110010110001000000000000000000011000100001000011011111011100110010110111111111111100111101111001110011001011000100001000010000000111100011001100101101111101111111001111011111011101110010110001100010001100101100010000000001000000111111111111111111111111111111111101111100011000100001001011011111011100110011110001000010000100001100000000000000000001
85018963585479206,20,join,1101111111110111111101010101111101111100111111111111011111110001010111100110010001011101111101111100000001010110011000000101111111110111111100000001011001100000000001011110011000000000000001000000000000000000011000000000000101011111011001001111111111111111111100000000000001000000000000000110011000000001010111100111010000010101111101111100000000010110011001000101110111110111111001011101111101111111
675229819061473490,20,join,1000000000000110000011010000100001110001111110001001111110011001000010000110000011011000100001111001111111001001111111011111111111111111111111111101110111111101100000001000011000001111110011011111110111111101111111111101110110001001011110011101100010011111100100000000000001100000000000000000001000001001000010000111000110010000100001101001111110001001111111011111110111011111111110010000100001100001
6500087463215744431,20,join,1010000110101101101111101101101011011011001000000000000000001111110110101101111110101001101011011011101011011010110110111110111110101101111100100001101011011011001000001010110110111111111111101101111100100000001010000001111111111111111111110000000000001000000000100000001011000011111111111110111111110010000000101101001100100000001011011011111011011010110111110010000000101000001100100000000010000001
-2111053050890888073,20,join,1101111111001111111101000001000000001000111111111111111111110101000100000001100001011001000000011011010111111100010111110101101100000101111100000001000000000000010110111100010111110101101101000101111101011111111011111111110111111111111111110101111111001111111101011001000001011011010111111100011111110100000100000001100000000001000000001000010100010000000111010101000100000001101101010001000000011001
7251222766149967734,20,join,1000011110000010000011000111101101110000111011111111111110111111111111111111101111001111101101111000000001000000001000000000011110000010000000000001000000100000000001001000001000001100111111111111100010000111101001100000100001111011011100001100111110111111100010000111100001100000000000000000001000001000011110000011000010000111101101111000111111111111111111111100111111111111101011001111111111111011
7523887640823867913,20,join,1110111101111111101101101111011111111011001000000000000000001111111111111111111100101111011111111011001001110111110110010010001001011101100000100011011111011001111011111111111111110000000001000000000000100010011111011001001000000101000110000010000001011001100000100000010111011000001001110111111110010000000000000001000000100000000000001000001011110111111111110010011101111111101100100010010111011001
-7452795052023633277,20,join,1111111111101101111101100001101000000111001000000000000000100111001110101001011101111111111010010111011101111110100101110110001110101001011100000001000000000010001000011000000000110111001111101001011100100001101000000111111111111111110111110110000110101001011101111111111011010111111111111111111111110110000110100001011101111111111011011111001000011000000001110000000000000000001000100001000000000011
8498496093884296844,20,join,1001000001000010001011111110110110111111101111001101001111100001000000000000000010011000010000111010100111001101001111101011111011011011111111111111110111111111100110001100001111100000000001000000001011111111111111111111100110000101001111101011110011011011111111111110110111111111000100000000001000001001000001000011101010010000010000101010100110000100001111100000000000000000001010111100110100111111
9010523169015148536,20,join,1001000101101100000011010001111011111000111101011111111110010001000100001100000011111101111111111001110101011110111110001111111111111111101100000001000011000000100100011110111100000001000101001100000000010001011011000000110101011111111110000000000000001100000000000000000001000000100100010110111100000001000101001101000000010001010011001000111111111111111111111111010111111111101111010101111111111001
3878297598069315528,20,join,1111111111111110111101111111111111001111001000110010100010100011011111111100101000111111111111001010001001110010100010100000001100100000000000000001001000000000001001111011100010100010011111111000101000000000001000000000001001110011100010100000001100101000000000100111111111001010011111111111111011111111111111111111111100000011001000001000001111111111110011100000001100101000001000111111111111001111
-3137434782150529693,20,join,1001011011011011110111010110110111111101111101101111111111010001010011011011010111111111111111111111000001000000000000000001011011011011010111110111111111111111000001001001000101000000010011011011010111010110111111111101000000000001000000000000010000011001010110010110110111111101000001001001101101010000010000010001000000010110110110111101000001000001000101001111011011111111111100000100000100010101
7049220291432352965,20,join,1000000000000000000011000010000000110000111011111111011110101111111111110111101111001010001000111010110011111111001110101000001000000001000011000011001000110010110010111110001110101100101101100011101011000010001000110010110010111111001110101111111111111111111111001111111101111010000000000000001000001000000000000001000011000010001000111010111111111111011111111100001000000011001011101111111101111011
-5693972376027564186,20,join,1101110010110110111101011100001101001110111111111011011111110001000000000100001000011000000001001010000111000011010011101101111010110111111111011111101101111111010111001011011011111111111111111111111100011000001001001110000110000011010011101111111110111111111100000000000001000000010111000011011011111101110010110111111100000000000001001010000110000000010011100000000000000100001001011100001101001111
-8545638461500338590,20,join,1111101111111111111101011000010011110110011110110111111111110001100001000111001000001000000001110010111111111111111111110101101001001111111101011011010011111111011110111111111111110000000001000111001001011011011111111111010110110101111111110001100001001111001000000000000001100010000000000000001000100000000000000111001001011000010011111111000110000100011101100000000000000000001001011000010011110111
-4055123581946610377,20,join,1000000000000000000011100001010000011010101000010100000110101111001101001001101011111111110111111110111101111101111111101000001101000001101010000001010000011010111100111100110110101000000001000001101011111111111111111110111100111101111110101110001101001001101011110011010011011010111100111100111110101000000000000001101010000000000000001010111100111101111111100000000000000000001011111111111111111111
4420914747981256312,20,join,1000000000000000000011111111011001111110101000010000010000101011000101000111101010111011010001111010101111110100011111101011001101000111101010000001000001000010111111111110011111101010000101000110001010111111011001111110111111111111011111111111111111111111111110000000000001000010100000010000011000101010000101000111001010100001010001111010101110110100011111101000000000000000001011111111011001111111
-6152480155318786866,20,join,1111110111111101111101000100100101001110011111011111110111100101010011011101111001011100111111011110000001001001010011001111111111111101111101000101111111011110000000001001000011000100010011011101111001000100111111011110000000000001000011000100010010011100111000000000100101001100111111111111111111110100010010011101111000000000000000001100000000000000000001000000010010010100111001111101111111011111
-4974598392732909593,20,join,1110001000010010111001100010000100101110001000000001001011101111111111110111111111101011110100111111111011111101011111110010001000010010111011100011110100101110111000101101001011100110001001010010111011101011111101111111000000000001001011101111111111111111111111101011110101111111000000000000001011101110001111010011111100000000000000001010000000000000000001000000000000000000001011100011110100101111
5139331286501190334,20,join,1111111111111111111101000000000000000000001000000000000000000011000000000000000001111111111111111111011101111100001111100111001101000011111001110001000000101010011100111100001111100111000101000010101001110111111011111110011101111101001111100111011111001111111001110111110001111110011100000000001000100111000101000011101001110000000000101010011100010100001111100111000000000000001001110111111011111111
-180891230992192063,20,join,1010001001111111100111110110011111111011001000100111111110011011011001111111100111111111111111111111101001100111111110010000001001111111100111110111111111111011111101101111111110110000000001000001000000000000011001110001000000000111111100010000000001101111000100000000010001110001000000000100001100010000000000000001000000000000010000111001111101111111111111111011011001111111101100000000010000010001
-1605089301782475290,20,join,1101111111111101111101011011110010010110111111111111111111110001000000001000000000011011000010010010010111111100100101100001001100001001001000010001000010010010000110111100100101100001101101001001001001011111111010010110010111111101100101100000000000001000000001011111111111010110010111111111111111100001000000001001000001011111111111011110000110110100100101100000000000000000001001011111111111011111
3051264047065855335,20,join,1011100101110100000011111001011101100001001000000001000000000011100101110100000000101000010100000000111111011111011000011111111111110110010100101001011101000000111110011111011000010010000001010000000000101000011100000000000000000001000000001111111111111111111100101000011101000000101110010111011000001111111111110111010111111111111101111101111111011111011001011111111111110111111110111001011101100001
-1258136301706007954,20,join,1011110011101101101111111100111111011111001111001110110110110001000010000000001000011100101001001010000101001010010010101011111111111101111110111101111111011111000000001000000000000001110011100101101000010000101001001010101111001111110111110001110011101101101000010000100001000010111111111111111111110001110010100101101000010000100001001010101111001110110111110000000010000000001000011100111011011011
2940937559778145626,20,join,1010000010000010010111110010100110101101001000001000001001001011001010000010010111111011101111111101111111111111111111111010001010000010010111110011101111111101000000001000000001001111101111111111110111110010101110101101101100101001101001011011001010001010010111110010101111111101000000001000001001001010001010000011010110100010100000101101000000000000000001001111101111111111111100100000100000100101
-2116814156638705791,20,join,1000011100000010110011001111000000111111101001110000001111111111111111101111111110001111000000111111000001110000000001000000001100000000010000000001000000000000100001111000001111111010111111000011111111101111111010111111111111111111111111111110111111001011111111101111111011111111000001110000001011001000011100000011111100000111000000001100000000010000000001001000011100000010111010000111000000101111
4167405787333962067,20,join,1111011111110111111101110111101000111111001001000000000111100011010100100011111011111111111111111111000001000000000000000011011100100011111100100101000000011110001101111010001111110111011111110111111100100101001000011110011101111011011111111111011111111111111100110111001001111111001001010000001111100000010000000001110000000100000000001100000001000000000001000000010000000001111000100101001000011111
9007586555351177556,20,join,1101110101011111111101000000000000000000111111111111111111110101110100011110110101001100000001000000010001000000010000001101111101111111111101001101000001000000110111111111111111110101110101011111111111011101011111111111010011010001111011010100110100001100000101000000000001000000010011010000011000010101110100011111110101001101000011101001010011010000111011010101110100011111111101001101000001000001
-4239240668752028335,20,join,1000000000000000010011111011111010111101101010111110101101011011101111101011110110001000100010000100111111111111111111111000101111001011010110001001100010010100100000001000100001001000100111001001010010001011111010110101111110111111101111010000000000001000000011111011111111111101100010011100101101001000100010001001010010101011111010111101000000000000000001001111101111111111111110001001110010110101
-2658082252425840320,20,join,1011010111111010101011110101111111101110001100010011000010100001000100100000101011111101111111101110001101011111101010101111111111111111111000000001000000000000001100011011000010100011000111111000101000000000001000000000000100010011000010100011000110111000101010110101111111101110001100011111101010101111110111111111111000000001001000001010101101011111101011100000000100100000001011111111111111111111
-4336474101463196088,20,join,1101001010001100000001000000000010000000111111111111111001110001000000001100000011011011110011100001110111111111111000110001001000001100000011010011110011100001010100101000110000001101001011001100000111011011111011100011110110111111111000110000000000001000000000000000000011000000110100101000111000011101111111111111011111111111111111111111110111111111111001111101101111001110001111010010100011000001
496828918900978460,20,join,1011000000011100000111111111111111101111001000000000100000000011000000011000000010111110000111100001101101100001110000010011001000011000000010111111111111101111101111101101111011111011111001011110000110111110111111101111001000000001100000000000000000001000000000110000000111000001101101100001111000011111111111111111111110111110010111101111101111100101111001111011111001011110001100110000000110000001
4933885170203851121,20,join,1010110111001011101111111111111111111111001000001000000100001011110111101011101100101001110010111011001011011100101110111011111111101011111100100001100000110001000000001000000100000010000111000011100110101101111010111011101111111111101111110010000111001011101110111111111111111111000000000000001000000000000000000001000000100001100000111001101111011110101111110010000111000011101100000000100000110001
4511726746228210545,20,join,1111111111111111111101101101001111110111001000000000000000000011110100111111011100101000000100010010001011010011101100110011111100111111011100101001000100010010011111111011111101110111111111111111011100101001001110010010001000000001000000000010100100011001001000101101001111110011001010010011101100110010000000010001001001111111111111111111001011010011111101110010000000010000001000101001000100010011
7608959716083920524,20,join,1011011111100110110111110111111101111111001101111110011011010001011100100100100111111111111101111111000001110010010000000000001000000000000000000011001000000000000101111110011011010001011101100110110100000010001000000000101101111111011011111111111111111111111100000010001001000000000101110010011011011011011111100111111100000111001001001001000101110010010011011011011111100110111100000111001001000001
-5046414632059245502,20,join,1101001001110110010001000000000000100000111100100111011101100101000001110110010011111110011101110110111101100111011101100101001001110110010011111111011111111110111111111111111111100100000001000010010001000000011101100100010000000101011001001111111001111111011001000000010001100100000000000000001000001101001001110111011011111110011111111110010000000000001001000101001001110110011011111111111111111111
7736308974829771392,20,join,1111111111111111111101111111111111111111001101101111101110110001001001111001001100111110111110111011000101100111100110110000001000000001001000110111111110111011000101101111100110110000001001111001001000000010001000010010000000100011000100100000001000111001001000111111111111111111000101101111101110110000000000000001001000000010011110011011001111111111101111110000000000000000001000000010011110010011
4267865678533521146,20,join,1010111111111011111111111111111111111111001000000000000011011011111111111011111100101111111110111111001001011001000111010010011110111011110100100001000000011101001000001000000111010010011111111011111100100101101100011101001000010001000111010010010110111011110100101111111111111111001001011011001111010010000000000001110100000000000000001000000000000000000001000010010110110011111100000000000000000101
6450078275014171340,20,join,1111101111100101110101000010001000010000001000100010000100000111001100100101110001111011001001011100111111111111110111110000001000100000000001100011001000011000011110111010010111000111101111100101110000000000001000000000111110111111110111010111101111101101110001100011001001011100111111111111111111110000001000100001000001100010001000011000011000110010000111001111101111111101111101111011111001011101
-8415237553045718300,20,join,1110111111111111111101100000000001001111001000000000010001111111111111111111111101101011001101101111011011111011011111110110001100100100111100100001000001000111011010111011011111110110111111111111111101100001001001001111011000110011010011110110111110111111111100000000000001000100011000110011011011110110101100110111111100000000000000001100000000000000000001000000000000000100011000000000000001000101
1035058078885083147,20,join,1001000000000100001011010000100001100010111101101001111101110001000000000100001011111111110111110111110101001000111100101101011010011111011111110111100111110111100100001000011000101111011111011111011111111111111111111111110101001001111101111101000010001111001000000000000001000010100100000000011000101101000010000111001011111111110111111111110101001000111101110000000000000000001011010100100011110011
1071344277098626065,20,join,1111111111111011111001111111101110111110001000001000000001100011110110100011111000101001101000000110001001011000000001100011111110101011111000100001100000000110000000001000000001100111111111111011111000100001101000000110001111111011101111100011110110101011111011111111111111111111001001011010001001100010110110100011011000101101101000111110000000000000000001100000000000000000001011111111111110111111
1418686931546733323,20,join,1011111111111111111111111111111111111111001010001110001111100011110111111111111100001000000000000000000011001110001111100011111111111111111100001001111000111110000010001110001111100000100001000000000000001000011000111110000011011111101111100000110111101011111000001101111011111110000010000100001110100000100001000001100000001000010000001000000010000100000011000000100001000001101000101101111111111111
4573476101270689604,20,join,1011001110110110000011110111111111111101001100100011001000000001001000110000000011111111111111111101101101111111111100000000001000110000000000110011101101100000001100101011001000001011001111110110000000000000001000000000000000000011000000001011001111111111000000110010101101100000000000000011001000001011001111110111000010110111111111111101101101111111111101001111111111111111111110110111111111110101
4859674609099375052,20,join,1100101101110010111101000001001000100110111110111111111011111101101101110110111101001011001100101111111111111111111111110100001100100010011000000001001000100110110110111111111011110100101101110010111100000000001000100010000000000011001001101101101101111110111111001011011101101111000000000000001000001111101111111111111101000011001100101111000000000010001001100000000000000010001001000011001100100111
2920835813303340363,20,join,1110110111011111111101101101110111110111001000001100101000011111110111111111111100101100110010110111001001001100101000011111111111111111111100101101110011110111000000001100101000010000000001000000000000101101111111110111001011011101111101110000000001001010000100101100110011110111000000000100001000000010010011001011011101101101110111111111001001001100101001110010010011001010001100000000010000100001
6905707268649495831,20,join,1000000000000000000011101001111011111000101000011010111010001111111111101111101110101001111011111000111011011110111110001110111111101111101010000001101011101000100000001000100000001000000111101111100010000000101011100000111111111111111111111000000000001000000010000000100011000000100000001000111000001000000110101111100010000000101011101000111111111110111111111110110111101111101011101111111011111011
-3999632773511186443,20,join,1111111111111111111101110001000101001111001000010000000000010011000100000000000101111001000101001111011111010001010011110111111111111111111100000001000000000000011111011001010011110111110111010110111101111101101101101111001100010001000010110111110111111111111100110001000101001111011111011001011011110111110110110111111100110001000000001011001100010001000011110010000100000000001100000001000000000001
8891138923585734248,20,join,1000000000000000000011111101100111011111101001000000000011001011010000000000111010111101100100001111100001000000000001001111111111011111111110110101000100001111101101011001000011111111110111011101111111111111111111111111101101000001000011101011110110011101111110111101100101001111111111011101111111111011110110010101111110000100000000001100100000000000000001001000010000000000111010110100000100001111
6704264700360727465,20,join,1101111111101001101001011111110010011010111111111111111111110001101101001001101000001010000010001010000011111100100110100000001000000000000000001011010010001010000010111100100110100000101001001000101001011111111010011010110111111111100110100000001000001000000011011111111111111010110111111111101110100000101101001001101000000010000010001010110111111111111111110000001000001000001011011111111111111011
-2079821298039497063,20,join,1000100001000111100111001011111011111011111010111110111110111111111111101111111100001000010001111000111011111110111111111000101011100111100110001011111011111011100010001100011110010000000001000111000010001000111001111001111111111111111111111000101011101111101100000000000001000000000000000000011000000000000000000101000000000000010001111000111010111110111111111000101011100111101100000000010001110001
-3930905301952237513,20,join,1111101111111111110101110000110110001100001000001100100010000011000011001000100001111001111111111101111111111111111111110111101111111111110101110001111111011101000000001100100000000000000001001000000001110000111110001101001100001101100011000000000000001000000001110000110111001100011100011111111111010111000011011101110000000000110010001000001100001100100011000111000111111101111101110000110110001101
-3518964256434608723,20,join,1100000000101110110101000000000011101100111000000010111011011111000000101110110111111111011011101111111101110010111011111111001000101110110111110011001011101101111111111110111011111111011101101110111100000000001011101100111111111111111111110000000000001100110000000000000001001100000000000000111011001111111111101111111100000000000000001000000000000000000011001111001100101110111101000000001011101101
1387585345333978951,20,join,1000000100010000010011011011101101111111111110111111011111111001000100010000010010011011101100101111111111111111011111111001001100010010010100000001000100000100100100111011001011111101101111110111111110010011001100100111000000000001000001001111111111111111111110011011101101111111100100010001001001011001001110110011111110010011000100101111000000000000000001001001001100010010011110010001000100000101
1357998347703316307,20,join,1011010001111111110011110111111111111111001000000000000001000011010000011101110011111111111111111111001001000001110111001011011011111111111010110111111111111110101101001111111111000011010001011101110000110100011111111100001000000001010001000010000000011101110000000000000001000000001101000101111111000010000000010101010000100000000101011100000000000000000001001011010011111111111010110110111111111111
-4774070401379954350,20,join,1110011001011111110101100100000111111101001000000000000001001111111011111111110111101110111111111101001001000001111001010110011000011111110111111111111111111111111001101111111111010110011001011111110111100110011111111101001000000001111001000010000000001110010000000000000001000100001000000000011001000010010000011111010100100100000111101101000000000000000001001110011001111111111100100000000111100101
5733042037421099518,20,join,1000000000001001001111111111111011111111101111011010111111111001000000101101001110011000001011111111100111010010111111111011111111101111111110010001001011111111100111011010111111111001110111101111111110000000001011010011111111111111111111110000000000001001000010000000000011010011100100000010111101110000000000000001000010010000001011111111100100000010110101110000000000001001001000000000000000000001
-8269722712900374580,20,join,1001010101011010110111010101111111101111111111111111111111110001000100000000010010011101111111101111000101010001101011011101111111111111111100000001000000000000100101011101111011010001010101011010110110010101111111101111000100010001101011010001000100001010110110010101010111101101000100010000001011011101110111111111111100000001000000001000000000010000000001001001010111011110111100010001000000001101
8724672856584186859,20,join,1111111111111111111101111111111111111111001111001111111101110001000001001000010000011100110011100101000101000100111001010011111011111111011100111111111111111111000101001100111001010000000001001000010000011100111011110111000111001111111101110000000000001000010000010000010011100100000100000100101001000001110011001111010100111100111111111111000000000000000001000001110011001111011100010000010011100101
3023561403213793360,20,join,1001101010010101110111011010110101011101111110101111110111010001000000000000000000011010100101001001111111111111111111110001001010010100100111111011111111011101000100001001010010011001101011010101110110011010101101011101000100000001000010011101101011111101110100010000000001001001111110101111111111110001101010010101100100010000000000001001000110101001010111011111101011111101111100010000000000000001
-6788254547091032938,20,join,1111111111111111111101001010100101011110011111111111011111110101101010010101111000001000000000000000010111101101010111100000101010000000000001011111111101111110000010001000000000000101101011010101111001011110111101111110000010101001010000000111111111111111111100001010100001000000010111101101011111100000101010010101110000001010100001001100000010101000010001000000101010010101111001011111111101111111
-3117671944096326155,20,join,1001100010010111100111111101111111111101101110011011011110010001100000000011000000001000000000110000100111011011011110011111111111111111110110011001101101111001000110001000011110001011110111111111110110011000101101111001000110001001011110001001110110111111100100011000000001110000000000000000001000000000000000000001000000011000000001111000100111011011111111011111111111111111111100011000100101111001
6307181812111843065,20,join,1110010100100000001101100101001000000011001001010000000000101111010100101111101111111111111111111111000001000000000000101111011111101111111100000101000000000010111001011010011110111111010111101111111100100101001000000011111101111111111111111110010100101111101111100101001001110011111001010010001100110110010100100001001111100101001001111011111101011010111111110000000000000000001000100101000000000011
3048176189607032802,20,join,1011100010001001011111111000101010010111001000000000000000000011000000000000001000111000000000000011111111001010100101111111111111111011111110111001100010010111001100001000000000101111110111111011111110111000101010010111111111011011100111110011100000001001001111111111111111111111111111011011101111110011100000000001001111111001101010011111001110001000000001110010000000000000001000110000000000000011
-3607741701330072182,20,join,1100010010000110111001000000000000001000111001001000011011101111111111111111111011101111111111111110010001000000001010101110011011111110111011100101111111101110010001001000011010101110010011001110111011100100111111101110111001001101111011101110010010001110111001000100000001101010010000000000001010001110011111111111111000000000000000001000010001001000011011100100000000000010101011111111111111111111
-2165569639683931121,20,join,1001100000001011010011011000000110110100111111101111111111100001000000000000000000011000000010010100110111000001101101001101101000111011011011111111111111111110110111101111111111101101111001111011011011011000001110110100100110000001101101000001000000001000010011011110011111111110000110000000101101000001000000001001010011011110011110111110000100000000000001001101100000111011011011111111111111111111
-8322572236237599611,20,join,1011110101111111010111111111111111111111001000000000001100010011110101110111010100101101011101110101001001010111011101011011111111111111110100100001000000110001101111011111111111010010000101010111010100100001011101110101001000010001001100010011110101111111010100100001000101110101000000000000001100010000000000000001000100111101011111111101001000010001001101011011111111111111111100000000000000000001
-3710149009144939691,20,join,1000001001000000001011111111111111111111101110100111100111110001001001000000001010011010010110010110100111100111100111110000001001000000000010111111111111111111100111101111100111110000000001000000000010011010011110011111100100100101100101101001001001001000001010111110111111011111101111101111111111111001001001001001011010011010010110011111100100100100100001100000001001000000001010011010010110010111
7173544968241775861,20,join,1100000000100000011001000000001000000110111110110111111011111101101101111110111111001011011111101111111111110111111011110100001000101000011111000011001010000111111111111111111011111100001101101110111100000000001000000110110000110111111011110100000000101000011111000011001011100111110000110010101001111111111111111111111111000011001010101111000000000000000001000000000000000000001000000000001000000111
5174950952078564375,20,join,1101111111111001111101000111101110011011111111111111111111110101111111111001111101001111101110011011000001010010000110100000011110101001101100000001000000010000000001011010000110100100111111111001101100000001001000011010000001111011100110110000010110101001101111011111111111011111110111111111111111110000000000000001000000000001000000011000010011111111100111110000000100000001101000000101101000011011
-6734624829710587239,20,join,1101110111110101000101000000000100000000111111011111011101110101100011110101000101001000000100010000010111001111010100011111111111111111111101011101111101010001010010001111010100000100100001110001000001000000001100000000000000000001000000001111110111111111111101001000011101010000110111011111011100110100000000010001000011111101111101111111110111011111010101111101110111110101001101001000111101010001
1995243963164964410,20,join,1101111001011111100101011110010110001001111111111101111111110001000000000000000100001010010000000001000101100100100010010000001000000000000011011111110111111101010111101101111110010000001001000000000111111111111111111111000111100101100010010001001001001000000101011110010111001001010111100101111010010101111001011111100100010010010010001001110111101101111111011101111111011111111100000000000000000001
7882448830878930061,20,join,1001111111010000001111111111110100100011101111111101000000110001101111000000001000001011010000000010000111111100000000110000001100000000001000000001000000000010000000111100000000100000001101000000001010011111111100000011000111111101000000111011111111011010001111111111111111111111101111111101001000111111111111111011101110111111111110101011111111111111101111110000000000000000001000011011110000000011
-8731529646680609670,20,join,1111111101111110111101101000010010101111001010000000101011110111101101111010111100001000000010101110011011110111101011110010101001001010111101101011011110101111111111111111111111110010100001001010111101101010011010101111011010100111101011110000000000001000101001101111011111101111000000000000101010101111111101111111111100000000000000001010000000000000101011100000000000000000001000000000000010101111
-7853443910123877978,20,join,1000000000000000010011111101100011111111101100000000000001011001000000000000010110111101100010001101101101010000000011011011111110001001110110110001000000001101101101011000000011011111111111111111111111111111101011111111111111111011111111111011010110001000110110111101100011111111101111011000101111111011110110001001110110110000000000001101000000000000000001001011110110001000111110000000000000000101
9093735290960389508,20,join,1010001001001001110111111010011110011101001000100100100110011011001001001001110110111010010010011101111111111111101111110000001000000000000011111011111110011111111110101111100111110000001001000001100110111010011110011101101110100101100111010000001001001001100111111111111111111111111110111111101111110000001000000001000100000010000000011001001000100100100111011111101001111001111100000000000000000001
3505882875833513025,20,join,1001000000000000000011111011111111111111101110101111111001110001000000000000000010011000000000000101111111111111111111111001101001001100011110011011111111101111100110101110111001111001000001000000010110011010011011100111100110101111111001111001100001001100011110010000010001000101100110100100111001111001101111111111111110011010111111101111100100000000000001011001100001000100011110010000000000000001
6954188077019970610,20,join,1000100000000000001011101000110000111111001010000000000000001111100011000011111100001000000000000000111111001101011111111111111111010111111111111001110100111111101010001100000101101010100001000001011011111111111111111111111110001101001111111111111111011111111111111000110101111111101010001100001111101000100000000001001010101000110000011110101010000000000101100000000000000000001010101000110000111111
9206028285288296518,20,join,1011000010011111110011111111111111111111001000000000000000000011000000000000000010111011100111111101101111111111111111111011001110011111110110110001100111111101001100001000111111001011101111011111111110110011101111111111001100000001111111000011000000001111110000110000000001010100001100000000011111000011000000000001010000110000000001011100001100000000000001001011001110011111111110110000100111111101
1438057157512644621,20,join,1000011000101001000111000110001011010011111001100010110100111111011000101101001111111110011111010111000001000000000100010000011000000001000111111111111111111111111101101111110101111111011001111101011100000100001000010001111101100011110101110000011000101001000110000110001011010011111111100111111111110000000000000001000011111110011111011111111101100010110101111000011000101001001100000000000000000001
-6189341365784409011,20,join,1000001100010011110111011111111111111111111111111111111111111001001100111111111110011011101111111111100101111011111111110000001100000000000100000001000000000001100100111011111111111001111111111111111110000011001111111111000000110001000000011000001100011111111100000011000101111101000000110001001111010000001100010001010100000011000100001101000000110001000001011000001100010111111100000000000000000001
-7929677521350070872,20,join,1000000000100000000011011111001111110010111111111011111111111001000100110100000010011001001101000010100101110011011100101001001100110111001010000001001000000000110111111011111100101111111111111111111100000000001000000000100000010011000000001001101100111111001010000001001101000000100100010011011000101001000100110101000011011111101111111010110111111011111111111001000100110100001011011111101111111011
3845977988018880853,20,join,1111111111111111111101111111011110110100001111110111101101000001011100100010010000011111011110110100000001110010001001000000001100100010010000000001001000100100011111111111101101000001011101111011010000000000001000100100000001110011001001000000011100111010010001111111111111110100000000000000001001000001011100111011010001111111111110111100000000000000000001000111111111111111111101111111111110111101
-2161075883364480855,20,join,1100110111001000101101001001110010001010111111111101110011111101111111011100101100001000000000000000010011011100100010111100111111001000101100001001110000001000000010001000000000000000100011000000100011011111111111101111110011111101110010110000100111001000101011001111110011001011110111111101111011111111111111111111111100001000100000001000110111111101110011110000100011000000101001001001110010001011
1923612898982950357,20,join,1000000000000000000111000000000010000001111111011101111111111101000011001100011111011000110111111111110111001101111111111101111111011111111111011101110111111111110000001000100000011100000011001000010111111111111111111111110100001101110111110000000000001000000111000000110011000111110100001101111111111100000011001101011111010000110011001111110000001000100001011100000011001000011100000000000000000001
-8289086137254163566,20,join,1110000100011011100001000000000000000000011000010001101110001111011100111011110111111111111111111111111001010001101111011110011100111011110101000001000110000000111101111011111111111111011111111111111111100101001110111101010000000001100000000100000000001000000011110111001111111111010000000001101000000100000100011011100001000000000110101000111000010001101111011110011100111011111111100001000110111001
7385036966467436617,20,join,1101011100010100111101000111000000000001111111111101111111110101011100000000000111011111110111101111000001110000000000010000001000000000000100000011000000000001110101111101111011111101011101010100111111111111111111111111010101110001000011011101011101011110111101010111000101001111110101110101011011111101111111011111111101000111000000001001010101110000000011010101011100010000111100000000000000000001
-1717712477695203896,20,join,1111111111100011111101000000000000101010011101000010001110100101010000100011101001111100001000111010010001000010001110100111111111100011111101111101101000111110011111001010001110100111110011100011111001000000001000101010111111111111001111111111111111111111111111111111111101111111000000000000001010100100000000000011101000000000000000001000011111001010001111100000000000000000001001111100111000111111
4268824058110696245,20,join,1101111011110110111101001110101101101110111111101111011011110101111010110110111100001110101100101100000001101011001011000000001010100000110011011111111101101111000000001000000010000101111011110110111100000000101000001000000000101011000011001111111111111110111100001110101101101110000000001010001010001111111111111111111100000000000000001000000000001010000011000000111010110010111001001110101101101111
8626823653355012125,20,join,1000100001100000000011101111011000000101101011110110000001011111111111100000010100001000011000000000100011000110000000011000111001100000000110001001011000000001111011111110000001010000000001000000000000000000001000000000111111111111100011011111111111101000110111111111111111001111111111111111111011111111111111111111111111111111111000001101100011110110000001011111111111111000111110001000011000000001
4482030679814600260,20,join,1010010101010010001011111111111110111111001001000101001000001011111111111011111110101111111110111010000001000100001000001010011101010010101000100101010100100010101001111101001110100000000001000000000010100111111110111010000001000101001000001010011111011011101011111111111111111111000000000100001000001010011101010011101000100101010100101010101011111111101111100010010001010010001010101111111110111111
45649870747895671,20,join,1000001110111110110111000011101111101101111111111111111111111101111111111111111110001011101111101111110011111111111111110000001100101100100000000001000000000000000000011010110010001000101111111110111100000001001011001000000000111011110011000000000100001100100000000000000001000000000000111011111011001100101110111111111100000001000000001000000000111010110011000000001110111110111000000011101111101101
1962080608184136197,20,join,1100110011111101101101001100011110001011111011111111111111111111111111111111111100001100011010000001000001000000100000001100111011111101101111001111111111011111010011001111110110110000010001101000000100000100001010000001000011000111100000110000000000001000000001001100011111011011110011111111111111110100110001111001101100001100011110001011110011101111110111110000110001101000001100000100000010000001
895084339486076582,20,join,1011110100010110110011111111011101111110001100010000001011000001000000000010010000111101000101101100001101010001011011001011111101110111111000010001000000101100111111111111111111111011110101010110110010111101011101101100001100010001011011001111111101111111111000110001000001101100000000000000001000001011110101110111110000000000000000001000000000000000001001001011110101110111111011111111011111111111
111652184051704197,20,join,1011110111101111111111111111111111111111001000000000101001000011000111001010110000111101111010111101001101011110101011001011111111111111111100100001000010100100001000011100101001000010000001001010010000100001111010101100001111011111111111110000000000001000010000111101111011111101000000000000101001000011010111101011110000100001110010101100000000000000000001000011110111101111111100110101111010101101
-3618331572711861755,20,join,1000000010001010010111111111111111111111001000011000101001011011001110101010011110111111111111110111101101111011101101111010001110101010010100000001000010100100000000001000101001011011011111111011011110100001101010100101101100111011101001110000000000001000010010110111111111110111000000000000101001001011001110111011011110110111111111111111000000000000000001001010000110101010011100000000000010100101
-8605070881342318058,20,join,1110010101110111111101100001011001010100001000010110010001001111111101110111111111101101011101111111011001010110010101111110111101110111111100000001011000000100111111111111111111110000000001000000000000000000011000000000011001010111011111111111111101111111111100000000011001000100011001010110011111110010000101100101010001100001011001011111000000000110000001000110000101100101011001100001011001010111
-1554617384448336593,20,join,1010101110111111111111111011101111111111001010111010010111011011101110111111111100001000100001000100111111111111111111110000101010000101010000001011100001011101000000001000000000001011101111111111111100001011101001011101001010111011010111010010101110111101111100000000100001000000001010111011111111110000000010000001000000001010100001011101000000001000010001000010101110110101111100000000100001000101
-7349521081355623614,20,join,1111111011011101100101111110110111011000001000000000000000000011110011000101100000101100110001010000000001000000000000000011111011010101100011111111111111111111001001001100010100000010010001000000000011111110111111011111001111001101010110000011111011011101100000100100010001010000111111101111111111110000010000000001000000100100110001011000111111101101110111111111111011011101101101111110110111011001
-1490623347518299024,20,join,1111111110111111101101000000000000010000011100100001010100010101001000010101000101111110101111110001011101100001010100010100001000010001000101111111101111111011011101101001111100011111111111111111101101110110001111010001000000000001000100000111011000011101000101000010000101010001011100100001011100010000000000000001000001111110101111111011111111111111111111110111111010111111001100000000000100010001
1328294957401167489,20,join,1111111111111111111101000100000010010100011001000000100101010111110101111011111101101100001010010101000001000000100101000111111101111011111101101101011010010111011111111111111111110110010001101001010101100100001010010101011011010111101111110000000000001000000001111111011111111111011011010110101111110000000000001001010001101101011010011111000000000000100001000110010001101001011101000100000010010101
2958089080942742076,20,join,1000110000100010001011001101101001101010111111111111111111111101111111111111111100001000000000000000000011000000001000001100111111111111111110001101001000100010100011001010001010101100110111110111111100001100001000100010110011011011011011101100110111111111111110001101101001101010000010000000001000001100110110110111111110001100001000101010110011011010011011100000110000000010001011001101101101101111
4150302022072462615,20,join,1010000100000001000011110001101011010101001000000000000000000011000100000001000011111001101011010101111111111111111111111111101110101101010100100001000000000000101100011010000101001111101111101101111110110001001000010000111110111011110111111011000110101101010110110001101001010100111110111111111111110010000100000001000011111011101011011101101100010010000101001111101110101101111110110001101000010101
4422273921133216872,20,join,1100111011011111101001001010000000000000111111111111111111111101111011011111101000001000000000000000010011101001001110000000001000000000000011001111110111111010010010101000000000000100111011010011100011011111111111111010010010101001000110000100111011011111101001001110110101111000010010101001001110000100101010000001000001001010000000001000110111111111111111100100111011010111101011011111111111111111
-4367711319925742752,20,join,1111100101000101101101100001010000010000001000010100000000000111000101000101100101111001010001011011111111110111111111111111101101111111111100000001010000000000111111111111111111110000000001000000000011111001011011011011111110010111111110111111100101001101101101100001010001010001111110010110111110110010000101000001000001100001010000011001111110010100110111110111000101000101101101100001010000010001
2593240796438840880,20,join,1010011111100111111111100111111001111111001001101110010111111111111111111111111111101111111111111111000001101110010111110000001000000000001000100111111001111111000000101110010111110000001001000101111100000010011001011111111001111111011111111110011111111111111100000010000001000011001001101110011111110000001000000101101100000010000001001011000000100000010111110000000000000000001000000010000000000011
-6957433468144089557,20,join,1011111011101001111011111110111010111111001000000000000000000011010000000001101000111110111010011110001001000000000000000011011000000001101011111111111111111111001101101110100111100011011001100001111000110110001000011110111111101111101111110011011001101001111011111110111111111111001111101110101111110010010000000001101000100100000000001000001101100000000111100010010000000000101000110110011010011111
-5927734929209125133,20,join,1010011110100001011111100111111111111111001000111000000100111111111111111111111111101111111111111111001001111010000100110000001010000000001100000001100000000011000000001000000000111010011111100001111100100011101000010011101001111111100111111010011111101001111110100111111111111111101001111110001111110000000110000001001100100111101000011111001001111010000101110000000000000000001000000000000000000011
6312619055909411247,20,join,1000000000000000000011000110101101111101111001111011011111011101011110110111110111111111111111111111100001101011011111011000001010110111110111000111101101111101100000001011010111011111011111110111111110000000001101011000100000000001000110001111011111111111111110000000000101011000100000000011011111011000000000000001000010000000000000011000100000000011010111011111011110110111111110000000000100011001
-8511507890872249650,20,join,1111111101111111111101110000010010100011001000000000100000000011000000001000000001111000010010110111011111000100101101110111111001001011011101111111011111111111111111111111111111110011000001001000001101111110011010110111011111100111111111110000000000001000000001111110011011111111001100000100101000110111000001001011011101111110010010111111011100000100101001110011000000001000001000110000000010000011
-4351371743039307981,20,join,1000000000000000000011011100100000110101111111111011111101111001110010000011000110001000000000000000100011001000001100011101111010010111010111011111101101110101100010001000000100001111111111111111011111011110101101110101110111001001011101011101111110111111011111011100100001110101100010001000001100001000100000000001000011111111111111111111100011001000001101011101111110110111011110001000000000000001
-3234552373229892447,20,join,1111111111111111111101011110011010000111011111111111111011110001100000101000010100001000001000000100000011000010100001010001111001101000011101011111111111101111010111101111111011110001110001101000011100000000001000000100010111100111111011110000000000001000010001011110011011000111000111000110101001110111111111111111111101011110011011001111000000000000000001000001100000101000011100001000001010000101
7848293324739321349,20,join,1000100000001010000111011101111111111111101111001111101111111001100000001010001100001000000010100001100111000101101111111111111111111111111110011101111111111111100111001101101111111001100001001010001110011100111110111111100110000001101010110000000000001010000110011100111111111111000000000000001000001001100001011011111110011000000010101011100110000001101011111000100000001010001100000000000000100001
-160956741979888993,20,join,1111111100101110111001011010000011100110011110110010111001100001000000001000000000001000000010000000011111110010111011100001101000001110011001011011001011100110111111111111111011100111111101101110111000011010001011100110011111110111111011100000000000001000000000011000000011000000000110000000111000101111111111111111111001111011001011101110000110000000111001100001100000001100001011111111111111111111
3608397101702689899,20,join,1000100000010000000011011111101111011111111111111011110111111001101000111000010100001000000000000000100111100011100001011000101000111000010110011111101110011111100111101011100001111111111111111101111110001000001110000101000010000001000000001000100000011000000010011111101111011111111111111111111111111001101000111001011110011110101110001111100010000001100001001001101000111000011110001000000110000101
9041092975573914799,20,join,1000100000000000000011001000010101101000111010101111011011101101101011110110111000001000000000000000111111101111011111101100101011110110111011111111111111111111110010001101011010101000100001010110100011001000111101101110100010000001000000001111111011111111111110001000000101101000100010000001001010001111101011110111111010001000000100001000110010001101011011101000100001010110101011111110111101111111
-856775541446362269,20,join,1000110011000001001011111111111111111111101111101100110111111001110011000001011000001000100000000000000011001100000100101001111011000001011010111111110011011111000000001000000000000000000001000000000010111111111111111111101111111101111111111001111011001001111110011110110011011111100111101100111111110000100011000001001010011110110000011110100011001100000101100000100011000000001010011110110000011111
2312550965769922544,20,join,1111111011011111111101110110010011011101001000000100010101010011011001001101110101111110110011011101001001000100110101010010011001001101010101111111110011111101011101101100110111010000000001000000000011111111111111111111011111101101110111010010000001001101010100000000010001000000011111101100111111010000000001000101010100100100010011011101000000000100010001000111111011011111111100000000000000000001
-8203517461477218558,20,join,1010111111101011011111111111111111111111001000000100001000110011111111101011011100101100111010110111000001000100001100110010111011101011011100101111111010110111001001001110101101110000000001000010000100100000011000100011101011111111101101110010010001101011011110111111111111111111000000000000001000010000000001000011000110111111111110111111000001000100001101110000000001000010001100000000000000000001
2143496878321803087,20,join,1000000001000000010011110011010100010111101100110101000001101001001001010000011011111111110110111111111101110101101101111000001001000000010010000011010100000100111100111101100101110000000001000000010011110111011110110111100000100101000001001111001101011001011111111111111111111111111100110101101101111011001101010001011111110111110110111111000000000000000001001000001001010000011010110011010100000111
496330694361921006,20,join,1111111111111111111101000000111001000100011110111111011101010101001111110111010101001011111001100101011111111111011101010100001111100100010101000001111001000100000000001100010000000000000001000100000000000000111001000100010000111111011101010111111111111111110100000000000001000000010000111110011001010100001111100111010101111111111101111101000000001100010001000111111111110111111101000001111001000101
-8424620205275790869,20,join,1110110111101110001101100100111000000011001001001110000000111111111111111111011101101101111010100011000001001110000000111110111111101110011101100101111010000011000000001110000000110000000001100000000000000000001000000000111011111111111001110110010011101000001101101101111011100011011001011110101000111110111111101111011111111111111111111111111011011110111001110000000001100000001000000000011000000011
5853469914699414791,20,join,1010100000000111011111101010000001110111001010000000011100111111101100111111111100001000000000110001111111111111111111111010101000000111011111101011001111111111111110111111111111111111101101111111111111101010001111111111111010100001011101111110101000011111011100001000000001110001000000000000001100010000000000000001000111101010000111111111001010000000011101110000100000000111001100000000000000000001
3677262421863999862,20,join,1010110111010000000111101111110110010001001000000000000000001111111111011011000100001000100000000000001011011001000000001010111111010000000100001001100100000000000000001000000000000010110111010000000011111111111110111111000010001001000000001010111111011001000111111111111111111111101011111101101100011010111111010001000111111111110110111011111111111101101101011111111111011011001100101101110100000001
3284654950186050439,20,join,1001001110011001110111011011111111011111111110111111110111110001001110011001110110011011100110011101111111111111111111110000001110011001100100000001100010011001000000001000000110001001001111011001110110011011111111011111000000011001100110010000000010001001100110010011100111011101111110111111111111110000000000000001000000000000000000011000000000111001100111011001001111011101111100000000000000011001
-1277634052626342874,20,join,1111111111111111111101000101000010001010011001010000100010100111010101101000101001111101011010001010000001000000000000000111111101111000101000000101000010001010011111111111100111110110010101001000101001000101001010001010011101010111100010100000010000001000001001111111111111011111011111111111101111110111111101111001111000000100000010001010011111110111100011100000000000000000001001111111011110011111
-5393059900082892598,20,join,1110100100100010010101101001000000000100001010010000000001001111111100101011111100001001000000000000111011010010101011011110111100101011111100000001000000000000111111111111101111111110110101111011111100101001001000000100111011010011101111111110100100101010110111111111111111111111011010010010001001001110110100101011111111101001001000101101000010010000000001001110110100101010111101101001001000100101
2449825919986267818,20,join,1001111001001101000111111111110111111111101111111101111111010001100000000101000000001000000000000000000111000100110100000001101001001101000110011111110011110101100111101100110101010001100001000101000011111111111111111111100111111101111111010001100001001101000000001000000001000000100111101100111101010000100000000101000010011111110011111101100111100100110101011011111111011111111100011000010011010001
-3608213433146464463,20,join,1111011111111101111101110111111111010111001101110111100100100001000001000000001011111111111111111111000101000110000000100001011101101001001000010101011000010010001101111111110100100000000001000000001000010000011000000010000101110111100100100001010101101001001000110111011111010010111101111111111111110001010001100001001001110111111111011111001101111111110101110000000000000000001000110111111111010011
-5323842542311599169,20,join,1011011000011111111111110110101111111111001101100001011101110001010000010111001111111111111111111111000001000001011100110001011000010111001111110111111111111111101101101011111111111111011011111111111110110110001111111111000000000001010000100011011000011111111100000000000001000000000000000001011000110000000000010111001100110110000101111111000101100001011101110000000000000000001000000000000101000011
-3988678486389341476,20,join,1011000000100010010101110000001000100101001000000000000000000011000000100010010111111111111111111111111101010011011001011111011100110111011111110001001000100101111101111111011111111111010101110111011100100000001000100101111100010011001001011111011111111111111111110001001101100101000000000000001000001111010100110111011111110101011101111111001000000000000001001111010100110110011100100000000000100101
4483142117639554434,20,join,1000100100101000110111111111111111111111101111111111111111111001111111111011111100001001001010001101100011111111101111111000101100101001111100000001001010001101100010111111100111111000101101111001111100000000001000001000100010110011100111110000000000001000000010001111111111111111100010111111101111111000100100101001111100000000000000001000000000000010100011011000100100101000111100000000001010001001
4743266956412794898,20,join,1010101101101101101011111111011011111111001000000100000000001011101101101101101000101000010000000010101111110110111111100010101101100101001000101001011000010010111111111111111111110000000001000000000000101000011000000010111111110111111111110010101101101101101000101001011001010010101010110110111111100010000001000001000000101011011001011010101010110110110111100000000001000000001010111111011011111111
-152453810806239105,20,join,1000000000000000000011101110110011111101101011101100111111011111111111111111111110001000110010101100100011001100101011001000111011001111110010001111110011111111100000001100000000001000000001000000000011101111111111111111101011101101111111111000000011001000010010001100110011101100100000001100101011001000110011001111110010000000110010001100100000000100000001001000111011001111111110001110110011111101
-1220436983498739697,20,join,1100100110110100010101000000000000000001111111011111110101110101100111110100010101001000100100000001110111011111110101110101101111110101010101001001101101000101000000001001000000010100100011110100010101001000101101000001000000000001000000011101100111111101011101001000100101000001111111111111111111110101100111110101010111111111111111011111010010001011010001011101100111110101011100000000000000000001
-1857940875108694880,20,join,1111111111111111111101000000001000010010011000100010000100100111111100100011111101101111001000111111011001100010000100100100001000100001001001100111001000010010011011111010001111110111111111100011111100000000001000000010011111111111011111110111111111111111111101111111001001111111011001110010001100100000000000000001000001100111001000111110011001110010001101100000000000000000001001100111001000111111
1441413968581958729,20,join,1110010010111111101101000000000000000000011001000010000000001111011011111111111111111111111111111111010001000010000000001110011011111111101111110111111111111111011001001010010000100110010011111111101101000000001000000000011001001011110000100110010010101100001001100100001001000010011001001011111010110110010010111111101101100100101011001010011001001111111111110110010000100000001001100100101111000011
3558511724420866820,20,join,1111111111111111111101000000000000000001011000100000100010010111111101011000100101101011010110001001011011110101100010010100001000001000100101100011010110001001011111111111100010110110001001011000100101111111011110001011011000100001100010010100000000001000100101111111111111001011011111111111111010110111111111111111111101000000000000001001011111111111111011110111111101011000101100000000000000000001
7212416745234821923,20,join,1111111111111111111101000000001000000100011101100111111001100101001001110010010001111110111111111111010101100111101001000100001000110000010001111111111111111111011101101111111011100100001001110000010000000000001000000100000000000011000001000101001001111010010001010110011111100110010000100111001001000111011011111111111101110110011111101110000000000000000001000101011001111010011001110110111111101111
7796233599709503215,20,join,1000000000000000000011011001101101111110101110011011011111101001000010000010100010011001101101111110111111111011011111111111101110110111111010010001101101111110100000001000000000001111111111111111111110010000101101111010100100001001011110101111101110111111111110010000100001101010000000000000001000001001000010000111101010000000100000101000100100001011011111101001000010000010101011111011101101111111
5064990994057993677,20,join,1111111101111011101101001101000100000000011011010101000000000111110101010011000100001000000000000000000011010000000000000111111101010011101100000001000000000000111111111111101110110000110101010000000001111101011100111011000011010001000000000111111101111011101101111111010101111011000011010000001000000110110101010011000001111101010100111001111111111111111111110111110101010011101101101101010100110001
-3521629973628355373,20,join,1101011101101011100101000000000000001000111101110111101110010101010100100010100011111111011110111011010001000000001010000101011100101010100001000101001000101000111111111111101110110101011101101011100001000000001000001000110101110111101110010101010100101010100011111111111111111011010000000000001010000101011100101011100000000000000000001000111111111111111111111101011101101011101101010111011010111001
-2625754758635877479,20,join,1010111111110011110011101111111100111110001011010010001010001111111111110111111100001000001000000000000001000010001010000010111111110010110000001001001000001000001011011111001011000010110101110010100000000000001000000000000001000011001010001111111111111111111111101111111101111110000000000010001010000010111111110011110000000000001000001000001011010111001011001010111111110011111010101111111100111111
400427314832419897,20,join,1000000010001101000011001000100011010100111011111110111111111111111111101111111110001000100011010000110011001110110101001100111011101101010011001111111011111110000000001000000000001100100011101101010011001000101011010100111111111111111111110000000010001100000000000000100001000000110011101110111111100000000000000001000011001110111011011100100010001000110101001100111011101101011011001111111011111111
2205918302382462279,20,join,1011101111100101111111111011111011011111001000000110000101010011100001100101011100101000011001010111111111111111111111110011101011100101111100111011111001011111001110001110010111110000000001000000010000000000011000000100101110111111110111111011101111101101111100100000011001010111111110111111111111110000000001000001010100111000011001011111000000000000000001000010000001100001011100000000010000000101
4676262592412076670,20,join,1111111111111111111101001100100011111010011011101110111111100111111011101111111100001100100011110000000001001000111100000100111010101111101001111111111111111111000000001000001100000100111011101111101001001100101011111010011111101111111111110000000010001011000000000000100011110000000000000000001100000000000000000001000000001100100011111000010011101110111111100000110010001111101001001110111011111111
8714723162503872875,20,join,1000000000000000001011111111111111111111101011111111101111111011111111111111111110001000001010001010100011110110101011111000101000101000101010001011011010101111100011111111101111111000101001101010101110000000001010000010100011110111101011111000000000001000001010101111111111111111100010100010101010111000111101111011111110000000000010001010100010100110101011110000000000000000001010001010001010001011
-7501318287793568266,20,join,1101010010111111101001000000000000000000111101001111111110110101010000101111101011111100111111111011010001000010010110101111111111111111111111111101111111111011010001001010111110101101010011111111101001000000001000001000010101001011111110100100010000101101101001000000001001001010010001000010111110100100000000000001000001000000000000001000111111011111111111110100000000100000101001010100001011111011
4073010590270742691,20,join,1111000100000010000001010001000000100000011100010000001000000001000100000010000011111111111111111111111101011101111111011111001111011111111100000001000000000000111100011100111110011111000101000011100111110111111111111111111100011101111111011111000101001111100111110001010001111001000000000000001000001111000100000011000011110001000000101000111100011100111111011111000111011111111111110001000000111001
-7633584035759873307,20,join,1111111111111111111101100011010100100101001000000000000000000111011101011010010101111111010110100101011001110101101001010010001101010010010100100001010100100101011111111101101011110000000001000000000001111111011110101111001000000101001000000110001101011010010101111111110111101111000000000100001000000111111111111111111101111111010110101101001000000101001001010111111101011010111100000000010000000001
-1428775283274937842,20,join,1000000010000000000011001110111111011110111011101111111111101111111111111111111110001110111111011110100001101111010101101000001010000001000011101111111111111111000000001000000000001000000011000001000010000010111101010100100000001101000101001000011011111101011010000010110101010100110011101111111111101000000010000001000010000110111111011110100000001100000101001000001011110101011011001110111111111111
404112351042417080,20,join,1111101111101110011001000001100011000000011100111000111000000101001110001100000001111011101011100110111111111110111111110100001110001100000000000001100001000000000000001000000000000111101111101110011001110011101011100110111111111111111111110000000110001100000000000000100001000000010100111000111000001111101111101111011111111011111011111111011100111000111001000111001110001110011011111011111011100111
-448090722846477314,20,join,1111111111111111111101111000001100100110001100000011001000100001000000110000001000111000001100100110011111000011111001100111111000111110111001111111011111101111011111111111111111110111111001111110111100000000001000000000000000000011000000100111100000111010011001111000001111100110000000000011001000100111111001111111111101111100001111101110001100000011001001100000000000100000001001111110001111101111
-1296400333806448734,20,join,1111001111011100111101110011110111001111001000100000000000100001001000010000001011111111111111111111111101111111111111110000001000000000001000110011100101001110001100101001010011100011001111011100111111110011111111101111000000100001000000100011001110011100111100100010000001001010111100111101111011111111001111111111111100100010000000001010001100100001000011100000000000000000001000110010100101001111
7035715291278162958,20,join,1000000011001010000011110010110111101010101000101100101000001011001011001010000011111110111111101110111101101101111010101000001011001010000011111111111111111111000000001000000000000000000011000010000011110110111111101010101100101101101000100000000010001010000010110010110011100010000000001000001000001111111011111111111110110010110111101010111101101111111011101011001011001010001011110110111111101011
4312709654083495903,20,join,1011101110010111010111111111111101111101001100001001000000000001000010000000000000011000100000000000101111111001011101010011101110010011010100111001100100100001000000001000000000001011111111110111110110111111101101110101000100001001000000001111111111111111111100111011100101110101001110001001001000010011100110010011010110111111101101111101001110011001001001011111111111110111111100111000100100000001
-6218876552917889050,20,join,1111011111111100111101110111111011001111001100110110100011100001001101101000111001111111111011001111001101111110110011110000001000000000000000000011010000000100001100111110100011100000001001000000010000000011011000001110011101111111110011110000001101101000111000110011111011001111111101111111111011111111111111111111111100000011010000001100000000000000000001000000001101000000011000110011011010001111
-4875736160824223962,20,join,1100111111010111101101000110010000000001111011111111111110111111111111111111101101001111110001111011000001100100000000010000001001000000000101000111110000000011010001101100000000010000000001000000000011001111111111111011010001111101011110111100111111011111101101000111110001001011010001111100011110110100011111000101101101000110110000001001111111111111111111110100011011000000001100000000010000000001
-7193954137404615401,20,join,1100000000010011000101000000000000100001111111111111111111111101001111010011001111011011111110110111110111111111111101111100001101010011001111000001010100110001110000011101001100111100000001010011000111010011111110110111010000000001001100011101001111011011001111011011111111110111000000000000001000000100000000000011000111011111111111111111110000010101001101111100000101010011001100000000000000000001
2989246452730894097,20,join,1101110111101111111101001100101000100000111111011111111111110101110010100011100100001000000000000000000011001010001000001111111111111111111101011101101000111001000000001000000000000101110111101111111100001000101000100000010111011111111111110101110110101111100101011101101001111001000010001000001000000100110010100011100101001100101000101000010111011010111111110101110110101111101101001100101000101001
-5142025838326876381,20,join,1110101111011110110101101011110111101101001010011100101001001111111111011111111100001001100010100100111011111101111111110010101111011010110000000001100000100000000000001000000000000000100111001010010011111111111111111111001010011101101011000000000110001010010000101011110111101101000000001000001000001110101111011111111100101001110010101100000000011000001001000010101111011110111100101011110110101101
-7234108593255507848,20,join,1100111111111111111101001011011101101100111011111111111111111111111111111111111100001010000000000000010011110111111011110000001000000000000000001011011100101100010011111111111111110000001001100000000000000010001000000000000010100111000011000100101101111110111100001010011101001100000010100111001011000100111101111111111100001010011000001000000010100110000011000100101101110110111101001011011101101101
-9217525283867838597,20,join,1111111111011011111101111011010110111111001100110101101101110001001101010011011100111011010110110111001111110101101111110000001101010011011100000001000000100000011110111101101111110000000101000010001011111111111111111111000000010101001000110000000101011011011111111111110111111111000000000000001000000000000101010011001100111011010110111111000000010101001101110000000100000010001000000001010000100011
-5516412634995535157,20,join,1011000010001010101111111111111111111111001100000000000000010001000000000000000010111111111110111111101101001110101010111011011011111010101110110111111110101111001100001000000000010011000011000010101110110000101010101011101101001111101010110011000010001010101110111111111111111111001100001000001000011011011111111011111100110000100000101001101101001111101011110011000010000010101100010000000000000001
-5074580708489475437,20,join,1011011000110000100011110110111111011011001000000000000000000011000000100000100011111110111111111011001101000010000010000011011000110000100011110111111111111011101101101111110110111011011001111001101000100000001000001000001101000011000010001011011000111001101010110110011111011011111101101111111110111011011000110001100000100000000000001000111111111111111111111011011000110001101010110110011110011011
7538295849846039910,20,join,1111111111111111111101101111111011111111001000000000000100000111111111111111111100101110111001111011001001100110011110110010001001100111101100101111111011111111001001101110011110110010000001000111101100100000011001111011011011111111111111110010111011101111111100100000000001110010001000000000001100100000000000000001000000100000000001111011001011101110011111110000000000000001001000100000000001110011
8748261399800341341,20,join,1010101011111011111101101010111110111111001000101111000100001111111111111111111100101010111100010000011011101111101111110000001010000000000001101111111110111111000000001000000000000000001011000000000000000010111100010000000000101101000000000010101011111011010100101010111111110101001010101111001101010000001011010001000000101010111100011101001010101111000101000010101011111011111100101010111100010101
-583664995708622065,20,join,1000000000001000101011111111111111111111101000000011100110111001000000111001101110111011111111111111101111111111111111111011001011111011101110110011111111111111100000001111100110111000000001111001101110000000001110011010100000000001100010100000000000001000101010110010111111111111101100001111101110111000000000011001101000000000000000001000101100101111101111110000000000000000101010000000001110011011
3945781822523280559,20,join,1100011110111111110101000000000000000100111111111111111111111101011111111111111111001111111111111111010001111011111111010100001000000010010001000011001001101100010000111010111111011100011111111111111101000010001000100100010000111011111111010100001100101110110001000010000001101100010000000000001001000100001100101111110001000010000000101100000000000000000001001100011110111111111101000011001011111101
-5005197334146706917,20,join,1000000001000000000011000000010000011010111010101110011111111111101011101111111111001000110001111111111011101110111111111100101011000111111111111111111011111111110000001100000110100000000001000000000011001010111001111111111111111111111111111110101011101111111111000000010001011010110000001100011110111000000001000001100000000000010000001000110000001100000111101000000001000001101011000000010001011011
6789887737921871669,20,join,1010010110010111111011101101110101111111001001000000001000001111111111011111111110101101110101111110000001000000001000001110111111010111111100100101000000100010001001011000001000101010010111010111111011111111111111111111001001011001011010101110111111011111111100100101100001100010000000000000001000000010010110010111111000100101100000101010001001011001011011100000010000000010001010101101110101111111
-4385492157840087311,20,join,1111111111111101111101101011101011001011001000001000000000010111111110101100101100101010100000000001011011111010110010110010001010000000000100101011101000000001000000001000000000000111111111101101101100101010101000000001011111111111110110110010101110101000000100101011101011001001111111111111111111110111111110101101101100101011101010001001011111111111110111110010101110101100101100000000100000000001
-3396490719719989884,20,join,1111110011001111111101101000110011111111001000001100111011110111110011001111111100101000110011101111001011001100111011111111111111111111111101111101111011111111000000001100111011110000000001001000000101111100111011111111111111001111111111110000000000001000000000000000010011101111000000000100101010110010100011001111111100000000010010001001000000000100101011110000000001001000101100000000000010000001
-1623586658774660418,20,join,1000010100010000000111010111110110011111111111111111111111111001010100010000000111011111110110011111000001000001000000001001011101010000000100000101000100000000100101111101000111110000010001010000000011011111111111011111000000000001000000001001011111011001111111011111110111011111110111111111111111111001011101010001100110010111010100001001100101110101000111011001011101010001111100000101000100000001
47479098167413474,20,join,1000100111101101101011111111111111011111101110011111110111101001100111111101111000001000100010000000101111111111110111111011101111111101111000001001110011011010000000001000000000000000000011001000000000001001111011011010100010011111110111100000000010001000000000001000100011000000111111111111111111110000100011001101100000001000110011001000000010011110110111100000100011001101101010111011111111011111
6288904445997989922,20,join,1111111110101111111101111101101010100011001110010010000000000001100100100000000000001001001000000000001111010010000000000111111110101010001100000001000000000000001111011010000000001111111111111111111100000001001000000000111111111011111111110011110110101000001000111101101011100010001111011010101000100111111110101111011101111111101011111111011111111010111001110011110110100000001000111101101010100011
4382314376706124431,20,join,1111000000000001001101000000000000000000011000000000000100100111000000000001001111111011111101011111111111111111011111110111001000000001001111110011100101011011111100101001010110111111001011110101111111110010101101011111111100100001010110111111111111111111111111110010000001011011111110111111011111110100000000000001001001110010000000011011111100101001010111110100000000000000001001000000000000010011
7486375492043258861,20,join,1000010000010000000011111111101111111111101111110011111111111001010000010000000010011100000100000001000001000000000000001001111000111001110110011111001111111111101111111011111111111111111111111111111110011100001110000001000001000001000000001001110000011000000110011110001111111111100111000011101110011001110000111001100110011100000100001001100111000011100111011001111000111011111110010100000100000001
-3552549863167733674,20,join,1111111111111111111101101110111011011101001001001100100101010111111111111111111100101110111011011101000001000100100100010000011011001001010101101111111011011101000001001100100101010000000001001001000100000110111010010101011011101111110111010000000000001001000100100100110011010101011011101110111111110000000000000001000000100110111011011101000001000100100101010110111011101101111100000000000000000001
8524349044291485398,20,join,1111000000110000000101110000001100000001001100000011000000010001000000100000000111111000001100001001111111101111111111111111101011111010101111111111111111111111111110001011101010011111100011111010100100000000001000000001000100000011000000011111100000111010100111111010111111111011111100000011001010011111100011111011101111110000001100001001111110101111111111111111100011111010101100000000000000000001
4418221145042129353,20,join,1110001111010001110001000000000000010000011000110101000111001111101111111011111111101011111100011100111111111111111111110000001000000001000001000011010100011100011000111101000111000100000001000001010011100011111100011100010000100101000111001110101111111001110011111011111111111111111010111111101111000000000000000001000001000010000000011100010000000000000101001110101111111001111011101011111110111101
-5899510836042803953,20,join,1100011110100100011001000101001001000110111111111110111001111101111110100110011011001111101001000110000001000000010001100100011100100100011000000101000001000110010001111010010001101101111111100110011100000101001001000110111111111111111001111101111111101110011100000000000001000110110011111010011001101111111111111111111111111111111111101111000000000000000001100000000000000000001011011111101001100111
952656802948562665,20,join,1011011011000001110111110111110000011111001000000000000000000011000000000000100111111111110010011111001101000000000010010011011001000001110110110111110000011101001101101100000111010011010001000001110111111111111011111111111111111111111111111111011111001001111111111111110011111111111111111100101111110011010000000001100100100000000000001001001101000000000111011011011111000001111100100000000000000001
-7523993601358025548,20,join,1110001110110001011001000000000000000000011000010010000001101111101111111001111111101011101100010110111111111111101111110110001100100001011001000001001000000110011000111011000101101110101111110001111001000000001000000100010000010011000001101110101111111001111011111111111111111111111010111111101111100110000100100001011011101011101100011110010000000000000001000100000000100000011011101011111100011111
4997500856222426422,20,join,1100111110101010101101001111000010100011111011111010101010111111111111111011111100001111000000100011000001000000000000000000011000000010000100000111000000100011010011111010101010111110111111101010101101001111001010100011111011111111101111110000111100001010001111111111111111111111000001000000001000001110111111101011111101001111001010101011111011111110101011110000011000000010001100000100000000100001
-2107958366950998538,20,join,1111001101111001111101010011010010000111001100110100100101110001000001001000010111111011111110011111111111111111111111110001001101001000011100000001010010000101111100111111100111110000000001001000010001110011011110010111001100110101100101110000000000001000000011111011111111111111111110111111101111110001001101001001011100110011010110011111000000000000000001000001000001001000011100000000010010000101
-262020439970522351,20,join,1001101000011111101111111111010111111011101110100001111110110001100000000010100000001000000000000000101111100001111110110001101000010111100100011011000111111011111111111101111110111011101101011111101111111111111111111111000110000001011110010001101000011111100100011000000001111000000010000000001000000001100000000011100000001000000000101000111111111101111111110001101000011111101100011000000000111001
-2617762705466199141,20,join,1110101010011110001001001010000111000010011010100001111000101111101111111110011000001010000010000000111111111111111101110000001000000000000011101011110111100010010010101001111000101110101011011110001011101011111111100110000010100001110000100000001000001000000000000010000011000010010010100001111000101111101111111111011111111111111111111111111010111101111001100000001000001000001011111011111111100111
6699046268908847457,20,join,1000010000000100111111111110101111111111101101001000010011111001010010000100111110111100101011101111000001000000000000001011011010101110111111111111101111111111000001001000000001111111111111111111111110110100101001101111101111101011111111111011010010101110111100000100000001000111101101001000011011111011110010101111111100000100000001001111000001000000000001010000010000000000011100000100000000000001
-3360010506990111169,20,join,1010100101110010111011111101111111111111001010000101000011001011110111110111111000001000010000001000101011010111001011101111111111111111111100101001011100001100101011011111001111100000000001000000000000101000011100001100000010000101000010001010110101111011111010101101111101111110001010010111001011001010110101110011111000000000000000001000000010000101000011000010100101110010111010111101111111111111
-4937401810028490637,20,join,1101101110011011100101010010000010100001111110111011111111010001000000001000000101011010000010110001111111111011111111010001001000001010000101011011000110111001010110111001101110011111111111111111111111011011101110111101010110100001101100010000000000001000000011011011100111111101000100000000101000010101001000001011000101011010000010111001110110111001101111011111111110111111111100000000000010000001
-9153247896418561853,20,join,1101100010100110100101000000000000000000111111101011111110010101000000000000000001011000000000001001110111101011111110011101101010110110100111111111111111111101010110001000010010011111111011111111100101011000101001101001110110001011011010011101101010111110100101011000000001001001010110001000011010011101101010111111100101010000000000001001111111101111111111011111111111111111111100000000000000000001
-3311602146368375527,20,join,1100101001010111010001001010010101110100111110101101011101001101101011010111010000001010010101110100111111101101011101000000001000000000000011111111111111111101110010101101011101000000001001000000000011111010111111110101000000100101011101001111101011011111010000000010010001110100000000100000001001000000001001000011010011111110111111111101000000000000000001001111111111111111111111111010110111110101
-1504466051180813269,20,join,1101011111111111111001000101101001110010111111111111111111110101010110100111001011011111111111111110000001000000000000100101011111111111111000000101001001110010000001011010011100100101010111110111111000000100001001110010010101011011011111100101010111111111111000000100000001010010000001000000011100100000010000000001001001010101101001111010010101011010011111100000000000000000001011011111111111111111
7811646361364703982,20,join,1111111001110100010101111110011101000001001101000010010000000001010000100100000000111110001001000000000001000010010000000011011000100100000011111111111101001101111111101111010011010011011001110100000100000000001001000000001101100011010000001111111111111111111100000000000001000000111111111111011111111111111111110101111111111110011101001101001101100111010001011111111111110100111100110110001001000001
1499413494198392242,20,join,1111010111101001000101100000001000000000001000000000000000000111010111101001000011111111111011011111011001000110000100001111011111101001101101100001111000010000011000001110000100000110000001100000000000100000001000000000111111111111110111110110010111101001000011110111111011011111111111111111111111110110000001100001000011110101111010011001111101011110100111011111010111101001001101110101111010010001
-3954255263938454631,20,join,1000001010101000100111010110111111111101111101101111111111011001001011101000110111111111111111111101100101101111101111010000001000000000100011110111111111111101000000101010100010011000001011101000100100000010001010001001100100101111101111010000000000001000000010010110111111111101100100101110101011011001001011101011110100000000000000001000100000101110100011011111111111111111111100000010000010001001
5385924682039464700,20,join,1000011000010100010011110111010101101111101001110001010011111001011100010100110011111111010111101111000001100001010001000000001000000100010010000111000101000100111111111101111011111011011101010110111111111111111111111111000000100001010001001111011101011110111100000000000001000100100101110001011011101111111111011111111110000111000101001100000000000000000001001000011100010100111010000111000101001111
-8273699758206852501,20,join,1111111111111111111101000010111001110011011000101110011100110111101011111111101101101010111001110011011111101111111110110000001000000000001001111111111111111011000000101000010100110000001011100111001100000010101001110011011010101111111110110110101011101111001100000010000001010011000000101000011100110000001000000001001001101010111011111011011111111111111111110000000000000000001000000010000000010011
2606000160880255079,20,join,1100000010110001110101000000000000000001111111001011011111111101010010110011111111011100101100111111110001001011001111111111111110110111111111111101101101111111010000001010000000011111111111110111111100000000001000000001010000001011000000011111111111111111111111011100101101111111110000001011001111110100000010110001110101000000101100001001010000001011000011010100000010110001111100000000000000000001
-6893070006012209382,20,join,1001000000010000100011111011111101111111101110111111011111110001000000010000100010011010001101001010111111111111011111111001001000010000100010011011011101011111100110101111010111111001101001110101111110010000001100001010000000000001000000001111111111111111111110010010001101001010100110111111011111111001101000110101111000000000000100001000100110100011010011100000000000000000001010011010001101011111
-6514868907460184762,20,join,1010010100001010110011101101110111111101001001000000001001001111110111111111111110101101010110111101000001000000000001001111111111111111111100100101000010100100101011011101111111011010010101001011110111101101111111111111101001010101101111010000010000001010010010101101010111111101000001000000001001000010010100001011110000100101000010101100000000000000000001001010110101011011111110100101000010101101
-6534801718698042121,20,join,1110111101011101010101000101010100000101011011010101110001011111111101011101010100001101010100000101000001010100000001010110111101011100010100000001010000000101111111111111111111110000000001000000010111111111011111111111000001010101000001010100110101011100010101001101010101000101111111110101111111110110110101011101010111111111010111011111000000000000000001001111111101011101011100000000000000000101
-5917124072292685640,20,join,1000000000100000000011101010011000011100101000000010000000001111111101101111110110101010011000001100111011110110111111011010001000100000010011101011011010111100111111111110111111011010001001100000110000000000001000000000111111111111111111011010101001101011110011101011011011111101101010100110001111001010101001100001110010100000001000001100101000000010000001001111111111111111111111101011011010111101
-1094017134105163087,20,join,1011111111111111111111111111111111111111001101001011010001100001010010100100011000111100111101111110000001001000010001100011111111111111111100110101111101111111000000001000000001000011010011110100011000000100101001000110000101001011010001100011110011111111111100000000100001000110001101001111011111100011010011110101111000110100111101001110000000000000000001000000000010000000011000110100111101111111
3862136385915344795,20,join,1000001010000101000011000010100001010000111000101010010100001111011110110111110111111111111111111101111001111011011111010000001000000000000011100011101101110001000000101000010100001111011111110111110111000010101001010000111000101011011100001110011110111111110100000010000001000000111000101010011100000000001000000101000011100011101101111101111000111011011101011111111111111111111111100010101101110001
4171682414078556055,20,join,1000010101011110111011101101010111111110101011010101111011101111111101111111111010001101010111101110000001010100100001001110111101011111111000000001000010000100111111111111111111110000000101001000010011101111011111111110000001010101101011100000000000001000010000000101010111101110000000010100101001001000110101011111111000000101010010101100000000000000000001000000000101001010011011111111011111111111
-5912205896981308139,20,join,1010000010100101100011101011111011111011001000000000000000001111111111111111111110101011111001111011111011111110111111111010001010100101100010100011101001011001001000001010000010001010001111100101100100100000001000000000111011111111111111111010101111101111101100100000101001011000101000111110011110110010000010100001100000100000000000001000101010111110111111111010001111100101101110100010101001011001
-6824011557896541056,20,join,1000111101001110111111001111110011111111111111111110111111111001111111001111111100001011010010101000000001010100101000000000001101001010000000000001000000100000100011111100111011110000000101001010000011001111111011111111111111111111111111110000000000001010000000001111010011101111000000000000001000001000111111001111111100000011010010101000000010110100101011000000111101001010111000001111010010101111
4068808511251021006,20,join,1111110110111110111101010100000110100001011101010011101001010001010000000000000001111101001111101111000001000000000000001111111110111110111101010101001110100001011111011011111011111111111111111111111101010100001110100001000101000001000000000001010000011010000101010101001111100111000000000000001000001111110110111111111101110101001111101111010101010011101001010101010100111010011100010100000100100001
8877547410097602488,20,join,1111111110111111111101001010100000000100011110111010000011110101101010100000010000001000000000000000011111111011001011110000101000000000000001011011101000001111000010101000000001001111111111111111111101001010101000000100011110111011001011110111111110111111111101111111101101101111011110111010001011110111111110110111111101011010101000001110000010000000000001000101101010100000011001011010101000000111
3295504276988885548,20,join,1100111010001000001001001100000000000010111011101001101100101111111011011011111000001100000000000010000001000000000000100100111010001000001011111111111111111110010011001000000000101110111011011011101011111110111111111110110011101001100100100100110010001000001011111110110111111110110011101001101100101100111010001001001011101110100110111010111011101101101111100000000000000000001011111111111111111111
-5479922589837115504,20,join,1000101001000101111011001011110111111110101010111101111111101111111111111111111100001000010001010010111011111101111111100000101001000101111010001011010001011110100010111100110111100000000001000101001011101111111111111111100010111101111111101000101101001101111000000000000001000000100010110100111111100000000000000001000000001000010001011010000010000100010111100000000000000100001010101011110111111111
-2631713849698075919,20,join,1100011110001001000101000100000010000000111111111001110101111101111110011101011111001111100010010101000001000000100000000100011000001000000001000111000010010001010001101000100100001111111111111111111111111111101111110111110011111001110101110000000000001000000011001111100011010111111111111001111101110100011000001001000011111111101111111111110001111000100101011100111110001001011101000110000010010001
-3372252419858375327,20,join,1100001110001000000001000011000000000000111000111010100000001111111111111011111011101111111110111110111001111010100000000000001100000000000000000001000000000000010000111000100000001110011111101011111011000011101010000000111001111011101110100000000000001000000011111111111111111110111000111010101000001110001110101011100011100011101010101000111001111010101111101110011110101011101011111111111111111111
-1754150203423142405,20,join,1001000001011001000011010110011111111110101101100111111111110001000001001000000010011110011111111110100101000101110100000001001001011001000011111111111111111111100111101111111111100000000001000000000010010110011111110010000100000101100000000000000001001000000010010000010111010000100101100101111100000001000001011001000010010110011111111110100101100111111101101001011001011111001010010110011111111111
2715893482595981457,20,join,1111111011010101001101110110110101010011001001000000000000000011010000000000000001111110110101010011000001000000000000000011011001010101000111111111111111111111001101001101010000010011010001000000000011111110111111110111001101000101010000001111111011011101011100000100000001000000111111101101111101110011010001010101000011111110111111111111111111101101010101110011011011010101001100110100010101000001
6972043493876822391,20,join,1110111111011111111101000000010000001001011001111101111111011111111111011111111101101111110111111101010001000100000110010100011111011111110101000101010011011101010001011101111111010000000001000000100111111111111111111111010001010101111111010100010001001101110101000100010001011001010001010100111111010000000001000001100100000000000000001001010001000100000111010110011111011111111100000000000000000001
7643183500754534645,20,join,1011101111100101011111111111111111111111001010010000000101000011101100100001011100001001000000010100101111111111111111110010101100000001011100000001000000010100001110111010010101110011101111100101011100101011001000010111101110111111111111111011101111101111111100111011001001010111101110111110011111110000000000000001000010111011111001011111000000000000000001000010100100000001011000101001000000010101
-1250671730220925015,20,join,1101101110111111111101000011101110111111111111111011111111110101001110111011111101011011101110111111110111111011111111110000001000100001001100000011101000011011000000101010000100111111111111111111111100000000001000000000000000111011000110110000001110111011111101011011101111111111000000111011001111110000000000000001000000000010101000011011000000101010000111110000000000100001001100000000001000010001
6494365038188154891,20,join,1001000000100111110111010000001001111101001101000010011111010001000000100011110111111101101111111101000101000010011111011111111111111111111111110101001111111101111101011011111111011111010111111111110100000000001000111101001101000011011111011111010000111111110100010000001001111101000000000000001001000000000000000011110100000000000000101101000000000000000001001111110110111111111100000000000000100101
8385552499348442602,20,join,1111110111111111111101111101111111111111001111001010011100110001000000000001000000011100000001010000000001000000000100001111111111111111111100111101111001111111000111001000010100000011110011100111101100010000001000010000001111011111111111110011110111101111111100010000000001010000000111001010011100110000000000000001000000111100101001111011001111001110011111110001110010100101001000011100101001010011
-8118850156361177215,20,join,1001011101101111111111010111011011111111111101110110111111110001001101101111111111111111111111111111000101110110111111110000001101001111010000000001000000000000111101111111111111110000000101001101000000000011011011111111111101110111111111110000000100001100000000000001000001000000000000010000111100000000000100001101000000000001010011111100000000010100111101000000001101001111111000000011010011111111
4018097158063860048,20,join,1101111010101101011101011010101000010111111111101011110101110001101010100001011100001010101000000011000111101010000101110000001010100000001111111111111111111111000000001000000000001111111011111111011100000000101000000011010111101011110101110101101010101001011101011110101011010111010111101011111101110000101010100001001111111110111111111111000010101010000101110000000010000000001000000000100000000011
-4282868081726756346,20,join,1110111110011111011001000100000000010000011001011001111101001111111111111111111101101101100111110100000001000000000000000110111110011111011001000101100001110100010001001000011100001110111111111111111111101111101111110110010001011001111101000100010110001111010001000100000001110000010001000000001100000000010000000001000011101111101111111111010001001000011101000110110110011111011011101111101111110111
8784214027340057421,20,join,1110100101111111010101100000011010100101001000000010000001001111110111111111010101101001011111110101111011010111111101011111111111111111111101100001011111110101111011011111111101010000000001000000000000000000001000000000011000000111111001010010000001101010010100100000011011100101001000000110001001010110000001111111010111111101111111111111000000000010000001001111110111111111011100100000001000000101
5365249455320156361,20,join,1111111101101111111101100000001011010110001000000000110001100111001000101111011101111111011011111111011101110110111111110110001000101111011101110011001011111111111111111110111111110111001101101111111100100000001011000110111111111111111111110000000000001000011000000000000001000110001000000010111101100010000000101101011001110010001011111111000000000000000001000000000000000000011001100000001011110111
6953137515479407265,20,join,1000010001000000110111111111111111111111101001010101000111011011111101011011111110101101010110011101000001000100000011011010111101011001110110000101010100011101101111111111111111110000000001000000110110111111011111111111100001000101000111011010010101011001110110111111010111111111101011110101101111011000010001000001110100000000000000001101000000000000000001001010111101011011111100000000000000000001
-8383877000982764728,20,join,1000110001000001110011001100110000011100111011111101000111011111111111011011111100001100010000011100000001000100000110001100111011010001110111001111110100011101100011001100000111000000000001000001100011111111111111111111000001000101000110001110111111011001110111101111110111011111111011111101101111010000000000000001100000000000000000001000000000000100000111001110111111011001111110001100110000011101
-6066099182967990415,20,join,1001011111100101000011111111111111110111101111111110110101000001000000000000000010011111111001010000000101111110010000000001001101100100000000010001000000000000000100111110010000000001000001100000000000010000001000000000101111111111110101011001011111101101010000010000011001000000101111111111111101110001011111100101000011111111111111111111100101111110010101001011111111111101011110111111111011010101
5404408943671679617,20,join,1000011100111100000011000111011111001100111001110111111011001111111111111110111111101111111111101111000001000000000000000000011100010000000000000101000100000000111001111111111011101000011101111100110000000111001101000000000000000001000000000000011100111100000000000111000101000000110001110111111011001111111111111111111110000111001111001000100001110011110011001110011101111110111011100111011111101111
-9000257848495295543,20,join,1101000001001101100001010000010000011000111111101110110110010001000001000001100011011100010011011000010101000100110110001101111001001101100011111111111011111011110111101100110110000000000001000001000011011110111011011000111111111111111110110101000001001101100001010000010001011000111111101110111110110000000000000001000000000000010000011000111111111111111111111111111011101101101111011110110011011001
-5769225759308887745,20,join,1100000101010010110101000001010000001101111011011111111111111111111111111111111111001101111111111111110001010101001111111110111111111111111100000001000000000100110000011101101111110000000101000000110011000101111111111111010000010101001011011100000101011011111111000001110111111111010000010100001011011100000101010011110100000001000000001100000000000000000001001100000101010011111100000001010000001101
8603911159373896148,20,join,1111101110111111111101010000101111111111011110111011111111110001000010111111111101011000101111111111111111111011111111110101101010111111111101011001101111111111000000001011111110111111111111111111111100000000001001000001000000000011010010010000000000111111101100000000000001000001000000000011011010010000000000110101100100000000001001001001000000001011111111110000000000110111101100000000000000000001
8776296327747949971,20,join,1001000000110100100011111111111111111111101100111111010110000001000000000000100010111011111101111111101111111111111111111001001011110100100010010011111101001000100100001011010010001001000011110100100000010000001000001000000100000011000010001011001111111111111100010000001101001000101100111111011110101001001111110101100000000000000000001000101100111111011111111011001111110101101010110011111101111011
7944703234452283335,20,join,1001101110010111101111111111101111111111101111111011011110110001000000000100000100011011100101111011100111111001011110110001001010000100000100010011100101110011000100001000010000011111111111111111111110011111101101111011000100101001011000011011111110111111101100000000000001000001000100101000011000010001001010010111001100010011100101111011101111111011111111110001001010010110001100000000000000000001
-7872084303430574821,20,join,1110101110010011111101101011100100111111001010111001001111111111111111111111111100001000000000000000111011111001001111110000101110010011101100001001000100001000000010011001000010001110101111011011111111101011111110111111000000000001000000000110101110011011111111101111111111111111000010011001001010010000100110010011100100001000000000001000000010111001001111110000100110010011101100001001100100001001
5387574630739622769,20,join,1111111111111111111101010101001001101101011111111111111111110001000100100100110001011101001001101101000101010010011011000101111100110110111100000001000000000000010111111011111111110101111111111111111100000001001000000100010111010011011011010101111100111110111100000001001001001100000100010010011011000101111100110111111100000001001000001100000000010000000001000101110100110110111100010101001001101101
3113091669205949784,20,join,1111111111111111111101010111110010101010011101111100101010100001011111001010001001111111111111111111000001010000001000000000011100000010000000000001000000000000000001111100001000100000011101000010001001110111111111111111011101111101101110110000011111001010001001110111110111111111000000010000001000000111011111001011101000010111110010101010011101111100101111110000011100000010001001110111110010111011
-2759498100174464606,20,join,1011011001100010101111110110011000101011001101000100001010100001000000000010101011111110111111111111000101000000001010100011011001100010101011111111111111111111111101101111001110110001010001000010101000110100011000101010111101100111001110111111011011111011111111110110111111111111000000000000001010101111011001100011101100000000000000001000111101100111001111110000000000000000101000110110011000101011
-1937349707788736452,20,join,1101010110101110111101010101001001101111111111111111111111110001000000100000111011011101111111101111000101000010000011111101111111111111111100010101001000101111000101001010010011111101010111101110111100000000001000000110110101011011111011110101010110101110111100010100001001001111000101000010001011111101110111111111111100000000001000001110000000000000000001100000000000000000001000000000001000001111
-5452092515300740828,20,join,1000000011000000000111111111111111111111101111111111111111111001111111111101111110001110111111010111100001101111110101111000001011101101001110001111111111010111000000001100000000010000000001000000000010000000111011010011100000101111110101111000000011001101001100000000000001000001100111111111111111111000000011000001000110001111111111011111100000101110110101111000000011000001001100000000000000000001
1608782381213204487,20,join,1110010010111011110101100100001000111101001001000010001110010111010010111011110111111111111111111111000001000010001000001111011010111111110111110111111111111101011001001011101111011111011011111111110100000000001000000000011001000011101111010110010000101011110111110100101111111101000000000000001000000000010000100011100100000100001000101001000001000010001111011111011111111111111100000100001000100001
4370909267353484514,20,join,1000000000000100000011001001000101000100111111011111111111111101110110011101011110001001000001000000100011010001010001001111111111111111111110000001000001000000100011011001010001111101110111111111111111011101101111111111100010010001010001001000110110011100011100000000000001000000110111011001111111111100110110011101011111011101100111011111100000010000010001001000110100010100011110001101000101000101
172843472533241747,20,join,1000001100000100100011000011000001001001111011110001111110111111111111111111111111001011000101101001110011110001011010010000001100000000100000000001000000000000111011111111111111111110111101011111101111101111001111111011110000110001010010011100111100011110100100000011000001001000110000110001011010011100111100011111100100000000000000001000111011110011111111111100111100011111101110000011000001001001
6437818101153586803,20,join,1111111001010001111101010100000100000011011101000001000010110001010000010000000101011100000100011011000001000001000000010101111000010001101111111111011110011111111111111111100111110111111001010001111111111110011110011111000000000001000000010111111001011001111111111111111111011111111111111111111111110101010000010001101101010100000100001011010111100001000111110001010000010000001100000000000000000001
2852643317096981436,20,join,1000000110000000000111011111110101101101111111111101011111111001001111010110010110011011110101100101100111111101011011011000001111000110000100000001000000000001000000011000000000011000000111000110000111111111111111111111100000111101011001011101111111011111111100000001100001100001000000011000001000011101111111010111110110010011110101101101100000111100011001011101111111010111111100000000000000000001
3579655922146779354,20,join,1110011011000110111101000100100001101101011001001000011011011111111111000111111111101111110001111111000001000000001010010100011010000110111111100111110001111111000001001000001011010100010011000110110111111111111111111111111111111101011111111111111111011111111100000100000001101101000000000000001000011110011011000111111100000000000000001001000001000000001011010100010010000110111100000000000000000001
8743482562691004130,20,join,1110011011101100111101000000010000001100011000000100000011000111011011101100111111101110111111001111011001000110110011110110011011101100111111111111111111111111011001001110110011110000000001000000010001100000011011001101111001101111110011110110000001001000110001100000010011001100111111101111111111111110111011111101111100000000010000001100000000000000000001000110000001001100111101100000010011001101
-3584044192426237023,20,join,1111111111111111111101010011101111111111011111111111111111110001000110010111110001011111111111111111000101111011111111110001001110010111110000000001100001111000000000001000001100000001011111111111111100010011101101111110000000001001011110000001001110111111111100000000100001110000000000000000001100000000000000000001000000000000100001111000000000000000001101000001001110010111111000010011101101111111
-550317650824109854,20,join,1100101110100111111101001001101001111111111111111111011111111101101110100111111100001000100001011010110111111111011111110100101110100111111100001001100001111010000000001000010010001101101111100111111100001001101001111111110110111111011111111111111111111111111100000000000001000000000010001000011110100000000000000101100000000000000001001000000010011000011111100000000000000101101000001001100001111111
-190216161178034795,20,join,1110111111111011011001000000001000100000011010111111101001001111111111111011011101001011111100100000011011111111101001000100001001110010000001000011111100100000010000101111001000000100000001100010000000000000001000000000010000000111001000000100101111111010000011111111111111110111000000000000001000000110111111111011010011111111111111111111010010111111001001000110111111111011011011101111111110110111
-854963509738628644,20,join,1010000001100000001011110010111100111010001000000100000000001011001001100000101011111111111111111111111101111111011111111010001001100000101011110011111100111010101000101110000010100000000001000000000000100000011000000000101100101111001110101111001111111111111111110011111101111111101100101110001110101010001001100001101000100000011000001010111100111111001111100010000001100000001011110011111100111111
4793474971779135072,20,join,1110101011001111111101001010110011111111011010101100111111111111101011001111111100001000000000000000111111111111111111110000101000000010000111111011111111111111000010101000001010010000101011001110101111111010111111111111111110101101111111110000101010001010101100001010100001101011000000000000001000000000101011001111111100001010000000101001000010101100111011110000101010000010101100001000000000100001
-2232709863611520827,20,join,1000011000011000001011100111011110001010001001100000100000101111011111111000101011111111111111111110000001000000000000000000001000000000000010100111011110001010111001111111100010101000011001011000001010100110011110001010000001100001100000100000000000001000000011110111111111001010111101111111111111101111011111111101111010000110010110001010111101111111110011100000011000001000001011111111111111111111
7374261674547399531,20,join,1000001000100000100111110111101111011111101100111011110111111001001100100000100111111111111111111111101101111011110111110000001000000000000110000011001000001001100100111011010011111111011111111111111100000010001000001001100100110011000010011001001110111101111110010011001101001001101100111011111111111001001110110101111100000010000000001001100100110011010011011001001100110100111100000000000000000001
7294846355969237168,20,join,1111011101111111101001000011001101000010011000110011011100100111001100111111001011111111111111111010011101110111111110100000001000000100001000000011000001000010111101111111111110100111001101111111001000000011001001000010000000110011010000100110001100111111001000000000000001000000010000110011011100100100001100110101001001110011001111111010111111111111111111110000000000000000001011111111111111111011
3670969543250203943,20,join,1110111010111100111001100110101011001100001000001010110011001111111011111100111001101110101111001100001001101010110011000010001010101100110011111111111111111111000000001010110011000010001011101100110000000000001011000100011001101011110011000000000000001000000000000000000011000100111111101111111011101111111011111111111000000000001011001100000000000000000001000110011010111100111011111110111111001111
213205169282224062,20,join,1101011111111111111001010011001111111110111111111111111111110001000100001000001011011111111111111111010101110111111111100001001100001000001000000001000000000000010101111111111111100001001101101111111000010011001011111110000100110011111111100000000000001000000000010011000011001010000100110000101111100001001100001001111000010011000010001010000100110000100011100000000100001000001011010111111111111111
2004117541933082455,20,join,1000000100000100001011111011111001111111101000110000010010101011001100000100111010111011011001111111111111111111111111110000001100000100001000000001000001000010101110111110011111111011001101000101111010110011011001111111111110111111011111111111101111111111111100000000000001000000101100110100011111101010001100000101111010000011000001001010101000110000010011100000000000000100001010110011010001111111
871806509114019647,20,join,1001101111101111111111111111111111111111001110000110111111110001100001001100000000001000010000000000100111111111111111110001101011101111111100011001111011111111000110001110111111110000000001000000000000011000011011111111100110111111111111110000100001001000000000001000010011000000000110000100111111110001100001001101010000011000010011011100000010000100100001000001100001001101111000011000010011011111
6924795195593700240,20,join,1111011111111111111001000010001100001000011000100011000010000111001000110010100011111111111111111111011101101011101010000000001000110000100001110111101110111000011100101011101010000111011111111011101000000000001000000000000000000001000000000110001000111010100001110111111111111010011000100011001010000111011010111011100000000000001100001000011101111111111111100111011110111011101011110111111111111111
6721063508349712121,20,join,1000000000100000010011001000011010010101111110011110100101111001100001101001011110001000011010000101111111011111111101111111111111111111011111011001111010010111100110001110100101110000000001101000010000000000001000000100111110011111101101110000000000101000010011111001111111110111111110011110101101111000100001101001010111111111111111111111000000000000000001001000100001101000011100000000011010000101
3418564636241921067,20,join,1111110101111011110101101100000100110101001010000001001101010111110000010011010100001000000000000000001011000001001101011111111111111011110101111101001100111101111111011111101111010111110101110011110101111100001100111101000010000001001001000111110101111011110111111111111111111111000010000000001000000000100000010011010101111100000100111101000010000000001001000111110101110011111100001000000100100101
1647146637614948471,20,join,1000000000010000000011100000000100010000101000000001000000001111000000010101100011111110110111111111111101101101111110101111001010010111101011111111111111111111111100001001010110001111001011010111101011111110111111111111000000000001000000001111001011011111101010100000000101011000111100000001011110101010000000010001000010100000000100011000111101101101111111111010000000010101101011110110110111111011
-6001482148375641289,20,join,1000010000101011000111110111101111111111101101101010111111011001011010101011110111111111111111111111000001000010000100001000011000101011110110110111101111111101100001001010101111011111011111111111111100000000001000000000101101101011111111010000010000101001000110010110101011111101000001000010101100010000000000100001000010000100001010111001100001000010101111011011011110111111111100000100001000010001
-1607679548824402039,20,join,1100100011100100011001001000101001000110111110011110011011111101100011100100111000001000101001000110111111111111011111111111101111100111111111011001111001101110000000001000010001100100100011100100011000000000101001000110111110111111011111111111111111111111111100000000000001000000110110001110011011101111100111100111111111001000111001001110000000000000010001000000000000000100011011011001111001101111
-2045641689377240106,20,join,1111110111110010111001010000001000101000011100000010001010000001000000000000000001111101001000101110011101010010001011101111111111110010111001110001001000101000011111011011001011100111110101110010111000000000001000000000011111010011001011100111110110111010111011111111111111111111000100000010001000001111111111111011111000010000001000101000011100010010001011000111000100100010111011111111111100101111
-7175941392807114404,20,join,1111111111111111111101101000101110010110001000000001000000100111101011111101011100101000001110010010011111101111111111110010101000111001011001111011111111111111001010001011100101100110101011111101011100100000001110010010000000000001000000000000000000001000000001101010101111010111011110101111111101110010000000011001001001111010111111111111001010000011100101100000000000010000001001101010101110010111
8772976432415355476,20,join,1001111101011111010111011111011111110111111111110111111111110001011100010110010100011111010101110101000001100001000001010000001000000000010000000111000100000101111111111111111111110001011101010110010100011111011111110101000000100001000001010001111101011111010100000111000101100101000001110001001001010000011100010111010111011111011111111111000000000000000001000001111101111111011100000010000000000101
-3516535650954643580,20,join,1000110001010001100011111101011101111000101011010111000110001011110101110101100000001100010100011000000001000001000010001111111111111111111110001101010100011000111111011111111111110000000001010000100010001100011100011000000000000001000000001111110101111111111010101101011101011000101111010111011110000000010001010001100000000000000100001000111111010111011111101111110101110111101011111101011111111111
1363849637088386369,20,join,1100000100000100111101000000000000001000111010010101011111111111101111110111111111001001010101111111111111111111111111111110101111110111111101000001000000001110111010011111011111111100000101010100111111101001011101111111110000010001010011111110101111111111111101000001000001001110110000010101011111111100000100000101111100000000000000001000010000000000000011100100000000000000101001000001000000001111
-2864332270987315165,20,join,1101101101011001111001000000000010000010111111111111111111110101000101011000111001011011010110011110110111110111111111100101001101011001111000000001000000000000110111111111111111100100000101001000101011011011011110011110010000010101100010100000000000001000000011011011011111111110110110110101101111100101000101011001111001000001000010001010010000010101100011100000000000000000001011011111111111111111
494295390526813919,20,join,1100110011001000000001000000000000000000111111011111111111111101110111111111011101001100110010000000010001001100100000001111111111111111111111001101110011110010010000001000100000000100000011001000000011001101111011110110110011011111111101110100000000001000000011001100110011110000110011001100101100001100110011001001000011001101111111111111110011011100111101101100110011001111001011001101111011110111
-3695597459333051913,20,join,1110111110011110111101100000000000000010001000000000000000001111111111111111111101101111100111100111011001111001111001110110001000001010001001100011000011100110011000111001111001111110111111111111111111101111101111101111011000110001111001110110000000001010001001100000000011100010011000000000001000101110111110111111111101101111100111101111011000100000111001100000000000000000001001100011000011100111
-1269983595312998574,20,join,1111111111111111111101111101111111110101001000000000000000000011000000101001010000111101101111110101001101010011111101010111111111111111011100110001001111110100001101011011111101010011110111111111010100000000001000000100001100000011111101000010000000101001010000110000001011110100001100000010101101000010000000100001010001111111111111111111000000000000000001000111110111111111011100110001001111110101
-776206891306737366,20,join,1000001000000001100011011111111111111111111111111111111111111001111011110111111010001010101001111110100011101011011111100000001000000001100010011111111111111111100000101010001110001000111011110111111010000010001000011000100010101011011111101001111011111111111010000010101001111000000000000000001100000000000000000001000000000000000000011000100000101010011111001000001010100111111010011110111111111111
823169510388192144,20,join,1110001001110111111101000000010101000011011000100111011111111111111111111111111101101010011101111111011011100111011111110000001000000100001101101011011101111111111011101111011111110000000001010100001101000010011101111111000000000001000000001110111011111111111100000000000001000011010000100101011011110100001001010111111101000000010101001011010000000101010011110000000000000000001100000000000000000001
-519327484474361701,20,join,1000000000000000000011000000001001000001111110111110010100011001000000100101000111011011111001010001111111111111111111111101001100100101000110010001001001010001110100111010010100011101001111100101000110000000001000000001111110111111111110111111101111101111100110000000001001000001111110111110011110011000000000100101000111111011111001011001111110111110111111111111101111101111101110000000000000000001
1790448971870143593,20,join,1011111111101011011111111111111011110111001000010000000001010011000111100010010100111111111000100111001101111110001001110011001111100010011100000001000000000001001000011110000001010010000101000000010100100001011000000101111111111111111101110011111111101010011110111111111011110111001000011110001001010011111111101011011111111111111111111111000000010000000001010011000111100010011100000000000000000001
8573930363246441909,20,join,1110111111111111111101100001011100111111001000010011000110001111111111111111111101101101111100111111011001010111001111110110111111111011111100000001000000000000011001011111001111110010000101110011100000000001001000000000000000010001000000000110010111111011111101101111111111111111001000010011001110000000000100010001000000000001001100011000001000010111001111010010000101110011111100100001011100111001
3591149864716682626,20,join,1100000001001111110101000000000010011001111000000100111111011111111111111111111111101111111111111111111001001100111111011110011111111111111111100101110111111111111000001100111111010100000001001101100111100101111111111111111001001101111111110000000000001000000101000000000011011001010000000100111111010000000000001001000100000000000000001000010000000100110111011110010011001111111100000000000000000001
2639126605548686270,20,join,1011101111011110011111111111111111111111001110111101111001110001001000000100001000011011110111100011101111111101111001110000001000000000000000010011000001000010000100111101110000110001001101011100001110111111111111100111000100110001110000110001001100001100001000000010000001000010000100111101111000111011111111111111111110111111111111101111000110111101111001110000001000000000001000000010000000000011
786275225653035339,20,join,1111111011110110011101001010100100100010011111101011001001110101101010010010001100001010000100100000010111101011001000110000001000000000000011111111111111111111000010101001001000100111111011110010011101011010101100100011000000100001001000001111111011111111011101111110111101100111000000000000001000001111111011110111011111111110111111111111010111101011001001110000101000010010001001001010100100100011
6742435557650662273,20,join,1010010010011010011111110111111111101111001000001000000001111011010010011010011111111111111111111111001001001001100001111011011110111110111110110101101110101111000000001000000000111011010111111110111110110100101110101111001000001001100001110010000010001000011110110101101111101111001001001001101001111011010111111111111110110100100110101111000000000000000001000000000000000000001000000000000000000011
6145075123095797856,20,join,1001010010001011100011111100111110111111101101001100101110100001000000001011000010111100110010111010000101001000101110001111111111111111111111111101111111111111000000001000101110001001010011001011101010111100111010111110101111001111101111100000000000001000000011111100111111111111000000000000101000000000000000001011000000000000000010111000101111001100101111100001010010001011101010111100111110111111
-1693740372216953848,20,join,1010111111110111011011101111111101110111001000001000000001001111111111110111011100101111111101110110001001111111011101000010001111110011010000100001101100110100000000001000000001000010000111110011010000100000101000110100001000001011001101001111111111111111111100100011111101110100001000001000001101000010000010000001010011111111111101111111000000000000000001000010011111110111011000101111111101110111
-3145786214389020527,20,join,1000111010100111111111111111111111111111101011111011111111111011111111111111111100001110101001111111000001001000001101110000011010100111011110001111101101111111000000001000001101111010111111111111111100000100101001110111100011101011011111111000111110111111111100000100100001110111000000000000001001010000000000000001011100000110101001111111000000000000000001000000000000000000001000000000000000000101
-7032512900089321161,20,join,1100110100010100011001000000000000000000111011011001010101111111111111111111111101001101000101000110010001010001010001101110111110010111011101000001000100000000110011011001010101111110111111111111111111101111101111111111010000000001000000001110111110011111111101000001000101000110111011011001011101111100110100010101011011101111100101111111010000010001000001000100000100010000011011001101000101000111
4423553748871471515,20,join,1111001011011000101101100010110110001001001000000000000000000111001011011000100111111010110110001011111111111111101111110010001001001000100011110011110110001011001000101100100010000010000001001000100011111011111110001011001000101101100010010010000000001000100011111111111111111111111110111111101111111111101111111001111100100000000000001000111110111111100011110111001011011000101100100010110010001001
5241830126054040247,20,join,1010001101010010000011100011011101100100001000010100000000001111111111111110110111101111011101100100111001110111011001000010001101010010000000000001000000000000111011111111111011010000000001000000000010100011011100100000001000010101001000001110111101111110110010100011011101100000001000010100001000001111111111111111111111101111011101101100101000110111001001001110111111111110111111101111011111101101
5071606930821883685,20,join,1101100000000011000101000000000000010000111111111111111111110101000000000001000000001000000000100000110111100000001100011101101000000011000111011111100101111111110111101000001100011101111111111111111111011111101111111111110111101001011111111101111110011111111111011110100001111111000000000000001000000000000000000001000011011110100000111011110111101000001111111101111000000011001101011000000000110001
-7006708177968275020,20,join,1111110101101100111101111101011011001111001001000000100010100011010100001000101000111101011011001111000001000000100000001111111101101100111100100101000010001010111111111111110111110011010101001100111100110101011011001111111111110111110111110000000000001000000000110101000011001011111111111111111111111111111101101101111100000000000000001000001101010000110011110000010000001000101000110101000010001011
-3627563926993471532,20,join,1011000100110111000011110101111111111111001000000000011100000011000000000111000011111101111111111111101101010011111100011111111111111111111100110001001101110000101101011011111101011011010101111111111100110000001101110000001100000001011100001011000100111111000000000000000001110000000000000000001000000000000000000001000010110101001111111101101101010011111101011011010100111111111100110000001101110001
-5401711286069367315,20,join,1000100000100010000011111111111111111111101111101011101100111001111010111011001100001000001000100000100011000010001100011000111010100011001110111111111110110011100011001010001100111011111011111011001100000000001000000000100011101011001100111000111010111011001110111110111111111111000000000010001000000000000000100001000010111110111110111111101111101111101101111000110000100011001110001000001000110001
2733208737195530660,20,join,1100111101111111111101000000010000001000111111111111111111111101111111111111111101001000010100101001010011000111011111010100111001110111110101001001011101111101110011111111111111110000000001000000000001000000011100101001010000000101001010000100111001111111110101001000011101111001010000000100001010000100000001110011100100000000000000001000010010000111011111010100111101111111111101000000010100101001
-8379354948106422362,20,join,1001010000100001001111011100111101111111111111001111011111110001000000000001001010011100001000010011000101000010000100111001111011111111111111111111111111111111100111001111010110111001110001110001101100010000001000010011100111000011000100111001110011111111111110011100011101011011100111001111011110110000000000000001001010011100001000011011100111001111011111110000000000000000001000010000000000010011
124612435459318747,20,join,1011100010000000011011111111101110110111001000000000000000000011000000000000000000111000000000000110101111001000000001101011111010111011011010111111101110110111001100001000000001101111111111111011111110111100101000000110101111001001000001101011110010111011011011111111111111111111101111001011001001101011110010110011011011111111101110111111001100000000000001000011000000000000011010111110101110110111
5110103696978012753,20,join,1111111111111111111101111111110111111111001001000000100000100011111110011000101100101100000010000010000001000000100000100010111110011000101000101101100110001010001001001000100000100011111111011100101101111111111111111111001011001001100010100000000000001000000000111111100111001011001111111101111110110011111111011101101100101100100010001010001111111101111111110000000000001000001000101111100110001011
-568578163049877164,20,join,1011101011011111111111111011110111111111001110101101111111110001101011011111111100001010100000001011111111111111111111110000001000000000000010111011110111111111000000001000000000000000101011010110101111111011111111111111000010101001000010110000101010011110101100001010100101101011000010101001001010110000101011011111101100000010100000001011000010101101111111110000001010000000001100000010100000000001
-9155630456720039222,20,join,1110110100111110111001101001000110001110001000000001000010001111110100111110111000001000000100001000011011010011111011101111111111111111111100100001000100001010111111011111111011111111110101111110111101101001001110001110000000000001000000000010000100011000101001101001001111101110011010010011101011101111110101111111111100000000000100001000001000010001100011100010000000010000101011111101001111101111
1881138024463906956,20,join,1010001000011010001111100011001110100011001000100001101000111111101100111010101111101011001110101011111111111111111111110000001000011010001110100011000110100011111110111111111110111111101101111110101100100010001110100011000000000001001000010000000000011010001111111011001111101011000000000000001000011111101101111111101111100011001110101011111110110111111111110000000000000010001100000000000000000001
-1038093594641970078,20,join,1010001000101010000111110010001010101101001000100010101000011011001000101010110111111111111111101101111101111011111011010000001000101010000111110011001010101101101100101010111011011111011111111110110100000000001000000000111100111011111011010000000000001000000110110010001011101101000000000000001000001111011111111111110110100010001010101101101000100010101001011111111111111111111100000000000000000001
-7944661979991404316,20,join,1011111011111110111111111111111111111111001001100110110001010011011011101110011100111110111011101111000001000010000001000000011000101000010010111111111111111111000001101110100001010000011001101000010100000000001000000100001111101111111011110000010000101000010000000110011011000101000001101110111001010011111011111111111100110110111011101111000000000000000001000000011011101110011100000100001010000101
-8810553999918442268,20,join,1001010010111111101011010101111111111011111111011111111111110001010010101111001011011101111111111011000001001000101100101111111111111111111110010101101111111011000000001000100100101001010111111111101100000100101011110010000101001011111110100000000000001001001000000100100011110010000000001000101100100000000000000001000000010100101011111010110111011111111111110000000000000000001010010100101111111011
-3556023542329911738,20,join,1111111111110111111101111111111101111111001001000000000000000011010010000001000100111111110100110101000001000000000000000010011111010011000100100101110100110001001001001000000000010010010011000001000100111111111100110101001001001101001100011111111111111111111100111111111101111111001001001000001000010010010010000001000100111111111100111111001101111101001101010011111111110011011100000000000000000001
-4351896901197947493,20,join,1011000110011101101111111001100111011011001000011000100100110011000110001101101110111001100111011011111111111001111111111111101110011101101100000001000000000000000000011000000000001111111111011111111111111111111111111111001100011001110110110000000110001001000000000001100011010010111110111001111110110000000110000001000000000001100011011010111110111001110111110000000110001001001000000001100010010011
-219337518699214935,20,join,1100100110011001101001000000000000000000111110011011111110111101100110111111101101001001000110001010111111011111111111111111111111111111111101000001000000000000010010011001100110101111100111111111111111001001101111111011010000010001100000000100000100001000000011001001100111011010010010011001101110100100100100011001101001000001000110001000111110011011111111110100000100011000101011001001100111111011
5827434573006804644,20,join,1110011111111111110101100111110011101101001001111100111011010111011111011111110111111111111111111101000001111100111010010000001010000000100100000011110001101001000000001000000010010000001011000100100101100111111011101101011001111101111111010000001011001110100100000010100001001001000000101100011010010110011111001111110100000000000000001001000001111100111011011111111111111111111100000000000000000001
6056090154123175156,20,join,1111111000101110111101111110001010101111001111000010101011110001110000001000011000001000000000000000000011000000000001000001111000001010111111111111111111111111111111101111111111111111111001111111111100011100001010101111111111100011111111110000110000001000010001111110001011101111000111000000101011111111111000101111111100011100000010001111000000000000000001000000110000000000011000001100000000000101
-4809283526840972029,20,join,1000011010010010111011000111100100101110111001111001011011101111111111111111111111101111111111111111000001101000001011100000001000000000000000000111100100101110000000101000001000001110011111010110111011100111111111111111000001101001001011101110011111011110111011000111100101101110000000100000001000001110011111011111111100000010100000101000000000101000001011000000001010000010111011100111110111101111
2512575461133044348,20,join,1110000100011000011101100001000010000111001000000000000000101111101111111110011111101011111111100111111011111111111101111110001111011110011100100001000010000111011000011101100001110110000101011000011111100011111111100111011000010001100001110000000000001000011111100001110111000111111000011101111001111110001111111111011111111111111111111111000000000000000001000000000000000000001000000000000000000011
-1953176880309448409,20,join,1111101111111111111101011011111010011000011110111110111111100001000010000000100000011010101000011000111111111111111111110001001010000000100000011011111010011000000000001000000010000001101011100001100000010000101000011000011110111111111111100001101011101001100001011011111011011000000110111110101110000000000000000001000000000000000000001000010110111110110111100101101111101101101001111011111011111111
5266102648777632429,20,join,1111111111111111111101011111011010100101011111111111111111010001111101101010010100001100000000100101000001000000001000010000111101101010010100001101000000100101010111111111111101010000110101101010010100001101001010100101010111110111111101010000110100001010010101011111011011110101000000000000001000000101111101101011010101011111111111111101000001000000001001010111111111111111111100000000000000100001
6257849314821773031,20,join,1000101101111011110111111011111111111111101110111111111111111001101111111011110100001001000010001101111111111111111111110000101101101010110100000001000010001101000010111110101111010000100101101000110100001001001010001101000010110111101111010000000000001000010110011011111111111111000000010000101011010000101101101011110100000000000010001101000000000000000001001001101111111011111100000000000000000101
-5591496259776469316,20,join,1110000010000110001001100000100001000010001000001000010000101111000010000110001011111001111111110111111111011111111111111111111111111111111111110001100101110010000000001000000000101111000111010111011011110001111101110110111100001001011000101111000111111111011100000000000001000010011000001000011000101110000010000111001011110001111111111111111100011001011101100000000000000000001011110001111101110111
-5480537282794823439,20,join,1110111011001110011001101110110011100110001011001100101001101111111011001110011000001100110010100100000001001100101001000010111011001010011011111111111111100111000000001000000000000000000011000000000000101110111011100110111111101111111001110000000011001000010000101110110011100110000000001100101001001111111111111111111111111111111111101111000000001100000001000000110011001010011011111110110011100111
-1303563707513597996,20,join,1111111111111111111101010000100100101001011110001101101010010001000010010010100101011000110100101001011111001111101010010111111111111111111101111101111111101101000000001001001010010101000011010010100101111000111110101001000000000001001010010101100011011010100101111100111111101001000000000000001010010111110111111111111100000000000000001001011111001111111011010111110111111110111100000000000000000001
-1105690902837051927,20,join,1010010011110111100111110101111111111111001000000000000000000011010011010111000111111111111111111111001001001101011100011111011111111111111110110101111101111101001000001101011100010010000001000111000100100100111101110001001000000101011100011011010111111111111100100000000001110001001000000000001100000010000000000001000000100100110101111001101101001111011111011011010111110111111100100000000000110001
-6680107475089488114,20,join,1000000000000000000011000000000010000010111000000000100000101111111001111111111111101000000010000010111011100010110000101110101000101000001011111111111111111111111111101111111111111110111001101100001011000000001010000010111011100111110000111000000000001000001011000000001011000010111011100111111001111110111001111111111111101110011111101111111011100111110001111000000000000000001011101110011011000011
-6611006812225778336,20,join,1000111101011111111111011111010111111111111111110101111111110001101101001111101100001011010011111011000011110100111111110000001000001100100100000011010011111011111111111101111111110000001001001101101111111111111111111111000011110101111111110000000000001000000000000000000011001001000000100100111110110000001000001101100100000000000010001001000010110100111111110000001000001101101100000000000000000001
-2966678057339431531,20,join,1111111111111111111101000000010000000010011000000100000000100111011111010111011101111111110101110111011001000100010000100110011001000101001001100111010001010110011001111101010101100000000001000000000001111111111101110111011001110101010101100111111111111111011101100000010001000010011001111101011101110110010001000101001001111111111101111111011001100100010101100000000000000000001001100111110101010111
-5695523921554705034,20,join,1111101111111111111101100001001011010110001000000010110001100111100100101101011001101001001011010110111111111111111111110111101110101111011000100001001011000110011110011010111101100111101111111111111100000000001001000110011110111011111101100000000000101100011000000000000001000000011110010010111101100010000100101101011001111001101011111111000000000000000001000000000000000100011001111001101011110111
-8769567998533441485,20,join,1001000010111000111111010011111110111111111111111111101111110001000010000000000111011111111110111111110101111111101111111001001010111000111110010011111110101111000000001000000000011001001011111010111100010000101010001101000100001011100011010001000010001000000111111111111111111111100100101011101011111001001010111001111100010000100010001101000100001000100001010001000010111000111100000000000000000001
-2175100100264308694,20,join,1000000000000000101011100111101011011110101001111010110111101111111110101111111111101111101011111111000001000000000010100000011000000000101010000111000000001010100001111000110111101111111111101111111110000111101011011110111111111111111111111000011100001000111010000111000001001110111001111010111111101000011100000101111000000000000000001010100001110000000011100000000000000000001011100111101011111111
399704583183327127,20,join,1010110110101100111111111111111111111111001011011010110011111011111111111100111100001101101001001011000001000000000000011010111110101100111100000101101001001011000000001000000000001010111111111100111100000000101000000001101011111011110011110000110110101100101100000100101001000001101111111111111111111011111111111101111100000100101001001001000011011010110011110000010010100100101100000000000000000001
-8683233293229309459,20,join,1011111111011111101111111111110111111111001111111101111110110001000101000000100100011001110110101001000111111101111010010001101111011110100100000001000000000001000100011100000010010000000101000000100111111111111111111111000100011101000010010001000111011010100100011001110111101001000100011101001010010001111111011111100100000001000000001001101111111101111111110001100111011110101100000000000000000001
8455662568591915343,20,join,1000100010000000000011001000100001000001111111111111111111111101100010101101101100001000000000000000110111011111111111111101101111111111111111011001101011111011000010001000000000001101100111111111111110001000101001000001110110001011111110111100100010101101101110001000100001000001110110001010111110111000100010000001000110001000101001001001110110001011111111111100100010100101101110001000100000000001
7335069155391970434,20,join,1001011111111111111111111111111111111111101111111111111111110001000001101000000000011111111111110111000101111110101100010001001111101010000100010001011010000000000100001110100000000000000001000000000000000000011000000000000101111111111101010000000001101000000000010111111011110001000100011110101000010001001111101011000100010111111111111111000101111110111101010001011111111111011100010000111010000001
6629673450697112057,20,join,1111111011110111111001111110011001111110001111100110011111100001111001100111001000001100010000000000000001000100000000000000111001000110001011111111111111111111011111101111011111100000000001000000000000001110011001100010011111100111011111101111111011111111111000001100010001100000000011000100001000000000110001000111000000011110011001111110000111100110011101100000110001000110001001111110011101111111
6070153565674332097,20,join,1001111111111111011111011111111111111111111111111111111111110001111011101110001000001110111011100010000001000100000000000000011001000010000000001111111011100010000001001100000000000000000001000000000000000110111011100010000111111111111101110000011011001010001000000110010001100000000001000100001000000001111111101111001110011111111111111111000111111110111101110000011011000010001000011110111011100011
-7417578868207413615,20,join,1010000011000000000011100000110010000010001000000000000000001111111111111111111111101101111111111111111001001110100001111110011111111111111111100101111111111111001000001100000000000000000001000000000011100000111010000110111001001111110111111010000011001000001011100100111011011111111001001111111111111110010011101001111111100100111010001111111000001100100001101010000011000000001011100000111010000111
-7052091849672396204,20,join,1000010100001011000011111101111111111111101001010011101101101011110110111111111110101101001111111110000001000000101100001111111111111111111100000101000010110000101011011011111111111010110111111111111110000101001010110000100001010011101101100000000000001001000010100101001111111110000000000000101100000000000000000001000010000101001010111110100001010010101101001000010100101011011010101101001111111111
6767951625409496711,20,join,1000000000000000000011111111111111111111101101000110111011111001010001101000011010111110111011111111100001000000000000001011011011101110111110110111111011111111101101001110111011111000000001000000000000000000001000000000101111111111111111111000010001101000011010010100011011000110100101000110111011111011011011101111111110010100011011001110100000000110000001001000010001100000011010010100011011001111
2775442422243656575,20,join,1001000100100000010111010101111100011111101101011111000111110001000100000000000111111101111101111111100101010110000001011111111111111111111100000001000000000000100101011110000011011001000101100000010100010001001000000101100101011111000111111011010111111101111110110101111101011111100101011111001111111001010101100001110110010101011000001101000100010000000001011001010111100001111100000001000000000001
4646340674573778403,20,join,1010100110110100000111111101111111011101001010010011010000011011110111111101100100001001001100000000101011011011010010011111111111111111110100000001000000000000001010011011010000011010110111110100100100000001001100000000000000000001000000001010110111111101100100001001001101000001101111011111111110011010110110110101100110101001101101001001101111011111110111011111111111111111111100001001001100000001
-5271509510159764246,20,join,1000000000001000111011001111111111111110111011111111111111101111111111111111111110001101110111111110100001011101100011101000011111111111111010000001100110001110100000001001100011101000000111011000111010000101111111011110100000000001100011100000000000001000111010000101110111011110100001011101111111101000010111011001111000000000000000001110000000000000000001000000000000000000001011101111111111111111
-401503379863205537,20,join,1110101111000111111101101011100001101100001000000000010000001111111111001111111100101011100001101100011011111100011011100010001000000100000000100011100001101100001000001000010001000110101111000110111011111111111011111111111111111111111111111110111111001111111100000000000001000000001000101000011011000110101111000111111100100010000001001100001000000000010001000010101110000110111001101011110001101111
-1786159416369087894,20,join,1010101111110110110111111111111111111111001010110111010011011011111111111111111100001000000000000000101011111111111011010000101101110100110100001001011101001101001010111111010011010000100001110100110100001000001101001101000010000001000001011010101111111110110100001000000001000101001010111111011011011010111111111111111100001000000001001101000010000000000001011010101111110110111100001000000000000001
-271690375792202843,20,join,1110101100101000001101100011001000000000001000110010000000001111111110101111011101101011001000000011111011111010111100110000001100100000000000000001001000000000111010111010100000111111111111111111111100000000001000000000111111111011111111110110101100101000001111101011101011100011111010111010101000111110101110101111001111111111101011111111011010110010100001110110001100100000001101100011001000000001
7704456173192153472,20,join,1000010010000001000111111111111111111111101111111111111111111001010011011111111110001100111111111111000001001000000000011001111111111111111110010101111111111111000000001000000000001000010011001011101110000100111111111111100001001101111111111000010010001011101110000100110011111011100001001000001110110000000010000001000000000100100000001001100001001100111111110000000000000000001100000000000000000001
507567970277471440,20,join,1111111111110011111101101111111100110111001001111100001101110111111111110011011100101111110100110111000001010100000101000000011111000011011100000001000000000000000000011100000101000000000001000000000000100111111100110111001001111101001101111111111111111111111101111111111101111111000001011100001101110000000101000001000001111111111100111111000000010100000101000000010111000001011100000101110000010101
6704421015319574811,20,join,1111111101101111111101000000000000000010011111010000101111100101000000000000001001011101000010101010010101010000101010100111111101101111111101010001000000101010111111111111111111110111110101001111111001111101011011111111111111110111111111110101000100001010101001111101000011111110000000000000001000100101000100001011101001010000000000101010010111010000101111100000000000000000001001111101010011111111
-339860016626908939,20,join,1011111000100000101111111111111111111111001001000000000000010011011000000000000100111110000000000001000001000000000000000010011000000000000110111111011100111111101111111111011111111011111001110011111100111110001000000011101111100011000010111011111111111111111110111110011101111111101111100011001111111011111000110001111100111110001000001011101111100011000011110011111000000000001100000100000000000001
8700566383885419665,20,join,1111111111111111111101010111011111111111011111111111111111110001011101111111111101011111011111111111000001000100000001000000011101111111111100000101010000010100010111111111111111110000000001000000000000000101011011011100000001010111110111000000010101001001110000000101010011011100000001010111111111110000010001000001010000000100010000011100000000000100000001000000010101111101111000000101011111011111
8673415344047497954,20,join,1000000000001000000011111110111111111101101011101111111111011011111011111111110110001110111111111101100001100000100100001000001000001001000010101111111111111101100001101010110110011000011011111101110110000110001011011001100001101011110110010000000000001000000010000110000011011001100001101111111111010000000000000001000010000110000010011001100001101011110111011111111111111111111110000110000010010001
-1544639346529343057,20,join,1000000000010001001011110111111111111111101101111111110111111001011001111101111111111111111111111111100001100101110111101000001001011101101010010111111111011111100101101111110111110000000001010001001010000110011111011110000000000001000000001000000000011001001010000000000111010010101101111111111111110000000000010001001010000000000111011010100000100101110111100000000000000000001010000110011111011111
-2459921405597937145,20,join,1010000000000111100011111101101111111111001000000000011100001011110110111111110010101100100111111100101001000000011110001111111111111111111110101101100111111100101001001000111110001111110111111111111110101101101111111100101001001001111111001010000000001111100000000000000001010000000000000000001100000000000000000001000000100000000001111000101001001000111111001011110110111111111110111101101111111101
-1314796852905204779,20,join,1100100001000000000001000000010000000000111011111110111111011111111111111111111101001000010000000000110011111100111110011100101101000111100011001001010001111000110010011100011110010000000001000000000011001111111011111001111011111111111111011100101111001111100111001000010001111000110010000100001110001100100001000001100011001000010000001000110011111100111111011110111111101111111111001001010001111001
5073725950372360165,20,join,1000000110011101110111100011100111011101001000011000110111011111011111111101110111111111111111111111111001111111110111011010001110011101110100000001000000000001000000011000010111011110001111011101110111100011111111011101000000010001010101010000000110001101110100000001000001000001111101111111111111110000000100000101000100000001000001011101000000010000010101011111011111111101111100000000000000000001
-2904097261511312192,20,join,1101000011010000010001000000000000000000111111111111111111110101000000000000000011011000111100001100110111011111111111101101111111111111111111011001111111111110010100001001000000000101000011010000000011010000111100001100010100000001000000001101100011111110111011011000111101001100110110001111011011001101100011111111111011010000110100001100010100001101000001001101100011110110111011011001111111111111
1151283546923042905,20,join,1110101111111111111101001001000000110000011010110110101100001111111111111111111100001001000000100000011011111111111111110100101100001011000000000001000000000000011010111111101100000100101101001011000001001011011010110000011010110111101100000100100100001011000001101011111111111100000000000000001000000000000000000011000001101011111110111100011010111111101101000110101111111111111101101011111111111101
-3396955316073877225,20,join,1011011011011111111111110110110111111111001001001001000000000011010010010000000011111111111111111111000001000000000000000011011010010000000011110111111111111111000000001000000000000011011011010101111110110110111111111111000000001001000000000011011011011111111100110110100101001111001101101101011111110011011010010101111100110110100100001111001101101001000001110011011010010000001100110110100100000001
6987076605552894335,20,join,1000110001101100011111101111111111110111101011011110110001111111111111111111011100001100010011000010000001000100110000001010111111111110011110001101111011000111000011001110110000110000000001001100000000001100011011000011101011011111111001110000000000001100000000000000000001000000101011011110111001111010111111111111011111111111111111111111000011000110110001110000010001001100001000001100010011000011
6936585395746977704,20,join,1000011010001000000011110111111111100101101101111110111001011001011111101110010110111111111111110101000001101000100000000000001000000000000010000111110011000101000000001000100000001000011011001000000010000110111010000101101101111111111001010000000000001000000010000110110011000001100001101110101001011011011111111111010111111111111111111111100001101100100001011011111111111111011110000110110010000001
-6483235971649605851,20,join,1111111111001111101101100011000010110010001000110000101100100111001110001111101101111111110011111011011101111100111110110000001100000000000000000001000000000000011000111000101110100111001111001111101111111111111111111111111111111101111110110000000100001000000001100011100011111010000000110000101000100000001100001011001000000011000010101010111111111101111111110000001100001000001001100011100011111011
-5773387140752819592,20,join,1011110111010110011111111111111111111111001101011101011000010001010010010110000100111101110101100111000001000001000000001011111111010110011100010101110101100001000001001001000000000001010011010110000110111111111111110111000000000001000000001011111111011111011100000100100101100001000000000000001000011011111111010111011110111111111111111111001101011101011001010011010111010110011100000000000000000001
-5149800524974345453,20,join,1111111101101011111101110111011010111101001000000110000101000011010101100001010001111111011010111111001001010110000101000011011101100011010100100001011000010100111111111110101111110000000001100001010000000000001000000000111111111111111111110011011101101011010111111111111011111111001101010110001101010000000000100001000000110111011010111101000000000010000001000111011101101011111100110101011000010101
5351853789935109873,20,join,1001010010000100011011010101111111001110111101011111110011100001010010000100011011111101111111011110000001000000000001001111111111111111111100010101100001000110000001001000010001101001010111000100111010010101111111001110100101011101110011101001010111001100111000000100000001000110111111011111111111101111010111111101111000010100100001001110000000000000000001000000010000000000011011111101111111111111
7791219802605615015,20,join,1111101111011111111101010000000001111001011100110100111111010001000000000111100101111011110111111111111111111101111111110101001000000111100101010011000011111101011100111101111111010101001001001111110111111111111111111111010100110001111111010101001000001111110100000000000001111000000000000000001100000000000000000001000000000000000000111000010100100000011111010111001111011111111100000000000001111001
2233539863738864557,20,join,1111111001111111111101111110011111111111001111100101111111110001111001011111111100001110000111101011000001100001111010010000001000000110100011111111111111111111111111101111111111110000111001011111111100111110011111111111000000100001011010000000001000011110100000000000000001101000000000000000001000000000111000011111111100000000000000101000000011100001111011110000001000011110101100000010000111101001
7144153398734601952,20,join,1000111000000001100011111110111110011010101111101111100110101001111011111001101000001010000000000000000011100000000000000000001000000000000011111111111110011010100011101101100110001000111001010001100010001110111110011000100011100001000110001000111001011001100011111111111111011010111111111111101110100000111000000001100000001110000000001000111111111111111111101000111011111001101011111111111111111111
2996353668011482235,20,join,1111111111111111111101001011101111000111001010111011010001110011101110110100011100001011101101000111011111111111110001110000001010110000011100000011101101000111000000001000000000010111101111111100011100000000101000000001000000001011000001010000101110111100011100000000101001000101011111111111111011110111111111111101111101111111111111001111000000001010000001010000000010110000011100000000000000000001
-6466033591000998106,20,join,1100110000001001110101001100000010011101111011000010100111111111111111111111111100001100000000011101000001000000000111011110111010111011111111101111101111111111111011001011101111111110111111111111111111001100001010011111111011000011101111110000110000001001110111101110101111111111110011000010101111110000000000000001010100000000000000011101000000000000000001011100110000001001111100000000000000000001
-180101078213159622,20,join,1000100100100010101011001001001000101010111111111111111111111101110111100011111100001000000000000000110011011110001111111101111111111111111100001001001000101010110010011010001011101100100111100011111100001000001000000000110111011111111111111100100111101111111111001001111001111111000010000010001000001100100100100011111000001000001000101000110010010010001011100000100000100010101011001001101000111111
-388777261651841081,20,join,1000110010101010011111001100101011100111111011001010111101111111110011101111011100001100101010100011000001001010101000111111111011111111111111111111111111111111000000001010001000111110110011101111011100000000001000000010111111001111111111110000000010101010001110001100101011100111000000000010001000111100110010101111011111111100111011111111000011001010101001110000000000000000001000000000001000000011
-3641813737928717368,20,join,1000000001001000001011000011010011100011111000110110111000111111001101101110001111111111111011111111111101110110111001111000001101001000001110000001010010000010111101111110111111110000000001001000001010000011011011100011111111111111111111110000000000001000000010000011010011000011100000110100111000111111011101101111111111110111011011101111111100110110111001110000000000001000001000000000000000000001
-2035558202144619898,20,join,1000110111110101111111111111111111111111001011011111110111111011110111111101111100001101111101001111000001010011000001101011111111111111111100000001001100000110000001011011000001110000010111110000011100000000001000000010000000000011000001100000110111111101111100000101111101000111101111011111111111110000110111110101111100000001001100001110000000000010000001100000000000000000001000000101001100000111
-7408067181118624526,20,join,1011101011110111110111111010111101111101001110101101011111010001101000000111000000001000000000000000111111111111011111010000101000000111000000111011111101111101000110101101011111010001101001010111110100111010111101111101000110100001011111011111111111111111111100000000000001000000000010000000001100000000100000000001000000011010000001111101000110100000011101011111111111110111111100011010000001110001
4115330400819152091,20,join,1111111111111111111101110111111111111110001100110111010011000001001101110100110000111011111101011110001101111111010111100000001101110000110000000001001100000000001100111111010111000000000101110000110000000000001000000000000000000001000000000011001101111101110000000001011101001100001101111111011111100011001101110101110000000001001100001100000000010011000001000011001111110101111000111111111101111111
-8951691477584450018,20,join,1110001111010111111101100010110101111111001000000101010111011111111111111111111111101011111111111111111011111111111111110010001011010101111101100011110101111111001000001101010111110000000001010101110111100011111111111111000000000001000110001110001111011111111100000000000101011001001000101101011111110000000000000001100000000000000000001000000000000001010111010000000000010101111100000000000000011001
-117814982809991404,20,join,1100010100110000100001000101001000000000111111111111111111111101010100110000100011011101111111111111000001010000000000001101011111111111111100000001000000000000110101011011101111101101010111111111111000000101001000000000010001010011000010001101010100111001110011010101101111111110110101010011101111101101010100110001110001000101001000001000110101010011000011001101010100111001111011010101111111111111
-3295970131940655830,20,join,1001010100101111001011110111111111111111101101010110111100100001000000101001001011111111111111111111000101000010111100101011011101111111111100000001000010000010101101111111111111111001010101101111001000000000001010010010101101010111111111110000000000001000001000010000001011110010000100000010101100100000000000000001000010110101011011111111101101010110111101100000000000000000001010010101011011110011
-202211641270749837,20,join,1000000000100100000011010101001101101100111101111011011011011001000000110100010011111111101101111101100101010011011011001101011100110110110010010001001101101100110101111011011011011111011111110111110100000000001000000000100000000011010001001111111110111111110100000000000001000000100100000011011011001111011110110111110110000000001101001100100000000010010001001111111111111111111111010111001101101101
-1817958378741804320,20,join,1011010100010011001111110101001110110011001100000000001100000001000000000010000010111101001110110011001101010001001100101111111111111111111100110001000000110010111111011011111111111111010101111011111110110101001100110011001100010001001100101011010100111011001111111101001111111111000000000000001000000001000000000011000011110101001110111111111101010011101101110011000000000011001000110101000100110011
-7218281061612796520,20,join,1000000001100001010111000000011000010101111110010111111111011101100101111111110111001000011011010101111111111111111111111111101111111111110111001001011111011101111110011111111111010000000001100001010100000000001000010101110010000111110111011100000001101101010111000000011001010101110010010111111111010000000000000001010111001000011011011101000000000000000001001111101111111111111100000000000000000101
-4436524090548453903,20,join,1000111111101111111111011111111111111111111111111111111111111001111111101111111100001000000010010010000011111100111111110000101001001101001100001011110011111011000010101100111100110000100001001101001100001011111011111011100111111111111111110000000000001000001000001000000011010011000010100100111100110000000000001001001000001000010011011011000010111100111111110000000000000000001000001000000010010011
5001539843447540740,20,join,1000000110000110000011011001110111101111101110011101011011111001100111010110101110001001110001101001111111111111111111111101101111011110111100000001000000100000000000011000011000000000000101000110000010001001111101101001100010011101011010011001100111011110111100000001000001100000000000000000001000001111101111011111111110000001110001101001100110011101011011111000100111010110101110000001110001100001
209870824429783898,20,join,1011011010111111111111110110101111111111001101101011111010010001000000000000000011111111111111111111000101001011101000010001011010111010000111110111111111111111000100001000100000001011011011111111111100010000101010000000000100001011100000000001000000001000000000010110101111101001000100001011101000000011011010111111111100010110101110101001001101101011111011010011011010111110111100010000101110000001
-5672147043169800057,20,join,1110011111101111110101000101110010011101011001111110111111011111011111111111111111111111111111111111000001000000100000010100011111001101110100000101110010011101000001001100100111010000000001001000000101000111111011111101111001111111111111110000000000001000000101000101110011011101010001111100111111010000010000001001000100000100000010011001000001000100100111011110011111101111111100000000000000000001
-409627065314409561,20,join,1101101000111101101101000000000000000000111111111111111111110101000000000100100001011000000101001000110111100011110110110101101000011101101111011111111111111111110111101111111110111101111001111101101101011010001111011011010100000001010010000101100000011101101100000000000001000000110111100111111110110101100000010101100000000000000001001000110111101111111111110101100000010101101101011000000101011001
361729793882334568,20,join,1111111111101101110101001010100011000100011010111000110001010111101110101101110100001000000000000000011111111010110111010000101010001000010001001011100011000101000010001000100001000111111111101101110101101011101011001101111111111111110111010000100000001000000000001010100011000100111111111111111111010110101110101101110101001011100011001101000010000000100001001111111111111111111101001010100011000101
-2372664689840869650,20,join,1010000101000001100111100101010000011001001000010100000110011111110111001101100111101101110011011001101001010100000110011111111111001101100100000001010000011001111001011100000110010000000001000000000011111111111111111111111111111101111111111110010111001101100111100101110001011001111111111100111111110000000001000001000100000000010000011001111111111100110111011111111111001101111100000000000000000001
-8004027109283920719,20,join,1000000000100000000011000100011000000000111001001110010000001111011111110111111111111111111111111111100001000010000000001110011111110111111111100101111101111111100001001110000000001000010001100000000000000000001000000000111001001111010001101111011111111111111111000100011001000000111001001111011111111110010011110101111111100100111101001111111001001110010001001110010011100100011011100100111101000111
5511600735993570102,20,join,1010101011000001110111111010110001011101001010000000000110011011101011000001110100001000000000011000101111101100000111010010101010000001110111111111110011011101000010001000000110000010101011000001110111111111111111111111111111111101111111111011111011001001110110101010110001011101111111111100111111110000000000000001100000000000000000001000001010001000000111011111111111001101111100000000000000000001
-4603924732746037857,20,join,1111011111111101011001110111111011000100001101111110110001000001010011001100000011111111111111111111000001000000100000000001011111001100010000010101110011000000000001001100110000000000010001001000000000010111111011000100011101111111110101100000000000001000000000000100010011000000111101111111111101100111011111101101010011110111111111011111000101011100110001000111011111101101011001110111111111010111
-465521053065465988,20,join,1011111111111110111111111111111111101111001000000000010000010011000000000100001100111111111011100111001101111100110001110011001011001100011100110001110011000111001100001100010001110011000001000100001100110111111011100111001101111111111001110011000011001100011100000000000001000000001101111100111001111111111111111111111100111111111111101111001100000100010001110010000000000100001100000000000001000001
-7120419316696617620,20,join,1001110011110011100111011110111111111111111111111111111111110001100000000000100000001000000000000000000111000000000010001001111011110011100111011111111111111111000111001111001110010001110001000001100000011100011100111001000111000101000110001001111011111011111110011110111111111111000111000101001110010001110000000001100000000000000000001000100111101111001111011001111011110011111100011100010100011001
-5538843370610205467,20,join,1010011100001110111111100111010011101111001000010000001010011111111101111110111111101111011111101111001001110000111011110010001100000110100100000001000000000000111111111111111011111010011101001110111111100111011111101111101001110101111011110010001100001110100100100001000001101001000000010000001000001111111111111111111100000001000000101000001000110000111011010010001100000110101100000001000000101001
-3468670132160188905,20,join,1000111011001001101111101111111010011111101011111110100111111111111111111111111100001100010010001000000001000100100010000000111011001000101110001111110010011111000011001100100010110000000001000000100010001111111010011111111011111111110111110000000000001000000010001111111011011111111011111111111111110000010001001001101000000000000000001000100011101100100111110000010001001000101000001100010010001001
3059740093199165971,20,join,1100000000000001000001000000000000010000111010000011111111001111110101111111111011001000000100110100111011010011111111101111111101111111111011101001001111111110111111111111111111101110110101111111111011001000001111111100110000000001001101001100100000011011110011001000000111111100110000000000001101000000000000000001000011001000000100111100110000000000000101001110100000111111111011111111111111111111
-8587406112036033987,20,join,1001100011101100010011111111111111110111101111111111110101110001100010100000000000001000000000000000100111111111110101111001101111111100010110011001111111000100000010001000000000000001100011101000000000000000001000000000100110001111110001000001100010101000000000011000101011000000101111111111111101111001101111111101011111111111111111111111000110001110110001001001101111111100011110011001111111000101
491943083343606905,20,join,1100001111111111011101000000000000100010111000111111111101111111001111111111011111111111111111111111111101111111111101110100001011011111011101000011111111110111010000001101111101110100000001000010001001000010111111110111010000000101001100100100000001011111011001000000010101110010000000000000001000100100000001000011001011110111111111111111010000000101011101100000000000000000001001000000010111110111
-2908671882220447428,20,join,1010100010000000010011101001101000100110001000000000000000001111111110100110011100101000000000000000101011011010001001101110111110100010011010101001101000100110001010001000000001001111111111101110111110101000101000100100111111111111111111111111111110101110111111101111101001100111101010001000001001001111111111101111111111101111101001101111001010000000000001001010100010000010011011101111101000100111
-8901947776396258245,20,join,1111111111111111111101100001101101000100001000000010000000000111010111111110111101111101111111101111011001011111111011110111011111111110111100100001101001000100000000001010000000000110000111111110111100000000001000000000001000011011010001000110000110111100111000100000101001000100011000011011111011110111111111111111111101100001101101001110001000001010000001000110000110110100011001100001101101001111
5855604612876408006,20,join,1010010001000110000011100111110101100000001000000000010000001111111111111111111110101111110101100000001001000100011000001010011101010110000010100101010101100000101001111101011000000010000001000110000011101111111101110010101001000101011000001110111111111111011000000000000001000000000000000000001000001110111111010111000011101111111111111111111011111111011101101110111111010111001011101111111111110111
5352357436588275753,20,join,1101011111101111111101000101010010111001111111111111111111110101011111001011100111011111111111111111000001000100000100000100011111001011100100000101010010111001010001011100101110010000000001000001000001010111111011111111110101111111111111110000010001001011000001000101010011111001000000000000001100000000000000000001000000000100010010111001010101111100111111110101011111001111101100000100010010110001
-5441795822427950497,20,join,1001000001000000000011010111011100010010111101111111001101110001000000000000000011011111011100110111000101000000000000001001011101110001001010010101011000010000110101111111001101110001000001000000000010010100011000000000100101010111000100101111011111111011011111111111111101110111110101110111001100111001010001100001000011111111111111111111110101110111001101111001010101100001001011010111011100010011
-6143381493833725029,20,join,1000100001000001100011001000110011011001111010101100110111111101101011001101111100001000000000010000110111111100110111111000101011001101100111001011110011011111100010001100000110000000000001000001000011111111111111011111111111111101110111111000100011001001100110001000110011011001111111111111111111110000000000000001000000001000010000011000110010101100110111011100101011001101111110001000110000011001
-9075614020968299287,20,join,1010000100101100110111100001101011001101001000000010110011011111111111111111111111101111111111111111111001011011111011011110011110111110110100100001001011001101101000011010110011011110011111111110110100000000001011001101111000011011111011010000000000001000010000000000000011001101111000011010111011011110011111111111111100000000000010001101000000000000000001001110010110111110111100000000000010000101
7055583688776632379,20,join,1000001011011101101011111111111111111111101111111111110111111001011111111101101110011111111111011111100001111111110110100000001011001100100010000011111111011010000000001100110010000000000001001000100010000010111111011010000000101101110110100000000000001000100000000000010011001000100111111111111111110000001011001101101000000000000000001000100101111111110111110000001011001100101010000111111111011011
-3231163179070988362,20,join,1010100001011101111111111111111111111111001010000100010011111011111011111101111100001000010000001111101011101111110111110000101001010101111110111111111111111111001010101101110111110000000001000000011110101010111111011111000010000101010111110010100001011101111100001000010001001111101011101111111111110000100001000101111100000000000000001100000000000000000001000000000000000000011000000000000000000111
6955959530073512062,20,join,1111111011111111111101111110000001110011001000000000000000000011111000000111001100101100000000000000000001000000000000000010111000000111001111111111111111111111011111101101111101110111111001000111001101111110111111110111011111100101111101110011111000001111001100101100000001100000001011000000001000000010110000000111000001111110111111111111011111100100011101110010110000000111001000101100000001110011
-7010512402914936704,20,join,1010000000000100100011101110011011111100001000000000000000001111111111101111110110101000000001111000101011100010111111001010101000101111110011101111111011111100111011101110111111001010111001101111110010101000001001111100111111111111111111111010100000101111110000100000000001000000101000000000011110001010000000000101100000000000000000001000101010000000011111001111111111101111111110101110001011111101
3356016224200731630,20,join,1110010010110011101101100100101100011010001000000001000000001111111111111011101111101111111110111011001001001011000110100110011010110011101111100111101100111011001000001011000110101110011111111011101100100000001100001000000000000001000000000110011010111011101111111111111111111111011001001011001110110010000000110001101000100000000100001000111111111111101111110010000000110000101001100100101100011011
7449563616926702663,20,join,1111111111101111001101011111111011110010011111111110111100110001111111100111001000001101111001110000000001010110011000000000011111100111000000000001011001100000000001011110011100000000000001000110000000000000011001100000111111111111111110110000010111101111000000000000000001000000000000000000011000000000010101100111000011111111111011111011111111111111111111110000110111100111001001011111111011110011
5050943769195038198,20,join,1111011111111101000101000100001000000000011101000110000000000101010001100000000011111111111111010001000001000010000000000111011111111101000001110101111111010000010001001110000000000100010001100000000000000000001000000000011101001111010000000111010011111100000001110100011001000000111111111111111100010111010011111101000011111111111111111111111111111111111101011111111111111111011101110111111111010001
1786474164943372136,20,join,1001010011001000100111111101111110101111101111011100100010010001010001001000100100011100110010001001000001000000100000011111111111111010111110011101110010001001000101001100100010010000000001001000000110111101111010101101101111011111101011110000000000001000000111111111111111101111101111011100101011011111111111111111111100000100000010001001101111011100100011011011110111001010111100000000000000000001
1080943707990897855,20,join,1000001101000011011011000111010011110110111011111100111101101111111111111111111111001111110011110110100001110100001101100000001000000000000000000011000000010010110001111100111101100000001101000011011011101111111011111110111011111101111111100000001101001011011010000111010011110110000000110000001100100000000000000001000011101111110011111110000000110000001101100000000000000001001011101111111111111111
-4863481437241167621,20,join,1101111111001111101101000000000010110001111111111100111110110101011011001011000101011111110011110011010001000000101100010100011011001011000101010111110011110001010001001100101100010100010001001011000111111111111011111011111111111111111111110000000000001010000001010110110011110001000000000000001000000000000000001011000001011111110011111011111111111100111111110101011111001111001100000000000010100001
-3460013725391132019,20,join,1011110111001101011011111111111111111111001011011100010001100011110111000100011000001100010000000110000001000000000000001011111111111101011000001101110000000110000011001100000001100000010001000000011010111101111011010110101111011111110101100011110111001100011000001100110001000110101111111111111111100011110111001101011010111101111111011110000001000000000001100000000000000000001010111111111111111111
-5541533214110886344,20,join,1011010110001110011011111111101111111110001000011000111001100001000110000110011010111101100011110110001101011000111001101011111110001111011000000001000000000010000000011000000000101111111111111111111110111101101011110110101111111011111101100000000110001110011000000001100001000110000000011000011001101011010110001111011010111111101111111110000000011000000001100000000000000000001011111111101111111111
-1315386163884933779,20,join,1010101101110111111111111111111101111111001000000010011010001011101111110111111100101000001101101001101111111111011111110010101001110111111100101011011101111111101010111111011111110010000001100111100100000000001000000000001000000011011010011111111111111111111100000000001001000000000000000000001000000010000000100111100100000000001001001000001010000011011111010010100001110111111100100000001001101001
2453370731030466241,20,join,1010111011110100110111101110111101101101001000000000000000001111111111110111111100101010011100000001001001100111000000010010001000110000000111101111111101111101001011101111000000010010001001110000000100100000001100000001000000000001000000001111111111111111111100101110111101000001101011101111011011011010111011110101110100101110111101001101001011101111010001011110111111110111111100100000000000000001
-3930533948570841843,20,join,1000000000000000000011111111111011110111101101110110110101011001011001101101010110111111011011110111100001000000110100011000011000101101010110010111011011010101101111111110111101111000011001101101010110000100001011010001111111111111111111110000000000001000000010000000000001000000101101110110111101111000000000000101000011111111111011111111100001000010110101011011011101101101011110000000000001010001
7882922646967466911,20,join,1101110111001011011101011101110010110111111111111111111111110001110111001011011100001100110010110111000001001100101101111101111111001111111100001101110010110111000000001100101101110000000001000010011111011111111111111111110111111101111111110000000001001011011111011101110011111111000000000000001000000000000000000001001011011101110010111111000000000000001001110000000000000000001000000000000000100001
-2232307342731300934,20,join,1111110010110111111101010100100001110101011101001010011111010001010010000111010101011100101001111101000001000000011101011111111111111111111101111101101101111111000000001000011101011111110111110111111101010100101001110101011111001011011111011111110111111111111100000000000001010000000000000000011101010000000000000001000001010100101001111101000000000000000001000111110010110111111100000000000000000001
1922265927833820053,20,join,1010011010011011110111110110100110111101001000000000000000001011011010011011110111111111111111111111001001100000001101010010001000000000000011110111100110111101001001101000101101011111011111111111110111110111101111111101001001100001101111010010011000001011010111110111100111111101001000100000001101010010001000000001000100100110000000111101001000100000000101011111011110111111111100100000000000000001
-4497626948444294452,20,join,1001010010111111111111110111101111111111101101111011111111110001000010100001001111111111111111111111000101001011100111111001011110111111111100010101101111111111000000001010000100111111011111111111111100000000001000010010000100001011100101110001000010101001001100010100101111111111000101001011101111110000000000000001000000010000101010011111000100001010100101110000000000000000001000000000000000000011
-8164917929475685615,20,join,1000101001111111101111111111111111111111101111111111111111111001101001111111101100001010011111011011000011100111111110110000001000000001000110001111011111111011100111111111111110110000001001001001000100000010011111011001000000100101110110010000001000001001000100000010010011011001000010100111111110110000000000000001000000000010010010011001100111111111111111110000001001111101101100000000000000010001
-7275011138514437960,20,join,1011001011011101111111110010110111011111001100001000010010000001000000000000000011111110110111111111111101101101111111110011001011000101111111111111111111111111000100001000000000000011000011000100100011110110111111111111001100101101010111110011001011011101111100010000100001001000111100101101111111110011000011000101111100000000000000001000000100001000010011000011000011000100101000110000110001001111
-7385876577773015653,20,join,1110011101011110110001000000000000000000011001110100010011001111011101111110110011111111111111101110010001100000010011000100001000000000100001000111000001001100111101111111111011000100011101000100110011100111011111101100011001110101111011000110011101001110110001000010000001001100011001110100011011001111111111111111111101000000000000001000010000100000000011001111011111111110111011111111111111101111
7573458696628403373,20,join,1111010110111001010101100101001110000100001000000000000000000111010100111000010011111111111111111111000001000001000000001111011111111001010100100001000100000100011101011011100101010111010111111001010100100001001100000100000000000001000000000010010100111000010011110111111111110111111101111111101101110111010100111001010111110111111110111111000000000000000001001111011111111001011101110101001110000101
5159818848076983156,20,join,1011100010101110111111111011111111111111001110001010111010100001100000101110101000001000000000100010111111111111111111111011101010101110111110111011101011101111000110001010111010101011101111111111111100001000001001101010101110101011111011110000100000001010001000001000000001101010000000000000001000101011101110101111111100000000000000001010001110001010111011100000000000000000001000111000101011101111
-927208025602532429,20,join,1100010100100100110001000101001000000100111001110011111011001111011110111110111011101111001111101100000001010010000000001100011100100110110000000001001000000000111001111011111011001111111111111111111100000000001000000000110001010011011011001100011100111110110001000101001001001100110001010010011011001111111110111111111101000101001000001100000000010010000001001110011100111110111011111111101111101111
-8793455399327753982,20,join,1111111110111111111101111111101111111101001101101011101111010001011010111011110100111111101110111101000001101011001111000000001010010001110000110111101110111101000000001001000010001111111111111111111100000010101100111100000000000001000010000000011010111011110100111111101111111101000000101001001111000000000010010001110000000000000000001000000000001001000011000111111110111111111100000110101100111101
6772261522177332512,20,join,1100111111011111101001001111110111111010111011111101111110111111111111011111101100001100100010101010000001001000100010100000111110011110101000001101100010101010000000001000000000000000111111011110101011111111111111111111000011011001101010100000000010001000000000001101100011101010000001001000101010100000111111011111101000000000100010001010111111111101111111110000000010001000001011001111110111111011
-80237760960765929,20,join,1111101011001001111101011000100000000010011110001000100101100001000010000000000000011000100000000010111111111110110111110111101010001001111011111011111011011111000000001000000000000111101011001001111111111010111010011111111110111111110111110001100010001000001011111010111011011111111111111111111111110101100010001001011001111000100010011110000110001000100001100000000000000000001001111000100010010111
-7575886369130148292,20,join,1001000100010010110011111111101111111110101110010001111011100001000100010000100010011001000101101100101111010001111011101011111110111111111000000001000100001000101111011011111111101111111111111111111010111101001111111110000000000001000000001001100100011110110010010001000101101100000100010001001011001001100100011111110000000000000000001000000100010001000011000001000100010010111011111111111111111111
-8640038387091926382,20,join,1111000000101001110101000000000000000000011000000000000011000001000000000000010011111110011011111101011101000010100111011111011001101001110111111111111111111111111111101110111111011111010001101001110101110000001010011101111111101111111111110111000000001000110111110110011011011101111101100110111111010111000000000001110100000000000000001100000000000000000001001111111001101111111101110000000000001101
-3313382877177170401,20,join,1111000110111011111101000000000000100000011000000000001000010111000110111011101111111011101111111111111101111011111111111111001110111111111101100001101010111011011000001000001000011111111111111111111101100000101010110011011000011011101110110110000010001010000111110001101111111111000000000000001000000100000000000011000101100000101010111011011100011011101111110110000010001010001101000000000000100001
-2139824633074267555,20,join,1010110101101011011111111111111111111111001001000000101001101011111101101111011100101101010010100111000001000000001001101010111101101111011100100101000010100110101111111111111111110010010101001010011000101101011010110111101111110111111101110000010000001010011010101101011011110111000000000000001000000010110101001011011110111111011111111111000000000000000001000000000000000010011000100100000010100111
-6899182074389499663,20,join,1101111111011111110101011111110101111101111111111111111111110001011000000000000000011110110101100101000001000000000000000000001000000000000000011111110101100101000101101101011001010001011001010110000111011111111111111101000101100001011000010001111111011111010100010110000001000001000101100000011000010001111111010111010100011111110101111101000101100000000001001101111111111111111100000100000000000001
-3080865921283429686,20,join,1000011010111111100011111111111111111111101101111111111111101001011111111111101010111111111111111111000001000011010100000000011000111111100000000111001111111000000001101011111110001000011111111111100000000000001000000000000000000001000000000000010000111101100000000000001101000000000001000011011110000000000000010001000000000100001101011000100001111111111111101000011111111111101010110111111111111111
9001502391160093626,20,join,1000100001100101001011011011011011111111111111110111111111110001100001100101001000001000000001000000110111110111111111111000101001100101001010011011011011111111111111111111111111110000100001000101001000001000011001010010110110110111111111111000101001101101001000000000000001000000100110100110111110100000100000000101001010011010011011011010100110100110111111110000000000000000001010011010011011111011
-8525265199907539490,20,join,1111111111111111111101000000000100001110011111101111111111110101000000111100111101011110111111111111010101000011110011110101011001111100111101011111111111111111010101101111111111110101000001111100111101000000001111001111000000000001000001100100000000011100111101000000000101001111010101100111111011110101011001111111111100000000000100001110000000000000000001000000000000000000001000000000000000000001
-2589366437332963722,20,join,1011101111000110000011111011111001100001001000000000000000000011000110000000000000111001100000000000111111111111111111110011101110000000000000100001100000000000001000001000000000000011101111000010000010111011111001100000101110111111011010111111101111111110111100111011110001100000001110111000001000001111101111111111111110111011111001101001101110111111011011111011101111100110101110111011111001100001
4234812198713424189,20,join,1000000000000000000011011111110111111010111111111101111111101001001000011000001010011010010110111010100111111101101110101000001000011000001010011011010110111010100110111101101110101001001001011000001011111111111111111111100000000001100000101000000000001000001010011111110111111010100100100101101000101001001001011011101010010010010110101010110111111101111111101000000000000000001011111111110111111111
-5730396660428667333,20,join,1000000000000000001011011011110010010110111110111111111111101001100011001001001010001000110010000010110111111111111111101001101011001001001010011011110010010010100000001100100000101000000001000000001011011011111011011110110110111111110111100000000000001000000011011011110011010110110110111111111111101000100011001001001011011011110011011110100110111100100101100000000000000000001011111111111111111111
-8421361776779397356,20,join,1010111010101011110111101110111010111111001010000000000000001111111111111111111100001000000000000000001011000010001111010010111010101011110111101111111010111111001011001010101111011010111011101011111100101000001000001101111011101111111111110010100000001000110111101110111011111111001010000000001011010010100000100011110100101000000000001101001010000000000001010010111010101011111100101000000000000001
-2116755500430562536,20,join,1100011010111111111001000010100010000000111101101111111111111101011010111111111011111111111111111111010001101001101111100000001010001000000011010111111111111111000000001000100000001101011011111111111101000110101111111110010000101001101100100000000000001000000001000110100111111110000000101000101000100100001010001011001001000010100110111110010000101001101101100000000010001000001011010110101111111111
1461909980083569161,20,join,1011011011111111111111111111111111111111001000000001001101110011000000011111011110111111111111111111001101101011111111110011001010111111011110110111111111111111001000001011111101110011011011111111111100100000001111110111000000000001000000010010000000011011011100100000000111110111000000000001001100110000000000010001001100110010101111111111000000000001001101110000000000000000001000000000000000000001
4181718434567075435,20,join,1100000000001000000001000000000010000000111111100010111110010101000000001000000001011100001010000000010101000000100000001101111000101011100111111111001011111111111111111111111111111111111101111111111101010100001010000000111111110011111111110000000000001000000011011110001011111001110111000010101000001101110000101011100111011100001010101001111111100010111111111101111000101011101111011100001010100001
-3325967355847707937,20,join,1111101001001011110001000000000010000000011110100100101111000101001000001000000001011010000010110000111111111111111111110100001000001000000011111011110010111100111110101100101111000101101001001011000011111011111111111111111110111101111111100000000000001000000011111011110011111100010100100000101100000000000000000001000001011010010010111000010110100100101111001111101111001111111011111011110111111111
1319355948847713806,20,join,1000010001010100000011000101110101110001111001111101111111111111011111011111111111111111110111111111000001000101010000001100011111010111000110000101110101110001100001001101010000000000000001000000000011111111111111111111000000000101000000001100011111011111111100000000000001000000100001001101011000001000010011010111000011000111110101111111110001111101011101111100011111010111001110000100110101100001
7202290285678692228,20,join,1000110010111000000111111111111111111111101011001011100000011011110010111010000100001100001110000001000001000000100000001011111111111111111110111101111111111111000001001011100000011011110011111010100100000100001110000001000001000001100000000000000000001000000010111100111111101111101011001011101000011011110011111111111110111100101110101001101111001011101011011011110011111010111100000100000110000001
-5707418508093678356,20,join,1110000111011001110001000001110000010000011000011100000101001111100111111001110111101001111110011101111111011111101111011111111111111011110100000001000000000000000000001100000100000000000001000001000011100001111110011101011000011101100101000110000111001001010011111111111111111111111110011111101111010000000000000001000001100001110110011100010000011100000101001111111111111011111111100001110110011101
2700152344408172179,20,join,1010001111110011100111100011111100111001001000000000000000001111111111111111111111101111111100111101101001111111001110010010001111010010000000100001110100100000001000001101000000000000000001000000000000100011111100111000001000000001000000001110111111111111110111101111111101111101001000001101001000000010001111010011000000100011110100111000111000111111001111011110111111111111111100100011110100111001
-3134966382172077631,20,join,1111111111111111111101111111111011111111001000000000100100100011111111101011111100101100011010111111001001000110101111110010111111101011111100101101011010111111001011011110101111110010000001001001101000100000011010011110001111111111111111110000000000001001001000111111111011111111001000000100101110100000000000000001000000100000000010011010001000000100100111100000000000000000001000100000011010011111
-3063104306746052538,20,join,1110000111111000110001100000110110000000001000001101100000001111010111111000111011111101111110001111111001011111100011101111111111111010111100000001000100000000000000001101100000000000000001001000000001100001111110001100000000000001000000000000000000001000000011111111111111111111111111011111101011111111111111111011111100100001110110001000011000011101100011001110000111111000111011110101111110001111
-3952701497644493362,20,join,1111100110001111111001000000000000000000011010011000111101000111100110001111010001001000000000100000111111011000111111111111111111101111111101001001000001100100010010011000111101001111110111001111111111111101111011111111111111111111111111110100100000001111010001000000000001000000010000000000001000000100100000000111010001111001100011111100010010000000011001000111100110001111111011111001100011111111
3577572994517578464,20,join,1011000000110010111111111011111110111111001100000011001011110001000000100010000010111011111110111111111111111111111111111011001110110010111100110001001100101111101100011011001011111011000111111010111100000000001000000000000100000011001011111011000110111010111111111011111111111111000000000000001000001011001111111011111100010000001000101101000000000000000001000001000000100010111100010000001000100001
-2658308398388154649,20,join,1000000000000100001011101111110111111111101001000001010010111111111111011111111110101111110111111111100001000000010010111010011110010111111110100101100101011011101001001001010010111010011111010111111111111111111111111111100001000001010010111010011111011111111100000000000001000010101001011001011110111010010010010101101110000000000001001011101001011001011111110000000000000000001010000000000001000011
7501084047423299592,20,join,1100111111111011111101000001101000010110111011111111111111111111111111111111111101001111111110111111010001011111101111110100001111111011011100000001100000010110000000001000000101100100000111101001011100000000001000010110010000011111101101110100000110101001011111001111111111111111000000000000001101100000000000000001001001000001111110111111000000000000000101100000000000000000001000000001100000010111
3405987179072155098,20,join,1000000000000000000011011111111111111111111111111111111111111001100100000010110100001000000000000000100111011010011111011001111111110111111110001001000000000000100110011000001111011001110111110111111110011001101001111101100110011011011111011001111111111111111110011001100001111101100010010000001000001001100100000011110110001001000000101100100010010000001001001001100110100111111110001001000000101101
7864253476305129288,20,join,1001001000101001000011010011001010011000111111110010111111010001001000000001000011011111001011111101110101110010101110000000001000000001000010010011001010011000111111111110111111011101111101101111110100010010001000010000111111111111111111110001001000001001000011010111001011111101110100110010101110000000000000000001000000010010000010011000110101110010101111011111111111101111111111010111001010111001
776375178900760028,20,join,1000000000000000001011100000000000000010101000000000000000101111010000100110001011101110001001100011111001000010010000101110011000100110001111111111111111111111111111101111111100111111111001111111001111100000001000000010111111100011111100111111111000101111001111100000001001000010111001000010011000101110111000100111001111111110111111111011111111101111111111110000000000000000001011100000001001000011
-3467525726347394627,20,join,1000111111011111111111001111110111111111111111111111111111111101111111111111111100001000110011000010000011101100110011110000001011001100001000001111110011111111000000001100110000100000000001001000001000001111111111111111000011111101111111110000000000001000001000000000010011000010000011101100111011110000101011001101111000001010110011001110000010001100110001100000000000000000001000001010110011001111
2870487362851302957,20,join,1110111011011111111101101110110111111111001011001101010100010111111111011111111100001000110101000000000011001101010100000010111011010111111101101111110111111111000000001000000000000000000011000000000011111111111111111111000000001101000000000010111011011111111100000000100001000000001011001101011111110000100011010101000000101100110101011001000011001101010101010010110011010101101100001100110101010001
-8890593370316304440,20,join,1001000000100100001011110001111101011111101100010010010010110001000000000000001011111111111111111111111101111111111111111111001111111111111110010001001001001011101100011010010010111011000111110100101100010000001001000010101100011011010010111111000111111101111100010000000001000010111100011111111111111011000100100101111110010000001001001011101100010010010011110000000000000000001010010000001001000011
-6893143306478471300,20,join,1111111111111111111101010001010011100111011101011110111111110001000000000000000001111111111111111111010101011110111111110101011111101111111100010001000011100111010100011100111001110001000101001110011101010001111011111111011101111111111111110001000000001000000100010000000011000001000100000000101000010101000111001111111101010001110011101111000100000000111001010001000000001110011100000000000000000001
5384559640133034980,20,join,1101101101111111111101010010001011001000111111111111111111110001000000000000000001011010011011101000110111110111111111110001001000101100100001011011011111101010110111111111111111110101001001101110100000010000001011001000010110100111111010000001000000001000000000010000000011001000010100100010111010000101101101111111111100010000000010001000010110110111111011110101101001111110101001011011011111101011
-6946741839618695478,20,join,1000000000000001000011000000000000011010111000000000000110101111010101010011111111111101010100111111111001010100000110101111111111111111111111100001010000011010111111011101001111111110000001000001101011111101111100111111111001010101000110111111110111111011111111111101111111111111111001010101001111110000000000000001000000000000000000011010111001010101000111110000000000000001001011100101010000011011
4171378004890246869,20,join,1111100110110110011101000000000001000110011010001010010001100111100110100100011101001000101001000110111111111111111111111111101111110111111101101001101001000111010000001000010001101111100111110110011101000000101001000110011110011011010001111111101111111111111100000000000001000000011110011011011001111111100111110111111111111001111101101111000000000000000001100000000000000000001001101000101001000111
-7716722698962060704,20,join,1000010010000000000011000100101001000000111111111111111111111101010010100110010011011111111111111111000001001000000000001101011110111111111111010101101001110100000000001000000000001101010111111111111110000100101000000000110101011011111111111101010110101111010010000100101001000000100001001000001000001100010010100111010011010101101011111110110001001010011001001101010110101111011011010101101011111111
3139175603276906158,20,join,1000000000000000000111010001000000000111111101111011101101111001000100000000001111111111101111110111110101111011101101111101001100000000011110000001000000000011110100111011101101111111111111111111111111010011001110100111110100110001000001111101001100011010011111110111101111110111110100110000001001111101001100111011011111110111101111111111100100010000000001110000000000000000001100000000000000000001
-1379728004836702904,20,join,1000100000000000000011101000101001100000001000000000000000001111101010100110000000001000000000000000111111101010111000001110101010100110000011111111111111111111101010001010011000001111111011101110000010001000001001100000111111101011111000011111101010101110000010001000000001000000100010000000011000001111111011111111111111111110111011101000111111101111111011111111111011111110101111111110101011100001
1121105993134672701,20,join,1111000101010010101001000000000000100000011000000100001010100111000001000010101011111001010100101011111111110111111111111111101101111010101101110001010100101010111111111111111111110100000001000010000011111001011110101011011100000101001010101111100101011010101111111011011111111111000000000000001000001111100101111011111101000000010000101010111110010101101011110000000000000000001011110001010100101011
-5239179590252892614,20,join,1111111111111111111001101010110100110100001000000000001000000111111011111011011000101000000000110000011011101111101101100010101010000011010001111111111111111110001000001000001100000010101011010011010001101010111100110110001010101001001101000110101011111011011001111110111111111110000000000000001000000010000000000011000001111110111110111110001010001000001101000110101011010011011011111111111111111111
-8433403049428226044,20,join,1110100001111111111101101000011111001011001000000000010000011111111111111111111100101000001101001011011011100111111011110110101001111110111111101111111111111111111011101111111111110010000001110100101100100000001001000001001000000011010010110010000001111100101100000000000001000000011010000111111011110110100001111111111100100000001001001001011010000111110011110010000000100100101100000000000001000001
5593989727670222149,20,join,1110011011100110111101000010010000000100011000100100010011101111011011101110111111111110111011101111011001101110011011100000001000000000000011100111111111101111011000101100010011100000000001000000000001100010111001101110111001101111111011111110011011101110111101000010010001001110010000100100011011101111111111111111111101000010010000001110000000100100000001000100001001000000011001100110111001101111
-3344654331841947549,20,join,1111111101111111111001111101001001111100001111010000011111000001000000000001000000011000000000011000000111010000011111000111111100110111110000011001000000111000111111111111111111110111111101110111110000111101001001111100011111010011011111000111111101111111111000011001000001111100000000000000001110000000000000000001000000000000000000011000000110000000000111000111111101110111111011111111011111111111
2015318912319361852,20,join,1100000001011101110101000000010100011100111000000101111111111111010011111111111111111111111111111111111001001111111111111111011011111111111111110111111111111111111000001111111111110000000001010001010011100000011111111111000000000001000101000100000001011001110100000000010101011100110000000101111111110000000000000001000000000000010100011100000000000000000001001100000001011101111101000000010100011101
8474600286471310983,20,join,1000000000000101000111111111111101111111101001000000011100111011111111110111011110101100001001110011000001000000010000011010111111110111011110101101111101110011101011001010011100111010110011110111001110100100001001110011101011001011011100111111111111111111111100000000000001000001100000000000011100110000000000000101000110111111111101111111101011001111011101111000000000000101001100000000000000000001
7010565185763839882,20,join,1111111111001110111101000000000000001001011101111100111011110101011111001100111101111111110011101111010001111100110010010100001000001000100101000011100010001001010000101000100010010100001111001100100111111111111111111111111111111101111111110100000000001000100101000010100011001001010101111100111011110111111111001111111100000000000000001000010001111100110011110100011111001100101100000000000000001001
2056873048061380990,20,join,1100110111000100010101001000100000000000111011111100110001011111111111111111111100001000100000000000010011001100000000011100111111001100010101001001110000000100000000001000000000000100100011000000000011101111111011111111111011111111111111111100110111001100010101001101110001000101111011111100111001111110111111001111111111001111110011001101010010001100000001001110111111001100011101001000110000000001
-8963584161404367912,20,join,1000000000000100000011111011111111111111101100010111011111101001000001000111111010111011011111111110111111111111111111111011001101110111111010010001011101111110101110111111111111101000000001000111101010010000011101111110100100000101011111101011001101111111111000000000000001000000100000000000011010101000000000000101000010000000000001001010100000000100011111100000000000000100001010111011111111111111
4469214726396701102,20,join,1001001100001000001011010011000010000010111100110000100010100001001100000000001011111011011010101010111111111111111110110000001100000000001000000001000000000010111110111111101110101111001101101010101011110011001010001010111110110111101010100001001100001000001011111011111111111010111100110010101010101111101101111011101010010011000010001010111111111111111111110000000000000000001011111011111111111011
-983361043948246653,20,join,1101111111111111110101000000000111100000111111111111111111110101000000011111000001011111111111111101010101011101111110010101011111111111110101010001010111111000010100011101111110000101000001011111000001010101111111111101000000000001000000000000000000011110000000000000000001000000000000000001011000000100000000011111000001010000010111111000010101011101111111010101011111111111111101010001110111111001
-676899758952023012,20,join,1111110111111101101101000000000000010000011111010110100110110101000101101001101101011001011010011011010101010110100110111111111111111111111101000001000000010000011111011110100110110100000101000001001001000001011010011011011111011111110110110100000101001001101101111101111011011011011111011111111111110000000000000001000001000001010000011010011111011111110111110100000100000001001001000001010000011011
-6197133143962158768,20,join,1000000000000000100011111111111111111110101001100011111111101011111111111111111010101110001111111110100001100011111111101000001000000000100010101111001111111110101011111011111111101010111111111111111010000010001110111100100000100001000010001000001000011000100010000010001111111100100000100001101010001000001000011011100000000000000000001000100000100001101111001000001000111111111011111111111111111111
7048593995556051670,20,join,1111111110101110100101111111100010101001001000100000000000000011111100000010100100101010000000100000001011100000001000000000001000000000000000101111000000100001001111111000101010011111111111111111111100111111101011101001111111111011111110010011111100001010100100111111100011101001000000000000001000001111111110101111100100101111000000101001111111111011111111111111111110111111101100101110000000100001
6731397574767591088,20,join,1100001100000101100101000000000000000000111101111101111110011101001111011111100111111111110111111011110101111101111110010100001100000001100101000001000000001001110000111101111110011100001101011111100111111111111111111011110000110001111110011100001100001111100101000001000001011001010000010000001110010100000100000001100101000000000000001000111111111111111111111111011111011111101101000000000000001001
-3947916921088118422,20,join,1111111111101111111101111011110001111001001000000000000000000011101011000010000000101010010000100000011111111110111110110010001001000000000000111011110000100000001010101100001000000010000001000000000000111011111011111001111111111111111111110011101111001111000100111011110001100001001000100100001000000011101111000111000100111011110001111001011111111110111111110111101111101111101100111011110000100001
4087665340354300958,20,join,1000000000000110000011011110101111111111111111101011111111111001111010111111111110001000100101111011100011101011111111111000101010110111111111111111111111111111100000001001011110111111111011111111111110001000101101111111100000000001011000011000101010111111111100000000000001100000000000000000001000001000000000010111101110000000000101101011100010001001011111110000000000000110001000000000000001100001
-6943636786799191224,20,join,1111111111111111111101011111111111111111001110111111111111110001000011100001110000011001111000011111000111111111111111110001101111111111111100010001111000011100000000001010000101000000000011100001110000000000001000000100000110011111100111110001100111101001111100011001111111111111000110011110101111110000000000000001010000000000101000011100000000000000000001000000000010100001111100000000101000011101
7873437458420168851,20,join,1000000100101011000111111101011111111111101110010111111101011001100101111111000110001001011111110001101111010111111111111111111111111111111100000001000000000000111111011111111111111000000101101111000100000001001000100001100000010011101100010000000100101011000110000001001011110001000000010000001000010000000100100011000110111001011111111101100110010111111101011011100101111111111100000001000000000001
-4962150827515381339,20,join,1001000000100010011011111110111011111111101111101110111111110001000000100000001010011110001010111110100101100010001001100000001000000000001011111111111011111111100111101110111111111001111001101111111000000000001000000010111111111111111111111001011000101011111010011110001011111110000100000010001000101001011000100011111010010110001000101110000100000010001001100000000000000000001010011110011011111111
-8158658447659448387,20,join,1111111111111111110101100000010001000100001000000100000000000111000001000101010101111110110011011101011101001100010101010110001011000101010101111111111011111101011000001100010101010000000001000000000001111110111011111101011111111111111111010110001011001101010100100000010001000000011111101100111111010110000001000101010001110110110011011101001000000100010001001111111111111111111101100000010001010101
-8529513149576232806,20,join,1000000101000001000011000001011010010110111011111111111111111111111111111111111111001111111110011110110001010110100101101100011111111001111000000001010000010000110001011111100111100000000001000001000010000001011010010000110001010111100111100000000000001001000011001111111111011110110011111111111111100000000000000001000011000101011010011110100000010110100101001000000101101001011011001111111111111111
-2129801613818123109,20,join,1111110111111110111101000001010001001101011010010110111011110111100101111110111101001001011011101111011111010111111011111111111111111111111100000001000000001001011111011111111011110000000101000100110101000001011001101101010010010111111011110100000101101110111100000001000001001001010000010100011011011111110111111111111100000000000000001000000000010000010011010100000101100110111100000000000000001001
1255770314785421266,20,join,1011111110111010110111111111111111101111001011111011100010000001111110101000100000001111101010000000000001000010100000000000011110101000000000000101101010000000000001001010100000001011111111111110111100000000001000000000000011111011100010000000000000001000000010111111101111101111001111111011101010001111111111111111111100001111101010001000001011111011100011001011111110111010111100111111101110101101
-7223270390819276377,20,join,1111111111111111111001000000000000000000011111111111111111100101111111111111111001001000000100110000010011111111111111100100101111111111111001001001011111111100010010011111111111100100100001010011100001001000011111111100000000000001000000000100100001011111110001001000010101111000010000000001001000000000000000010001000001001000000100111000010010000101011111000100100001111111111011111111111111111111
-2777736233012725320,20,join,1110010001000101011101100100010001000101001000000000000000001111111111111111111111101100011011010111001001000100000001001110111111111101111111101101111111011111111011001110110111110010000001000000000011100100011001010111111011001111110111111110010001101101011100100100010001000100111011111111111111110110010001000101011111101100011011011111001000000100000001000110010001000100011100100100010001000101
6710260093962413189,20,join,1010111111101100110011101111111011101110001001010010100011001111111111101111111100101111111011001100000001010010000010000000011100101000110000000001001000001000001001111110110011000010011101101000110000000000001000001000111111111111111111110000010100101000110000100111011011001100001001111110111011001110111111101111111100000000000000001000000001010010000011001010111111101110111011101111111011101111
8749625960855797590,20,join,1110110000001101100101100100000001011001001001000000000110011111111011011111111101101100000011011001000001000000000000001110111011001101111111111111111111111111111011001100110111111110110001001101110111111110111111111111111011101101110111110110010000001101100100100100000001011001111011101101111111110000010000000001100100000100000000001001011011000000110111010010010000000101101100000100000000000001
4735064367671511990,20,join,1100000001000101100101000000000000001001111100000100010111011101000001000101110111111000110011011101111111011111111111111111111111111111111111111001111011111111111100001100110111010100000001000000100111111000111011111111111110011111111111111111000001001101110101000000010001011001111110001100111111010100000001000001100100000000000000001001010000000100010111011111100011001111111100000000000000000001
-4347692860395241080,20,join,1101101110111011111101000000100100000001011110111011101111110101000110111011011101011011101110110111110111111011101111110100001110111011011101000001100110100101000000001000000000000111101111111011111101000001101110100101000000001001000000000100000010011000000111111111111111111111010000001001001001010100000110111011011101011011101110111111010000001001000001010100000110111010011100000000100100000001
7239060674255038527,20,join,1011011010110110101011111111111111111110001000101011011010100011001010110110101010111110111111111110001101101011011010100000001010110100101010111111111111111110000000001011010010001011011011110110101000000000001100000000000000000001000000001011011011111110111000000000001101001000000000101011011010101011011011111111111000000000001100001000101101101111011011100000000000110000001011111111111111111111
5442649004866971787,20,join,1000000000000000000011111111111111111111101000000010001011101011110110100011111110101000001000101111101011010010001111111011111110111111111110101001001000101111101010011010001111111011111111111111111110000000001000100010101111011011111111111011110110101111111110101001001001111111000000000000001000001010100100100011111110000000001000101010100000000010001011101000000000000010001010000000001000101011
-7333289561183579479,20,join,1000000000000000000011001011011001110101111110110111011111011101101101100111010110001011001001010101111111111111111111111000001000000000010110000011001001010101111110111111011111011000101101100101010110000010001000000101110010110111011101011111101111111111111110000010001001000101100000110010011101011000001000100101010111011011011101111101100000000000000001001111101111110111111110000000000000000101
-1250450022875942005,20,join,1100001101111011101101000010010010000000011000110111101110111111111111111011101101101011011110111011111011111111101110110000001000000000000001000011010110111000111010111111101110110000000001000000000001000011011110111011010000100101101110000000001001001000000011111111111111111011010000100100101000000100001001001011000001000010010010111000111111111111111111110100001101011011101101000011010110111001
6214819880250508541,20,join,1011111111110011100111111111111100111011001000010000000000000011000100000000000000111101001000000000001101010010000000000011111111110011100000000001000000000000001111011010000000000011110111100001100000000001001000000000001111011111000110001011111111111011101111111111111111111011001111011010001110000011110110100001100000111101101000001000111111111111111111111011111111110011101100111111111100111001
-4568756136438367471,20,join,1011111111110011111111111111111110111111001111111111001111010001101111110011110100001011011100110001000011111111001111010000001100110001000000000001000000000000000010111111001101010000001101110001000000000001001000010000000000010011000100001011111111111011111111111111111111111111000000110111001100000000000100000001000000001011111100111101000010110111001101010011111111110011111100000011011100010001
8021671165379845697,20,join,1111111111111111111101000000000000000000001000000000000000000111000100011010000101111001111110100001011111011111101011010111101111111010110101100001000110000000011100011001101000010111000111111010000101100001001110100001010000000001100000000100000000001000000001111111111111101101011000010001101000010111111111111111111101110001111110101001011110011111101011010111111111111110111101100001000110000001
7923866018179455553,20,join,1000000101001100000011010001010011011010111111111111111111111001000101001100100011011001010011111011110111111101111111111101001101001111101100000001010001000000110100111101111111110000000001000000000011011111111111111111110100110101111111110000000101001100000000000000010001000000110100010100111110111001000101001101100010000001010011001000110100110100111111111000000101001100101011010001010011011011
1984508399772178723,20,join,1000000101100101110111000001011001011101111000010110011111011111101111110111110111101001011001111101111111111111011111011110101111110111110100000001000000000000111010011110011111010000000101100000110100000001001000001000111010011111011111011111111111111111111100000001001001001100000000010110011111010000000101100101110100000000000000001000000000010010000011001111101111110111111100000001001000001101
-3397582793235781338,20,join,1111111011110011111001111100101100010110001000000000000000000001000000000000000000111100001100010110001001000010000100000111111010110001011011111111111101111111001101001011000101100111111011110001011000100000001000010000001101000011000101101111111111111111111111111110111101111110011111101111001101100010000000000001000001111100101100011110001101000010000101100011010000100001001011111110111101111111
6471292431552919835,20,join,1111001000111000111001010010000110000100011100100001100011100001001000001000010011111010101110001110111111101111100011100000001000000000000011111111111111111111111100101011100011101111101011111000111001010010001110001110000100100001100001000000000000001000010011111110111111101111111111101111101011101111111011111111111101010010000110001110000000000000000001000101001000011000011011111110111110101111
6183299209837845805,20,join,1001011110001010100011010111101110111110111101111011101111100001011010000000100011111111111110111111000001000000000000000000011000000000000000000111100000001000000001101000000010001111011111111011111110010111101010101110100101111011101111100001011110001000100011111111111111111111000101111000101010001001011110101011111000000110000000001000000101111000101011000001011110001010111011110111101110111111
-4073779200605218859,20,join,1000010000001001000011110111011011011011101101010110110110101001010100101101001011111111011111111011000001000000000000001001011101101101101010000101001011010010111111111111111111111001010101101101001010000100001011010010111101110111110110110000010000001001000010000100000011010000111101110111111110110000010000000001000010010101011011011010111101110111110111111000010000001001001010010111011011011011
-8014638139581375036,20,join,1101000000001100010001010000000011000100111100101000110001110001000000001100000011111111111011001111111101101000110011111101001010001100010111110111101011001111010100001000110001001111011111101100111111110110101011001111111111111111111011110000000000001000000000000000000001000000111111111110111011111111111111111111111111010010100011001111000100000000110001001101001010001100011111010000100011000101
7102737271874982359,20,join,1101000000010010010101010000000100100101111111111111111111110001000000010000010011011000110101100101110111111111111101111101101111111111010111011001111101100101110100001001001001011101000001010010010111011000111101100101000000000001000001001101100111111111010111010000110101100101000100000001001001011101100111110111010111011011111111111101000000000000000001001101101111111111011100000000000100000101
-7895382545296515501,20,join,1001110110110111111011111101101101111110101111011011011111100001010000100001000000011101001000110010000001000010000000001111111110110111111000000001000000000000000111011011001101101111111111111111111100000000001000000000000111010011001101101111111110111111111000011101101101111110000101000010001100000000010000100001000000011101001100111110000111010010001101100000010000100000001011111111101111111111
-6252586713487963621,20,join,1010000000100100010011111100101101110100001000000010000001001011000000110101010010111100101101110100101101001011011101001111111010110111010011111111101101111110101100001011010101001011110011110111010000000000001000000100101000000011010101001111111111111111111100000000001001000100101100000011011101001010000000100101010011111110101101111100000000000000000001001111111010110111011011111111111101111111
7310601665952969877,20,join,1000000000000000000011011101101111011111111111111111111111111001000000000101101110011001001011011011100111011011110111111101111111111111111110010001000011011011100110011010110111111101110111111111111110010001001011011011100110011011110111111001000000001101101110000000000001000000110111011011111111111000000000000101100110000000000001001001100110010010110111111000000000000101101110000000000001000001
-1676114374757165180,20,join,1001000000010000000011111011110111001111101110101001100000000001000000010000000000011010000110000000111111111101111011110001001000011000000010111011100111000011100110101001100000001011101111011100111111111111111111111111000000000001000000000001000000011000000010111010100111000011111110111101111011111111111111011111111110111011100111001011101110111001110011111011101010011000001110011010100110000001
-2176497623543371807,20,join,1100101101101010000101000001001010000001111010110111101100011111111101111111111101001011011010100001111011110111101100010100001100101010000100000001000010000000111111111111111111110100001101101010000100000001001010000000110010110111101000010000000000001000000011101111011111110001010000010010101000010100000100101011000111101111011110111111111010110111101101011110111101111011001100000000000000000001
-7792840996191827638,20,join,1000100001000010100011101001010110111110101010000101101011101111100101011111111100001000010000001000101011010101101011111111111111111111111110101001010110101110111111011111111111110000000001000000000011111001011111111111100010000101001010001000100001011010110011101001010111111111000000000100001000001010100101011011111000000000010000001000100010000101001011001000100001011010111010101001010110101111
-8412147781352084764,20,join,1100101001101011111101000010001010111111111010100111101111111111111111111111111101001010011010111111111011111111101111110000001000000001000011101011111110111111111010101111101111110100001001101011111100000010001000010101110010100111101111110000001000101001110111101011111111111111000000100010001101010000000000000001000000000010001000011101000000100000000101010000001000101001111100000010000000010001
7549066458489410806,20,join,1010011000011011111111101111010110111111001000000000000000001111111111011011111110101110000110111111001001100001100111110000001000000000000010101111000110111111111011111101101111111010111001011011111111111111111111111111001000100001000100110010001000011001111111101111110111111111001000100001101111110010001000000001001100100010000000011011001000100001000111110010001000000000001000100010000000000011
-4514183219212340753,20,join,1000000000000000000011000000000000000000111110111011111011111101000110100100101011011001101001001010111111111011111011111101101110100100101011000001101001001010110000001000000000101111111111111111111111000000101000001010110110111011111011111101101110101100101011000000101001001010110110111010111010101101101110111111111111000000100000001010110110111010111011110000000000000000001011011011101011101011
-7829022894544244477,20,join,1101000111110110100101010001110101101001111101011111011010110001000010010110100111111101111111101111110101011111011010111111111111111111111100010001100101101001000000001001011010010001000111010110100101010001111101101001000000000001001010011111010111111110101100000000000101101001000000000000001010011111110111111111111100000000000000001000111101011111111011111101000111110110101100000000000000001001
2452240082826884621,20,join,1011111111111101101111111111111111111111001011111111110110010001111111111101100100001000000100000001000011100001000100010000101000010001000100001111011111011001000011111111110110010000111001010001000100001110011101010001000000000001000000010000111001111101100100001110010101010001101111111111111111110000100000010001000100001110011101011001101111111111110111110010111111111101101100000000000000000001
-5907602270007789425,20,join,1000001111110000001011111111111111011111101011111111000100101011111111111101011110001011111100000010100011111111000100100000001111110000001000000001001100000010000000011111000000100000000101110000001000000000001100000010000000000001000000101010111111111101011110101111111101010111111111111111111111111000101111110001001010111111111111011111100010111111000101100000000000000000001010001111111100010111
-1863002640823201716,20,join,1100111111111111101101001000110110101000111011111111111110111111111111111111111100001000110010101000010011001101111010010100101111011110100101001001110111101001000000001100001010000000000001000010100001001100111111111001000010001101101010000000000011001010100001001000110111101001000000000000001000000100110011011111100100000000000000101000110011111111111111110100111111111111101101001000110110101001
6329466205156104371,20,join,1000000000000000001011100001000010000011001000000000000000001111000100001001001111111101001011010011111101010010110100111111011100101101001110000001000010000011111111011010110100111111111111101101001111110001001010010011111111111111110100110000000000001000001011110001000011010011111111111111111100111110000100001001001111111111111111111011111111111111111111110000000000000000001000000000000010000011
-4679938072858281365,20,join,1111111111111111111101000000000000000000011101100110010101100001000000000000000001111110011001010111010101100110010101100101001001000100011001111111111101111111011111101111010111110101000001000100011001010010011001010110011111100111010101110111111111111111111101010000000001000010011111100111011101110101001001000101011001111110011101011111010100000000010001100000000000000000001001010010010001010111
-3457884592707590200,20,join,1101011001111011101101000100000000010000111111111111101111110101010001111011101011011110011110111011000001000000000100000101011001111011101011011111011110111011110111111111101111110100010001111001001000000000001000000000010001000001000100000100010000101001001011111111111111111111010001000111101110100000000000000001000001000100011110011010110111110111101111110000010000000001001001010110011110111011
2862810222764311439,20,join,1000000000000000000111011101000000111001111111010010101110111001100100000011100110001000000000000001100011010000001110011111111110111011111110001001000000010001111111011011101110111111111111111011111110011001001000111001110111010011101110011101110100101011100111111111111111111111100010010000001100011000100000000001000110001001000000111001111111011011101111111101110100101011101100000000000000000001
5055898062672908135,20,join,1000000000000000000011101111111010101011101010111000000000111111111111111111111110001000000000000000101011111000000000111000101110000000001010001001100000000010100000001000000000001010111111000010101110101111111010101011111011111111101111111010111111001010101111101111111111111111101010111000001000111110111111101011101110101111100000101011111011111110101011110000000000000000001010001011100000000011
-1923261940162236702,20,join,1100101111011111101101001010010000010001111010111111111111111111101111111111111100001000010000010000111111111111111111110000101001000001000001001011110111011011010010101100000100010000000001000000000001001011111111111011010010101101000100010100101011011101101101001010110101011011010010111101111110110000000001000001000001001010110100011011110010111111111111110000100001000001001000001010010000010001
2363656764690010577,20,join,1000000000010100000011111111111111111111001000000001000000001001000000010100000010111101000101010010101101010001010100001011111111111111111110110001000101010000101111011111111110101011110101010111101010111101011111111010000000000001000000001011110101011111101000000000000101000000101111010001011110101011000000010101000010111101000101011010101111011111111111101011000100010101001010111101111111111111
4756362198996351346,20,join,1100010100100110010101000101001001100100111001010110011011011111010111110111110111111111111111111111000001010010010001001111011111111111111100000001000000000000111001011111011111010100010101100110010100000001001001000100110001010111011011011111010111111111111100000001000001000100000001010010011001001110010101100111110111000101011001101101000000010000000001001100010101110110111101000101001001100101
990095512052131142,20,join,1001000000100100000011111111011111101111101111110111111011110001000000100100000010011111011001100110100101100110010001001001001001100100010010010011011001000100111111111111111111111001000001100100010000000000001001000000100111110111011011101001111101111110111100000000000001000000100101110110011001101011111101111111111110011111011001101110100100000010010001001001001101100100011010011111011101101111
5163518098326100136,20,join,1111111101111111111001111111011111111110001110110111111111100001000000000000100000011000010100011110001111110111111111100001101001010001111000011001010100111110111111111111111111110000000001000000100000011010011100011110000100000101000111100001101101111111111000011010011101111110000110000101001111100000000001000001110000000000000000001000000000000100000011000001000001000000101011111111011111111111
2239879286066920795,20,join,1000111011011100110111011110111111101111111111101111111111111001111011011110111100001000100000000000000001001000000000000000001000000000000011111111111111111111000000001000000000000000011011010000100010011110111111101111000001101001000000000000111011011000100100001110110111001001000011101101101010011101111011111111111100000110100100001000000011101101100011011000111011011110111100001110110100001001
-8014990468404779971,20,join,1110011000101101100001100100000000011000001000000000000100001111011000101101100011111111101011011010001001000000000110000110011000000001100011110111001011011010111101111010110110101111111111101111111101100110001010011000111111111111111111110110011000001001100001100110001011011000111111111010111110100000000000000001000000000000000000001000111111111010111111101111011000101101101011111111101011111011
5222262988553656374,20,join,1001101111001011011111011111111011110111111111111111111111110001101111001011011100001010000000100010100111111110111101110000001000000000000000001011100000110111000010101000001000100000101011000010001100011011111010110111110111111111111111110000101111001011011100011011111011110111000000100000001000100000101010000011011111011111111011111111000010100000001001100000001000000000001000001010100000100011
8417672322127753329,20,join,1001110111110011101111111101111111111111101111011111111111110001010000000000001000011100000000000010000001000000000000001111111111111111111100011101011000100010000111011110001000100000010001000000001000011100011000100010000111011111001110111001110111111111111110011101111101111111000111000100001000100001110111100011101000011101111000101010000111011111001111110000010000000000001000011101111000111011
4867542891491467373,20,join,1000000000010000000011111111111111111111101111111101011111111001111111010111111110001111110101111111100001001001001110011000011111010111111110000101100101111001000000001001000110001000010111010111100110111111111101111111000000000001000000001011111111111111111110000100100101111001100000001001001110000000000000010001100000000000000100001000100001011101011111111000010111010111101110000000100100111001
1316100780546473834,20,join,1001110110000110001011111111100001111111101111111000011111110001000100000000000000011001100000000000000111011000001000001001111110000111111100000001000000000000000000001000000000001111111111011111111111111111111111111111111111111001011111111111111110011111111100011101100001100010000110011000001000001001110110000111001010011101100001111010100111011000011111110001110110000010001010011101100001111011
-8413335415114706513,20,join,1100000000100010000001000000000000000000111111111111111011111101111111111010010111001000001110100101110011000011101001011100111111111010010111001101001110100101110011011011101001011100110111111010010100000000001000000000110000000011001000001100000000111010000011011111111111100101010000000010001000001111111111111111111111011111111110101101110000000011101001011101111111111010111111000000001110100001
8377859224059342045,20,join,1111110010100000011101001000100000000001011010001000000000010111110010100000011100001000100000000000011011001010000000011111111010110101111111111101101001011111000000001000000000001111111011110101111101101000101000000001111111001011010111111111111110111101111111111100101001000111111111111111111111111111110010100101011111111100101001011111011011001010000001110110110010100000001100001000100000000001
3279647491597797816,20,join,1000100000000000000011011111111011011110111111111111111111111001110010000000000000001000000000000000100011001000000000001001111110101000100010011101101000001000100010001000000000001001111111101000101010001100101000001000100111111111110111101000110010101000100010011111111011011110100111111111111111111001111110101001111010001100100000001000100111111010100011101001111110101000101010011111111111011111
5427777334130746853,20,join,1000111010110111010111111110111101111111101111101111011111011001111011110111010100001000001001000100000011001011011001000000111010110110010011111111111111111111000010001010010001001000111011110111010100000000001001000100000010001011010001001111111011111111111100000000000001000100000010001011011001000000111010110111010110011110111101111101000000000000000001001011111011110111111100001110101101100101
-4490302767320189176,20,join,1111111111111110101101110100001010001001001000000000000000010001000000000000000101111111011111101001001101000010000010010111011101111000100101110101011110001001011111111111111010010111010001111000100100010000001000000001001101000011000010010011000000101000100101110111011111001001011101110111111010011111111111111111101100110000001000001001111111111111111111110111111111111110101100000000000000000001
8580117814954914433,20,join,1111011111110110111101000000000000000000011000000000010001000111010111000110110011111111111111101111011001010000010011000110001100000110110001100001000001001100011001011000011011000110010111000110110001110111111101101111011101111101011011000111011111011110111001000000000001000100011000010000011011001111111111111111111101000000000000001100010000000000000001000111011111010110111001110111110101101111
8833993496046419673,20,join,1101010010101001001101000000000000000000111101001011111111110101010000101001000111111100111111111111010001000000100100001111111111111111111111111101111111111111010101001010100100111111010011111111111101000100001010010001110101001011100100110100000000001000000011010100101111010011110101001011111111110100000000000001000011010100101010011011110101001011110111110101010000101001001101000100000010010001
8555857823136877559,20,join,1110010101101001011001100101010000000100001000000000000000001111110101101011111111101101011010010110001001010000000000001111111101111011111100100001000000000000111111111111101111110010010101000000000001100101011010010110111111010111101111110110010101001001011011111111111111111111111011010110101111110010010101000001010011101101011010011111001001010100000001000110010101000001011000100101010000000001
1086227423242294616,20,join,1100000010000010010001000000000000000000111110001110111011100101000010000000010011011000111011100110111111011110111111101111111111111111111111111001111011111110010000001000000001001101000011101110011011010000101000100110111111011111111111111101000010101010011011010000101011100110010000000000001001001111100011101111111011011000111011101110010000000000000001001100000010000010011011111101111011111111
3867660206734035081,20,join,1000000000001000001011001110000111000111111011100001110001111111111111011100011100001100000010000010000001000000100000101000111000001000001111101111110111000111111011101101110001111110111001011100011111111111111111111111100011100001110001110000000000001000001010001110000011000011111111111101111111111110111111011101011111111111110111001111100011100000110001110000000000000000001010000100000010000011
-2741641005423319469,20,join,1011010111000010100111110101111100111101001001011100000000000001010111000000000011111111111111111111000001000100000000001011011111111011110100000001000000000000000001011100000000000000000001000000000010110101111000101001101101011111001111011011010111111011110110110101111111111101001101011100001010011011010111100011110100110101110000001001101101011100001011011111010111111111111100110101110000000001
3658279539090353374,20,join,1101111101110101110101010000000000000000111111111111010111110001000000000000000001011111001101010101010101000010000001000101011100110001010101010101001100000101110111111111010111010101011101110101010101010000001000000100010101000011000001011111111111111111111101010111001101010101111111111111011111110101010100110001010101011111011101011101010100000000000001001101111101110101111101010100001000000101
5739105315317314406,20,join,1000000001000000100111111001111101111011101000010100010110111011000111000101101110101001110001011011111111011111111111111111111111111111111100000001010000001001101000011100010110110000000001000000000010111001111101111011101110011101011110111111100111111111101110000001010001001011101100011100011110111000000101000101101100000000010000001000111110011111111111111000000101000000101100000000010000001001
-7154835123014107180,20,join,1000001000101010110101000010001010101101111000101010101011011111101111111110110111101011111011101101111111111111111011110000001000000000010111000011111010101101110000101010101011011100001011101010110100000000001010000101111010111111111011010000000000001000010111100011111011101101000000100010101001011111111111111111111100000010001010101101000000000000000001001110101111111110111100000000000000000101
-9177049953699465253,20,join,1000110101010001111011101111111101111111101011111111011111101111111111111111111100001101010100011110000001010100000111001000111101010011111000000001010000000000100011111111011111100000000001000000000010001101011101111110000001010101000111101000110101111111111000000101010001011110100011010101001111100000000101000001110000000001010000001100000000000100000001000000010101000001111010101111111101111111
7881831971473727052,20,join,1011010110001101011111111111111111111111001100010000100001110001000100001000000110111101100011010111001101011000110101111011111111101111111100000001000010000000001100011000110001111011110111001101011110111101111011111111101111111111111111110000000000001000000000110001000011000111101111011100111101110011000110001101011110111101110011111111000100010000100001010001000100001000011100000001000010000001
6798952601114750547,20,join,1001001100011000111111011111111110011111111111111111100111110001000000000000000010011011000110001111100111111111100111110001001000000000000000010011000110000011100110111011100111111001101111111001111110011011001110011111000100100001000000000001001000011000001111111111111111111111111111111111101111111001101100011001111100010011000110001111000100100001100001110001001000000000001100010010000000000001
2950005326388895838,20,join,1101110011100110011001000000110000000110111111101111011011100101110011100000011001001000111000000110000001001100000000101101111011110110111011111111111111111111000000001100000000100000000001000000001001000000111000000110110111001111011001101111111011111110111001011100111001100110010111001110001001101111111011111111111111011100111101101110000000001100000001100000000000000000001011111110111111101111
-3118323871220204444,20,join,1110101111110111110101101000001000110001001010000000000000011111101111110111110100001000000000000000111111111111111111010110101011100011000101101001111000110101011010001110001100010110100001100011000100001000001000000000011010011111001101011111101111111111110101101011111101111101000010000010001000000010100000100001000101101001111100111101011010000010001101011111111111111111111100001000000000000001
5130539845749935871,20,join,1010010010111100000111111111111111111111001001000000100000011011110111111111110110101100101111100001000001000000100000011011111111111111111110101101101111110101000001001000110000011010110111111111110100100100101011000001001001001011110000010000000000001000000100000100000011000001001001001010111000011010110010111111010110101101101111111101101011001011111001011011110111111111111100000000000000000001
-3699909911674553802,20,join,1110001001111111111101000000000000000000011000100000011011111111111111111111111111101111111111111111111001110111111111110100001000000110111011100011011111111111111001111111111111110110001001001110111101100010011011111111011000100001111011110110001000001110111100000000000001000000010000000000011000000110001001001111111100000000000001001000000000000000010011000000000000000100111001000010000001101111
7426652784875619854,20,join,1111101101111101100101000011000110010000011100110011110110000101001100011001100001111011011111011001111111111111110111110000001100011001000000000001000000000000011110111111110110010111001101111101100001010011001110011000000000010001100100000000000100001000000001000011000111011000111111111111111111110000000100001001000001000011000110011000111110111111110111110111101101111101101101110011001111011001
-2999024296695744460,20,join,1000010001000101100111110111111111111111101101001110110110011001010001000101100111111111111111111111000001000100010110011011011111111111111110110101111011011001100101001110010110010000000001000000000010000100011001011001101101011111111111111001010001001101100100000000010001000000101101011110111110010000000001000101100100000000010001001000101101011110111111011011010111101111111100000000010001001001
818790055341079379,20,join,1011000000001011000111110001001011110101001100000000001100010001000000000011000111111001001011110101111111111111111111111111101111111111111110110001001011110001111110011010111101111111100111101111011100110000001000110001111110011111111111110001000000001011000110110000000011110001000000000000001000010000000000000001000011111001111011111111101100010010111101011111100100101111011100000000000000000001
-4358539229691668696,20,join,1010100111001001010111111111111111111111001000000100100000011011110111111001111100101001110010010101101011011100100101011011111111111111111100100001010010000001001000011100100000010000000001001000000110101101111110011111101011011101100111110000000000001000000110111101111111111111101111011111101111110010000101001001000110101101110010011101001000010100100101011010110111001001111100000000000000000001
2509824693999882128,20,join,1110111111111111111101000000000000010000011010111101111111111111111111111111111101001011100000110110011011111111111111110100001110000011011001000001100000010110010000001000000101100100101111010111111001001011111111111111010000111001001101100100101111011111111101000011100101110110010000011000001101100000000000000001000001001011100101111110000000000000000101000100000000000001011001001011110101111111
-8733187689788552161,20,join,1001101111100110101011011011111001101010111110111110111111110001101111000100101000001011100001000000111111111111111111110000001100000000000000000001000000000000000000111000010000000000101111000100000000011011111001101010110110111111111111101101101111101111101000000011000001000000000010111100011000101101101111100111101000001011110001001000110110111110111111100000101111000100001011011011111011111111
2334542322867186371,20,join,1000000001000010001011100000010000111010101000000100001110101111000001100011101011111111111111111111111101010110001110101111011111110111111111100001011000111010111101011111001111110000000001000000000011100000011000111010111101010111001110101111011111111111111111110101111101111111000000000000001000000000000001000011001010000000010000111010111101010111001111100000000001000010001011110101011100111111
-4658959252792944454,20,join,1010000001000000100011101111111100011001001000000100000000001111111111111101101110101101111100011001101001011111000110011010111111110001100110100001011000011001101000011110000110010000000001000000000010100000011000001001101000010111000110011110111111111101101111101111111101011011111111111111111111111010000001000001100000100000010000001000111011111111110111111110111111110001101110100000010000001001
1259357950772233842,20,join,1001011011111101111111010110111111011111111111111111111111110001011011110101100011011110111111111111000001000010000000000000011011110101100011010111111111111111000000001010010000000000010011100101100000000000001000000000000001001111010110000001011011111101110100000000001001000000110101101111111111110000010010100101000000000100101001011000000101101111010111000001011011111101111100010110111101011101
1832186402419126257,20,join,1100110100100011000001000101000000100000111011011010101101111111111111111111111101001101001000110000000001000000000000001110111110101011011100000101000000000000110011011010001100001110111111111111011101000101001000110000111011011011111101111100110110101011000011101101101011110111000001010000001000000100010100000011000011101111111111111111110011011010101101101100110100100011001011001101101010110111
4118496858166893376,20,join,1110111110110010111101101111101000101101001010111010001011011111111111111111111100001011101000101101000001111010001011010000001000000010000000000011000000100000000000101000001000001110111111110110111100000011101000101101011011111011001011111110111111111111111111101111101101101111000000000000001000001110111111110111111100000010100000101000000000111000001011000110111110100010111100000011100000101101
4410580247415367556,20,join,1010000001010110100111100010110111111101001000000000000000001111111111111111111111101011111111111111111011111111111111111010001011011111100111100011111111111111101000001101011010010010000001000010100011100010111111111111001000000101011010001010000011011110100100100000010001101000001000000000001010001010000011011111100100000000000000001000101000101101111111011110001011011111111100100000010000101001
-5829451691770738188,20,join,1110010001010011001001100000010000010010001000000100000000101111110111111111111011101100010100110010011001000101001100101111111111111111111011101101010100111010111011011111011110100000000001000000000011101101011101111010011000000101001100101110110111111111111011101101010101111010000000000000001000000000000001000001001011100100010100111010111011010111011111100000000001000000001011111111111111111111
-3706437010425739738,20,join,1011000111110001011111111101111111111111001100011111000101010001000000000000010110111001111100010111101101011111000101111111111111111111111100010001011100010101000100011111000101010001000001010000010100010000011100010101000100000001000001011011110111111001011110111101111111010111101111011111111111110001000001010001010110111101111111011111000000000000000001010011000111110001011100000000000000000001
1430193377489138214,20,join,1111111001111111110001010010000011000100011101100101110111000001000000000100010001111110011111111100010101100101110111000001001000000100010011111111111111111111111111101111111111110101001001011101110001110110011111011100010100100001110001000001001000001100010000000000000001000100011101100111111111000101001000001101110001010010000011001100000000000000000001001111111001111111111111111110011111111101
7299260854958596881,20,join,1000011001000010001011110111010111111110101001100100011000101011011101011111111011111111010111111111000001000100001000100000011001000010001010100111010111111110111111111111111111110000000001000010000010100111011111111110101001100101011001101010011001001110001010000110010001100010000000000000001000001010011001011111111010100110010101101110100001100100001001100000000001000010001011110111010111111111
5377841419232897450,20,join,1010010001001111001011100101010111110010001001000100111100101111111111111111111011101111111111111110000001000000000000001110011111111111011010100101010111110010111001011101111100100000010001001011000011100101111111110110001001000101111100100000010000001011000000000100010011110000000000000000001100000000000000000001000011100101111111111110111001011101111101100000010001001111001011111111111111111111
-6174824953766584096,20,join,1010100101111111111011111111011111111111001010010101100110001011111101111111111100001001000010001000101011110111111111111010101101111111111000000001000000000000111111111111111111110000100101001001100000101001011110011010000010010101100110000000000000001000000000101001011111011110001010010101101110000000100100001001100000000001000010001000001010010111100111100010100101011001101010101001011111111111
-7223992147955370293,20,join,1110111110111111110101001000100010011100011011111011111111011111111110111111110100001000000010001000010011011001110111010100111110111111110100001001000010011101000010001000100111001110111111111111110101001101101111111101010010001001100111000000000000001000000001001001100111011101010011011001111111010000000000000001100000000000000000001000000010000000100111001111111111111111111100001000000010011101
-2841809558151339050,20,join,1000000011000010000011011111111111111111111111111111111111111001010011100111101010011111111011111110100001001100011000101000011111101111101010000101111011111010000000001000000000000000000001000010000010000100111001101010100111111111111111101000010011101110101010000000110001100000000000000000001000001000010011100111101010000100110001101010100101111110111111101000000011000010001010011111111111111111
3682223830090279245,20,join,1000001000000000000011000010111000111100111001101111011111001111011011110111110111111110111101111101110001101111011111000000001000000000000011100111111101111101100000101110001111001000001001000000000010000010011000111000110000101111001111001111111011111111110111000010111101111100100000100100001000001000001001000011000010000010010000111000100000100110001111001111111111111111111111100110111101111101
-1104005624668584891,20,join,1100001001000010010001000010010000100100011001100100011001001111011001000110110011111111111111111111010001100100001001000000001001000010010011110111010001101100111101111110111011000000000001000010010011110111011001101100111101110111111011001111011101101110110001000110010001100100000000000000001001001111011101111111111011000110010000101100000000000000000001001111011101111110111011110111111111111111
-3023017639521337924,20,join,1101111001011111111101001000000110000000111111111111111111110101111001011101110100001000000110000000010011100101110111010100101000011001010111011111111111111111010011101101111111110100101001011001010111011110011111111111000000000001000000000000000000011000000001001010010111011101010011100101111111110100100000011001010101001010010110011101010010000001100001010100111001011101111101001000000110000001
5430082571149831968,20,join,1101111111111111111101010111111111111111111111111111111111110001010011011100111001011111111111111111000001000100110010000001011111111111111000010101110111001110000001001101110011100000000001000100100000010101111111111110000001000101110011100000000000001000000000000000000001001000000101011101111111100001010111011101111000000000000000001000000001000100110011000000010001001100111000010111111111111111
-9043560436102076056,20,join,1011110100011010111011111111010110101110001100000001001000000001000000010010000000111101000110101110001101010001001010101011111101011010111000110001000100100000111111111101111111111011110101011010111011111111111111111111000000000001001000000011010100011010101011111111010111111111000000000000001000001111111101011011111100110001000100101010001101010001001011100011000100010010001011111111010110101111
217996984797819185,20,join,1110111111111111111101000000000000000000011000000000110001101111111111111111111101101111101111111111011001010000111101110110011110111111111101100001000011000111011001011001111111110110111111111111111101100101101111111111011001010001111111110100000000001100011001000000000001000110011000010000111101110110000100001101011101100101000011111111000000000000000001000100000000000000011001100000000011000111
-8589640038720441203,20,join,1110101011100000110001100010101000000000001000101010000000001111111011101111111101101010111000001100111011101110101111010000001000000000000011111111111111111111000000101010000000000110001011100000000000000010001000000000111111101111111111111110101011101001110111101110111011111101111010101110001111011110101011100001110101100010111000001000011000101110000011001110111011101011111111101010111000001101
4899529441231149334,20,join,1111111001011101111101111110010111010111001101000001100100010001000000010000000100111110010111010111000101000001100100010011011001011101011111111111010111111111111111111111111111110011010001011101011111111111011111111111000000000001000000010001000000011000000100010000000111010001111111100101111111110001000000011001000101111110010111011111000101000001100101010001000000011101001100000000000000000001
-8459088967863866048,20,join,1010000000100000110011110101111111111111001000000010000001001011010111110111111111111101111111111111101001010010001111111111111111111111111110100001001000011101101000001010001011011010010111100111111100000000001000000100101001011111011111111010010111111111111110100101001001111111101000000010001011011010000000100001110100100000001000001100000000000000000001001010000100100001111110100000001000001101
-3847423706189729308,20,join,1111111111111111111101111111111111111111001001011110111110100011011111101111111100101101111011111110000001000000000010000010011111101111111000000101111001111000000001001010010110000000010011100111100000000100001001001000001101111111111111110000010111101111101000000100000001001000000001000010011110000000010000100101100000000000000000001000001001011110111111100000010111100111101000100101111011111011
1074108801312287929,20,join,1101111111111111111101011111111111111111111111111111111111110001000100001100100100011001000111111011000111010011111110110001111100111111101100000001000011000001000111111111111111110001111101111111111100010001001111101011000100010001110010010000000000001100000100000000000001000000000100010001111010110001000100011111101100000001000011001001000111110011111111110001000100011100101100000000000001000001
-9122935734989055637,20,join,1111111111111111111101011101111110111000011111111111111111010001000000010000100000011001000100011000000111011111101110000001111111111011100000010001000100001000000110011111100110000001100101111001100000011001001100011000000000000001000010000001100100111001100001011111111111111100000110011111101110000001000100010001100000000000000000001000000111111111101111000101111111111111111001011101111110111001
8120528031242647683,20,join,1100000010101100010101000000100011000101111000001010110001011111111111111111111111101111111111111111111001001110111001111110011111111110111111100101111011100111000000001000010000001110000011101100010101000000101011000101111001011111111011110000000000001100010000000000000001000000111000001110111001111110011111111111111111100101111011101111000000000000010001001110000011101100011100000000100001000101
8871326983632335308,20,join,1011000101111111011111111111111111111111001000010111110101110011000101111101011110111011111111111111101101111111111111111011001101111111011100000001010111010010101100111111111101110000000001011101001000000001011111010111000000000001010100100000000000011101001000000000000001000000001100010111111101110000000000000001000010110011111111111111000000010101110101110000000000000101001000000001010111010011
1750095529787215075,20,join,1111111111111111111101011011110111110011011110111101111101110001100111001111001000001000000000000000011111111101111111110001101111001111001100001001100000000000000010001000000000000000100111001000001001111111111111111111000110011101111100100000100110001000001000001001110011000010000010011100101000100000100111001011001001111011110111111111010110111101111101110000100110000000001000001001110011000011
-5946288222760124492,20,join,1010000110000100010011111111111111111111001000000000000000001011011111000111111110111111110001111111101001011100011011001010011111000110110000100001000000000000001000011000000000001010000111000110010010111111111011111111101111111111111111111011111111001111111100100001000001000000001000010000011001001010011111000111111110100001110001101100001000010000010001001010011111000110111010100111110001101111
8018951066427119517,20,join,1001010011011011010111111111111111111111101111101101101111110001000010000011010010011110110110111111000101001101101101011001011011011011110110111111110110111111000000001000000001000001000011010011010010111110111111111111000100001001001101000001000011011011010010010110110111111111000000001000001001000000000010000011010000010000110110111100000000000000000001001001011011011011111100010000110110110101
-3488674794023765138,20,join,1100111100110000100001001100001000000000111011110011000010001111111111111111111100001000000000000000000001000000000000000100111000100000000000000001000000000000111011111111111010011110111101111110100000001100001000000000010011110011000010001110111100111000100001001111001101001000111011110011101010001110111111111111110101001111001000001000111011111111111011011110111100111000101111101111001110001001
-8699109183233604258,20,join,1110111111111110100001001001010001101000011011010101111010001111111111111110100000001000010001101000010011010101111010000110111111111110100000001001010001101000000010011100011010000000000001000110000001101101011111101000000000000101011010000100100101001110100000000000000001000000000000000000001000001111111111111111110100000000010001101000111111111111111011011111111111111111111101101111111111101001
-8394723460553063876,20,join,1100111010111000110101001000000000000000111011111011111011111111111110111111111100001000000000000000010011000001000001010100101000010000010111001111101111101111010010101001000001011111111111111111111101001110101110001101010010000001000001010100100000001000010111001110101111101101110011101011101011011110111110111111111101001110000110001101010010000000000001011100111010111110111101001000000000000001
8099357581870119853,20,join,1000001010100100001011000010101001000010111111111111110011111101101111110100111111001010101001001011110111111111110011110000001010100100001011001011111101001111000000001010010000101100101011100100111100000000001001000000110010101111010011111101101111111100111100000000000001000000111111111111111111111111111111111101111111000010101001001011110000101010010011110000000000100100001011000010101001000011
5127102107359870246,20,join,1000010101000000000011000101010000000000111101011100010000001101010111000000000011111101111001100100000001000000000000001111111111111111111100000001000000000000110001011100000000000000000101000000000011110101111001000000111111011111011001001111110111101110010011010101110001000000111101011110011001001111110111111111111011111101111101101100111101011110010001001111110111100110011011111101111111111111
3895264636829286179,20,join,1111101111011101111001011001110101000110011110011101010101100001100110010100011000001001100100000110111111111101111111100111101111011101111000000001100000000110000000001000000000100000100111010100011011111111111111111111000000011001000001100111100111011101111000001001100101000110111110111101111111100101100111010101011001011001110101011110000000001000000001100000000000000000001011111111110111111111
-7428179095856385838,20,join,1110111011110101110101000110000100001001011011100111010011011111111011110101111100001110000100001001000001100001000000000000001000000000000011111111111101111111011011101111010111010100111001010100100101001110011101001101000000000001000000001111111111111111111101001110000101001001111011101111011111110110111001110101110100000110000100001001010011100101010011011110111011110101111100000110000100000001
6844995668119226545,20,join,1000000000100010100011001101001000101011111011010111011111111111110101110111111110001101001000101011100001010010001010111111111111111111111110000001001000101011111111011111011111111100110101110010111100000000001000100000110011010011001010111110110101111111111111001101011101101111000000000000001000001100110101110011111100000000000000001000110011010011001011111000000000100010101110000000001000101001
3432938737341172200,20,join,1000000000000000000011011111111111101011101111111111111011111001001010101100001010011010101011001010100111111011111010101000001000000000001010011011101011001010100000101010110000101001111111111110101110000010001011000010100110111011111010101000001000001000001010000010000011000010100110111010111010101111111111111111111110010010101011001010100111111111111011110000000000000000001010011111101111101011
-2049012434685674450,20,join,1010010010101101011011100111111111010111001000000000000001001111111111111101011110101100111111010110001001000010110101001010011011111101011010100101101111010110001000001010010001001010010011111101011000100000001000000100101001001011110101100010000000101101010000100000001001000100111111111111111101110010000000100001010011111111111111111111000000000000000001000010010000101101011010100101101111010111
-8840356398604834171,20,join,1000100010011101011111101111101111110111101011011011111101111111111111111111011100001000100111010111100011011011111101111000101110111111011110001001101111110111000000001000110100001110111111111111011110001000101111110111000000000001100100000000000000001001000000000000000001000000100010001001111101110000000000000001000011111111111111111111000000001001110101110000000010011101001000000000000010010001
2006352081255879270,20,join,1111110111011111111101001000000111011010011110000101110110100101100001011101101000001000000011011010011111011101111111111111111111011111111101111001110111111111011110001101111110110100100001011101101011111111111111111111000010000001110110100000000000001101101000000000000001000010011110000101111110100000000000000101101000000000000001001010011110001101111111110000000000000000001001001000010111011011
-4784844885812477974,20,join,1011011101110101101111110111011111111111001000010110000010010011011101110101101111111111111111111111001001010111000110010010011101110101100100000001000000000000111101111111111111110000000101000000100100000000001000000000001000010111000110011011011101111111111100100101011101011001101101110111011111110010000101100001100100000000000000001001101101110111010111110010000101110001101100000000000000000001
-3861073016637310668,20,join,1101111111110101111101001000110000010001111111111111111111110101100011000001000100001000000000000000010111001101010111110101101011010101110101011111110101011111000010001100000100010000100001000001000101011111111101011111010110001101000100011101111111111101111101011000110101011101110111111111111111110000100000000001000101011000110100011101010110001100000101010101100011010101111100000000000000000001
7745329066556780698,20,join,1111111111111111111101111101011111111110001100000010110111000001000000101100110000111000001011011100001111000110111111000111111101111111111000010001001011001100011111111111111111110011100001101101110000000000001010000000001111000111111111100000000000001000000000000000000011000000001110000010111111000000000000101001000000000000001010001100000000000010100001000011110001101111111001111111011111111111
5094902427090532126,20,join,1101111110111110111101011111000100000000011111111011111011110001100100000000000000001000000000000000000111110000000000000000001100000000000000000001000000000000010111111011111001111111111111111111111101011111001110100111000111110001000000000101111100011000011101011111000101000111010111110001101001110111111110111111111101011111101111101111010111110001000001010101111100010000011101011111000100000001
-2046374669883001390,20,join,1111111111111111111101111111111110111111001000010000100001000011011111111011111100101111111110111111001001110001100101110010001100011000010000000001000010000100001001111001100101110010011101011011011100100111111110111111001000010001100001000000000000001000010001111111111111111111001001110001101101110010001100011001010100100111110110111111000000000000000001000010001100011001011100100011000110000101
2588695693603696022,20,join,1111111111101101111101011110010010000010011111100100100100100001011000001000001000011110000010000010000001100000100000000000001000001000000001111111010011011011011111111110110111110001011001001000001001111110011011011011111111111111110111110000000000001000000001111110010011011011111111111111111111110000011000001001001001111110010010011010011111100110110111110000011000001000001001111110010010011011
6506610446917415969,20,join,1010010100111111101011101111111111111010001001010011111110101111111111111111111110101111111111111010000001010000010000001010011101111111101000000001000000000000101001111111111110100010010101111111101000000101001001001000000001010011010110100000010100111101101000000001000001000000000001010011111110100000010100100101101000000101000001001000111011111111111111110000010100100100101011101111111111111011
-6409072912780922658,20,join,1000001000001000011101000010000010000111111010100100111011111111101001111110111111001010010011101111111111111111111111110000001000001000000011111011011111101111111110111111111011111100001001001110111111101010011111101111111010100101111011110000000000001000000001000010000011001111110000100000111011111111101111111111111101000010000010001111000000100000100001100000001000001000001000000010000010000111
-7792479810730643888,20,join,1010000000001000000011101111111011111111001000000000100000001111111111111111111110101000000010000000101011001010111111111010111111101111111110101101111011111111101010001000101000001010110011101111111110101000101011101111111011111111111111110000000000001000000010101000100011100001101010000000101000001010100010101111111110101000100011101011101010001000111011111010100010001110001110101000100010100001
5214840902112353999,20,join,1100010111010111001001000001110001110010111001011101011100101111011111111111111111111111111111111111010001011101011100101110011111011111111100000001100001100000000000001000011000000000000111000110001011100101111101111110010000011101011100101110010111011111111000000000000001100000000000000000001000000000000111000111001011100101110101111110111001011101011101100000000110000110001011100101110111111111
4391696199131774850,20,join,1011010000100000111111111100001100101111001000000000000000000011000000100000001010111100001000101111001101000010000000101111111111111111111111111101101101101111111111001011011011111111110111110110111100100000001000000010101111000011001011111111110000111110111111111100001101101111101101000010001011111111110110110111111100110100001000001111001101000010000001110010000000000000001000110100001000000011
8902602639887925165,20,join,1111110111111111110101101101111110111100001011000111101000000111110111111111110100001100011110100000000001000100000000001111111111111111110100101101011110101100001011011111101111000000000001000000000000000100011110100000000001000101101000000000000000001000000001101101111111111101000001000100001000000010110101111011110000101100011110101000001011000111101011001111111111111111111100101101111110111101
-5841089713405274329,20,join,1101111111111111011101011111111111110111111111111111111101110001000101000001000000011101111111110111000101011100110100010001111111111111011100000001010000000000000100011100000100000000000001000000000000010101111011010011000101011111111101110001000111001001000000010001110011010000000101011110111101110000000000000001000011111111111111111111000101011100110101110001010111001101001100000000000000000001
-974981711448941032,20,join,1111111000111101101101111110001111011011001111100001110100110001010000010000001100011100000110010011000001000000000000100001111000011001001111111111001111111111111111111011111111111111111111111111111100111110001111010011000001000001000000110001010000011001001100011110000111010011111111100011111110110000000000000001000000111110000111011011111111100011111111110000000000000000001000000100000000000011
-5542090173239131834,20,join,1111000111000111111001000000000001000000001000000000010100100111000000000101011011111001110001111110111111111111111111111111101111111111111101110001010001011110011100011100010111100111000001000101111011111001111101111110111100011101011111101111100111111111111000000000000001000000011100011100011111100000000000000001000001110000000001011110011000000000010101100000000000000101001011111001111101111111
-1914235574141476939,20,join,1010100000000110101011111110011101111111001010000000011010101011101000000110101100001000000001100000101111100100011010111010101000000110101011111111111111111111111111101111111111111011101001000110101110111110011001111111101111100111011111111111111001111111111100000000000001000000000000000000001000001011111001000111111100001000000001101000101110100100011011110000100000000110001010101010000001101011
7261377069599332715,20,join,1000110000000110000111001100100001111111111111111111111111111101111111111111111100001100000001000001000001000000000000001100111010001111111111001101110111111111100011001000011111111100110011011111111111001101111111111111110011001001111111111100110010001111111100000000000001000001000011000000011000011000110000000111111110001100000001101011100011000000011011111000110000000110001100000000000000000001
-2926908065323106279,20,join,1100010001111100001101000100011111000011111101111111111011111101010001111100001111111111111111111111000001000000000000001101011101111100001111010101011111000011110101111111110010110000010001010100000000000100001101000001000001000001000000000000010000111100000100000100000101000000110101111111111011111101011111111101111111010111011111001011110101111111110011110000010001010100001000000100000101000001
-3979164478152227374,20,join,1011111111111111111111111111111111111111001000000011100000000011111101111111011100101000001110100100001011000011111101110010111101111111011100101101011111110111001111111111111111110010110001111111011100000000001000000000000000000011100000000000000000001000000000101000001111110110001000000011101000000010100000111011010000101111011111111111001000000011100001000010100000111010011000101000001111110111
-5032816002771618646,20,join,1000000000000010001011000110010101110010111001101101011101101111011011011111011111111111110111110111100001000100001000101000011001010010001011110111110111110111110001101101011100101000000001000010001011111111111111111111100001000101001000101110011011011111011110000110010101100010000000000000001000001000011001010111001011100110110101111110100001000101001001100000000000000000001011100110110101110111
-4911135280309898875,20,join,1000001001000000000011110110010000011101101000100100000101001011001001000001010011111111111111111111101101100100000111010000001001000000000011110111011100111101111101111111101111110000000001000000000011110110011000111101111101100111001111011111011101111011111111110111011111111111111101100100001111011000001001000001000010110010010000011101100000100100000101001111011001110011111110110010010000010101
4567875836849348758,20,join,1111100100001010011101111001000010000011001110010000100000110001000000000000000000011001000000000011111111111100111111111111101110001111111100010001000000000011111110011000101101111111100111001111111111111111111011111111111111111111111111110001100100001000001111111001100011110111011110010000101000111111100100001011011111111001100011111111011110010000101001110001000000000000001000010000000000000011
-3566525406133222380,20,join,1000100000010000001111001110011101001011101011100111010010111111111011111101101100001000000000000000100011100011000000111000101000110000001111111111111111111111101011101111110010111000111001110000001110001000001100000011000010000001000000111010111001111100101110001110011101001011111111101111111110111010111001111101101110001110011100001011111111101111111111110000000000000000001100000000000000000001
2393954518271908177,20,join,1000111110010001111111111111111111111111101111111011101111111001111110111011111100001000000100001011000001100001000010110000001000010000101100001111000100001011000011111001000010111011111111111111111110001111101100111111000000000001000010111000111110111011111110111111101111111111000011111001001111110000111110010001111100000000000000001011000011110001000011110000000000000000001100000000000000000001
-3466909972791027934,20,join,1000001000001000000011111111101110001001101111111011100010011001101110111000000110001011101110000001100111111011100010010000001000000000000010000011001110000001100000111011100000011111111111111000100110000010001010000000100000100011100000000000000000001000000011111111111111001101111111111111111111111111111111111101111110011011101110001001111111111111100011011111111111111000111100000000000000000001
8333050715373790778,20,join,1101000001010000010101000000010100000101111111111101110111110101000001010000010111011110010101011111110101100101010101111101001001010101011111011111010101011111110111111101110111110000000001010000010111111111111111111111000000000001000000001101111101011101111111010000010101010111111111111101111111110101000001010001010111010110010101011111000000000000000001001101000001010000011100000000000100000001
-7212028855479349085,20,join,1100010101111000100101000001001110000001111001010111100010011111011101111101111111111111111111111111010001010111100010011110011101111101110100000001001110000001111001011111110111010100000101111000100100000000001000000000000000000011000000010000000000101000000111100101011111011101111001110111111111011110010101111001100100000001001110001001111001010111100111011110011101111101111100000000001000000001
-2691262561576726331,20,join,1100001110011111011001000010100111110110111111111111111111111101001111011111011011011011110111110110110101111101111101100000001010011101011001000011100111110110000000001001000100101100001111011111011011011111111111111111000000000001000000000000000010011001001000000000100111010010000000101001111101100000000000010001001011011011110111111110000000001001110101100000000000010000001011011011110111111111
-5055049598519285849,20,join,1111111111111111111101011000000001000000011110110010110011010001100000000100000000001000000000000000011111110111111111110101101000000100000001011001000001000000011110111011111111110111101101111111111101011011001001001101011110110011111111110101101100101100110100000000000001000000011110110010111111010111101100101101110101011000000001001000010110010000010011010111101100101111111101011001000001001001
4345650684558909842,20,join,1000000000000000001011111001010001111111101110010100010111111001100000000001011010001000000000010110111111010111011111111111111101110111111110011001000000010111111111111111111111111001100101000001011111111001011101111111101110010101011111111111111101111111111110011000000001010111101110010100011111111000000000000001011010011001010000011111100000000000000001100000000000000000001010011000000000010111
-8669723160489126578,20,join,1010010000101010110111111111101111111101001000000010001011011011111100101110110110101111001011101101001001000010101011010010011000101010110110100101001010101101101111111010111011011111111111111111111100000000001000100100101111111011111011010010000000101010110110100100001011101101000000000000001000001011111110111111110100000000001000101101000000000000001001001011111110111110111100000000000000100101
1872094415767851730,20,join,1010001000000111000011110010000001110000001000000000001000001011001000000111000011111111010101110100111101100100011100000010001000000010000011110111010001110100111111111101011111111111001001000111000011111111011101111111111100100101011101001111111111111111111100100010000001110000000000000000001000000010000000000011000011110010010101111100111100100100011101001111111101010111111111111111010101111101
1180294650637041719,20,join,1100100101110101001001000000010000000000111010010111010100101111111111111101111101001000010001000000111011011111110111101110101111111101101101001001010001000000111010011111110110100000000001000000000001001001011101010010010010010101010100101110100101111101101001000000010001000000111111111111111111110100100101000101001011101001011101011010111010011111110111100100100101000100001011101001011101011011
-8051659096834769754,20,join,1101100110000010010001011001100000100100111111111011011011000001000100000010000000011001100000100000110111111011011011001101101110110110110000000001000000000000000100011000001000001111111111111111111111011001101100101100110110011001001011001101101110111110110011011001101101101100000000000000001000001111111110111111111111011001100000101100000110011000001001001111111110110110111111011111101101101101
2797171381728775547,20,join,1111111111111111111101001111110111001111011111111101111111110101111111011101111100001011010111001010000011111101110011110000001000001000000000000011010111001000000000111101110010010000000001000000000001011111111111011111000000100101110010000000000000001000000000000010010011001000010111111101111111110100111111011101111100000010010010001000000010111101110011110000001001011100101000000010010010001001
2169367185541184326,20,join,1101111000111110101101010110000100101010111111110011111010110001010000000000001001011110000111101011000001000000000000000001011000000000001001011111001111101011111111111111111111111111111101111110111101011110001111101011000101100001001010100101011000011110101001010110000101101010000101100000001010101111111100111111111100010110000000001010111111110011111011110000000000000000001001010110000111101011
5816376294780666759,20,join,1000000001000000000011101001011111110010101000000100000000001111100101111111111010101001011111110010111111010111111111101110101101111111111010100001011000000000111111111111111111100000000001000000000010000000011000000000101000010111101100101010000101101001000010100001011011110010101000010110101100101010000101100001000011101001011111111110111010010111111101101010000101101001001011111111111111111111
2770445570442432798,20,join,1111001011111111111101000000010001010010011100101111111111110101000011011111111001111010111111111111111111111111111111110101001011111111111011111011111111111111010000001101111111100000000001000001001001010000111111111110010000000101111100100100000001001111001000000000010001010010010000000100011100100000000000000001000001000000010111111110010000000101111101100000000000000001001001010000111111111111
3856122147661469023,20,join,1001101110011110011111111111111111101111101111111101111011110001101110011110011100001001000001000111100111111001111001110000101110011110011100000001000000000010000010011001111001111001111111011110011110111111111111101111000010010001010001110000100100011110011100000000000001000100000010010000011001111111111111111111111110011111110111101111000000000000000001000000000000000000001000000000000000000111
-2860625563870824393,20,join,1111001011110111110101010000011101101101011100000111011111010001000001010010110011111111111111111101111101101111011111010111001001110111110111110111111101111101011100101111011111010000000001000010000000010000011101101101000000000101001011001111011111111111110100010000010101101101000000000000001000000101000001110111110100000000010000101000000000000100001011001111111111111111111100010000010100101101
-6116884508587701899,20,join,1001100100010111011111011001000111111111111111111111111111110001100100010111011100001000000001000010110111010101111111111101111111111111111100001001000001000111110110011011111111111101100101011111111111011001001111111111000010010001011101111001100100011111111100000000000001000000000010010000011101110000100100000101011100011001000101111111000010000000010001100000000000000100001000000000000001000011
8793072542668327694,20,join,1000011010000101011111111111111101111111101001101000010101111011111111010101111110101110100001010111000001000000000100100000001000000001000010101111100001011111000001101000010101111010111011000101111110101111111101011111101011111101010111111111111111111111111100000100000001010010101111111111011111110000000000000001000010101110100001011111000001000000010101110000000000000001001000000100000001010011
3325522748300477492,20,join,1000001001010011001011110011011111110011101100110101111100110001001101010111001010111011011111110011101101110111111100110000001001000000001000000011010101110010101110111111111100110000000001000000001010110011011111110011000000100101001100101001001101011111001000000000000001000000000000100100001100100000001001000001001011111111111111111011111111111111111111110000000000000000001000000011010101110011
3565778342001268909,20,join,1011101111111111111111111011111111111111001110111111011101110001001100110111000100011011011101110001111111111111111111110000001000110111000100000001001101110001000110111111011100010001001101110111000100000000001000000001000000000011011000010001101111111111001100000000001001100001000000000000001000000000000000110111000100111011111101111111000110111111011101110001101111110111001100000000000000000001
960252630054112326,20,join,1111111111111111111101001000010011111010011111111111111111110101101011111111101000001000010001110010010111111111111110100100101011001111101001001011111111111010000010001100111110100000000001000111001001001010111111111010010010101101111110100000100001001111101000000000000001000000000000000000011100100000000000000101001000001000010001111010010111111111111111110000000000000000001001011111111111111011
-8013166702667238573,20,join,1111010111100111111101010000010001001000001100000100010010000001000001000100100011111101111101111111011101011110011111111111111111111111111101010001111001011001000100001100010010000000000001000000000001010000111001011001111101011111011111111111010111111111111100000000010001001000011100011110011111110101000011000101100100000000010000001000011100011110010111110111000111100101101100000000010001001001
-9142566721570172941,20,join,1110011100010111111101100110000101001011001001100001010010111111011110010111111111111111111111111111000001000000000010000000011000010100101101100111000101001011111001111001011111111111011111111111111111110111101101111111000001000001000010001111011110111111111100000100000101001011011001110001011111110110011100010101101100000000000000001000011001110001010111110000010000010000101100000100000000001001
-241950095506010041,20,join,1001000000000000000011111011101011101111101110000000001001010001000000000000000010011000000000100101111111111110111111111011101110101110111110111001101000100101101110001010001001011111101111101110111110111000001000100101111111111111111111111011100110101110011110111001101001100101100100000000001000001111101111101111111110111001101011101111100100000000001001011001000000000010001110010000000000100001
4650242697988068443,20,join,1000000011001000001011111111111111111111101101111110100010101001000011001000001010111111111111101010100101001100100000101001011111001000001010010101110010000010000000001100100000100000000001001000000010010111111010001010101101111111101010100000000000001000000010110111111111101010101101111110101010101011111111111111111110010111110010001010101111111111111011100000000000001000001010110111111111101011
-6597364847089014260,20,join,1111111111111111111101111110101111111111001010101010111001110011101010101110011100001010101011100111001111101010111001110000001000100110011101111111101111111111000000101010111001110111111111111111111100000000001000000000001111101011111111110000000000101110011000000000000001000000000000000010011001100011111010101111111100001010101011101111000000000000010001100000000000000100001000000000001001100111
-893382181562911648,20,join,1111110101011111111101010100000011101010011101000001111010110001010000000010101001011100000011101011000001000000001010101111111111111111111101111101010111111111011111011101111111110111110001011111111111111101111111111111010101000001111010110001010000001110101000000100000001101010000000000000001000000111110000011111111100000000000000101010011111000001111011110000000000000010001001010100000011101011
4362257163671141687,20,join,1111101101111110111101001001000111101011001000010001111011110111101101111110111100001001000111101011111111111111111111110110101100011110111100000001000100000001111110111111111011110110101101011110111101101011001111101111000000000001000000000000000100011000101100000001000111101011000000010001101010111111101101111111111100000000000100001000000000010001111011110000000000010000001100000000000100000001
3980940666309095364,20,join,1100000010000010011101000000000000000000111010001010111111111111101011101111111111001000100000110111111111111111111111111110101010101111111111111011111111111111010000001000001001111110101011101111111111001000101011111111111110101111111111111100100010001011011111001000100011110111010000000000001001111100000010000011011111001000100011111111000000000000000001000000000000000000011000000000000000000111
-5421861887793104241,20,join,1001101000110101101011011010101101011111111110101111011111110001100000100101101000001000001000011010111111101111011111110001101000100101101011111111111101111111100110101011010111111101101011110111111100000000001000000000000110100011010110101111111111111111111100001000001001011010100110100011011111110000000000000001000000000000001000001000100110100011010111100000000000000000001010011010001101011111
8292005448504363539,20,join,1000000000000011010111111111111111111111101101011000101111111001000010000011110110011101100010111111100101001000001111111011111111111111111110010001100000111101100000001000001101011001010111001011111110111101111011111111101111011111111111111001010110001011111110111101110011111111000000000000001001010000000000000011010110000000100000111101000000000000000001001001000010000011111100000000000000000001
-3387887597441049801,20,join,1111111110010111101101001001100101111011011110011001011110110101100110010111101100001000100101101011011111111001011110110101101110010111101100001001100101111011000000001000001010111111111111011111111111111111111111111111000000000001011010111111111110011111111100000000000001101011000000000000001010100000100010010111101100000000000000001000011111111001011111110000000000000000001000000000000000101011
-6640982959587117543,20,join,1011000110000001101011110101100011111010001100011000000110100001000010000000101011111111111111111111101101011000111110101111011111111111111100000001100000001000000000001000000000001111010111111111111111110101101111111111111101011001111111111011000110001111101010110001100001011010101100011000001110100001000110000001101000000000100000001000101100011000000111100000000010000000101011110101100011111111
-8494100156619314706,20,join,1111111111111111111101000011110010100101011110111111111111010101101111011011010101001011110110100101011111111111111111010000001001000000000000000011110000000000000000101100000000000000000001000000000001011011111110110101010000111101101001010000001111001010010101011011111111111101000000111100001001010100101111011011010100000011110000001100000000111100000001000101101111111111111100000011110000000101
7414326120960779736,20,join,1111111111111111111101011000111111100110011110101111111101110001100011111110011000001000000000000000011111111111111111110101101011111110011001111011111111111111000010001011110001000000100011111110011000000000001000000000000010000001010001000000100000111100010000000000000001000000000010001011111001000101101011111111011101111010111111111111000010000000010001000000100010111110011001011010111111100111
-5721799175315616553,20,join,1110011111001110101001000000000000000000011001001100111000100111011111001110111011111111110011101111010001000000000000000110011011001110001001100111110011101010010001001100111000000100010001000000000011111111111111111111111111111101111111110100010001001110000001000100010001000000010001000100011000001111111111001111111101100100110011101010011001111100111011100100010001000110001001110111110011101111
4839610754456088822,20,join,1101101010111101011101010000000000000100111111111111111111110001000000000000010001011010101111010101110111111111111111110101001010111101010111011011111111111111010100001010100001011101101011111101111101010000001010000100010100001011110101010101000000001000010001010000101011000101110110101111111111110101000010101101010111011010101111011111000000000000000001000101001010111101011101010000001010000101
-5641947131497822348,20,join,1011111111111111111111111111111111111111001010001011100111010011111111111101111100001000101100011001001011101011110111010010101010111101110100101111101111011101000000001011000110000010111111111101111100000000001100010000000000000001000000000000100010111001110100101000101111011101001011111011111111110000000000010001000000000000000000001000000010001011000111010010111110111101111100000000101100011001
136026451202448426,20,join,1101011010010101010001000000100101000000111111101111010101110001011010010100000011011110101101010111000001101001010000000000001010010100000011111111111101011111000000001000000000001101011011110101011111010110101101010101000000000001000000001111111111111111111100000000100101000000110101101111011101110101011010010101010011111110111101011111010101101001010001001101011010110101011111010110100101010101
-4022309526233332897,20,join,1000000000111000000011110011111111111101101100011111111111011001000001111010010110111011111111111101111111111111111111111011001111111111110110000001011110100101100100001111101001011000000001111010010000000000001000000000000000000011000000000000000000111000000010010001111111111101100000000011101001001001000111111011110110010001011110101101100000000011100001001111101111111111111110000000011110100101
-3020049465399538424,20,join,1001001010000000010011111111110101111111101111111101001011010001001010000000000010011010100000000100100111101001000001000000001000000000000010011111100100100101000000101000000000001001111111010010010111111111111111111111100110101001000001001111111111011111111110111111110101101101100111101001001001011011111111010111111110011111110100101101000100101000000001001011111111010010111110011110100100000101
4289054503102244654,20,join,1101110001111010011001000100011100100100111111010111111011110101010001110010010001011100011110100110000001000000000000001111111111111110111101010101011110100110111111011111111011110000010001110010010000000100001100100100000000000001000000000101010001111010011011011101011111101111000001000001001001001111111111111111111111011101011110101110000001000001000001000101010001110010011011011100011110100111
8244814967643178503,20,join,1101011111111011111001010001010010001000111111111111111111110001000100001000100011011111111110111110010101110110101011100101001101001000101000000001000010001000010101111110101111100001000101001000100001010011011010101110010101110111101111100000000000001000000011011111111111111110010100110100101011100101011101101011111000000000000010001000010100110100100011100101000101001000101001010111011010111111
8198030648591911614,20,join,1000000000000000000011111110111111100111101000000010001000001011111011100110011010101110111001100110101001101110001001101010001000100010000011111111111111110111101000101010001000001010001011100010001010000000001000000000101111101111111001101010111011101110011010100110111001100110100000000000001000001011111011100111011011111111111111111111101000101110001001101010001000100010001010111110111111100111
-7451944698643601157,20,join,1110111111100111111101000010100000100011011001101100011111111111111111100111111101001110111001111111010001101000001000110000001000000010000001101111111001111111000000101000001000110100011011000010001101000110111001111111111111111111111111111111111111101111111101000110110001111111000000000000001000000100011011000011111101000110110000101111010001101100001001110000001000000010001000000010000000100011
2396794764967505545,20,join,1111110011111011111001010100101100100110011111001111101111100001010010110010011001011100111100100110000001001011000000001111111111111111111111111101111110111110000000001000000000000101010011110010011000000000101100000000000000001001000000000101110011111011111011111101111111111110000001001011001000100101010011110011011001010100111100111110000001001011001001100000010010110000001011111101111111111111
-6193396533629000797,20,join,1000000000010000000011011000001100100000111111111111111111101001100000010010000010001000000100100000110111100011001010101101101000110010000011011111001111111110110111111111111111101101111101111111111010000000001100100000000000000001000000001001100000011010001011011110001111111110100000000001001000001101111000111011101011011000001100101010110111100011101111101001100000010010001011111111111111111111
8434440355806695390,20,join,1111111111111111111101111111111111111111001011110110111011100011111111101111111100001000000000000000000011110110001000000000101001100010000000001011011000100000001011111110111111110000100001000010000000001000011000100000001011110111111111110000111101101010001000001111011011100010000000000000001000000010111101101111111100001111011011101110000011110110111001100000111101100010001000101111011011101111
898790506877807885,20,join,1011001110011100111111111011111111101111001000001000100011010011001010011100110110111011101111101111111111111111111011110010001010011100110100110011100111001101000000001000000001001011101111111110111110110011101111101111001000001001100011010000000010001000110100100000100111001101101100111001111011111111111111111111111100000000100000001100000000000000000001000011001110011100111100000000100000001101
-1850587584293532135,20,join,1000000000000000000011110111001011111111101000110010011001111011001100101110111111111111111111111111101101110010111111111000001100100110011110000001000000000000111101111110111111111111011101101111111110000001001001100111111101111111111111111010001100101110111110000001000001100111100000000000001000001011001100101111111110100011001001101111100000010000001001110000000000000000001010000000000000100011
-9181121095094226002,20,join,1000000100000100011111000011011001100111101000110110011101111111001101101111111111111011111111111111111111111111111111111000001100000100011100000001000000000010111100111110111111111000000101000100011110000001011001000111111100111111111111111000000101001101011100000000000001000000100000110110011001111000000101000101011110100011011001111111000000010000010001100000000000000000001000000001000001000111
4275526141403161080,20,join,1100101111001000111101001001110000001111111010111111111011111111111111111111111100001001000000001011110011111111111011110100101111000000111100000001000000001001000010011000000010110000100111000000111111001011111111101111110010111101101011110100101111001000111101001011110001001111110010111100101011111110111111111111111100000000000000001001000010011000000011110000000000000000001000000000000000000001
6875199383419020478,20,join,1111111101111110111101111000001111000011001100000011100000110001000000011000001100111000001110000011011111000111110000110111111101111100111101111101011111000011011111111111110011110111100001111100001100010000001110000011000000000001100000110000000000001000000100111000001111000011011111110111111011111111111111111111111101111101011111001111001110000011110001110000000000001000001100000000000000000001
-5101951077272881692,20,join,1111111111111111111101101111101100101011001001111011001010110011111110110110101100101111101100101011000001100000000000100000001000000000000000000111101100101011000001101011001010110011111111111110111100000010001000000010000001100011001010110011111110111110111100101111101101101011000001100010001000100011111110111111111100000110001000101011001111111011011011110000001000000000001000000110001000100011
3770628145632733526,20,join,1111111110111111111101001010101110001111011111111011111111110101101010111000111100001000000000000000010111111011110111110000101000000000001001011011101111011111000010101011100001111111111111111111111100001010001010000110000010100011100001110000101000001000011001011010101111001111010111111011111111110101101010111101111100001000000000001000000010000000000001100000100000000000001000001010001010000111
3953562933685820185,20,join,1000000000000000000011001111101100111011111111111111111111111101111110110011101110001010101100111011100011111011001110111000001010000011001110001011101100111011100000001000001100111101111111111111101110000010101100111011100000101001001110111000111110111011101111011111101101111011100000000000001000001000000000000001000010000010100000111011110111111111111111111000000000000001001000000000000000000001
8150474394573136650,20,join,1110011101111000101101000010010010001011011000100100100010111111111101111100101111101111011110001011011001110111100010110000001000000000001001000011010010001011111111111111110011110000001001001000101101100011011110001011011000100101100010110000001000001000001011101111011111001011111111111111111111111111111111111101111100000010000010001010111111110111110011110000000000000000001000000010000010001011
-7808463332262012575,20,join,1000000000011001000011111010111111111101101010101011100110011011101010111111100110001010000110010000111111111111111111111000001000011001000010111011111111111101100010101011100110001011101011111111110110001010001110011000000000000001100000000000000000001000000010101010101111111001100010101011101110010000000000011001000010001010000110011000101110101011111111011111101111111111111110001010101110011001
-6361511773433792960,20,join,1000001000100000000111110111001011111011101100110010111010111001001000100110000110111011001011101011101101110010111110110000001000000000000010010011001011101011111111111010111110111111111111101111101100000000001000000001111111111111111111111001001000101110000110000010001001100001100000100010001000011011001100101111101110010010001011101001111111111010111111111001001000101110001100000000000000000001
-6294241356881745938,20,join,1000001001000000000011010010010111001000111110101111110010111001001001011000100011011010111111001001111111111111110110110000001000000000000011111011111111011011110100101111110010010000001001000000000011010010011111001000000000100101000000001000001001011000100010010010010111001000111111111111111111111111101011111101101100000010010100001000111111111111110111111101001001111100101011010010011111001001
-32833296962893033,20,join,1111111111111111111101000100000000110111011111001110101101110101010011001011011101001100110010110111000001000000000000000111111111101011011101111101111010110111010001001000001101110100010011001011011101010100111010110111011111111111101111110100010010001011011101111111111111111111000000000000001000000000010000000011011101111111111010111111000001000000001001100000010000000010001000000000000000100001
-3206102998625704856,20,join,1000101000110000010011111010101110100111101110101011101001111001101010111010011000001010000100000100111111111111111111110000001000000000000011111011111110101111100010101011001001001111101011111010011100001010001100000100000000100001000000001000101010111010011011111011111111101111100010100011001001001111101111111111111111111010111110101111000000100001000001001000101000110000011010011010101110100111
-5878540229970452799,20,join,1111101111011111110001010011010011111100011110111100111111000001001101001111110000001011010011111100011111111101111111100000001000000000000000000011000000000000010110111100111111000000001101001111110011111111111111111111011110111101111111000000001100001000100000000011000011001000000000110000101111000000001100000001100000000011000000001000000000110000000111000111101111011111111011111011110111111101
7721550911818802272,20,join,1100111111100111111101001001111001110001111111111111111111111101111111100111111100001001111001110001010011111110011101110000101111100111011100000001111001010001000000001000000000000000000001000101000100000000011001010001110011111111011111111100111111101111111100000000000001010000000000011110011100010000000000000001000001001111111001111111000010011110011101010000100111100111011100000000000000000001
-8728429738909643648,20,join,1111111111111111111001111111111111011010001110111111100010100001001101100000100000011011011100001000001111111111100110100000001101100000100000000001001000000000000110111111100010100000000101100000100000000000001000000000000100110111000010000001101101111000100000111111111111011010011111111111111111100011101111111001101000000001001000001000001111111111100111100001101101111000101011111111111111111111
-6250484707296064630,20,join,1110011110111111111101000100000000010001011001110011111111111111111111111111111111101111101111111111000001000000000100010100011000000111011101000111001111111111011001111011111111111110011111111111111101000110001101111111010001100001011101110100011000111111111101000100000001110111000001000000001100110000000000000001000100000100000000111111000001000000001101110000010000000001001100000000000000000001
-4978319683189218172,20,join,1111110111110011111001011001111100011110011110011111000111100001100101110000001000001000000000000000011111011111000111101111111111110011111100001001000100000010000110011111000111100000100101110000001000001000001100000010000010000001000000101111111111111011111111111111111111111111011111011111001111100001100101110001101000001001000100001010000110010111000111100000100000000000001011111101111100111111
-6400212053191764262,20,join,1000001000100101100011100010001111011001101000100010010110001111111111111111111111101010101111111101111011111111111111110000001000000101000011100011101111111001111000101011111110011110001111111111111100000010001001010000101000100011110110011010001000101101100100000000000001010000111000100011111110010000000000000001000000000010000001011000111000101011111111011110001110111111101110100010001001011001
4652880983680995331,20,join,1111111111100101111101111010011000001110001000000000000010000011101001100000111000101010001000001000001111100110000011100010001000000000100000111111011000011110011111111110000111100010001001100000111000100010001000001000111111111111110111111111111111101101111100111111011001011110111111111111111111110011111001100001111000000000000000001000001000100010000011000010001000000000101001111111111000011111
4174469836011682311,20,join,1100000000000000100001000000000000001000111000000000110011001111101011111101110111101010011011001101111111111111110111111110001000001100110011111011111111011101111010101111110011011110001001101100110111100010001011001100111010100111110011010000000000001000100011000000000011001100111111111111111111111110101001111101110100000000000000001000110000000000100011001111101111111101111111100010001011001101
7468307721099959724,20,join,1000000000000000000011101010011101001110101000000000010001001111111011111111111110101010001101001100111011101111111111111010001000000100110011111111111111111111111010101111011011111010001001110100110010100010001001001100101000100011010011001110101011111110111100000000000001000000111010100111011011111110101011111111111100000000000001001000100000000000010001001010101001110100111010101010011101001111
-7214640851428316489,20,join,1010001000100000000111111111111111111111001000000000000000011011111111111101011110101111111111010111101001111110110101110000001000100000000110100011101001000101101000101010010001011010001111101101011100000000001000000000101001111111110101111010001110101101011110100010001001000001101000111110111101111010001110100101011110101111111111111111101000100010010001011010001110100100011100000000000000000001
1346490115580876722,20,join,1100000100011011000001000001000100110000111110011111101101111101000100011011000011011001100110110100110111111111101111111101101111111011111100000001000000110000110100011001101100001101100111111011011111010001101110110100000000000001000000000100000100011011000011111111111111111111000000000000001100000000000000000001000011011001111110111111110100011001101101001101000110111011011011010001101110110101
-7623741391163571157,20,join,1111111111111110111101001000010001100000011010100100011000000111101011010110111000001000010001100000011011101101011011100100101001000110000001111111110101101110011010101101011011100000000001000010000001111111111111101111011010100101011010100111111111011110111100000000000001100000000000000000001000001111111111111111111101101010010001101010011010100101011011100110101001000110001001111111110101101111
213968306596309434,20,join,1000010011110110110111110111111101111101101101011111011011010001010011110110110111111111111101111101000001000000000000011011011111110110110110010101111101101101000001001010001000010000010011110110110100000100001000100001000001001011001011011111111111111111111100000100000001000001000000000000001000001011011111110111110100000100101000101101000001001010001001011111111111110111111100000000000000000001
7893781690516831951,20,join,1101110111010111111101011101110101111111111111111111111111110001110111010111111100001101110001111100000001011000011111001101111111111111111100000001000000100000000000011000001111000000010111000111110011011101111101111111000001011101011111000101110111011111111100000001100001111100000000000000001000000000000100000011100000000000000000101000000000000000000001000000110111010111111100001101110101111101
8019596371007961410,20,join,1111111111111111111101111111010111111111001110110100011101000001000000000000000000001000010000000100001111110101111101110001101101000111010000001001010000010100011111111101111111110000000001000000010001111111111111111111001110110101111101110011101101001111011000011001010001110100000010010100001101000000100001000001010000111011010111111111000000000000000001000011101101000111011000111011010011110111
8389268973754303566,20,join,1111111111111111111101000000001000000000001000000000000000000111001101111110111101111011111111111111011101111111111111110010001101110100100000100001011101001000011100111111111011110010000001110000100000000000001000000000001000000001000000000110001101111110111100100000011101001000011000110111011010000111001111111111111100100000001100001000011000110111011011110110001101110110101101100011011101101001
-7572082436789909147,20,join,1111111111111111111101101111111101110011001000011010011000100111111111110111111100101111111101110011001001111110011100100010001111100110001000000001000001100010000000011010011000100010000111100110001000000000001001100010001001111111011100100111111111111111111100000000000001100010000000000000001000100010001111100111001001101111111101111011011011111111011111110000000000000000001000100111111101110011
1880406585251647422,20,join,1110100110111110101101100001101101101001001000011011011000011111110110111110101101101001101101101001111011011011111010111111111111111111111100000001000000000000000000011001011000001111110111111111111100000001101101100000000000010001010000000110100110111110101100000000000001000000000000010001011000001111110110111111111100100001101101101001111111011011111011110110100110110110101100000001000101000001
-6290099700509182694,20,join,1000001000000000000011011111101111111111101111111011110111111001111110111101111110001011000010011010100011110000110110110000001000000000000010000011000010011010100011111000110110111111111111111111111110001111001111011111100011110001110111111000001000001001101010001011000011011010100111111011111111111000001000000001000010000010000000001000100010110000100111101000001000000001101010000010000000011011
6473556535153782385,20,join,1000001110000000000111111111111111111111101000111000000100011011001111110101011110111011111111110111101111111111111111110000001110000000000100000001100000000001000000001000000000000000000001000000000010100011111101010111101000111101000100111010001111111101011110100011110101010111101100111111111101110000001110000001000110111011111111111111101000111101000101111010001110000001001100000000100000000001
-5790604924469379536,20,join,1000101000110101111111011010001111111111111110101111111111111001101000111111111100001000000001000000111111101111111111110000101000010100010111111111111111111111110110101011111111111101101011111111111100001010001101011111000010000001010000011000101000111101111100000000000001000000100010100011011111110000000000000101010000001010000101011111000000000000010001000000000000000101011000001000000001000001
4189570129357810268,20,join,1111111111111111111101111101011101101110001111010111011011100001000000000000000000011001001001000000000111010111010010100111111111111111111100010001001000000000011111011111111111110001100101110100101000010000001000000000000110010011010010100111110101111111111100010000001001000000000111010111011011100111110101110111111100011001001001001000000111010111010011100001000000100000001001111101011101101111
6646696869774246039,20,join,1100000000000000000001000000000000000000111111010111001110011101000000000001100111001000000000001001110111010111001110011101111111111011100111010001000000011001110111011111001110011101100101110011100111011001001100111001110110000001001110011101110111111011100111011001001101111001110000000000001110001100000000000001100011000000000000001000111111111111111111111101111111111111101111000000000000001001
6523440382763680327,20,join,1111010101111111111101100001001100100001001000000000000000000111010101111111110111111111111111111111011001010011001000010110011101111111110100100001001100100001111101111111111111110110000101110011000100100000001100100001001000000001001000010110010101111111110101100101001101110001001000000000001000000110000100110011000101100101011101111001011000010111001101010111010101111111111100000000000000000001
-1057493475935191192,20,join,1001111010011100111011011111111111111111111111111111111111110001110010011100111000001000000100000110000011001001010011100001111010011100111010011111100111001110000010001001000001101001111111111100111000011100101111001110000000000001000001000000110010011100111000001000100101001110100111111111111111101001111111111101111000001000100100001110000000000000000001000000000000010000011010011111111111011111
-5266341327374046702,20,join,1000000100000000000011100001011000010010101000010000000000001011000101100001001010111001011000010110111111011110000101101111111111100101111100000001000000000000101110011110000101101010000101000000001010100001011000010010111111111111010111111111111111111111111111111101111001011111111111111111011111111010000101000001001011111101111000011110101100010110000101100000000100000000001011111101111000011111
-4865791973370011143,20,join,1111101101110011011101100001001000000011001000000010000000110111000100100010001101111011011100110111111111110111101111110111001100100010011100000001001000000010111111111111111111110111001101110011011100000000001000000010011100110011001101111111101101111011111111111111011111111111011000010010001000110111001100100011011101110011011100111111011000010010001001110000000000000000001000000000001000000011
8246706777838174485,20,join,1001011111010101100111111111111111111001001101111101010110010001010010000101100110111111110101011001000001000000010100010001011111010101100100010101110101011001000001001000010100010001010011010101100110111111111101011001000101001001010110011011111111111101100100000000000001000001101111111111011110010000000000000001000100000000000000011001111111111111111111111111111111111111101100000000000000000001
-6690330677387405165,20,join,1101011001011111111101010010000111101111111111100111111111110001001000000010010111011110011111111111010101100001111111110000001000000010000001010111000111111111111111111111111111110101011001011111111101010110001111111111000000100001101001110000001000001010010100010010000111101111000000000000001000000101001000011111111100010010000010101101000000100000001001010000001000001010011100000010000000100001
-6407769089407531526,20,join,1101000011100110001001010000101001100000111100101110111000100001000000100010000011111111111111111111111101101110111011110001001000100110000011110111111111111111000100001010001000000101000011100110000000000000001000100000111101101111111111111101000011101110001000010000001001100000000000000000001000001111001011101111011111110010111011101111111100101110111001100101000011100110001011110010111011100111
7468186577552413970,20,join,1100000000000000000001000000000000000000111000111011000010001111111111111111111111101111111100001101111001111111000011011100001100000000000001000001000000000000110000111000000000001110001111110000110101000000001000000000110000111001000000001110111111111000111111101111111101001111111011111111101011111110111111111111111111000011101100001000111000111011000011011110111111110000111111000011101100001001
-1450787306050160708,20,join,1111111111111111111101000100000010010011011001110100100110110111011101011001101101111111110111011011000001000000100100110100011000001001101101000111010010011011011101111101100110110100010001001001101101111111111111111011011001110101100110110000000000001000000001110111110111011011011111111101111110110000000000000001000001000100000010011011011111111111111111110000000000001000001100000000000000000001
1818433956969908971,20,join,1110000010110000010001100000001100000100001000000010000000001111100110110000010111101000101100000100111111111111100011011111101111110000010111101001101100000101011000001011000001001111100111110000010100000000001000000000001000000011000001001111100111111000110111111111111111111111111111111111101011011110000010110001010011101000101100001101000000000000000001001111111111111010111111101000101100000101
6411321265355156437,20,join,1111110111111111111101101000001100000011001000000000000000110111100011111111001100101000001100000011011111011111111101111111111111111111111101111001111111110011011010001011100100110110100001110001001100100000001100000011001000000001000000110010100000111000001101101000011101010011011010001111111100110110100000110001001101111001111111111011011110011111111101110000000000000000001000000000000000000011
4021609245296827450,20,join,1000000000100010000011100011001111101101101000110010111011011111011111111111111111111111111111111111111001111111111111111000001000101110000010000011001011101101111000111111111111111110001101111110110100000000001000000000101000110011111011011000000000101010000010000000001001100000000000000010001000001110001100111111111110000010001011101101100000100010111001011110001100111110111110000000001010100001
-151171395087024493,20,join,1111111111111111111101111111111111111111001110011111111101110001100101110001010100001000011100010101001111011111111111110011111111111111111100001001011100010101000110011111000101010000000001100001010000000000001000000100000000000111000101000000100101111001010100011001111101110101000010010111001101010000000000100001010000011001111110011111000000000000000001000001100111111001011100000000011100010101
-3825971104633452753,20,join,1010010000011001001111101111010110011111001001000000100100001111111101111011111110101110010110010111000001000000000100000010011000011001001110101111010110011111111011111111100111111010011001011001001111101111011110011111001001000001100100110000010000001001000011111111111111111111111011110111101111110000000000000001000010101110010110011111101001100101100101110010010000001001001100100100000010010001
-9026703444692244270,20,join,1000010000011100000011111101111111111111101111011111111111111001110010011110011010001100000111000100000001000000100000001111111111111111111110011101101111111110100011001001110001001001110011011110111010011100101111101110000001000001100000000000000000001000000000000100000111000000100011001001111001001000110010011111010010011100100111101110100001000001110001001000110010011110011010011101101111111111
-2762907553555910710,20,join,1101011001101000011101010110011010000011111101111111101001110001010001001000001111111111111111111111000001000000100000110001011001001000001111010111011110000111110101111111100001110000010001001000001100010110011010000011110101100111100001110000000000001000001111110111111111111111110101111111101001111101011111111011111111010111011110001111000101100110100001110000000000000000001100000000000000000001
-359141558121672434,20,join,1011111111011111010111111111111111110101001011111101110101010011111111011111010100001000000000000000000011100001110101000000101000000001010000001111000111010100000011111001110101000000111111011101010110111111111111110101000010100001100101000000101000001001010000001000000001010100001011111101111101010000100000000001010011111111111111111111000010000000000001001011111111111111011100001111100111010101
-5608335581459600587,20,join,1001010000000111100111111111111111111111101101000110011110110001010000000111000110111101111001111111000001000000011100011011111111111111111110010101001001111011101101011110011110111001010001000111101110010100001001111011101111011111011111111011110111111111111100000000000001110001000000000000001000010000000000000001000100000100000001111001101101011110011111111001010000000111101100000000000000000001
6128408476205505931,20,join,1111111111111111101101111111111011111011001001100000010100010011011111100111000100111111111011111001000001100000010100000000001000000001000000100111011001010001001001111110010100010010011001100101000100100110001001010001011111111111111110110010011101101101000100000010000001010000001001100110011100010000000000000001000000110111111001111001111111111111111111110011011111100111101100000110000001010001
-115125112935229577,20,join,1011111111100111101111111111111111111111001100010100011000000001000000000000000000111111111001111001001101111110011010010011001101000110000000010001010001100000001100111110011010000000000001000100000000110001011001100000001111111111011110010011011111101110100100000000000001000000000000000000001000000011011111100111100100110011010001101000101111111111011111110011011111100110101100110011111001101001
2797259877503603803,20,join,1000001010000010001011000111100100111111111011111111111111111111111111111111111111001111111110111111100001101001001100110000001010000010001010000111100100110111000000001000001000101100011111111011111111000111101110111111100000101001001000101100011110011011111111001111111111111111000000000000001000001000001010000011001010000111100100111111100001101001001101110000000000000010001010000010100100110011
-6361120472388424311,20,join,1100101000011011110101000000000100001100111110100111101111011101101000011011110100001000000000101001111111111111101111110100101000011010110111111011111110111111111110101111101111111101101001011011110111011010011110111101000000000001000010000000000000001000000011111111111111111111000000000000001010000100101000011011110100000000000000001000000000000001000011001111101001111011111100000000000000101001
-6344190233949735299,20,join,1001000000000000001011011110101001111011111111111010111111110001000000000000000010011110101001111011100101000010001100111001011010100111001111011111101001111011100101001010001100111111111111111111111110010000001000110011111111111011111111111101111110101111101110010100101001110011000100000000001000100001000000000001001010010110101001111011110111111010111111110001000000000000001000010000000000110011
4831936815408771167,20,join,1110110111111111111101000000000000000000011000000010100000011111111111111111111101101000111110001011011011011111111111110110101111111111111101101001111111001111011000001010100000010100000001001000001101000000001010000001011000001011100000010100000000001000000101101000111111001111011010011111111011110110100111111111111101100000101010001011010000000010100001010100000000001000001101000000000000000001
2940611581259404019,20,join,1101001111111010010101000000000100000101111111111111111001010101000001010000010111011011111110100101110111111111111001010101001111111010010101000001011100000101010100011111101001010100000001010000010101000000011100000101000000000001000001000101000101111010010111011011111111100101010100010111001001011111111111111111111111111111111111101101000000000000000001001111111111111110111100000000000100000101
-215342471647765050,20,join,1000000000000010100011001000001100101111111010100111011011111111111001111111111110001000001100101100111011100111111111111100101001110110111111111111111111111111111111101111111111111100100001110110111110000000001000101000100000000011001010001000100000111011111011001000001101101111000000000000001000001000100000110011111000000000000000101000100000000011001011001000100000110010111010001000001100101111
-137355239371053330,20,join,1100000000000010000001000000000000000000111110101110111010111101000000100010000011011010111011101001111111101111111111111101001000100010000111111111111111111111110100101010101000011101001011101110100111000000001000100000111110101111111111111101001000101010000111010010101011101001010000000000001000001111101011101111111111010010101010101001111110101110111011111101101011101110101111010000001000100001
2232044048846421259,20,join,1000111100110000100011001111101100011111111011111011101111111111111110111011111100001111001100001000000001000000000000000000011100110000100000000101001100000000100011111011000010001111111111111111111100000000001100000000000000000001000000001100111110111011111111001111101111111111110011111011001111111000111110110001100100000101001100001000100011111011000111111000111110110001101100000111001100001001
208670386858484101,20,join,1000000000000000000011000110001001000000111001101010010000011111011110100100111111111111111011101111100001000000000000001000011000000000000011100111101001001111110001101010010000001111011111100110111110000110001000000000111111111111111111111111011111101110111110000110001001000000111101111010011011111111111111101111111111100110101001001111111001101010010001111110011010100100001111000110001001000001
-3818469065482531057,20,join,1110111111111111111101101111111011101111001010011110011011111111111111111111111100001001101001100111001011111110111011110010101111101110111100000001001001100111000000011010011001110000100111100110011100000000001000000000011011111111111111110000100111101110111100000000001001100100000000000010001000000010111111101111111100001001111001101111000000000010001001000000000000100110011100000000001001100101
8634325167499310406,20,join,1000000000010001000011100110111111111111101001101101111111111111011111111111111111111111111111111111100001100001000110011000001000010001100011100111111111111111100001101101111110111000001001010001101010100110111111111111000000000001000000001000001001011001101010000110010101011011100000100101101110100000000000010001000000000000000000001000100001101101111111111000001000010001101010000000000100010001
-8048343036247546168,20,join,1110110111111101101101101101011111011010001000000000000000001111110111111111101100101100000100000000001001000000000000001111111111111111101100101101010110001010011011011111110110110010110001010000000000101101011110011010001001000001000000000010010000011000000000101101011111011010111011011111111110110010110001011001101000101100010110001010111111111111111111110010110000011000001001101101011111011011
3084246787900431617,20,join,1111111111110101111101000000010000001000011111001101000011100101010011010000111001011100110100001110010001000100000010000100011011010000100001111111110100011111010001001101000010000000000001000000100001111110111101011111010001000101000010001111111111111111111101111110110101011111111111111111011111110111111011010001111000000000000000001000010001001101000011100100010001010000101001111110110100011111
-6769283935639769136,20,join,1111011111111111011101010010010101010011011100100101010100110001000001010101001111111111111111110111011101111101111101110000001001010101001101110011010101010011011100111101110101110000000001010000001001110011111111010111000000000001000000000111001001011101001100000000010101000011011100111101111101110000000001010101001111111111111111111111011100110101010101110000000000000000001000000000010100000011
-7684341730285726594,20,join,1110110111011110111101000000000011100000011011000101111010001111110111011110111101001100010011100000010001000100111000001111111111011110111101101101110111101100010011001101111010000000000001001000000011111111111111111111010011000101111000000000000000001000000000000000000011100000000000000000101000001111110111011111111101001100010111101000011011000101111011000100110011011110101001101101110111101111
889964764629795509,20,join,1000100000110011101011111111111110111111101111111111101111111001101110110011111100001000001100111010100111111111001111111000101000110011101010001011101100111010100010101011001110101001101111110011111100000000001000011010000000000011000110101001111111111011111111111111111111111111000000000000001000000000000000000001000000000000000000001010100010111011001111110000000000000000001010001011101100111011
8086054408429724611,20,join,1000000010000010000011000000100000100000111100001001011001001101000010000110010011111111110111110111111101101101111101101111001010010111011011110111110111110111000000001000001000001111001011011111011011110110111111110111110000001001011001001111001010011111011011000000100001100000000000000000001000001111000010010111010011111111111111111111110000001000011001001111000010010111011011110110110111110111
8323666835143624797,20,join,1111111100011001010001111111000110010100001011100001100000000011111000011000010000001010000110000000000011100001100000000000001000000000000000111111000110000100111111111111110111111111111101011001010011111111011110011110000000100001100000000000001000001000000011111111011111011111111111111111111111110011111100011001010011111111010110011110001011100001100001001111111100011001011011111111011110011111
-3643880395014515112,20,join,1111111100101111000101011011001011110000011111110010111100010001100100101111000000001001001000000000000111110010111100000001101100101111000000000001001000000000111111111010111100111111111111111111101100000000001000000000111111111011111100110000000000001000000000000000000011000000000000010010111100000000000100101001000011111111101111111011111111111111111111111111111100101111001101011011001011110001
-8089733153004980486,20,join,1011101111111111111111111111111111111111001000001100111011110011100011001110111100001000110011101111001111111111111111110011101111111111111100111001110011101111000000001000111001110000000011001110111100111001111011101111001110011101111111110000000000001100010100000000000001000101000000000000111001110011100111001111111100000000100011101111000000000000000001000000000000001100011100000000000000000101
7058014624132176708,20,join,1001000000000010001101010000000000100010111111111111111110110001000000000010001011011111010111111011110101010000111100111101011101011111001111010001000011100011110101011001111100111101010101011111001111011111111111111011110101010001111100111001000000001110001110010000000001100011000000000000001000001101000100001111001111010111010111111011111111111111111111110000000000000000001000000000000000000001
8157571385639825256,20,join,1011111101100101111111111111011001011111001001110000000110000001001000000001100000111111000000011100000001110000000110000000001000000000000000000011000000011000111111111110010111110011111101000001110000111111001000011100111111111111011111111111111111111111111100111111011001011111111111110110011111110000001000000001100000000010000000001000000100100000000111000011111101100001111100111111011000011101
-8323118897661423409,20,join,1010111111111100010111111111111111110101001000011010010000011011111111111100010100101111111111000101001001111011110001010010001110100100000100000001101001000001000000001000010000010010011111111100010100000000001001000000001000111011110001010010001110101100000100000000000001000000101111111111111101011011111111111101010111111111111111111101000000000000010001011111111111111111111100000000000001000001
-46935089596776000,20,join,1110110010100100011101100100001001000111001001000010010001111111110111100101011101101100101001000111000001000010010001111111111111100101011111101101101001000111000001001010010001111110110111100100011100000000001001000111111111111111111111111111111111101101011100000000000001000000111111111110011111111110110111100101011111101101111001011111000000000000010001000000000000000000001000000000000001000111
-8245658198773230938,20,join,1010110100100001010111111101001000110101001001000010000101011011110100100011010100101101001000010101000001000010000101011111111111111111111100100101001000010101101111011010001101011111110111110111111100000000001000000000111111011011011111111111110110111111111111111101101001111111101011010010001101010000000000100001000011111101001000111101000000000010000101001111110100100011111100000000001000010101
-1132055574042526578,20,join,1111111111111111111101100011110010011110001000111000100011100011011111001001111001101111110011011111001001111100100111100000001000001000111000000001100000001010000000001000000010100010001111001000111001101111111011111111011111111101111111110000000000001000101000100111110011011110011011111100111111110010001111001001111000000000000000001010000000000000100011100000000000000000001001100011110010011111
-2263048936679413828,20,join,1101011110011111111101010000000000000000111101111111111111110001000000000000000011111111111111111111010101110000001000000101001000000010000001010011000000100000010101111000001010001101011111011111111111010111101111111111010101111001101011000101011100001010100001010111100111101110000100000000001000000101011110011111111101010111000000101000010101111000101011000101011110011010111001010111100111101111
-4936100437906933043,20,join,1011111110111101111111111111111111011111001010001000110010010011111110111101111100001000100011001001001011001001110111110010111110111101111100101101100111011111000000001000010000011011111111111101111100101101101111011111001010001001110010010000000010001100100100000000000001000001111111111111111111110010100010001101100100000000100001001001001010001000110111110010100010001101101100000000000000000001
-6370922161539368372,20,join,1110000010100000000101000000101000000001011000001010000000011111001111111100111111111111111111011111111101111111110111111110001110100000100111100001101000001001000000001000000000001110001111101000100100000000101000000001111000111111110011111110001110101000100111100011111011001111111111111111111111111111001111111101111101000000101000001001111000111110100011011110001111101000111100000000000000000001
-7875244894154984404,20,join,1011000000000001010011111001010000010100001100000000000001000001000000000000000010111000000000010100101111010100000101001111111111011101111110111001000000010100101111011100000111001011100101000001010011111111111111111111111111010101000101001111110111011001110011111101110111011100111111011101111111000000000000000001000010111001000000011100000100000000000001001111110111011101111011111101110111011111
-240752837362430024,20,join,1111111111011111101101000000000000000000011000011000001010000111011111011010101001101111110010111010011001011100001010000110011111001010100001000001000000101000010000001000001010000110000111000010100011111111111111111111011001111101101010100110010111001010100001100111110111101010000000000000001000000110011111001011101001000000000000101000111111111101111111110110011111001010101001101111110111111011
-8807061924250545544,20,join,1000010001000000100011011110110111111011111111111111111111111001111011001111101110001100010001111011000001000100000010001000111011001111101111011111110111111011100011001100111110110000000001000000000011011111111111111111100001000101000010111000010001001000101010000100010001001010100001000100001110111000010001000001101100000000010000001000110111111101111111111000010001000000101010000100010000001011
-8285124188786605223,20,join,1111111111111111111101101111101111111111001001000000110000000111111111111111111100101100000111010011000001000000000000000010111010011101101100101111101111111111001011001001110100110010111011111101111100101110101111011011001001000001110100110000010000001000000000000100000001000000001011101011111111110010010000001101000000101100100111011011001011101011110111110010010000001101001100100100000011000001
4547730706945608416,20,join,1001011111111011110111011111111110111111111111111111111111110001011111110011110110011111111110111101000001101010000100010000001000000000000000000111111000110001000000101000000000010000001011100001000100000010101000000001000001111111001111010001011111111011110111011111111111111111000001101010001100010000001010100001000100000111111000111101000001111110001101011001111111111011111100000000000000000001
-2582456826768534686,20,join,1011111011001110111011111111111011111111001000101100010000000011101011000100001000101010110001000000001111101100010000100000001011000000000010111111110011101110000000001100000000000000000001000000000010111111111011101111111111111111111111110011111011001110111000000010110001000000001111101100011010101011111111101111111100111010110001001010001111101100011011100010001011000100001010111110110011101111
5904087634310827046,20,join,1111101010100110001001001000000000000000011110101010011000100101101010000100001000001000000000000000111111111110111111110100101010000100001011111011101001101110000010001000000000001111101111100110111101001010101001100010111111111111111111111111101111101111111101001000100001000010010010101000011000101111101010100111011011111010101001101010111110101010011001100000100010000000001011111010101001101011
9146357096989802236,20,join,1000000000000000010001000000000000000100111110100011101011001101001000111010110011011010001110101100111111111111111111111100001000000000010011111011011111101101111110111111111011111111101001111010110011000010001110100100110000100001100001001100001000001000010011011010001111101100110000100001101001001111101101111111111111000010001110101100000000000000000001001111101101111110111111111010011111101101
-8742506972759045152,20,join,1101011111100010010101000001000000000000011101111110001001010101010110000000000011111111111001101111010001010000000000000101011110100010000000000001000000000000010001011000000000000101010111100010000001010101101000100000111111111111011011111111111111101110111111110111111001101111010001011000001000001111111111111111111101000101100000101000010101111110001001011111011111100010111101010101111000100001
-420394995360810330,20,join,1001000001000010001111111111111111111111101100010100001000110001000000000000000010111111111011111111101101010100001001111011011101001010011110010001010000100011101101111100101101110001000001000000000110110111111010110111101111111111111111111001000101001010001110110111111011111111000100000100001000111011011101001011011110110111111010111111101100010100001001110001000001000000001100010000000000000001
-3865838401967287697,20,join,1111101110100111101101000010101000011000011000101010000110000111001010100001100001111011101001111011111111111010011111110000001000000001000001110011101001011010000000001000000100001111111111111111111100000000101000010000111111111011111111111111101110101111111100000010101001011000011100111010011110100000000000000001000000000010101000011000111110111010011111110111001010100001101001110011101001111011
-7173380035448030059,20,join,1110000101100010011101000000010000000000011000000100000000001111100101110010011101101001011100100111111111111111001011111111101101110010111101100001011000100111111110111111001011110000000001000000000001100000011000100011011000010111001001111111111111111111111111111111111101111111011000000100001000011111111111110011111111111001011100101111011000000110001001110110000001000010001100000000000000000001
-3264762971493691034,20,join,1100010110000000011101000100000000000111111101111101101011111101010110000000011111111111110111101111000001000000000000001101011111000010111100000101000000000010010001011000000001111101010111000000011111111111111111111111110101111101001011111101011111011010111111110111110111101111110101011100001001111111111111011111111111010101110000101111000001000000000001110000010000000000001000000100000000000011
-6288522686679913946,20,join,1000101111000000001011001011110000100010111111111111111111111001101111000010001000001011110000000010110111111111101010100000001000000000000000000011110000000010000000101000000000100000001011000000001011001011111000100010110110111111001010101101101111111010101011011111111111101111100010111100001000101101111111111111111111001011111000101010110111111111101011110000001000000000001011011111111110101011
3273360590915134197,20,join,1111111111111111110101110010011110101001001100100101101010000001001001000000100001111110011111111101011101100111111111010000001000000000000001111111111111111101011101101111111111010000001001000000000000110010011110101000000100100101101010000001001001001010100001110010011111101001000000100000001000000111001001111111110100000010010000001000011100100111111011011111111111111111111100110010011110101001
317395222757880849,20,join,1101110011111010100101001000111010100000111111001111101010110001100001100000000000001000011000000000010111001110101010001111111111111111111111011101111110101001000010001110001000000000000001100000000000000000001000000000010111001111101010010000100011101010000011111101111111101011000000000000001000001111110111111111111100011000111010101000111111011111111011111101110011111010101101011100111010101001
-6510077231191990409,20,join,1111110011111111111101010000100000000000011100001000000000000001000010000000000001111000101111100111011111001111111111111111111111111111111111111101111111111111000000001000000000000111100011111110011101110000101010100000011100001011101000000111000010001000000001110000100011100000011100001000101000000111000010111111011001111000111111111111011100001011111001100111000010001010001001110000101111100111
-254824413113091961,20,join,1110011101011110110101100110000100001001001001100001000010011111011111111110110111111111111111111111000001000001000000000000001000010000000000000111000100001001111001111111111011010110011101011110110111100111011111101101000000000001000000000110011100011010110101100111000111101101011001110001001010011111011111111111111100000110000100001001011001100001000011011111011111111110111100000110000100000001
-2178701802800327751,20,join,1111111111111101111101101001011111001100001000000000000000000011100001111100110000101000001011001100011111011111110111010111101111111101111100101001001011001100011110011111110111000010100001111100110000100000001010000000001010000011110011000010000000001000000000100000001011001100111111111111111111110011100001111101110000100000000010001100001000000000100001000111100111111101111101111001111111011101
6834936399340195940,20,join,1000001001010110010011011111110111110111111111111101111101111001111111011111011110001111010111110111100001100101111001000000001000000000000000000001000101000100100011111101111101110000000001010100010011111111111111111111000000000001000000001000001001011110010000000000000101000100000000000001011001001000011001011111010011111111110111111111000000000001000001001000011101011111011010000111010111110111
-3436489838753635290,20,join,1111110011100100111101000000000000000010001000000000000000000111110011100100111101101100110001001011010001000000000000111111111011100110111111111101111001001111011001001000010010110110010011000100101101100100111001001111111111011111111011111111110111101100111101100100000001001011111111001110011011111111111111111111111101100100000000001011011001001000010011110000000000000000001001000000000000000011
6828397059678870305,20,join,1000000000000000000111011010111111101111111111111111111111111001101011111110111110001010101011101101110111101111111111111000001010000000100110001011101111101101100000001000000000011000101011111110110110000010101010101101100010101011111011011000001010001000110110000010101011101101100000001000001011011101101011111111111110000000100000001001100000001000000011011000101011111110111100000000000000000001
-4027072182877323379,20,join,1000001000011001000011000010000110010000111100111011100111111101001000011001000011111111111111111111111101111111111111110000001000000000000011010011000110011101110100111011100111011111001111111001111111010011001110011101000000000001000000000000001000011001000011010011001111011101111100111111101111110000000000000001000011010010000110011100110000100001100101001101001110111001111111000010000110010101
4469821719264598842,20,join,1001000000001000000011110110000110100000101100000001100000000001000000000000000011111111110111101111101101100001100000001011001000011000000011110111110111101111111101101001101001101111011011011010011011110111111111101111100100000001100000000000000000001000000011110110110111101110101101100001101000001111111111111111111111110110110110101110111101100001101001101111011000011010001011110110110111101111
7557970164799755703,20,join,1111111111111111111101001000010000100001011010110100001000110111111111111111011100001000000000000000011011111111111101110100101101000010001101001001010000100001011010111101101000110000100001000010000101101011111110110011011010110101101000110110101101001010001101101011111111110111000010000000001000000110101111011011001101101011111110111011011010111101101001110100100101000010001100000000000000000001
3056500774425293067,20,join,1001001111010101111111010111111111111111111111111111111111110001000000000000001010011111110111111111100101111101010111110001001011010001011100010011110100011111000100001001000000100001000011010000011110010111111111111111000100000001000000101001011111011111111100010000000101000010100101111101011111110001000011010001011100010010110100011111000000000000000001100000000000000000001000010000100100000111
1176640454943648454,20,join,1111111101101111100101111000011001110001001000000000000000000011000000000000000000101000000000000000001111000110011100010111111001100111000101111111011011111001111111111110111111010011100001100001000100111000001000010000111111111111111111110111111001101111000100111000011001010001001110000110011100010011100000000001000001111110011011111001111111110110111111011111111111101111111100110000000000000001
-8786945022321344200,20,join,1111010110111011011001110001101110000110001000000000000000000011000000000000001011111111101110110110011101011011100101101111011110111011011000110001101110000110001100001000000001101111111111111111011100110000101100000110001100000001000001100011000010111000011011111111101111110110011100011011101101100111000110111001011011111111111111111111001100000000000001100000000000000000001011111111101110110111
6308895082941671488,20,join,1000000000000000010011011110001110001100111111101111111111110001100000010000010000001000000100000100100111100011100001001001101000111000010011111111111111111111110111101111110111011001101001111000010010011000001110000100000000000001000000001001100000011000010011011110011111001100110111101111111111011101111001111101110110011010001110001100000000000000000001001101111011111111111111011110011111001101
-1643790766812678760,20,join,1010000000100100000011100111001111001100001000000000010000001111111111111101111011101111101111011100101001000010010000001010011000111100110010100101001101001100111001111011110011001110111111111101111000000000001001000000101001000011010010001010010000111100100000000000000001000000111111111111111111111110011110111101110010100000001001001000101001000011010011001110111110111101111011111111111111011111
9081741197096788140,20,join,1111111111111111111101111111111111111111001110101111001111100001001000010000000000011010001100111010001111111111111111110000001000000000000000111011111111111111000110101011001110100001001001110001100000010010001100000000000000100001000000000011101011111011111100111010111101111110000100100011001000000000001000000001000000010010001100011000000100100011000111000001001000110011101000111010111100111111
-3914183083836199428,20,join,1000000000001000100111000000000010101001111001000000101010011111111111111111111111101100000010101001110001000000101010011100011000001010100111100111001010101011111011111110101110111100011001101010101111000110001010101011111011111111101111110000000000001000000011101111001011111011000000000000001000001110111100101011101100000000000010001000111011111110101111111100011000001010101100000000000010001001
2581790802110494951,20,join,1000001000000001010111000011000000010101111000110000010101011111101101000101110111101011010001011101111111111101111111110000001000000000000100000011000000000101111110111101111111111110001101000101010111111111111111111111111010110101010111011110101101001101110111000011000001010101111110110100111111110000000000000001000011100011010001011101000000100000000001011111101101001101111100000000000000000001
-707198696063910478,20,join,1001010010101000001011010110101010111011111101101010111111110001000010000000001011011110101111111111000101001010000000101001011010101000001011011111101111111111000000001000000000001111111111111111111100010000101000000010110101101011111110110001010010101000001011010110101011111011100101101010101100101001011010101001001010010110101010111010110101101010111111110000000010000000001010010110101010111011
3692017637453501349,20,join,1000000000001001000111101010011111111111101010100110110110111111111001111111111110001000001010010001111011100111111111111000101001101101101111111111111111111111111111101111111111111000100001101101100110000000001010010001101010100111110111110000000000001000000010001000001011011001100010100110111110110000000000000001000010001000001010011001101010100110110111111000100001101101101100000000000000010001
2624766403506369307,20,join,1111111111111111111101111111111111111111001011001001000001110011110111010000011100001000000000000000000011000001000000010011111111010010011100101101100100000111000010001001000000000010110011010000011100111111111110100111000010000001000000000011111111011010011100111111111111111111001111011101001001110011111111111011111100111111111110101111000011001001000001010000000000000000001000000000000000000001
1466077087901277450,20,join,1101111111011111101101000001000010000001111111111101111110110101000100001000000101011001110010111001010111111101101110010101101111001011100100000001000000000000010100011100100010010101000101001000000111111111111111111111010110111101101110010000000100001000000101011111110111111011010100010100101000010101000111001011100101010001010010001001010111111101101111010101111111011011101100000000000000000001
-3848628462528440400,20,join,1110010001110111100101100000011100111001001000000000000100011111010001111111100111111101111111111111011001000111011110011111111111111111111111100101011101111001111101011111111111010000000001110011100100000000001000110001000000000011001110011110010001111111100101100000011101111001000000000000001100010000000000000001000100000000001000111001111101010111111111011111010111111111111100000000000000000001
2398167602243779616,20,join,1111111111111111111101111111111110111111001111011111101111110001000100001000000000011001101110010101000111011011100101010011111111111011111100000001000010000000000000011000100000010001110111111001110100010001101110010101000100010001100000000000000000001000000001111111111111111111000111011111101111110000000110001001000100010001101110011101000100011000100101010001110111111001111100000001000010000001
-7432969348408789994,20,join,1111101011101011010101001000001000010001011010101110101101010111101011101011010100001000000000000000111111111110101111010100101011101001010111111011111010111101010010001110000101010000100001100001000100001000001000010001111111111111101111010100100011101001010111111111111111111111010010101110101101010000100000000001000111111010111010111101010010000010000101011111111111111011111100001000000000000001
7795928662527929956,20,join,1011111011000000100111111111111111101111001000000000000000000011101010000000100100101010100000001000001111101100000010010010001000000000000010111111110000001001001000101000000010000011101011000000100110111111111010101011101111111101101010011011111111001010100110111111111111101011101111111100001010011111111111111111111100100010000000001000101111111111111011111011111111000010101100101010100000001001
7587412387368082204,20,join,1111111111111101111101110111111001011011001101010110000100010001000000000000000101111111111001011011000101000100000100010011011101100001000100010101011000010001001101111110000110110000000001000001000000000000011000010000011111111111010110110111111111111101111100110111111001011011111111111111111111110000000000000001000000110111011000011001011111111111010111110011011101100001101100000000000000000001
245387212321515327,20,join,1011011111111110111111111111111111101111001101111111111011110001010010111100010110111111111111101111000001000011110001000001011011111100110100010111111111001101000001001011110001010001010011111100110100000000001111000100000000000001000000000000000000001000000000000000000001000000000101111111111011111111111111111111111100010100101111001101000000000001110001000001011111111100111100000100001111000101
-2952295716547095370,20,join,1010101111000001101011101011111000011011001000000000000010001011101111111011101100101011110000011010111111111111111111110010001111000001101000000001000000000000001000011000000110000010000111000001100010101011111000011011101010111101000110101010101111111011101111111011111111111111101010111110001110110010000100000001100000000000000000001000111110111111101111110010000111000001101000101011110000011011
-6201535844272954942,20,join,1000000000000000000011111010111001110111101000000000000000001011000010000100001110111000100001000011111111111110111111111011101011000101011110111011111001010111101000001000000000001011100011000101011110111010111001010111111111111111111111111111101111101111111110100000100001000010101110101110011101111011100010000101001111111011111001111111101100001000010001110000000000000000001010100000100001000011
6295779304387010745,20,join,1110011111100111010001000000010000000100011000000100000101001111111111111111111101101111111011110100011001000100000101000110011111100011010001100101110000010100011001001100000101000000000001000000000001100101111000110100111011111111111101010110011111101111010001100111111001110100011001011100001101000100000001000001010011101111111111111101000000000100000001001110111111111111111101100111111011110101
-1062294266279812406,20,join,1010011111010001010111111111111111111111001001101101000001001011111111110101111110101111110100010111000001100000000000000000001000000000000000100111110100010101000001101100000000000000000001000000000010101111111100010111000001100001000001001011111111111101111110100111110101010101101111111111111111110010011011010001010010101111110100011111000001100000000001001010011111010001011100100110110100000101
-1380219871943199728,20,join,1101100011100011101101011000111000111011111110001110001110110001000000000000000000011000000000001010111111001110101111111111111111101111111111111101111011111111000110001100001110110001100001000010101100011000111000111011111111111111111111111111100011101011111111111100111011111111000110000000001010100001100001000011101100000000000000001000110110001110001111110001000000000000101000011000000000101011
-6967517716453468046,20,join,1010000110101110100011101111101111101011001000011000001010001111111110111111111110101111101111101000101001011010111010001010011110111110100000000001000000100000000000011000001010001111111111111111111100100001101011101000101001011011111010000010000110001110100000100001100001101000000000000000001000001110111110111111111100000000000000001000111011111011111011111010111110111110101010101111101111101011
-507003892920852053,20,join,1000011000101000101111111111011110111111101001100010100010111011111001111011111110101110001110101111000001100000100000010000001000000000000010111111011110111111111111111111111111111010111001111010111100000110001010001011101001100011101011110000000000001000000011111111011111111111101001100010101011111010111001111011111100000110000010001001101001100010100011110000011000001000101100000010000000000001
-66103657868202326,20,join,1110111111111111111101000000000001000010011011101100110001111111111111111111111101001010000011000111010011101100110001110100001000001100011101101111110011000111010010101000110001110100101011001100011101101111111111011111011011111101110111110100000000001100011000000000000001000000011011111101111111110110111111001101111101101111110011001111010000000000010001100000000000000000001001000000000011000111
1046629143577679665,20,join,1000000010000000000011100100100101111110101001001000001010101111111111110111111111101101101101111111100001001000001010101110111110110111111110000001100001101010000000001000000000001110111111110111111111100101101101111111101001001001011111101111111111111111111110000000100001101010100000001000001010101010010010000111111010000000100000001010101001001000001011101000000010000000001010100100100101111111
-3454473537957967127,20,join,1000100010000000111011111111110111101111101011101000110011101011111111011100111100001000000000001110100011101000000011101000101010000000111010101111100011001110000010001000000011101010111111011100111111111111111111111111101011111001110011111000111010001100111010001010100001001110101011111101111011111010111111011111111100000000000000001110000000000000000001100000000000000000001010001110100011001111
-1289099335104197765,20,join,1100111100111111111101001101001011111101111111111111111111110101110100101111110100001100001010101000000001000000101010000100111100101111111100001101001010101000110011111111111111111100111101111111111100000000001010101000010011110011111111110000000000001010000000001101001011111001000000000000001000000000110100101011100100000000000010101000000011010010101011010100110100101111111100001101001010101001
96154661283228100,20,join,1000001100100000000011000011101000100000111111111111111111111101111110110111111011001111101100111110110001111010001000100000001100000000000000000001000000000000100000111010001000001101111111111111111000000001001000000000110001111011001000101101111110111111111011001111101101111110100000110010001000001100011110110011001011000111101100111010110001111011001001101100001110100010001011011111101111111111
8539400831278821417,20,join,1011101111001110100111111111110011101011001100111100111000010001000101000010000100111011110011101001101111111100111010010001001111000010000100000001010000100001000100011100001000010000000001000000000011111111111111111111101111111101111010110001001111001110000100010011110001100001000000000100001000011111111111011111111100010011110001101001111111111101111011111011111111001110101100000000010000000001
6244679291536257049,20,join,1000110000100100100111001100001011101001111111101011111010111101111010111110101100001000000000000001000011000010010010011100111000111110100111111111101111101011110011001011111010011111111111111110101100000000001000000000110011000011111010011000110000101110100100001000001001000001000000000010001000001111111111111111101100001000001001001001111111111111111111111100110010111110101100000000000000000001
-3614569616458121963,20,join,1111101001111010011101101000010000100010001000000000001000100111100001111010011100001000000000000000111111100111111001110111101001111010011111111011011111100111111111101111111001110010100001000010001001101000011010100111011010000111101001110010000000001010001011111010011111100111000000000000001000101111111111111111111111111110111111101111011010000100001001100000000000000000001000100000000000100011
524491532184173376,20,join,1111110001101111011101000000000000000000001000000000000000000111110001100010000101101100011000100000001001000000000000001111111011111111011111111111111111111111111111001110111101110010010001000000000001100000001000100000111111001111111101110111110001101111000101111100011001100001000000000000001000000111110001100011000111111110111111111111011111000110111101110111110001101111001101101100011000100001
-5744865359396215168,20,join,1111111110111101101101000000000100001001011110011001100010010101100100011000100101001001000110001001010111010001100010010101101100011000100101000001000100001001010010011001100010011111111111111101111101111111101111011011000000000001000010010100000100011000100101111111100111011011111111111111111111110111110110011001100100000000000000001000111111111011110111110111111110011001101100000000000000001001
9044884592581293375,20,join,1001010011001100010011010111111111010111101101101111110101110001000001000100000011111111111111111111000101001100110000001001011011001100011010010111111111010111000100001100010000000000000001000100000010010110111011010110100101101111110101100001000001001100000000000000000001000000111101111111111111111001011011001101011011110111111111011111000101001100110001000001010011001100001010010110111111010111
3319095285925322930,20,join,1110000000111111100101100000001101111001001000000011011010001111111111111111111111101011001111111011111011110011111111110110001000111111100101100001001101111001111011111011111111111110111101111111111100000000001101001000000000000001000000000110000000111111100100000000000101001000000000000000001000000010000000110111100000000000000000001000111010110011111111111110000000111111101100100000001101111001
6897821487670671456,20,join,1111111001100111111101000100000000111111011011000000001111110001010000000011111101001100000000111111000001000000001010010110111001000011111111111111011001111111111111111110011111110110110001000011111101101100011000111111111111111111011111111111111111111111111101101100011001111111000000000000001000000000010000000011101100000000000000101000000001000000001111110000010000000010101100000000000000101001
-3946763004381008092,20,join,1000000000001011001011111011001111111011001000000000101100100011000000001011101010111010001111111011111111110011111110111011001000101111101110111011001111111011111111111011111110111111111111111111101110110000001010111010101100000011111110110000000000001000000010110000001011111010000000000000101000000000000000001011001000100000000010111010111111111111111111110000000000001010001010110000001011111011
-6678079911325678015,20,join,1101011111111111111101000000110001001100111101111111111111110101011111111110110111111111111111111111010001101101110011010100001011011100110101000011110111001101000000001000010000000000000011000100000001000111111111101101010000001101110011010100000011001100110000000000000001000000010001101101111011010101011111111111111100000000100001001100000000001000010001000101011111111110111101000000110011001101
4340308530423404428,20,join,1101100000000000000001010000000000000000111111111111101011110001000000000000000001011000000000000000110111111110101011111101101100000010000111011001000000000000110110111110101011111101101101101010001111011011001010100001110110110111101011111101100100001000000011111111111111111111110110010000001000001111111111111011111111011011011010101111110110110110101001111101101100101010001111011001000000100001
2180181895527783961,20,join,1101111001011001110101000010010000010100111111111111101111110101001001001001010001011010010010010100010111100100100111000000001001000001010011011111110110011101110111101101100111010000000001000000010011011111111110011111010110100101100111000000000001001000010011111111111111111111110111111111101111110000000001000001010001011010010010011100000000000000000001001101111111011001111101011010010110011101
950911512786670285,20,join,1000000000000000000011011000000101000010111111110011011001101001100000010100001010001000000101000000110111110011011001101101101100010100001011011001000101000010111111111111111111111101101101010110011011011011001101100110100000000001000000001111111100111110011110000000000101000000110110110001011001101111111101111111111111111111011111101111110110110001010001101000000000010000001011011011001101100111
-511113556294824815,20,join,1111101111111101001101111011011011010011001000000000100000000011000000001100001100111011011011010011111111111111110100110011001001001101001100110011011011010011011110111111110100110011000001001100001100110010011011010011011110110111110100110000000000001000000000100000000011000001111111111111111111110011000001001101001111111011111111011011111110111111110111110010000000001100001100100000000010000001
-2257103037516220892,20,join,1101111100001100000001000000000001000000111111111010110100100101111100001100000001001100000001000000000001000000010000000100111100001100000001001101000011000000110111111010110100101111111111101101001011011111001011010010111111111111110101100100000000001100000000000000000001000000111111111111111101101101111100001101001011111111111111111110110111110010110101101101111100001100001011111111111111111111
-2122221946693019511,20,join,1001001010111000001011011111111111111111111111111111111111110001000010000000001010011110101110001010100101101011100010100001001010111000001010011111111110011010000000001000000000101001111011111001101000010000101100000010000100001001000000100001000010111000001010011111111111011010100111111111101111111001011010111001101000010010101110001010100111111111100111100000000000000000001010011110111110011011
4495138450077013742,20,join,1111111111111111111001111111111111111110001111100001110010000001111000011100100000001010000011001000000011100001110010000000001000000000000000111111000111111110001111111101111111100011111001011100111000111111111111111110000010100001110010000000001000001000100000000010000011001000001111100001111011100000001000001101100000000000000000001000001111100001110011000011111000011100111011111111111111111111
2976135575608923001,20,join,1000001000000011100111001011001100111011111010110011001110111111111100110111101110001011000000111001111011110011011110110000001000000010100010000011000000111001111111111111111111111110111101110111101110001011001000111011100010110011001110111111111101111111111111101011001101111011000000000000001000000000000000000001000000000000000000101000111111110111011111111000101100000011101100000000000000111001
-4170610472918959266,20,join,1000000000000000001111000010000001010011111111111111111111111101111011111101111111001010010001010111110011100110110111110000001000000001001111011111111111011111110010101100010101111000001001000101001111001010011001011111110011100111110111111100101001101101111110000010000001010011110111111111111111110000000000000001000011001010010001011111110000100000010101110000000000000000001100000000000000000001
2947199518553504268,20,join,1000000000000000000011111111111111111111101110011111101100111001000010000010000010011001101110110011100111111111101100111001001110001011001110010001100000100000000000001000000000001001100111111011001110010001101110110011100100011001101100111001000110001011001110111111111111111111000000000000001000001001000110000011000010011111111110111011101110011111101101111001000110000011001110010001100000110001
3614543622862629313,20,join,1011011010001100011111111110111011111111001001001000100001000001000010001000010010111110111011110111000001001000000000000011011010001000010111111111111111111111000000001000000000000011011011001100011100110110101011000111111111101111111111110000000010001000010000110100100011000101101101101110111101110011011011101101011110111110111011111111000000000000000001000011011010001100011100110100100010000101
-3164027057278994521,20,join,1000001001000000000011101011111001000000101000111110010000001111101111110100000010001011011001000000111111111111111110010000001000000000000010000011011001000000100000111110010000000000001001000000000010000010011001000000111010111111010000001111101111111111100110000010010001000000111110111111011110011111101111110101100010000011111001001000111111111111111111011111111111111111111111111011111101011001
