hash,n,target,matrix_bits
-3945201685815607292,20,join_semilattice,1111011111111010011101100111101110100001001001100000101000010111011111111010010111111111111111100111000001100000001000010000001000000000000000100111000010100001001001111001101000010010011111111010000100100111101110100001001001110001101000010000011000001010000111110111111111100111000000100000001000011111111111111111111111111111111111101111011001111111101001010111011111111010011100000010000000000001
4372669111932526134,20,join_semilattice,1101010000100011011101000000000000000001111101000010011111110101000000000000010111111101001011111111010101000000000001011111111111111111111111110101001001111111111111011011111111111111110101111111111101010100001000110101111111010011111111111111010100101111111111010100001001111111010101000000001101010101010000000001010111010100001000111111010000000000000001010101010000100011011100000000000000000001
-4359382167295963603,20,join_semilattice,1000010000000100000011011110101011110010111111101111111100101001111010101111001010001110001001110010000001000000000000001000011000100110001011111111111111110010100011101010011100101101111011111111001010000100001001100010110111101011111100101000111010101111001000000100000001000000000001000000011000001000010000100111001011111111111111111010111111111111111111101000010000000110001011111111111111111111
-828877686084741143,20,join_semilattice,1010110111010101101011101101111101011010001010001000010010101111111111111111111100001000000000000010001011011000010010101110111111111101111000101001100001001010000010001000010000100010110111010100101000101101111101011010001011011001010010101110110111111101111000001000000001000010111011111111111111100010110111010101101000001000100001001010111011011111010111100000000000000000001011101111111111111111
-7366046164317631768,20,join_semilattice,1101000000000100001001000000000001000000111101101101011000100101000000000100000011111111110111100011110101101001010000101101001000000100001011110111110101100011110100101001010000101101011011010100001011111111111111110011110100100001010000101111011111011110001100000000000001000000110101101101011000101111111111011111001111111111111111111111111111111111111101110100000000000100001011110110110101100011
7424296047737733757,20,join_semilattice,1000101010000100011111011010100011101111111110111000111011111001101010001110111100001010100001000101111111111111111111110000001000000000010111011011100011101111000000001000000001011111101111011110111111111011111111101111111110111001111011111000101010001110011100000000100001000101100010101000011001111111101111111111111110001010100011101111000000000000000001010000101010000100011100000000000000000001
-774240992082431115,20,join_semilattice,1110010111111111111101000000101001110111011001011010011111111111110111111111111101101101111111111111010001011010011111111111111111111111111100000001101001110111000000001000000000010110010111101111111100000000101001100111011001011111111111110000000110101111111100000000100001000001000000001000011001110000000010100111011100000001101001111111000000001000010001110000000010000100001100000000000000000001
8361617735196900875,20,join_semilattice,1001100010011000000011011100110110001000111111001101100010010001100010011000000000001000100100000000000111001001100000001111111011111111110111111111111111111101000000001000000000000001110011011000000011111100111110111001000000001001000000000000100010011000000011111100111111111101110111001101101010001111110011011011100110011100110110001000111111001111101111011111111111111111111111011100110110001001
9004138667859074478,20,join_semilattice,1111111111111111111101000000000000000100011110001010111011110101100010101010111101001000001010100110011111111111111111110111101111101110111101111001101011101111010010001010101011110111100111101110111101000000001000000100011110111111111011110100000000101010011001011000101011101111010000000010001001100111101111111111111101000000001000101110000000000000000001000100000000100000011001001000001010101111
2472298943913706808,20,join_semilattice,1110111111010111111101100111010001000011001001110100010000111111111111111111111100101111010101111111000001110000010000110000001000000000000000000011000001000011001011111101011111110000011101000100001111101111111101111111001001110101011111111110111111111111111100000010000001000011001001110100011001110010011101000111111100100111010001101111001001110100010001110000001000000000001100000010000000000001
9145033027980450586,20,join_semilattice,1101000111110110100101000000001100000000111110111111011010110101000111110010100011011001111101101001110111111111011010111101101111110110100101000001111100101000010000001111001010000100000001110000000000000000001100000000000000000001000000001111111111111110101101000000011101101000010000000111001010001111111111111111101101000000011100001000111111111111111111111101101111110110101101010001111101101001
961087732150680445,20,join_semilattice,1111111111111111111101111111110111011111001101000000000111110001000000000000000100111110110110011111000001000000000000000011011011011001111100111111110111011111001101001101000111110011010001010001111101111111111111111111001101000001000111110011010011011001111100111110110111011111011111111101111111110000010000000001100000000100000000001000000101000000000111010001010000000001111100000000000000000001
-426351219951544970,20,join_semilattice,1111101101010101100101111000010100001000001100000100000000000001000000000000000000111000010100000000111111111101110110010111101001010001100001111011010101011001111110111101110110010001000001000000000011111111111111011111001100000101000000001111101101011101100101111000010101011000111111111111111111110111100001010001100000111000010100001000111111111101110111111111111111011101101101111010010101011001
-7899631816198728259,20,join_semilattice,1000100100110001000011001011001110010000111011110011100100011111111111111001100100001000000000000000100011010011100100001000101100111001000000001001000100010000111011111111100110011110111101111001000100001001001100010000000010000001000000001000100100111001000011111111111111111111111111111111101110110000100000010001000011101111011110011001111111111111101111111111111111111001101110001111001110010001
8050862071186546561,20,join_semilattice,1000000010000100000011000000100101000000111011001011011000001111110011111110000011001100101101000000110001001001010000001111111111111110001011111101111111100000000000001000000000001110110011111110000011000100101101000000000000001001010000001110110010111110000000000000100001000000110001001011011000001111111111111111111111111111111111101011111111111111111011111111110111111110001011111111111111100011
-4749151466331372641,20,join_semilattice,1011100101111111111111111001111111111111001000000100000000100011100101111101111100101001011110011110111111011111111111111111111111111111111100100001010100000110101110011111111111110000000001000000000000100001011110001110001000000101000000100010000101011000011000101001011111011111001110010111111111110010000101111001111000100001010110001110001000000100000001100000000000000000001000101001011110011111
8796911117420793619,20,join_semilattice,1111100111111111111001000000000000101000011110010011111110000101000100101011100001011001001011111000111111111111111111110111101111111111111101000001000000101000011110011111111111100111100101111111100001000001001000101000010110010011111110000100000100101011100001000001001001111000000000000000001010000100000100100011100000000000000000001000011110010011111111100101100100111111101001111001111111111111
-1620523977522940761,20,join_semilattice,1000000100000000010011011011001100000101111111111111001011011001000100000000010010011001000100000101110111111011000001011001101100110000010100000001000000000000100110011011000001011101111111110010110110011001001100000101100100010001000001011111111111111011111111111111111111111111110111111011001011011111111111110011110111011111101100001101000000010000000001001111111111110011111110010001000000000101
-6613537633191870872,20,join_semilattice,1000000000100001000011000000001000010000111100111110110110111101001110100101100111111011111111111011111111111111111111111100001110100101100011000001001000010000110000011010000110001101001111101101101100000000001000010000111100111111111110111101001110101101101111000001101001011000111100111110111110110000000000000001000011000001001000011000111110111111111111111101001110100101101111000011101001011001
1608272136824167539,20,join_semilattice,1111001001111010111001110010010110101000001000000101000010000011001001011010100011111010011110101110111111101111111011100010001001011000100011111111111111111111111110101111111011100000000001000000000001110010011110101110000000000101000010000010000001011000100011111010011111101110001000100101101010001111101001111111111000000000000000001000011100100101101011100111001001011010101011111110111111101111
8642617001443397384,20,join_semilattice,1010010101100000000111111111011111111011001001010110000000011011110101110001101110101101011000000001000001010110000000001011111101111001101100000001001000000000101111111111111110110000000101100000000000000000001000000000101011010111000110011011110101111001101110111111011111111011101111110111101110111010110101100001100110101101011000001001111111111111111111111010110101110001101100000101011000000001
-2048740401589554617,20,join_semilattice,1000000000000000000011111101111101101010101110000111011010001001100000000000000010001000000000000000101111000111011010101111111111110110101010111001011101101000101111011111011010101001100001010100000010011000011101000000100110000001010000001111111111111110101010011000000001000000100110000111011000001111111111111111111110011000011101101000111111111111111011101011100001110110101011111101111101101011
-5391507802684373389,20,join_semilattice,1111101111011111111101000001100001100101011100011101011111010101000110000110110101111011110111111111111111111111111111110111001111011111111100000001100001100101000000001000000001000101000111010110110111111011111111111111010100011001011011010101000111011111110100000000100001100100000000001000001001000101000111010111110101000001100001101101000000000000000001000111000111011111111100000000100001100101
-7815431891432991384,20,join_semilattice,1101001101011011001101000000000000100000111111111111111111110101001101000010001111011011011110110111110111111111111101110100001101000010001000000001000000000000110110111111111101110000000101000000000001010011011100110011010100110101001000110101001101011011001111011011011111110111000000000000001000000101001101010011001111011111111111111111110100110111101101110100000101000010001001000000000000100001
7586659061204784959,20,join_semilattice,1100111101010100011101001111010101000111111111111101011001111101111111010110011100001101000100000001000001010001000000010000111100010000000100000001000000000000110011111101010001110000111101010100011111111111111111101111000000000001000000001111111111011110011100001111000101000011110011111101011001111111111111111111111111111111110111101111000011110001010001110000111100010000001100000001000000000001
2341642520876028226,20,join_semilattice,1011011101011100011011111111010111000111001001010000010000000011011101011100001000111111010111000010000001010000000000000010011100000100000000000001000000000000111111111101111001110010011101001100000011111111111111100111001001110101110000100010011100001100000000000001000001000000111111110101111001111111111111111111111111111111111111101111001101110101110001100010011101001100001010111111010111000111
1848521395171959881,20,join_semilattice,1000000000010000010011110000111111111110101100001101111111101001000001010000010010111010111111111110111111101111111111111011001011111111111011111111111111111111100100001101000001001000000001010000010010110000111111111110000000000001000000001001000011011000010010010000110111111110100100001101101101101001000011011001011010010000110110111110000000000001000001001001000011011000011011110010111111111111
-2849632348661543696,20,join_semilattice,1001001011001111101011011110110011111111111111111111111111110001001011001111101010011010110011111010100111101100111110110000001000000001000011011111111011111111000000001000000100000000001011001101000011011110111011111111110111111111111111110000001010001101000000000000100001010000000000101000111100100000000000000001000000000010100011111010100110101100111111110000001010001101001010011010110011111011
6355071569793848867,20,join_semilattice,1100010100110101110001000100000101000000111101011111111111011101010111110111110111111101111111111101000001000001000000001111111111111111110101000101001101000000110001011011010111001100010111110111110100000000001100000000000000000001000000001100010110111111110100000100000101000000110001011011011111010100010100110101010001000101001101011100000001000001000001001111111111111111111111000101101101011101
-4442628090258986884,20,join_semilattice,1011000010000010011011111111111111111111001100001000001000100001000010000000001010111001110000111110101111111110111111111011101111100011111110110001100000100110000000001000000000101011000111000011111010111001111000111110101111111111111111111011101111101011111110111011111011111111000100001000001000101011000110000011111010110001100000101110001100001000001001100000000000000000001010111001111000111111
-665302725592695344,20,join_semilattice,1011011111111111011101110111111111110111001001011101101100110011011111111111011111111111111111110111000001000000000000000010011111011111011100000101000000000000000001011000000100100000010111010001001100100111111111110111000001011001000100110000010111011001001100100101110111110011000001011101101100110000010100000001000011111111111111111111001001011101101101110000010100000001001000000101100000010011
-6571797169329079419,20,join_semilattice,1000100001010000100011001001111110101000111011111111111010011111111111111111101100001000010100001000110011011111101010001100111111111010100110001001111100001000100010001111000010000000000001000000100000000000001100000000000000000001000000001000100111111010100011001111111111101001100010011111001010001110111111111111101100000000000000001000111111111111111111111110111111111110101111001001111110101001
4879658733455060896,20,join_semilattice,1010000010000110000011101010100001100110001000000000011000001111111110111111111110101010100001100110111011101000011001111010001010000110010011101111101001100111001000001000011000001111111111111111111111101110101001100111111011111011111011111110111010101110011100000000000001000000000000000000001000001110111110111111111111101111101011101111101000001000011001001010001010000110011011101010100001100111
-2308675299386050805,20,join_semilattice,1000000010011010001011111111111111111011101111111111111110111001011110111110001110011111101111110011100001111001111000111000001110011110001110000001100111100011000000001001101000101001111111111111101110000011101111100011000000000001000000000000000000011000001010000000100111100011000000000001001000101001011110111111001110011111101111111011111111111111111111110000000000010000001010000000100110100011
7401607961841327737,20,join_semilattice,1000010011110010101111000111111100101111111111111111111111111101111111111011111111001111111110111111000001001010001010001000011011110010111110000111111100101111000000001000001010000000010011100010100000000000101000101000000001001111001010001100011111111011111111001111111111111111000000000000001010001100011111110011111100000000000000001000100001001111001011110000010011110010101000000100111100101001
4767617015438419822,20,join_semilattice,1000100101011001100011001101011111011000111111110111110111101101110101111101110000001000010100001000000011010111100110001100111101111101110000001001010100011000111111111111110111100000000001010000100000001001011110011000000000000001000000000000100101011001100010001101011111011000111111111111111111110000100001010001100000000000000000001000110011010111110111001100111101111101111011111111111111011111
5111336346145325155,20,join_semilattice,1111110111111111111101001001101001110101011110011010111101010001100110100111010100001000000000000001011111011111111111111111111111111111111100001001001000110001000010011010011101010111100111111111111100001000001000110001011110011011111101010100100110101111010100000000000001000000000010000000001100010000000000000001000101111001101111111101000010000010011101010111100110111111111100000000000000000001
4046204808245836063,20,join_semilattice,1110111111001101101001101111110011011010001011111100110010101111111111111101111000001000000000000000000011010100010010100000101101000100101000000001000000000000000011111100010010100000100001000000000011101111111111011110111011111101110111100000111111001100101000001001010001001000111111111111111111110010111111001101101000001000010000001000111011111100110111100000100101000100101011111111111111011111
-6140011510514473894,20,join_semilattice,1111101101110001101101111011011100011011001000000001000010000011101101110001101100101001011100001011111111110111100110110010101101110001101100100001000100001000111111111111100111110010000101110000101100100001001100001001000000000001000000001111101101111001101111111111111111111111011110110111001110110010100101110001101100000000000100001000111110110111100111110010000100110000101100100001000100001001
-7986462946061348206,20,join_semilattice,1111111011111011111101010000000000000000011110001001000001010001000000000000000001011000100100000101011111101111101111110111101011111011111111111111111110111111010100001000000000010111100011111011111101111000101110000101010100000001000001010111100010011000010111111111111111111111011110001001101001010111100010111011111101111000101110101111000000000000000001000111100010111000011101010000000000000001
8592514468492250955,20,join_semilattice,1001011010000000110011010110100000001100111111101000010011000001000000000000000011011110100001001100000101101000000001000001001000000000010011111111111111001110000100101000000001001111111011010100110011111110111111001110111111101001010011001111111011011100111010010110100001001100111111111111111111111111111011011101111000010110100000001100000100000000000001001111111011010100111011111111111111011111
-6641638657209351001,20,join_semilattice,1110111111100110101101101110111000100001001000001000000000001111111111111110101100101110101000100001001001101010000000010010001010100000000000101111111001100011000000001000000000000010111011100010000100100000101000000000111011111111111010111110111111101110101100101110111001100011001001101010001000011111111111111111111101101111111001101011111011111110111011110010111011100010001100100000101000000001
6575400194189598200,20,join_semilattice,1110000010000100100101100000000000000001001000000000000000001111111111111111111111101011111101101001111011111111111111011110001110010100100111100001100001001001011000001000010000011110001111010100100111100001101101001001111000011001010010011110101111111111100101100000000001000001111000111111011010011110101111110111100100100000000000001001111010111111111111011110111111111111111100100000000000000001
2581451592082848461,20,join_semilattice,1011101101010000111111111011110100001111001000000000000000000011101101010000101100101011010100001011111111111101010111110010001100000000000000100001000000000000001110111101000011110010001101010000001111111111111111011111001000110001000000011111111111011101111111111011110101001111111111111111111111111111101111010001111100100011010100001011001110110101000011110000000000000000001000100011000000000001
-4230563924617673252,20,join_semilattice,1010000000000001010011111101101010010101001000000000000001001011110100001001010010101000000000010100101001000000000101001111111111111111111110101101000010010100101111011010100101011111110111111111110110101100001010010100101111011011100101011010110000001001010011111101101111011101111111011011101111010000000000000001010011111101101110011101000000000000000001001111110111111111111110111101000010010101
-1477115886395926486,20,join_semilattice,1011111010000100011111111110100001000111001000100000010000110011101010000100011100101010100001000011001011101000010001110000001000000100001011111111111111111111001000101000010000111111111011111111111111111110101111110111111111101001011001111111111010011111011100000000000001000000111111101000011001111111111010000111011111111110101111111111001010101000010001110000000000000000001000000010000001000011
-8470596444429438052,20,join_semilattice,1010100111010110111011111101111101101111001000000000000000001011110111110110111100101000000001101000101011011101011011111111111111111111111100101001010101101000001010011101011010100010100001000110100010101101111101101111001010000101011010001111110111111111111100100000000001100000000000000000001000001111110111110111111100100000000001101000001010011101011011100010000000000110101010101001110101101111
-69461884289873628,20,join_semilattice,1110011110010111111101100111100101111111001001010000000000001111111110111111111100101111000001111111000001010000000000000000011100000000000000000001000000000000001001111000011111111111111111111111111111101111101111111111001001111001011111111110111110011111111100000101000001000000001001010000011000000010011100000111111100100111000001101111001001110000011001100010011100000110001000100111000001100111
-6167118877092203245,20,join_semilattice,1111110100111111111101010001000110101000011101010011101010110001000000000010100001111101001111111011010101010001101010000111111100111111101100010001000010101000111111011011111111111111111111111111111101010101001110101011000100010001101010000001000000001010100001110101001111101011000000000000001010000111010100111111101100000000000000001000011101010011111111110101010100011010101001010101000110101011
235221447217382878,20,join_semilattice,1011101011100111110101111010111001111101001110101110011111010001100001100001100000001000011000011000111111111110111111010001101011100111110111111011111011111101000010001110010110000000000001100000100000000000001000001000111111111111111111111111101011101111110100001000011001011000000110001110011111010000000001100001100000000000000000001000000110001110010111001111111111101111111100011000111001011101
-3993055192978897968,20,join_semilattice,1111101111101111111101110001100010100100001100011000100001000001000110000000000001111011100011101101111111111111111111110111001110001110010100000001000000000000000000011000000000000111101111101111111101111011101011111101111110111111111111110001000110001000010001110001100011100101001100011000101001000111101110001111110101110011100011101101000100011000000001000111101110101111111101110001100010100101
-3903087003339063300,20,join_semilattice,1001000000001000000011011111111011111111111111111110111111110001000000001000000010011000001010111110100101000010101111101001111010101011111010011111101010111110100111001010101111101001111111101111111110010000001010000000111111111111111111110000000000001000000010011111101011111110100100000010101110001001000000101001000010010000001010011000100100000010101111001001000000101011111010011111101011111111
5073722862224059536,20,join_semilattice,1111111111111111111101111111111111100011001000000000000000000011100010010110001100101000100101000010001111111111111000110011101110011110001100101001100111100011001000001000000000000011101111111110001100111011101111100011001000000001000000000010100010011110001100100000100101000010001010001001011000110111111111111111101101111111111111101011011111111111111111110010000010000000001000101000100101000011
-5092365364237480780,20,join_semilattice,1011110010001000000011111111111111111101001000000000000000000011110000000000000000001000000000000000001001000000000000001011111110101011110110111101101010111101001111001000100000001011111111101011110100111100101010000000101111111111111111010011110000001000000010111111111011111101101111001010101001011011110010101011110110111100101010101101001111001010100001001111111111111111111110111100101010000101
9192037353190507080,20,join_semilattice,1111011001111111111101000000000000000000011101100010110101110101011000001001001111111111111111111111010001100000100100100100001000000000000011110111111111111111111101101111111111110111011001111111111101010110001010010011011101100011111111110100001000001001001001010110001011010011011101100010111111110100001000000001001001110110001011011111010101100010110101110100001000000000001001000110000010010011
-349427206190028689,20,join_semilattice,1110010110001110111101100001100000000101001000000000000000000111010111101110111111101101111111111111011001011000101011011111111111111111111100000001000000000000001000011000000001010110010111101110111101100001101010101101111001011111111111110110000110001010110101100101100011101101011000011000001001011110010111101111111101100001100000101101001000010000000001010110010110001110111100100001000000000001
5009935996391395102,20,join_semilattice,1111111111111111111101111111011101111011001101110000000100010001000000000000000000111111011001110001000001010000000000000000011100000000000100000001000000000000011111111111111110110011011101100101000100110111001000010001001111110111011110110111111101111111101100110111001001010001001101110110011100010001011100000001000100110111011001111001011111111111111111110011011101100111101100000101000000000001
9173419395632493659,20,join_semilattice,1111111111111111111101000000100000000010011010011111010100100111111111111111111101001000100000000010011011011111110100100110111111111111111001001001110101010010000000001000000000100100100011010101001001001001111101010010010010001001000100100110100111111101001001001000100101010010011011011111111111100100100010000001001001101101111111011110011011011111110101100000000000000000001001101111111111111111
2777452643039687706,20,join_semilattice,1101100010000000100101011000100000001001111110001000010011010001000000000000100000011000100000001001111111111101111011111111101010000110110111111011100111101101000100001000000010001111101111011110111111111111111111111111111110001001010011011111101010011110110111011000100001001001110110001000011011011111111111011111111100000000000000001000110110001000010011011111101110011110111100010000100000001001
8920911222879428897,20,join_semilattice,1110010010101101000101000000001010000000011001001010110100011111110010101101011101101100101011010011010001001010110000011111111111101101011111111101111011010111010000001010110000011111110011101101011100000000001000000000111111111111111111110000000000001000000001000000001011000000111111111110111101110100010010101101000111111111111011111111111011001010110101110100010010101101001100000000000000000001
6755168269960302113,20,join_semilattice,1001000101100100001111010001111001000011111100011110010100110001000000100000000111111001111101010011111111011111111111111111111111111111111100010001001000000011000100011110010000110001000101100100001100000000001000000001111100011111010100111111000111111101001100010000001001000011111110011111111111111101000111100101001111111001111111011111111110011111110101110001000000100000001100000000000000000001
7724812165687732104,20,join_semilattice,1111001011111111111101000000000100111001011000000001001110010111001010011111111111111111111111111111111101111111111111110110001000010011101111110011111111111111011000101001111110110111001011111111111101100010001100111011000000000001000100000110001000011111101101100010000101111011000000000000001100010000000000000001000000000000000100011001011000101001111111110110000000010011101100000000000000010001
-8393603952346183867,20,join_semilattice,1111101111000111001001011011110001100010011110111100011100100001000000000000000000011011110000100000111111111101111111100001001111000010000000010001010000100000000100011100001000000001000001000010000011111111111111111110111110111101011110100111101111001111001000011011110001100010000000000000001000000101101111000111001011111011110001111010111110111101111111100001101111000010001011111111111111111111
1770832827392414163,20,join_semilattice,1011110101100111110011111101111101111100001111010110011111000001110101100111110000001000000000000000000011000000011100001111111111110111110000001101000001110100101111011111011111000000110101000111110000001101011001111100101111010111011111001111111111111111111100000000000001000000000010000000001000000000100000000111000000001101000001111100000011000000011101001111111111110111111011111111111101111101
-926928208394542692,20,join_semilattice,1000000000010100000011110101111111010100101000000001110000001011000101111101000011111111111111110101101101010111110100001111011111111101010110100001001111010000101101011111110101001010000101111101000010100000001111010000000000000001010000001000000000011100000000000000000001000000111101111111111101011010000000011101000011111111111111111111101101010111110101001111111111111111011111110101111111010101
931539701592529348,20,join_semilattice,1000000000010000100011111100101110111101101111000011101011011001110000111010110110001100001110101000000001000001100010001011111010111011110111111111101111111101101111001011101111011111111011111111110100000000001000000000000000000001000010000000000000011000100011111110101111111101100001000011101010001011110000111011110100000000000000001000100011000011101011001111111111111111111110001100001110101101
8471733832981463686,20,join_semilattice,1111110111111111111101010000000000101100011100000001001011000001000000000010110001111000111101111111011111011111111111111111111111111111111101111001111101111111011100001001011011100111000011010111111101110000111101111111000000000001001000000111100111111111111101110000000101101110000000000000001000000111000010010111111000000000000000001100000000000000000001000111000000010010111001110000100101111111
8127718748393014247,20,join_semilattice,1010101010100010011111101011101000101111001000000000000001001111111111111111111100101000100000000101111011111011111111110010101010000010010110101011101000101111001000001000000001011110111111111111111100101010101000100101111010111011001111111110101110111011111111101011101111111111001010001000001001011110101110100011111110101010101000101111000000000000000001000010101010100010011100100000000000000101
315580735251068678,20,join_semilattice,1100000000111100010001000000000111000000111111011011111111001101100010111100110011001000101111000100110111011011110111001111111111111111111011011001101111001100110000001011110001001101110111111111110001000000001111000100000000000001000000000000000000011000000000000000000111000000110111011011111111001101100110111101110011001000101111001100010000000001110001001111110110111111111011111111111111111111
-3062999550737136824,20,join_semilattice,1001110000000000000111011100000001010011111111111111111110110001110000000000000100001100000000000001000001000000000000001101111101011111101111011101000001010011110111111101111110111101110101000111001111011111011111111011110111010101111110111101110101001111101110011100000001010011110111010000011100111001110000000001000111011101010001111011111111111111111111111001110000000001001100000100000000000001
-7399979729533254982,20,join_semilattice,1111111111111111111101000000010100000000011011101101111100110111111111011111011101001110110111110011010001000101111100110100001001011110001101101111110111110111010000101101111100110000000001000000000001111111111111111111000000000001000000000100000001011100000001000000010101000000010000000101111000110100000001011111001101111111110111111111011011101101111101110100000001011100001101000000010111000001
-8346613050630873610,20,join_semilattice,1000101000111011001111011010001111111011111111100011111110111001101000111011001100001010001110110011110111100011111110110000001000000000000011111111111111111111111111101011111111111111111011111111111100000010001110100011000000100001100000110000001000001000000110011010001111111011000000100000101000110000001000111011001100001010001110111011111111100011111111110000001000001000001100000000000000000001
3927246542715742816,20,join_semilattice,1000000011000001000011111011111110111111101110111111101111111001101111111001110110001000110000010000101111111111101111111000101111111001110110001001111000011100000000001100000100000000000001000001000010001000111000011100100010011111100111011000100111101001110111111111111111111111100110111111101111110000000000000001000010001000110000011000100010001100000111001000101111111001111110001001111000011101
8183551532092792858,20,join_semilattice,1111111110111111110101001000000011000001011010000000110010010111111110111111110100001000000011000001011011101001111111010110101010001111110101101111100111111101011010001000111111011111111111111111111101101111101111111101011010000001111111010000000000001100000000000000000001000000011010000000111011010110100000001111110100001000000011001001011010000000110011011111111110111111111100000000000011000001
302382086553525499,20,join_semilattice,1111010111111110111101010001110000000101011101011111110011010001000000000000000011111111111111111111010101011100000001011111011111111111111100010001010000000101000100011100000001010001000001000000010101010101111000000101010101011111000001010101010111111000010101010101111111001101010101011111111011011111010111111111111101010101111000001101000100000000000001000111010111111110111100000000000000000001
3214981852649791562,20,join_semilattice,1111111100001110000101011110000011100001011111110000111000010001100000000010000100001000000000000000000111100000111000010001101000001010000101011111000011100001111111111000111000011111111111001110000111111111111011110101111111111111111101010001100000001010000100011000000001100001000000000000001000001111111111001111010111111111111111111111111111111000111001011111111111111111011100001000000000100001
-7313698335343142956,20,join_semilattice,1001010000101100100011011111111111111101111111111111111111110001010000101000100010011100001011101100000001000010100010001001111100101110110010011101001011101100100111111111111111011001111101101110110000000000001000000000100111110011111011000000000000101000100000010100001011001000100101000010111010001001111100111111110000000000000000001000100101000010111011001101111111111111111110011111001111111101
-2638118516538420921,20,join_semilattice,1001000101100111100111111101111011111011101111010110111110110001000000000010100110011101011001111001100101010110011110011111111111111111101100010001011000101001101111011110111110110001000001000010100100000000001000001001111111011111111110111001110101101111101100010001011001111001000000000000001010010001000101100011100100000000000000001001111111111111111111111001110101100111101100000000000000000001
-7559632670972669334,20,join_semilattice,1111110111111111111101011101111010111011011111011111111111110001110111101011101100001000000000000000000011010110000000111111111111111111111100001001000000000001000011011110101110110000100101100000001100001001001000000001000111011111101110110000110101101011101101011101111111111111000010010110001010110000100101100011101100001001011000001011000111011111101111110000100100100000001100001000000000000001
3734422886886286018,20,join_semilattice,1000000000000100100011000000000001001000111110101111110011111101001011011100111111011010110111001111111111111111111111111100001010011100101111111011111111111111110000001001010010111100000011011100101111011010111111001111110000000001010010101100000010011100101100000000000001000000111110101111111011111111101011111111111100000000000000001000110000101001110011111100000000000100101011000000000101001011
-1635380829947818999,20,join_semilattice,1000011001100100001011110111111111111111101001101110010000101011011011100100011111111111111111111111000001100110010000100000001001000000000010110111111111011111100001101110010000100000000001000000000000000010011001000010101101101111110101111011011011101100011100000010010001000010101101111111111111111011011011101101011110110110111111011111101001101110010001110000000001000000001010100110111001000011
-460940294544803768,20,join_semilattice,1011001101011111111011111011010111111110001100110101111111100001001101011111111010111011010111111110111111110111111111100000001000001101000000000011000111011010111110111101111111100000001001011101101011111011011111111110000000100001110100000000000000001000000000000000000011010000000000110001111110100000000000001001000000000010000111011010000000110101111111100000001000011101001011111111111111111111
-7007538343174604617,20,join_semilattice,1000000000000010000011101000000000100010101010000000001000001111110010100010001000001000000000000000111011001010001000101111111011101010001011111111111010101010111010001010001000101111110011100010001011101000001000100010111111111111111111111110110010101010001011111111111011111010000000000000001000001111111111101011101011111110111010101010111111111110111111111010100000000010001011111111111011111011
-1763735950545796537,20,join_semilattice,1000010000000000000011000100000000111010111111001010101111101101010000000011101011011100000010111110000001000000000000001111111011111011111111111111111111111111110111001010101111101111110011111011111111011100001010111110111111001011101111111101010000001011101011111110111111111111100001000000001110101000010000000001000000000100000000001000110101000000101111101000010000000001001011111100101010111111
1448258232545103663,20,join_semilattice,1011111111111111111111111111111111111111001110101010000001100001101010100000000000001010101000000000001111101010000101110000001000000000000000111111101000010111000000101000000000000011111111111011111100000010101000000000001111111011101111110011111110101001111100111111111111111111001111111010101111110011101010100001011100111111101000011111000110101010000001000001101010100000011000111010101000000111
-5876117226164674834,20,join_semilattice,1011101101011111110111111111010111111111001100100001000011010001001000010000110100111011000110111101101111110101111111110000001000000000100000110011000110111101111111111111111111110011101101011011110111111111011111111111000000100001000011010011001000011011110100111011000111111101001100100001001011010011001000010011110100000000000000001000000000100000000011010011001000010010111100000010000000001001
8351270463598049885,20,join_semilattice,1111111111111011111101111111111110111111001000010000001000000011001111001011011100111011111010111111001111111110101111110010001111001011011100000001000000000000001000011000001101110010000101000011011100110011111010111111001111111111101111110010000110001011011111111111111111111111000000010000001000000010000100000011001000110011110010111111001000010000001101110010000100000010001000100001000000110011
4741046440129674490,20,join_semilattice,1011110011111111111011111100111111111111001010001100100010000011100011011000111000001000010000000000001111001101110111101111111011111111111111111111111111111111000010001100100000000000000001000000000000111100111111011110001010001101100010100000000000001000000000111000110111001110001111001111111111100011100011011101111000001000110010001000001010001100100011100010100011001000101010111100111111111111
7920297339535199051,20,join_semilattice,1000111101110011010111011111011110110101111111110111101101010001111101110011010100001111001100010101000001100010000000010000001000000000000100000111001100000101111111111111111111110000011101110001010100000010001000000001000001100011000000011001111101111011010111111111011111111111000011110111001101010000011100110001010111111111011110111111000001100011000001011000111101110011011100000000000000000001
-2613922369580719070,20,join_semilattice,1000100000000000001111111111111111100111101010111110111001111011111111111110011100001000000000000011101011111111111001111000101111001010011110001001000000100011100010011100001000111000100001000010001110001011111010100111101010111111111001111000100111001010001110001011111011100111100010000000001000111111111111111111111111111111111111101111100010011100101001110000000000000000001000000000000000000011
1156778275877907795,20,join_semilattice,1111011101101111111101000010001000010000011001110010011100110111011101100111111111111111111111111111010001110010010100000000001000000000000001000011001000010000111101111110111111110100011101100111001100000000001000000000111101111111111111110111011101101111111100000010000001000000010001110010011100000000001000100001000001100111001001111011011001110010011111110100011100100111001001000111001001110011
5765171134082343378,20,join_semilattice,1010000100010010000011111111001111111100001000010000001000001011110100111110010000101001000000100000101011010011111001001011111100111110010000000001000000100000111111111011111111001111111111111111110000100001001101100000001000010001001000001010100100111110010000100001000001100000000000000000001000001011110100111111110010111101001111101100001010010011011001001111111111111111111111111111111111111101
-326875244555375964,20,join_semilattice,1111110111011111011101000001110101100011011011011101011101110111110111010111011101001101110101100111000001011101011001110111111111010111011100000001110101100011000000001101000000100000000001000000000011111111111111111111000000000101000000100111110111011111011100000000110101100011000000001101001000100100110111010111011111111111110111111111000000001101011001110000000001000000001000000000110100000011
-3860382099488297327,20,join_semilattice,1111111110111111111101001010001000011000011111111010101111110101111100100011111100001010001000010000010011110010001111110000001000000000000001001011001000011100010111111010101111111111111111111111111100000010001000000000011111111011101111110101111100101011111101111111101111111111010010110010001111100000001000000001000000001010001000011000010010100010000111000100101000100001111001001010001000011101
6563329818376058074,20,join_semilattice,1111111111111111111101000000100000000000011101011011110011110101000110100100111001111101101111101111010001011010010011100111111110111111111101000001101001001010000000001000000000000111110111111110111101000000101001000000010101011011110011100101010110101100111001000000100001000000011101011011111011110111110110111111111101000000101001001000010000011010010011100100000010100100101001010101101111001111
3360356812615805589,20,join_semilattice,1101011001011001011101010110000010010110111111100101100101110001011000001000011011011110010110010111000001000000000000000000011000001000011011111111010110011111111111111111111111110101011001001001011011111110011110011111010101100001100101100000010000001000010011111111010111111111111111100101101111110001011000001001011011111110010110011111000001000000000001000000010000001000011001010110010010010111
-4274237827354080790,20,join_semilattice,1111101111111010111001111011001110101100001000000011101000000011000100111010110000111001001110101100111111111111101011110010001000111010110000100001001110101100011110111111101011000011000101111010110000000000001100000000000000000001000000000000000000011000000011111111111111111111000000000011001000001111111111111011111100100000001110101000001000000011101011000111101111111010111001111011111110101101
1885787157290470762,20,join_semilattice,1101100000111011111101001000000100010011011110000011001111110101100000010001001100001000000000010011111111111111111111111111101001111111111111111011111111111111111110101111111111111101100001111011111101001000001100010011000000000001000000110101100000111011111111111000011111111111010110000011001111110000000000000001000001011000000100011011010110000011000111110000000000000000001100000000000000000001
6330094146458071873,20,join_semilattice,1111011111111111011101000000000010100100011000100111111101100101001001111111011001111111011111110111011101110111111101100100001000001110010001010011011111110110011101111111111101110100001001011110010001000010011111110110010000100001111001000000000000001000000001000000000011100100000000000000001000000100001000011111010011111111111111111111000000000000001001000100001001011110011001110111011111110111
1515127540333921817,20,join_semilattice,1000100011001100000111011111111111111011111111111111111110111001110011001100000100001000100010000000100011001100110000011001111111101100001110011101110011000001000000001000000000000000100011001000000010011101111011000001100111111111111000110000000010001000000000001000110011000000100111011110111000011001111111111111101110011111111111101011111111111111111111111001110111101100001100001000110011000001
7446723024063823527,20,join_semilattice,1000000000000000000011110111111001011001001000000000000000001011000011100001100011111111111011111001101101001110000110001011011011100101100110110111111001011001101000001110000010001010000001100000100000100000001000001000111111111111111110111111011111101101100110110100111001011000111101111110111110011010000011100001100000000000000000001000111111111111111111111011011011100101101110110100111001011001
2875561231936458983,20,join_semilattice,1111111111111111111101011011100100010011011110111001000101110001000000000001001000001011100100010010011111111111111101110000001000000001001000000011000000010010000000111001000100100111101111111111011101111011101101010111000000000001000000100111101110111111011101011011100101010011011110111011011101110000000000000001001001111011101111111111010110111001000101110000000000000000001000001011100100010011
-4956054040357633001,20,join_semilattice,1111011111111111101101110111111111111011001000010000000000000011011101111110101111111111111111111111001001110010100010010010001100101000100100000001000000000000001101111111111010110010001101101000100100100001001010000001001001110011100010010000000000001000000000100111011111101001001001110011101010010011011111111111101100100001001010001001111101111111111111110010011101111110101100100001000010000001
3165497803884161113,20,join_semilattice,1010000010010001000011100000100100010100001000000000000000001111001011111111111111111111111111111111111101111111111111111110001010010001010011110011111111111111000000001000000000001110001011111111111111100010101101110101001000001001000100001110001010111111111111100010100101110100111000101001001101000000000010000001000011100010101101111101101000001001000101001110001010110111111111100010100101110101
3268877736465717166,20,join_semilattice,1111111011111111111101011010110110111100011110101101111111000001101011011010100000001000000010100000011111101111111111100000101011011010100011111111111111111111000010001000101010000000100011001010100001111010111111111110000010001101101010000000000000001010000001011010110111111100000000000000001000000000100011011011100000001000000010101000000110101101101111000101101011011111111001111010111111111111
-4375687968440146182,20,join_semilattice,1000111000010011000111111111011101111101101011100001001100011011111100110011110100001110000100110000000001100001001100000000001000010011000010101111000100111101111111111111011111111011111101110011110110101111001100111101000000000001000000001111111111111111111110111111011101111101000000000001001100000000000000010001000010001110000100111001101011100001001101011111111101110111111100000010000100110001
4060369712824816024,20,join_semilattice,1000000000000000000011100010000000001000101000000000000010001111011100001010110111111111000110101101111001110000101011011000001000000000100011100011000000001000111111111011101111011111111111111111111111111111001110111101111101110001101011011110001100001010110111111111101111111111111000110000001010011111111100011011110110000000000000001000111000110000001011011111111110111011111111100011000000001001
-7539047049215256956,20,join_semilattice,1111000101001111111101110001000010011011001100010000100110110001000100000000101111111111011111111111111101010100111111111111011101001111111100000001000000000000111111111111111111110111000101001111111111110111011111111111111101110101111111110001000100001001101101110001000011111111011100010000101110110001000100000001101100000001000000001000001100010000100111110000000100000000101100000001000000001001
-7645701864800592337,20,join_semilattice,1000000000000000000011110011111111101110001000000000000000001011001101011110111011111011111111101111111111111111111011111010001000001110111010100011010011101110101100111111111011101010000001001110111010110011011111101110101000110101111011101010000000001110111010100000000001101110101000000000001011001111111111111111111110000000000000001000101000000000000011001010000000000010111011110011111111101111
-5610931512136925966,20,join_semilattice,1101111111111010111101000110010000101000111111111111111011110101011101001010111101011111111110101111000001000000000000000000011000000000100001000111010000101000010101111111101011110000011001000010100001010111011010101111010101110111101011110100011101001010110101011111111111101111000001100000001010001111111111111111111100000000000000001000010001110100001011000100011101001010111101000111010000101001
956797826028483096,20,join_semilattice,1101100110111111111101001000000111100111111111111111111111110101100000011110011100001000000011100111010111011011111111110101111111111111111101011001000111100111010110011001111001110101110111111111111101011001101111110111000000000001111001010000000000001110000100000000000001100001000000000000001000000101100110011111011101011001101111111111000000000000111001010000000000001110011100000000000000100001
7369948511522023715,20,join_semilattice,1101000010000000001001000000000000000000111100001000000000100101000010000000000011111010110101111010111101101101011110101111001011000010101011110111111101111010010000001000000000001111000011000010001011110110111101111010111100101101001110101111111111111111101111110010110101111010111100001000001000101111000011000011101011110000110000101010111111111111111111110101000010000000001011111111111101111011
-2270664801508897351,20,join_semilattice,1000010000000000001011111111110101111011101011000000000000101011111000010100101110001100000000000010000001000000000000101010111000010100101110111111100101001011101111101001010010111011111111010100101110111111111101111011101011000001000010101011111111111111101110101100000101001010101111111101011110111011111111010101101110101100000000001010111111111111111111110000000000000000001010101100000101001011
-5315803249821029825,20,join_semilattice,1111111111111111111101010001100000000000011110111001111011110001000100000000000001011011100011100110011111111111111111110101001110000000000000000001000000000000000100011000000000000111101111111110111101011011101111101111010110111001111011110101001110001110011001010011100001100110010100111000001000000111101111111111111101011011100011101111010100111000000001000101001110000010011001011011100011100111
4097463407325996051,20,join_semilattice,1111011111110111111101000000000000000110011100011111001111100101000111000011111011111111111111111111011101111111001111100111001111110011111001000001110000111110010000001100001111100100000001000010111001000001111000111110010100011111001111101111011111111111111101110111111101111110010000000000001011100100000001000011111000000000000000001110000000000000000001000000000000000000011001110111111101111111
-1168355000619013564,20,join_semilattice,1111110011111111011101111100100111010111001100000001110101110001000000001100010100111100000111010111001101000001110101110111111011111101011111111111111111110111001101001001110101110111110011011101011101111100111111010111000100000001110001110000000000001000000000000000000011000000011111001111111101110001000000011101011111111111111111111111000000000000110001010001000000001100011100000000000011000001
-2676059195167906614,20,join_semilattice,1011100100111111101111111001001111111011001110010001111110000001100100011111100000001001000011000000111111111111111111111011101110111111101100000001000000000000101110011011111110111111100101111111101100111001001111111011000010010001111100000000000000001000000000000001000011000000000010010000111100000000100100001101000000001001000111111000111110111111111111110001100100011111101000011001000111111011
-4148727238545899170,20,join_semilattice,1010000010000001010011111001111111010100001000001000000101001011000011000001010010111001111110010100111111111111111111111111101111111101010010100001110010010100000000001000000100001010000011000001010010110001111110010100101100011101100101001010000011001001010010111001111111010100111110111111111111110000000000000001000011111011111111011100000000001000000101001111101111111101111111111011111111011101
-8379016794691114589,20,join_semilattice,1111011110111111101101110000000101001010001000000001010010000001000000000100000011111111111111111011011101101011111110110011001000010110101001110011101111111011011100101011111010111111011111111111101101110010001111101011000000000001010010000111001000011110101100000000000001000000001100000001011010100111001010111111101100000000000001001000111111111111111111110011000000010100101001110010000101101011
6564858250422373242,20,join_semilattice,1010000000001000100011110111111111111011001000000000000000001011010001011110101011111111111111111111101001000000100010001011011011111111101110110111111111111011101101001101111010111010010001011010101010110100111111111011101001000001100010000000000000001000100010100100010111101010101001000001101010001011010011011111101100000000000000001000111101111111111111111010010000011010101010110100010111101011
8852522488414631475,20,join_semilattice,1111111100111110111101000100001101100001011001100011011010010111111100111110111101101110001101101011000001000001001000010000011000010110000101100111001101101011111111111011111011111111111111111110111100000100001101100001000000000001001000010110111100111110111100000100000101100001000000000000001000011111111111111111111100000110000101101001011011100011011011110110011000110110101100000000000000000001
944121685417155212,20,join_semilattice,1111101010100111011101101010101001100010001000000000001000100111101010100110001100101000000000100010111111101010011101110010101000000010001011111111111111111111001010101000011000101111101011100111011100101010101001100010111110101011011101111111111011101111011100101010000001100010000000000000001000000110101010100111001111111110111111111111011110101010011101110000000000000010001001101010101001100011
7535711821039235196,20,join_semilattice,1101001101001101010001000000000000000000111100110101110111000101001101001000000011111111010111011100111101110101110111000100001101001000000001000001010010000000111111111111111111100000000001000000000011111111011111011100110100110101110111000000000001001000000001010011010011010000111111110111111111100101001101001001000011010011010011011100010100110100110101001111111101111101111011111111111111111111
-742574845696764814,20,join_semilattice,1111010001011101111001000100000010010000011101000101110111100101010000011101100001111100010111011110000001000000000100001111111101011111111111111101010111111111111111111101111111110101010001011101101011111111111111111111010001000001110110000000010000001001000001000100000011011000111111000101111111100000000000000001000001000100000010011000010101000101110111100100010000001101101001111100010111011111
7329986693329642037,20,join_semilattice,1010110000100100111111111101011111001111001001000000010000111011110001101100111100101100000001000111000001000000000000001111111101111100111110111101011111001111111111111111111011111010110001101100111100101100001001000111101111000111110011111010110000101100111100000100000001000001111111010111111011111111111111111111111100101100001001001111000001000000010001010000010000000000001100000100000000000001
-1677679332827272959,20,join_semilattice,1110111111111111111101001010110001110111011010111111011111111111111111111111111100001010110001110000011011111111111111110000001011000111000001001011110001110111000000001100010100000000000001000100000000001010111001110111010010111101011111110110101111111111111100000000000001000000000000001100011100000000000001000101000001001011110001111111000010101100011101000000101011000111011100000000110001110001
4409299154764166518,20,join_semilattice,1000111001010111001011011111111101111110111111111111111111111001111111110111011000001000000000000000000011100001001100100000101000010011001010001111110101110010100011101101011100100000111001010111001010001111111101110010000010000001001100101101111111111111111000001110000101110010000010000000001100000000000000000001000010011111111101111110100011111111011101100000100000000011001011011111111111111111
-7270576192133509049,20,join_semilattice,1000000001010000010011100010010100100101101000000101000001011111111001010111010111101010010100100101111011100101001001011010001001010010010111111111111101110111111111101101011101010000000001000000000011111110111101110111000000000101000001001111111111111111111111101110010101110101101000000101001001011110111001010011010111111111111101111111000000000100000001001111111011010111011110000000010100000101
9092977985965787658,20,join_semilattice,1011000000001100111111110000000011101111001100000000110001110001000000000100010111111010100011101111111111111110111011111111001000001110111111111011101011101111111100101000111011111111101111101110111111111010101011101111111111111111111111110001000000001100011100000000000001000000101100000000111011111111111111101111111100010000000011001111000000000000000001000001000000000100011100000000000000000101
4772426708584297825,20,join_semilattice,1101110001111011111001010000000110000000111111111111101111110001000000011000000001011100011110101000010101000001101010001101111001111011111111011111011110111111110111111111101111110101010001111010100001010000001110000000000000000001100000000000000000001000000011111111111111111111010100000001101010000101110001111011111001010000000110001000010111000111101011000101110001111010111011011100011110111111
-1338047117400876546,20,join_semilattice,1010000110100000000011110111101101110011001000000000000000001011000110100000000111111111111111110111101101111011000000011011001110100000000100000001000000000000001000011010000000001111011111111111011100000001001000000000101100111011000000011111011110111111001110110111101101000001101101111011011100111011011110110001000111111111111111111111111101111011111101111011011110110101001110100001101000000001
5851883843340143534,20,join_semilattice,1000001011000000010111101010110000100101101000101100001001011111111011001110110110101010110000100101111011101100101011010000001011000000010011111111111111111111000000001000000000000000000011000000010011111110111111111111111111101101111111111110101011001010010111101110110011101101100000101100001001011111111011001111110111101010110010101101000000001000000001001111111011001111111100000010110000000101
-9182137380680711005,20,join_semilattice,1110100011010100100101001000010101000000011010000101010000011111110011010110100100001000010101000000111011001101011010011111111111111110111111111101111111101111011010001101010000010000000001010100000011111100111111101111000000000001000000001111110011011110101100000000000101000000111010001101011010011111111111111111111101101000110101001001111111001101011011111111110011010110101100001000010101000001
6876829628042676799,20,join_semilattice,1000001110000000100111100111100100101101101001111001000011011111111111111010111111101111100100101101100001111001000010010000001110000000100000000001100000000000000000001000000000001110111111010010110111101111111110101111100000111001000010011110111111011010111111111111111111101111101001111001001011011111111111111111111100000000100000001000100001111001000011011110111111010010111100000011100000001001
-2711741882821364972,20,join_semilattice,1101011011111110111101000100001101101001111111111111111111110101011001111110111111011110111111111111000001000011011000010100011001110110110101010111111111101111010101101111111011110100010001110110100100000000001000100000000000000011001000010100011001111110110100000000001101100001000000000000001000001101011011111111111100000100001101101001010001000111011011010100011001111110111100000000001000100001
-4413041270306860098,20,join_semilattice,1110111110011111111101001011100111101001011010111001111010011111111111111111111100001011100111101000011011111001111111110000001110010000000000000001000000000000000000001000000000001110111111011111111101101011101111111011000000001001000000000000001110011100100000000011100101000000000000111001111010000110101110011111101100000011100101001000011010111001111111110110101110011110101100001011100111101001
6914869193571637076,20,join_semilattice,1100100110110011110001001001101100110000111111111111111111111101111111111111111100001001101100110000110011011011001111011100101110110011110100000001101100010000000000001011000100001100111111111111111100000000001100000000000000000001000000001100111110111011111111001111101101111111000000011011001100000000000000110001000001001001101100111100010010011011001101001100111110110011111111001001101100111101
6170401475843369309,20,join_semilattice,1101111111111111111101011011001000111100111111111111111111110001001100100001110000011011001000011100010111111111001111010000001000000000000000000011000000000000010110111110001111010101101101100011110000000011001000000000010110111111001111010101111111111011110101011111111111111111000110110010001111000000001100100001110000000011001000001100000000100000000001000101111111111011111101011011001000111101
-805322366754590489,20,join_semilattice,1111000001110001111101010000000100011100011100000001000111110001000000010001010011111100011110011111111101000111000111111111111111111011111111111101011110011111111111011111101111110111000001010001111101110000011100011111000000000001000001001111010001111001111111111111111111111111111111010111101111110000000000010001010000010000000100011100000000000000000001000101000000010001111101010000000100011101
5283357713671898550,20,join_semilattice,1000101100001100001101001011000011100011111010110110111110111111111101111111111100001001000000000000110011110110111110110000001000000000000000000001000000000000111111111111111111110100101101001110001111001011011011110011111011110111111111110000101100001100000000000011000001000000000010110000111000111100101101001111001111001011011011111011110011110110111111110000101100001100001000001011000011000011
4398558914784621380,20,join_semilattice,1011111111111111111111111111111111111111001100011001000101000001000100010001010000111101100111011111001101011001110111110011011110011101111100000001000000000000000100011001000101000011110111011111111100111111111111111111000000000001000100000011000110011001010000110001100111011100001111011001111111110000000000000001000000110001100100011100000000010001000101000011000110011101111100110001100111011101
3618713963649401643,20,join_semilattice,1011001001011000110111110010010110001101001000100000100011000001001000000000010011111010010110001101111101100101100011010000001000000000000011111111111111111111111111101101101011010011001001001000110111111110111111101111001100100101100011010000001000001000110011111110110111101111111111100101101011011111111011111111111100000010000000001100000000100000000001001111111011011010111100000010000010001101
-1217195691089557024,20,join_semilattice,1001110111111001110111011111111111111111111111111111111111110001110111111001110100001000011100010100000001000111000101001001111111111101111100000101011100010100000011011111100111010000000001010000000000000000011100010100000000000001000000000000110101111001110010011101111111011111100111111111111111110000000001010001000000000101011100011100000000000101000001001001110111111001111100001101011110011101
-3374067181175868089,20,join_semilattice,1111111111111111111101011110000110001110011111101111111111100001001000010000011000011110000110001110000101100001100011100000001000000000011001111111111111111110010111101111111111100101111001011111111001011110011111111110000000100001000001100001001000011000111001011110000111111110000101100001101111100001011000011001111000010010000100001110000000000000000001000000000000000000011001011110111111111111
-8803476013167718582,20,join_semilattice,1111111111111011111101100110011010101101001000000110101011000111111001101010110101101110011010101101001001000110101011010010011001101010110101111111111010101111011111101110101011010000000001000000000000000000001000000000011111111111101111110000000000101010010011111111111111111111000000000000001001000111111111101011111100000000011010101100000000000000000001000111111001101010111100100000011010101101
-4283314947654659499,20,join_semilattice,1110110001010000011101101100010100000110001011000001000001101111110001010000011100001100000100000110000001000001000001101111111111011101111111111101010100000111111111011101000011110010110001010000011011111101111110011111000000000001000001101111110111011001111111111101110111011111111111111111111111111111110111010001111111111100010100001111000000000000000001100000000000000000001001101100010100000111
5247640247595247030,20,join_semilattice,1000000100000000000011010011110000111010111101111111101111111001000100000010100011111111111111111111110101111101001111101001001110000011101000000001000000000000100100011000001110001001001111000011101011010111111100111111110100111101001110101101011111111011111111110111111111111111100000010000001010001001000100000011100010000001000000001000110100111101001111101001000110000011101011010111110100111111
8413533409362941187,20,join_semilattice,1100011101111100010101000011011101000001111001110111110001011111011101111101110111111111111111111111010001110111010000010000001101110000000100000001010100000000111101111111111111010000000001000000000000000001011100000000000000000101000000000100011101111100010100000011011101000001111101110111111111011110011101111101010111100111011111011101010001110111010001011111011111111111111100000001011100000001
2367043302463978456,20,join_semilattice,1010100001000101101011101001010011011111001000000000000000001011100101001101111100001000000000000000111111111111111111111111101101011101111110101001010011011111111110111111110111110010100001000100100011111011011111011111111110010101110111111010100001001101111000101000000001001000111110111111111111110010100001000101100000001000000000001000101010000100010111100010100001000100101010101000010011011111
959662350134652957,20,join_semilattice,1110101011110110011101101010111101100010001010100010000000001111111111110111111100001010000000000000011011101111011001110000001000000000000011101111111101100111001010101010010000000010101011100100001000001010001000000000001010101111011000101111111111111111111100001010001001000000001010101110011000101110111111110111111111101111111101101111011010101111011001100010101010100100001001101010111101100111
3213372243084441969,20,join_semilattice,1001011101000110000111010111110111111011111111111101111111110001011001000100000010011111110001111011000001100100010000000000001001000100000000000111010001000000100101111100011110010000000001000100000011111111111111111111100101111101011110111001011111001111100100000000000001000000000101110100011000011001011101000111100100010111010001001001110101111101111111111001011111000111101100010111010001000001
-5713470617734280852,20,join_semilattice,1110111111001110111001101111010001101000001010000000000000001111111111111111111100001000000000000000001011110100011010000010101001000110100000101011010001101000011011111100011011100010100001000100100001101111111001101110011011110101011011100110111111001110111000101000000001000000001010000100011010001110111111111111111100101000000001001000011011110100011011100010111101000110101011101111111011101111
-245284574314583779,20,join_semilattice,1111111101011111111101111101010111111011001000000000000000000011100100001110101100101001000011100000001011010000111010110111111101011111101100000001000000000000011111111101111111110011110101001111101111111111111111111111001111010101111110110010000000001100000000100000000001000000001000000000111000000010110100001111101100101001000011101011011111110101111111110010100100001110001000101001000011100011
1333587531627012656,20,join_semilattice,1010000100010101000011111101101111111111001000000000010100001011000100010111000010111101101101111011101101010001011110011111111110111111111100100001000101010000101101011001011110011111111111111111111110110101101101111011001000000001010100001011110110111111111100000000000001000000101000010001011100000000000000000001000010100001000101111000101111011011011111111011010100010111101110100001000101111001
7614629683153278797,20,join_semilattice,1000000000000000000011000000011111001000111001001111111010001111110011111111111111101100111111111111110001001111110010001111111111111111111111101101111111111111110000001111110010001000000001100100100000000000001000000000100000000111110010001000000001101100100000000000001001001000110001001111111010001110010011111111110000000000001000001000111001001111111011001110010011111111111111100100111111111101
7834260575806709141,20,join_semilattice,1001000101010110100011010111110101111111111111111101111111110001000101010110100011011111110101111111100101010101011011001001011101010111111000000001010100101000100101111101011111100000000001010000000011111111111111111111000000000001000000001101111111011111111100000001010101101000000000000101001010001001010101010111110000000000010100001000000000010101011011001001010101010111111010010111110101111111
6983120342036959873,20,join_semilattice,1000000000101000010111000010001010000101111000101110100011011111111111111111111111101111111111101101111001101110100011011000001000101000010111100111111110001101110000101010100011011100001001101000110100000000001000000001111001101111100011010000000000101000000111100111111111101101111001111111101011011110111111111111111111000010001010001101000000000010000001011110111111111110111100000000000000000001
2492337055409438797,20,join_semilattice,1111111110100111101101110101001001111011001001010000000000100011010100100011101001111111101001111011000001000000000000100111011100100111101100000101000000000010011101111010011110111111111111101111111100100101001000100010111111111111111111111111111110101111101100110101001001111011001001010000001000100010010100100011001000100101001000111010011111111010011111110000000000000000001000110101001000111011
-5930723055413283339,20,join_semilattice,1111111101111011111101000111010100101110011001110111001111100111111101110011111001101111011100111110000001110000001011100000001000000000000000000011000000100100111111111111101111110000011101010010111001000111011100111110000000110001001011100111111101111011111011111111111111111111000000100000001001000000011101010011111000000011000000101110000000100000000001000000001100000010011001100111011100111111
2126764581096239346,20,join_semilattice,1000100000100000110111111111111111111111101110000111110111011001100000100100110100001000001000001101101111111111111111111011101101111111110110111001011111011101101110111111111111011001100001111101110100000000001000001101100110000011110111011001100000101101110100000000000001001101101110010111111111011001100000100101110100000000000000001000000000000000000001001011101111111111111100000000000000001101
6570133923650596290,20,join_semilattice,1000000000111001100011101111101111111011101000000011101110011111111110111111101110101010101110111011101011111011111110111010001000111011100110101011101111111011101000101011101110011111111111111111111100000000001000000000000000000011000000000000000000111001000010101010101111111011100000000011101110000000000000110001000000000000001100011000111111111011111111111010000000111011101110000000001110111001
6671647290787512330,20,join_semilattice,1111111111111111111101011111111011001100001111110110110011000001011101100100110000011111011001001100000001110000010011000000001000000000000000000011000000001000000111111110110011000000001001000000100000000111001001001100011111111111110111100001111101101100110000000011000001001000011111111111111111110101111111101101110000000010000000001000000000110000010011000111111111101101111001111111111011011111
-4637235732635857366,20,join_semilattice,1100000000000100110001000000000000000000111000000000010011001111010000100110110011111100111111101111111001000010011011001111111111111111111111110101111101101111111101001111011011111111010001110110111111100000001001101100111101000011011011101111010011111110111101000000000001001100111000000000011011001111110111111111111101000000000000001100010000000000000001001110010000100110111011110100001101101111
-6759006931327651292,20,join_semilattice,1111111111110111111101101111110101101111001011111101011011110111111111010111111100001111110001101111000001110000011011010000001000000000000000000011000001001000000001111000011011110000011101000110111101111111111101111111000011111101011011111111111111111111111100000010000001000000000000110000011011010110111111010111111100000010000000001000000000110000010011000000011100000110111100000011000001001001
-5809584725261053518,20,join_semilattice,1100000010111000000001000000000000000000111111111111111111111101111010111111111111001110101111111110110001101011101000001100001010111010000011011111111111111111000000001011100000001101111011111111111100000000001110000000000000000001000000000000000000011000000011000110101111111100110000001011101000001100011010111011010011000110101110111100110001101011101001001100011010111011111011001110101111111111
-2905807613380837918,20,join_semilattice,1111010010101110100001010100101011101000001101001010101010000001000000100000000011111100101111111000000101001010100010001111111011111111111011111111111111111110000100001010000010001111010011101111100000000000001000000000111101001011111010000001000010101000100000010100101011101000000101001010101010001111010010101111100000000000000000001000111111001011111111001111110011111111111011111111111111111111
2326925223891676532,20,join_semilattice,1000000000000100000011111001110111111001101010011001111000011011100111011111100110001001000111100001111111011101111110011111111111111111111110000001000101000001100010011001111000011010100111011111100111111101111111111001100000000001010000001000000100011110000100000000000001000000100000010001011000011010100110011111000110101001100111111001111111011101111111011111110111011111111110000000000101000001
4708888367652263650,20,join_semilattice,1000000000010000000111000000000101000001111111001011111111111101100010110100100111001000000101000001110111001011110111111101111010111111111111111111101111111111110010001001010010011111111111111111111111001000101101001001000000000001000000011101100010111100100110000000000101000001110111001011111111111101100010111101101111001000000101001001110110001011110111111101100010111100101100000000000000000001
-8117103350850442828,20,join_semilattice,1101111010111111111101000010100011010010111111101011111111110101111010001111011001001110100011110010010001101000110100100000001000000100000011111111101111111111000000101000010100001111111111111111111101011110101011110110010111101011111101110000001010001101000000000000000001000000010001101000111100100000000000000001000001011110101111111111010011101000111101100000000000000000001001001110100011110111
2902208258419902295,20,join_semilattice,1101010010110010001101000000000000000000111111001011011111110101000010110000000111011100101101101111010101001011000000011111111110111111111111111101101111111111010000001001000000011111111111111111111101000000101100000001000000000001000000001111110010111111111111010100101101100011010100001011001000011101110010110111111111010100101101101011110101001011011011110101010010110000001100000000000100000001
-4943887977598684038,20,join_semilattice,1011111010101011011011111110101111110110001111101010101101100001000000000000000000011100101010000110000101001010000000000001111010101001011011111111101111110111000100001010000000001111111111111111111100010000001000000000101111101011111101100001000010101000000010111110101011110110000111101010101101100001110010101001011011111111101111111111000101001010100001100001000010101000001011111110101111110111
-6014150780851328580,20,join_semilattice,1000000000000000000011100000000101100011101000000000010000011111111011111110111111101110111111101111111001100001011011111110001000010110001111111111111111111111111001101111111011111110011001010110111111100000001101101111101000000001011000111110011001111110111100000000000001000000101000000000011000011111111011111111111111100000000101101111111000000001011001111010000000000110001110000000000001000001
8948517016547620942,20,join_semilattice,1111011010100101111101010010101001001011011101101010010111110001000000100000100011111111101011111111010101101010010010110001001000100100101011110111101011011111000100101010010010111111111111101111111100000000001000000000111111111111111111111111011010101101111100010000001001001000111101111010111111110101011010100101111100000000001000001000010101101010010011110001000000100100101000010010001001001011
-5080741859179088157,20,join_semilattice,1110100101110100111001000000000000000100011000010011010011101111111111111111111001101001001101001110111011110111011011101110101101110110111001000001001001000110111010111111011011100110100101110100111001000000001001000100010000010011010011101110111111111111111001000000000001000100011010010111011011101110101111110111111001000001001001001110000000000000000001000100000000000100011011111111111111111111
-5216511235823145419,20,join_semilattice,1101111111011101111101000000000000000100111111111101111111110101001010000101010001011110110111010101010101101001110101010100001000000000010001011111110111011111000000001000000001000101011011011101010111111111111111111111010100101001110101010101001010001101010001000010100001010100110111111101111111110100001000000001010001011110110111011101000000000000000001000101111011011101111101010010100011010101
-5551398582997405018,20,join_semilattice,1110101111101011010001000000000000010000011010111110101100001111111111111111111101001011111010110000111011111111111101000100001000100001000001000011111000110000010000101010000100000100001011100011000000000000001000000000111010111111111101000100001111101011000011101011111011110100010000101010001100000000000000000001000011101011111111111101010010111110101101001110101111111111111111101011111011110101
-5008927944648720567,20,join_semilattice,1100000000000100000001000000000000000000111001000111111001101111110011111111111111101100111111110110110001000001110001001111111111111111111111111101111111111111111001001111111001101100010001011100010011000100011111100100110000000001110001001100000000001100010001000000000001000000110001000101111001001110010011111111011011101100111111111110110000000000010001001100010001111110011011101100111111111111
-3059954002160249568,20,join_semilattice,1001101010010101111011111110100101011111101110101001010111100001000000000000100000011010100100001100101111101001010111110001001000010000110011111111110111111111000100101001000011001111111011010101111111111111111111111111000000000001000010001111111011011101111100011010100101001110111111101101111111110001101010010101111000000000000000001000000100000001000011000001101010010000111010111010100101011111
-5822120401531682323,20,join_semilattice,1100000100010000000001000001000000000000111011110111111011101111111101111110111111001101001101000010110001010001000000101100111101110110111000000001000000000000111111111111111111111100110101110100001011000101001101000010000000000001000000001100111101111110111011000101000101000010110011010111011010101100111101110111111011001101011101001010110011010111011011101100000100010000001011101111011111101111
7696700167925172078,20,join_semilattice,1111111111111111111101110110100011110111001000000000000000010011001000001000000101111110100011110111001101100000100000010000001000000000000001111111100011111111001101101000110000010111111111001111111101111111111011111111011111111111111111110000001000001000000000110110000011000001001101101000111001010011011010001111010101110110100011111111001101101000110001010011011010001111011100000000000000000001
7708299393162302807,20,join_semilattice,1000000110000000000011000001100000000000111000011000000000001111110111110111111011101101111100111000111001011011000000001111111111111111111100000001100000000000000000001000000000001110010111110011000011100001101000000000111000011011000000001111110111111111111011101101111101111000111001011011001100001110010110110001000011100101111100111000111011011111011111101110110111110011101011111101111111111111
3387708228074661411,20,join_semilattice,1101111101101111011001000000000000000000111111110110111111110101101101101110010000001000000000000000010011100110011001000000001000000000000001001011001001100100111111111110111111110100101001100110010001001010001001000000111111111111111111110100101101101110010001001000000001000000010010100010011001000101111101101111010011011111011011111111010010100010010001000101111101101111011011011111011011110111
-5017218684008738488,20,join_semilattice,1010000000101000000111100000001010000011001000000000000000001111001010101111001111111110101111110111111101101011111101111110001000101000001111111111101111110111111000101010100000111111111111111111111100100000001010000001111100101011111101110010000000001000000111100010101011010011111000101010111100111110001010101001001111111110101111111111111100101010111101111010000000101000001100100000000000000001
-8736308365908907046,20,join_semilattice,1111111111111111111101101001110110111111001000000000000000000111111111011011111100101001000000101101011011111101101111110110101111011011111100100001000000000000001010011101101111010010000101000010110001111111111110111111001010010101001011010010100101011010110101111111110111111111001000010000001000000010100101011011110100100001000000101100001000010000001001000010100111011011111100100001000000100101
7724832067734511611,20,join_semilattice,1111011111111111101101000110111111101001011001101111111010010111011111111111101111111111111111111111000001000001100010000000011001011110100001000111111111111001000001101111111010010000010001011000100000000110011111101000000000000001000000000000000000011000100000000100000111001000000001000101111010000100011011111111100100000000000100001000111101111111111111110100011111111111101100000110011111101001
8406364955602733118,20,join_semilattice,1011000000001000011111110010100010011111001000000000000001110001000000001000011110111000100010011111111111111011111111111011001010001000111111111011101011111111101100001000100011111111111111111111111111111010101010111111111110111011111111110000000000001000011111111010101011111111111110101000101111111011000010001001111100010000000010001111000000000000000001110000000000000000001100000000000000000001
2770084195299943885,20,join_semilattice,1111001001010110010001010010010101000000011100100101011000000001001001010100000011111111111111111111011101100101011001000000001001010100000011110111011111100111111101111111111101110000000001000000000011110110011111100101000000000001000000001111011001011110010000000000010101000000010100100101011000001111011101111111011111110111111111111111011100100101011001001111011001111110011111110110010111100101
9174206286741869369,20,join_semilattice,1111100111011111111001010000000000000000011110000001100111100001000000000000000001011000000110011110111111111111111111111111101111111111111101111001100111111110011110001001100111100111100111011111111011111001111111111111010100000001100101000101000000001000000001111000100111011110011110001001111111100101000000000001000001010000000110011100010100000000000101000101000000000001011011111001110111111111
-3842440936118554133,20,join_semilattice,1100100111101101100101000001101011010000111110011111111111111101100111111111111101001001111011010001111111011111111111111111111111111111111100000001001000000000000000011010110100000100000111101101000000000000001000000000110010011111110111110000000000001000000000000001001011010000110010011111111111110000000100100001000001001001111011011001110010011110110111110100000111101101001101000001111011010001
5226787118640548336,20,join_semilattice,1101011110011111001101010100100110110000111111111111111110110001010000001001000011011111100111110011000001000000100100000101011110011011000001010101100110110000000101001001101100001101111111011111001111011111111111110011000001000001101100000000000000001000000001010111100111110001000001000000101100000000000000001001000011011111110111111011111111111111111111110101011110011111001101010111100110110001
-7729446446836101687,20,join_semilattice,1111111111111111111101110101000100010101001101010001000001010001010100010000000101111111111110111111000001010001000000010111011111011001011100000001000100000001011101011101000101110111010101010001010101110111111110110111000000000001000000000111010111011001011101111111111111111111011101011101101101110011010100010001010101110111111110111111000101010001000001010111010101010001011100000000000000000001
-5546211827553464314,20,join_semilattice,1100000000000000000001000000000000000000111001100001001000001111011011011111100011111110110111111000110001100000000000001100001000000000000011110111110111111000111001101001011100001110011011010111100011111111111111111001110001100001001000001110011010011111000011100110000101110000110001100000001000001110011000010011000011100110100101111000111111111111111111111111111111111111101111111111110111111001
4442919270967087851,20,join_semilattice,1100000001000100111001000000000001000000111111111111111111111101001001000100111011011110010001001111110101100100010011101100001001000100111011011111110011001111110111101100010011110100000001000100010011011111111011101111110111111111111111111101111011001100111100000000000001000000110111111100111011111101111111101111111101000000010001001100000000000000010001000100000001000100011011010110010001001111
-8790010206021315573,20,join_semilattice,1010110000010110001011111111111111110110001001000001001000101011111111111111011000101100000100100010000001000000001000101010111111111111011010101101010101100110101011011111111101100010110001010110001010101100011101100110000001000001001000101010110101111111011000101100000101100010000000000000001000001010110101010111011011111111111111111111101011000101011001100000000000000010001010101111111111110111
3737446620180838575,20,join_semilattice,1111010110101111011101010001100000010011011101011010111100110001000000000000001111111111111111111111010101011010111100110111011110101111011100000001000000000001000100011000000100111111011111111111111101010001101000010011111101011011111111110101000110101111001101010001101001110011010100011010001100110001000100000001001111110101101011111111011101011010111101110000000000000000001100000000000000000001
-3687716228971474067,20,join_semilattice,1000010000100100000111010101111011000111111101011110110011111001010101101100011111111101111011101111000001000010000000011111111111111111111110000101001001000001100101011110110001111000010101100100011100000000001000000000111111011111111111111000010100101100011100000100001001000001111101011110111011111111110111101111111111010101111011001111100001010010010001011000010100100100011100000000000000000001
-6619287333031544574,20,join_semilattice,1100111011110110000101001110101001100000111111111111111011111101111111111110010100001110000001000000000001100000000000000000001000000000000011001111111101100001000011101010011000000100111011110110000100001110001001000000000011101011011000011100111111111110010100000010000001000000000011100010011000001111111111111111111111011111111111101111110011111111011001011101111111111110011100001110101001100001
4670610588047724894,20,join_semilattice,1001011101100010001111010111111000101111111111111110111011110001000000000000001011011111111011101111000101100000000000100001001000000000001000010111000000000011100101111110001010110001011101100010001100010111001000100011110111111111111011111101011111101010111111010111111011101111000101110000001000111111111111111111111110010111011000101011100101110110001011110000000000000000001000010110000000000011
3749031292292983880,20,join_semilattice,1110111111010111011101001001000101100000011010011001011000110111111111010111011100001000000001000000011011111101011101110110101111010111011100001001000101100000010010011001011000110110100111010111001111111111111111111111000010000001010000001111111111011111111100000000000001000000000010000001011000000110100110010111001111101111110101111111011010011101011101110100100100010110001001001001000101100011
-2069687176689450214,20,join_semilattice,1111111100101111111101000001000010011110011000010010101111110111110100101111111101101001001010111111011011010010101111110111111100101111111100000001000010011110011111111010111111111111111111101111111101000001001010011110111111111111111111110000000000001000000001101101001011111111010000010010101111110000000000000001001000000000000010001000000000000000100111100000000000000000001000000001000010011111
4464933019077108523,20,join_semilattice,1110101111110111110101001011100100000100011010111111010111001111111111111111111100001000000100000000111011111111111111010000101010010000010000001011100100000100000010001001000000000100101111110101010001001011101100000100000000000001000000001110101111111111110101001011100101000100011010111111011111010100101110010001010001001011111101011100000010001001000001001110111111111111111101101011111101011101
-5316511032619262585,20,join_semilattice,1010100000001010100011111111100011111111001000000000000000001011101110001111111100101000000000100000101111111000111111111010101100001010110110101001000010101001101010111000101011011111111111001111111111111111111111111111101110111001111111110010100000001010100010101011100011101101001000000000001000001010101110001111111100100000000000101000101010010000101011011010101110001110111100101000000010101001
3280593686074945499,20,join_semilattice,1000001000100100000011010111011101010011101101110111010100111001011101110101001111111111111111111111100001110010010000110000001000000100000010000011001001000000111101111111111111111000011101100100001100000010001001000000100001110111010100111111011101111101001100000000000001000000111101110111111111111000011101100101001111110111011111011011111101110111110111111000001100100100001110000011001001000001
5505978894046227649,20,join_semilattice,1111010111011101111101110101100011011111001101011000010111110001010000000001101001111101110111011111000001000000000110101111011111011101111100010101100001011110000101001000010110100111010111001101111111111111111111111111011101011101110111110011010110001101111100010100000001011010111111111101111111110000000000000001000000000000000000011010000101001000010111100000000000000001001000010100100001011111
5530538309790386822,20,join_semilattice,1011111011111111011111111110111111111111001000000001101101110011111011111111011100101000110111110111001011101111111101110010101011011111011111111111111111111111001000001001101101110010000011011111011100101010111111110111000000000001000100100000000000011001001000100000100111110111000000000001101101110000000000000001000010111110111111111111000000000001100101100000000000000000001000000000000110010111
3549756297593054933,20,join_semilattice,1111011111111111111101100001011010001000001000000000000010000111011111111110111111111111111111111111011001111111111011110110001111101000111000100001001000001000011000011110100011000010000101101000100000000000001000001000011000111111100011100010000100101000100001100011111111101111011000111111101011110111011111111111111100000000000000001000011000010110100011000110000111101000111001100011111110001111
-5314698721591622828,20,join_semilattice,1111111111111111111101001001000001110101011111111111111111110101111111111111111100001000000000000000010011111111111101110100101110010111011100001001000000000000010010011001011101110100101111110111011101001011101101110111010010010001011101110100101111111111011100001001000001110101000010010000001100010000100100000001000001001111111111111111000010010000001101010100100100000111011100001001000000010001
-8531524596865210876,20,join_semilattice,1000101001100000000011001010011101000000111111100111110100111101111001110101001100001000001000000000110011100111010100110000001001100000000011111111011111011011111111111111110110110000000001100000000000000000001000000000100010100111000000001101111001111101001110001010011101000000111111110111111110111100101001110101000011111110011111011011111111111111111111111100101001110101001110001010011101000001
5399706520537443992,20,join_semilattice,1001010001000100110011011111011111011101111111111111111111010001000001000000100010011110011001001100000101000100010011000001011001000100110010011111011001001100110111111111110111010000000001000000100010010100011001001100100111110111110011011001111101101100110100010000010001001100110111111111111111011001111101111101110100000000000000001000000000000100000011001111111111111111111110011111011001001101
1137806020522993530,20,join_semilattice,1011011111100100110111111111111111111111001001110110000001010011011111100100110110111111111101011101000001000010000001000000001000100000010000000111001000000100000001111110010011010000011101100000010000000000001000000000101101111111010111011011111111111101110100000111011001000101101101111111011111111011011111100101110100000111011001001101000000000010000001001011011111110101111100000111011000000101
7002289765580919705,20,join_semilattice,1101000001000010001001010000010000100010111100000100001000100001000001000010000011011000010000100010111111110101101010101111001101010010001011010001010000100010111111111111101110110000000001000010000011111111011110111010111100000101001000101111101101011010101011111111111111111011000000000000001000001111111101011011101011111011010100101010111111111111111111110001000001000010001011111111011110111011
-2046855518329176176,20,join_semilattice,1110000011000000101101000000010000001010011000001100000010111111101011111110111111101000110000001011111111111111111111111110101011100100101111111011111111111111010000001100000010100000000001000000100011101000111000001011111010101111111011111110100011101100101111101000111001001011111010101110111011111111101011111111111100000000000000001000111010001110110011110000000001000000101000000000000000000001
6759412888253253307,20,join_semilattice,1100000101000000100001000000010000000000111100110100011111000101000101000000100011111111111111111111111101111101111111111100001101000000100000000001010000000000111100111101111111100000000001000000000011110111111111111111111100110101011111001111001101011111110011000011010001111100110000110100001010001100001101000011110001000001010000001000110000110100001011001111001101011111111011110011110111111111
6471647570617237719,20,join_semilattice,1110011000111001101101000000000010000010011001100000100010111111111110111001111101101110000110011011010001100000100010100100001000001000101011101111101110011111011011101001100110111111111111111111111101100110001110011011010001100001100010110000000000001000000001101110000111011011111111111011111111110110011000011001101101000000000010001010111011101011100111110000000000001000001001000110000010001011
410669068358268577,20,join_semilattice,1000000000010000000011001100100100100100111011011001001111001111110111010011110110001100100100000100100001001001000001001111111111111111110111001101100100111100100000001001000000001110110111010011110111111101111100111101000000000001000000001111110111111111110111111101111101111101100011001001001001001000110010010011110010000100100100001100100000001001000001001111111111111111111111101101100100111101
7706778566083008957,20,join_semilattice,1001100001101011011011011110011111110110111111110111111111100001000000000011010000011000001000110100100111000110101101100001101001101011011011011111011111110110111111111111111111100001100001101011011000010000001000110100100111100111111101100001100000101011010010011110011011110110000000000000001100000000000000000001000011011111011111111110000000000000001101000001100000101011011011111111111111111111
457680900200396690,20,join_semilattice,1111111101011000110101011000010010000100011111110101100011010001000000000000000000011000010000000100000111000100100001010101111101001000110101011101010010000101111111111101100111010001000001000000000011111111111110111101010111110101100011010001100001001000010011111111111111111111111111111101101111011111111101011001110101011101010010001101000100000100000001001111111111111011111100011000010010000101
4471823491148635143,20,join_semilattice,1000111010111011101011111111101111111110001011101011101110101011111010111111101000001000000100000000000011000001101110000000111000011011100010111111101111111010000011101001101110001111111111111111111000001110101110111010000000000001000000000000100000011011000010101110101111111010000010000001001000000000100000010011000000001000000110111000101111111011111111100000111010011011101011111111111111111111
-7468699702971686481,20,join_semilattice,1010000101100100100011111111111111111011001000010000010000001011100101111100100010101001011111001000101111011111111010101011111111111111101100000001000000000000101110011111110010000010000101000100100000100001011001001000101000010111110010001010000101101100100000000001000001000000101110011111111010101011110111111111101000100001000001001000111111111111111111111011100111111100101010111101111111111011
9174563385948186445,20,join_semilattice,1001110001101001111011111101111110111111101111000111100111100001000001000001000000011000010000010000000111000100100100001011111011111011111110111101111110111111101111001111101111110000000001000001000000011100011010010000100111000111100111100001100001001001000011111111111111111111100111000110101111110000000000000001000000011100011010011100000111000110100101000001110001101001111010011100011010011111
-8888379128047804488,20,join_semilattice,1010001111000111101111111011111111111011001000001000000000001011001111110111101110111011111101111011111111111111111111110010001010000001000000100011110000111011000000001000000000000010001011000011101100100010111000111011101000111111011110111011101111111111101100100011110001111011001000101000001100110000000010000001000000100010100000111011101110111111111111110010001010000001001100100000100000000001
-2876079313650828801,20,join_semilattice,1100100110111010000101001001101110000000111110111111111010111101101111111110101100001001000110000000111111111111111010111100101110111110001100000001000000000000000010011011100000001100101111111110001100001001001110000000000000000001000000000000000000011000000011001001101111100011010010011011101000001111111111111111101111001011111111101011111111111111111111111100100110111010001101001001101110100001
-7485389331470901477,20,join_semilattice,1111111111111111111101000000000000000010011001000000000001100111010001100010011001111100011100100110010001000000000001100111111001111110111001111111011111101110011111111111111111110110010001100000011001100100001000000110011101000111001001100111110001111010111001111100011111101110011001000010001001100111111101111111111001111100011100101110010000000000000001100000000000000000001001111111011111111111
797741162451608229,20,join_semilattice,1001011111110111111111011111111111111111111111111111111111110001000000000000110100011111111101111111000101001111000011010001011011110000110100010101111100001101000100001101000011010000000001000000110100010000111100001101000100000101000011011001111111111111111100010110111101001101000101101111011011010001011111110111111100000000000000001101000000000000000001000001011011110110111100000000000000000101
6646728432059134756,20,join_semilattice,1000000101001110010111000001110011101101111000011110111011111111100111111110111111101001111111101111111111111111111011111111101111111110111100000001010000000001100000011100111001010000000001000000000011000001111011101111111000011111111011110000000101001110010100000001010001100001000000010100001000011111111111111111111110000001110011101101000000010100011001011000000111001110111100000000000000000001
6516342202277649875,20,join_semilattice,1110100011011100111001000000000000000000011010000100110011101111111011111100111001001000000000000000111011101111110011101110101011011100111011111111111111101110011010001101110011100100100001001000111001101000111111001110011010000101110011100100100000001000011001001000010011001110111111101111111011101111111111111111111001001000000010001110010010000000000001100100100000000000001011111111111111111111
2984993006411305965,20,join_semilattice,1001011011000000100011010110110010011111111101101100101111110001011011000000100011111111111111111111000001100100000010000000001000000000000011110111110010111111000000101100000010000000001001000000000011110111111110111111111101111101101111111001011011001001101111110111111111111111100101101100101111111001011011000001101100000010010000001000100101101100100111111001011011000000101110010110110000001001
3463266078942501622,20,join_semilattice,1000000001100000000011101111111111111111101011111111111111111111111111111111111110001000111000100001100011001110101111111000111011101011111110001111111111111111100000001110000000000000000001000000000000000000011000000000100011001111101111111000100011101010101110001110111111111111100000001110001000001000100011101011111110001000111000101001100010001110101011111000000011100010001110000000111000100001
-4886597528053205332,20,join_semilattice,1000000010100000010011101001111111111100101010011011100011001111101111111111111110001001101010001100111111111111111111111110101111111111111110000001101000000100000000001000000001001010100111111000110000000000101000000100100010011011100011001000000110101000110010101001111111001100101010011111111011001010100111111111110010000001101000001100000000000000000001001110100111111111111110101001111111111101
3986821682859990903,20,join_semilattice,1100000101110101101101000000000001001001111111111111111111111101101101111111111111001001011111111011110111111111111111111100101101111111101101000001011101011011110110111111111111110100000001100100101101000000001001001011010000000011010010111100000101111101101100000000000001001000110000010111011110110100000001100101101100000000000000001000110010110111111111110100000000000100101100000000000001001001
7864352919458642747,20,join_semilattice,1000000000000000000011101011111010111111101000011100101010011111111111111111111110101001110010101001111011111111111111111010101111001010101110000001000000000000100000011100101000001000000101001000000010101011111010101111111010111111111111111000000100001000000011101011111011111111100000010100101000001010101111101011111110000001010010101000101010011100101011111010100111001010101110000001110010101001
-8948516865988866272,20,join_semilattice,1101110001110011001101010100011100110010111111111111111111110001010001000011000001011100011100110011000001000000001100001101111111110011111111011101011100110111110111001111001101110000010001000011000000010100011000110010000101000111001100101101110111111111111111011101111101111111000000000000001100000000000000000001000011011101111100111111110111000111001101110001010001000011001001010100011100110011
-7680009495360124419,20,join_semilattice,1111011111111111111101000001010000100000011101011101011011000101010111010110110011111111111111111111010001011101011011000111011111010110111100000001000000100000010000011101001010000000000101000010000001110111111101101111010000010101001010000111011111111110111101000001110101101000000000000000001000000111011111111111111101000001010000101000010000011101011011000111010111010110111001110101110101101101
-4753655314551548500,20,join_semilattice,1010000010111101011011101000111111110110001000000000010000001111110111111111011110101000101111010110111011011111111101111111111111111111111111101001111111110110001000001011110000101010000011111111011000100000001101000010001000000001010000000010000000111100001000000000000001000000101000001011111101100010000010111101011011111101111111111111001000000011110001100010000000000100001011101001111111110111
-4882779893017926804,20,join_semilattice,1111001101111011110101110001010110111101001100010101001011010001000101010010110101111011011111111101111111110111111111010111001101011011110100000001000100101101111111111111111111010000000101010010110101110011011110111101000000000001001010010011000101011010110101110011011111111101000000000000001000000011000101011011110100000000000000101001000000000000000001001111111111111111111100000000000000100001
-5708867085972999761,20,join_semilattice,1000000010000000000011000010100000000001111101111111111111111101001010000010000111111111111111111111110101101000001000011000001010000000000011010111100000101011000000001000000000001101011111001010111111010111111111101111110101111101111011111101011010001010000111010111100011101111110000101000001000011101011111111111111111010110100000101011110101111000101011111101011010000010001110000010100000000001
-3686225601848236351,20,join_semilattice,1001000011101010100011110100111111101001101101001110101010010001000011000010000011111110111111111001100101001110101010001111011011111111100111111111111111111011000000001000000000000000000011000010000000010000111010101000101101001111111010010001000011001010100010110100111011101001000000001000001000001011010011111111100100010000110000101000111111111111111111111111111011111111101110010100111010101001
8778248249343825723,20,join_semilattice,1100010000000101000001000100000001010000111001000001010101011111010111011101110111111111111111111111000001000000010100001111011111111111111111100101100101010101111001001001010101011110010111011101110111110101111111011101110001000001010101011110010110011101010100000000000001010000111101011111111111110000000000000001000011100101100111011101110001000000010101001111010111111101111100000000000000010001
5995544404475016320,20,join_semilattice,1000000010000000010111110110111111111101101101001100001111011001010010000010110111111110111111111101000001001000000001011011011011010111110111111111111111111111000000001000000000000000000011000000010110110110111111111101101101001101001111011011011011011111110110110100110101111101100001001000001011011001010010000011110110000000100000001101000000001000000001001111111011111111111100000000100000000101
-4982845094101034026,20,join_semilattice,1001010001100010000011111110011101101111101101000110011001010001010001000000000000011100011000100000000001000000000000001011011001100110010110111111011101111111111111111111111111110000000001000000000000010100011000100000101111100111011001111111111101111111111110010100011001100000000001000000001000001011111001110111111110111110011101101111100101000110011001011011111001100110011110010100011001100001
-3094511021480154697,20,join_semilattice,1111101101111111001101111011011111110010001000100000100000000011001001011101000000111010010111010000111111110111111101110000001000000000000000111011011111110010111111111111111101110010001001011101000000111010011111110010001000100001100000000000001000001000000000100010000111010000001110100101111100000010001000011001000011111111111111111111001110110111111101110011101001011101001000111011011111110011
-6419750398085411925,20,join_semilattice,1111111111111111111101001011101011111011011110111111111111110001101111101111101100001011101010111001011111111111111111110000001010000001100100000011100000011001000000001000000000000000101111101111101100000011101010011001000110111111111110110000001110001001100100001011101011111011000000111010101110010000000000000001000100000000100000001000010110111111111111110000001110101011101100000000000000000001
-5299913507676042705,20,join_semilattice,1111101101111111111101000000000000010000011110110101111111110101000001000011101001011011010111111111111111111111111111110101001101001011111001010001010010111010111110111111111111110100000001000001100001111011011111111111010100110101111111110101000001001011101001010011010011111110010000000100001110000000000000000001000000000000000000011000010100010100101111100100000001000011101001010001010010111111
6047181605480566819,20,join_semilattice,1100111110100110001001001100001001000000111011111010011001101111111110110111011100001100001001000000000001000000000000000100111100100100000001001101001001000000010011011010010000001110111111110111011100000100001001000000111011111011011001101111111111111111011100000100000001000000010011110010011000001110111110110111011111111111111111111111110011111010011001100100111100100110001011101111101101100111
7979917409626986249,20,join_semilattice,1111111111011110111101001000000000000011011010000001000000110111101111011110111100001000000000000011011111111101111011110110101000010000001101101011010111100111011010111101111001110110101001010110011111111111111111101111010010000001000000110110101001011110011101101010000101000011011010100001011000111111111111111111111101101010010111101111011010100001011001110000000000000000001000000000000000000011
-6826763703710774829,20,join_semilattice,1000010101010000111111001111110110111111111111111101101111111101111111011011111110001101010100011111000001010101000011111000111101011011111100000001000100001111100011111101101111110000000101010000111111111111111110111111000000000001000000111000010101011001111111111111111111111111100011010101001111111000010101010001111100000000000000001011000000000001000001110000000000000000001100000000000000000001
6805195772515084836,20,join_semilattice,1000000000101010010011000000001010101100111111111011111111101101110110101110111011001100001010101100110001000010101011001101111110111111111011001101001010101100110011011010101011001111111111111111111100000000001010000100110111011011111111100000000000001000000011001101101011101100000000000000001000001100110110101011111010000000001010101100000000000000100001001100110110101010111011111111101111111111
-2766506578360596703,20,join_semilattice,1111111111010111101101011010010000000011011110100100000000110001100001000000000100001000000000000000011111100101000000110000101000000000000001111111010100110011011111111101001100110000100001000000000011111111111101111011011110100101000000111111111111111111101101111111110101111011011111100101001000110111111001010011001101111111110100111011111111111111111111110001100001000000001100001000010000000001
-7374240648917441963,20,join_semilattice,1110101110100001011001100000000000000000001000000000000000001111111111111111111101101000001000000000111011111010101101100110101100100001010001101001001000000000011010111010000101101110111111111111011001100000001000000000111011111011101101100110101100101001011011101111101111110110011010111010101101100110100100100001010011101111111111111110011010010010000001000110101100100001011011101111111111111111
2161094076638733194,20,join_semilattice,1100100101011011010001000001000100000000111110011101111111111101100111011111011100001001000110000000111111011101111111111111111111111111111100000001000100000000110010011101101101110100100101011001010011111101111111111111000000000001000000000000000100011000000011001001110111110111010010010101101101000100000100010001000011001001110111111111010010010001100101001100100101011011011011001001010110110111
-8226793846060545348,20,join_semilattice,1000000000110100100011000100011111111111111011111111111111111111111111111111111111001111111111111111100001000111111111111100011111111111111111000101011111111111110001011111111111111000000001111111111100000000001101001000000000000001000000001000000000111101111100000000000101001000100000000011111111111000000000110101101100000000000100001000100000000011010011111000000000110100101100000000001101001001
845196572536993391,20,join_semilattice,1100000000100101101001000000001001001000111110100011110111111101000000110101101111011010001101011011111111100011110111111100001000110101101111111111111111111111111111101011111111111111111011111111111100000000001000001000110000000011010110101101101000111101101100000000001001001000111110100011111111110100000000100101101000000000000000001000110110100011110111110100000000100100101011000000001101011011
5812803423570368505,20,join_semilattice,1110011001001101011001100000000010000000001000000000000000001111111001001111011111101110010011010110011001100000110101000110001000001101000011111111011011110111111111111110111101110110011001001101010011111110011011110111111111111111111111110000000000001000000001100000000011010000111011100100111101100110000000001001000011111111111011111111011000100000110101000110011001001101011011101110010011010111
-4396063638139887476,20,join_semilattice,1000000000100000110011000000001000011100111111111111111111111101001010111011110011011111111111111110110101111111111111101100001010111011110011000011101110111110110000001010000111001101001111111111111000000000001000001100110000001011100111001100000000101001110011000011101111111110110000001011101111001000000000100001110000000000000000001000000000000000000001001100001010111011111011011111111111111111
5965578433629370413,20,join_semilattice,1011111110110111110111111111101101111101001001000000000000000011010000010000100000111111100101101000000001000000000000000011011000010000100000110101000100001000001101011001010010001111111111110111111100111111101101101100000001000001000000001111111111111111111100110101000101001000001101011001011010000011111110110111110100100100000100001000001111111001011011001111111110110111111100111111100101101101
319658327161848319,20,join_semilattice,1000001000000000001011000010100100111010111111111111111111111101011011011011101011011111111110111010110001101101101110100000001000000000000011000111110110111010100000101000001110101100001011011011101011010111111110111010100000101001001110101100001010011011101011000010100111111010100000100000001000101000001000000011001010000010000000111010110111111111101111110000000000000000001011010111111110111011
5833488078641224202,20,join_semilattice,1000000001000001010011011011010000110110111110110100001111101001101101000011011010001010010000010110111111111100111111111000001001000001011010001011010000110110111110111100011111100000000001000000010011111111111111111111111111111101111111111111101111001111111111111011010001111110100000000100001101100000000000000001010011011011010000111110000000000000000001001000000001000001011011111011110001111111
-5094523181068985373,20,join_semilattice,1000000000000001000011110111111111111111101000000000000100001011011111111111111111111111111111111111101001000100010110001010011111001111110110100101110011011101101001001100110110001010000001000001000010100101111011111101101001111101111111011010010001001101100010100000010001010000101001011100111111010000000000000001000010100000010001011000101001000100110111011010011111011111111110100100010011011001
2344615718788160251,20,join_semilattice,1000101100000000001011111111111110111111101011111101101100111011111111011011001100001000000000000000100011110100101100110000001000000000000000001011000000000010100011111101101100111000101101001000001110111111111110111011100010110101101100111000101100001000001011111111111111111111100010110100101100111000101101001001001110111111110110111011101111111111101111110000001000000000001010001011000010000011
-8299184892750434872,20,join_semilattice,1110000101001111010001000001010011000100011000010100110101001111000111101111011011111111111111111111111101011111111111111111001111111111011100000001000011000000111000011100111101100000000001001100000011100001111011110110111100011111111101100000000000001100000000000000000001000000010000010100111101000100000101001101010011110001111111111111000000010000110001001110000101001111011011110001111111110111
3768731840271623267,20,join_semilattice,1000010100001100010101000101000011000111111001111100111111111111011111101111111111111111111111111111000001000000000000001000011111001110111100000101000011000101100001011000111001111000010111001110111111100111111011111111111101111111111111110000010000001000000000000000000001000000100001010000111001111100011111001111111110000101000011101111000000000000000001000000010100001100011100000100000011000001
-1791124671209987624,20,join_semilattice,1111100101110111111001111001011001110100001000010100010100000011100101100111010000101001011001110100111111111111111111111111101111111111111000000001010001000000111110011111011111100000000001000100000000100001011001010000011110010111011111101111100111111111111000000000000001000000001000010110011100000000000001000101000001111001011001111100001000010110011101000111100101100111111011111011111111111111
3567494282300914072,20,join_semilattice,1111100101111101101101111001011011011011001010010110110110110001100101101101101100001001011011011011111111011111110111111111101101111101101100000001000010000000111110011111110110110000000101001000000000000001011011011011011110010111110110110000000000001000000000000000000001000000111111111111111111110000000101001101100000000001010010001000011110010111110111110000000101001101101100000001010011011001
-7212911555613528519,20,join_semilattice,1111111011011111100101100000100100010000001000001000000000000111111011011111000101101000100100010000011011101101110100000110101010010001000011111111111111111011000000001000000000000110101011011101000011111110111111111011001000001001000100000110101010011001000001101010100111010000011011101101111100010010000010000001000001111110110111111001111111111111111111111111111011011111101101101110110111010001
6919676959165964992,20,join_semilattice,1100110001000101011101001100010001010110111111111111111111111101110111000101011100001000000000010110000011000100010101101101111111000101111111001101110001010111110011001100010101110000100001000001011011011101111001011111110111011101010111111101111111111111111100001000010001010110110111111111011111110000000000000001000011011101110001011111000000000000000001000000000000000001011000001100010001010111
-7075466567093413422,20,join_semilattice,1110110010100111001101001100000001110011011011000000011100111111111111111111111100001100000000110011000001000000001100111110111010100111101111101111101001111111011011001010011100111110111111111111111101101100001001110011111011111011111111111110111110101111111100000100000001110011000000000000001100100000000000000001000011101100101001111011111011001010011111110000000000000000001000000000000000110011
-9142557912350754755,20,join_semilattice,1111110110010000010101111100100000000101001000001000000000000011110010000000010100001000100000000000001011001000000000001111111111111111110101111101100000000101000000001000000000001111110111011000110111111101111111101101011111011001000001011111110110011000110111111101110111101101111111011001001001011111110111111111110111111101100100001101001011001000000001011111111111111111111100101100100000000001
4151457048494870050,20,join_semilattice,1101011101011111111101010000010001001100011101111111111111110001000000000000000011111111111111111111010101110101110111110101001101011101111100010001010001001100010101111101111111110001000001000000000001010111111111111111010100010101110011000001000001001100110000010000010001000000010101110101111111110101000101011101110000010000010000001000000100000100010011000101000101011101111101010001010111011101
681506618542603944,20,join_semilattice,1000000000000000100011000111010101011100111111110111010111001001010001010101110011011111011101011100100001000000000011001000011001010100110010000111010101001100111111111111010111011000010001010100110011010111011101011100100001000001000011001111111111111111111110000000000001001100111111111111011111111000010001010101110000000000000000001000100000000000000011001111111111110101111111111111011101011101
-8233929878490174728,20,join_semilattice,1000000100001000110111000001000110101101111111110111111111111101111101011111111111001111000111111111110001010001101011011100011100011110110100000001000000000001111111111111111111111100111101011111111111000111001111101111100000010001101011010000000100001000010111000101000111101101100000010000101011011100011100011111110100000001000010001101000000000000000001001100011100011110111100000000000000000001
-8721981039610776801,20,join_semilattice,1111111100000110000001000000000000000000011001000000011000000101010000000110000001101100000001100000010001000000001000000111111000000110000001111111000001100000111111111000011001111111111111000110011111111111111111111111111111111101111101111111111111001110011101000100000001100000010000000000001000001111111111001111011111111111110111111111111111110000011001111111111100000110001111111111000001100001
4808088249874687467,20,join_semilattice,1111001100101000111101000000001010001011011100100010100010110101000000101000101111111111111111101111111101111011111011110101001000101000101101110011001010001111111100111010101011111111011111111110111100000000001000001000111100110011101011110000000000101000100011110011101111101111111100110010101011111111111111111111111100000000000000001000011100100010100011110000000000101000101000000000001010001011
1394442419992878100,20,join_semilattice,1011101101110010110011111111011110101111001100000000000001000001000000000000010000111000000000000100101111110111101011110011101000100010110000111011011100101100101110111111001011110011101001110010110000111000001000100100001110100011001011001011101101111010111011111111111111101111000100000000001001001111111111111111111100110000000000001100000000000000000001001011101101110010111010111011011100101111
7641382229821275827,20,join_semilattice,1111111010110111110101010100000100010000011101101001000100000001010000010001000001111110101101110101000001000001000100000101011010010001000011111111101101111101010101001001000100001111111111110111111101110110101100010100000000000001000000001111111111111111111101110110101101110100011101101011001101000000000000000001000001111110101101111101011101101001000101001111111110110111111101110110101101110101
-5892159364784489902,20,join_semilattice,1111111011111111111101101010101101100000001000100011011000000111111011110110011000101010001101100000001011101011011000000000001000110110000011111111111111111111001010101011011000000110111011110110000000000000001001100000000000000011011000000111111011111110111100000000000001000000000000000000011000000111111011111111111101111110111101101111011011101111011001100110101010110110001001111110111101100111
-1082995028773913286,20,join_semilattice,1010100001000000001011101001110000000010001000000000000000101111100111000000001100001000010000000010111111111100101101111111101111001010011110101001110000000010101010001100000000100000000001000000000011111111111110110111111111111101101101111111100111001010011111111111111111110111101010001100001000101111100111001011011111111111111111111111111110011100000001110000000000000000001011101001110000000011
9056068100976311548,20,join_semilattice,1001010011111010010111111111111111111111101101101111101001010001000001011010010010111110111110100101000101001101101001011001011011111010010110111111111111111111000100001101101001010000000001001010010000010000111110100101000000000101101001000000000000001000010010111110111111100111000000000000101001001011111011111111011110111110111111111111000000000000000001001011111011111010011100010000010110100101
-3978299059916060500,20,join_semilattice,1010010011000100010111110110111011010101001000001100010001000011010011000100010111111110111111111111001001001100010001001011011011100100010111111111111111111111000000001000000000000000000011000000010000110100111001000101111101101111110101011011011011101100010100000000110001000100111101101111111111011011011011101101010111110110111111011101000000001000000001001111011011111111111100100100110001000101
-6183191371316534118,20,join_semilattice,1111111000001111101001001110000011001000011011100000111110000111111000001111100000001010000010000000000001100000100000000000001000000000000011111111011111111011111111111111111110111111111001111111101111111110001011111011111111100011111110110000001000001000000000001110000011001000010011100000111010000100111000001111100000000110000010001000111111111111111111110111111000001111101011111110000011111011
-5821108471867898831,20,join_semilattice,1111110011011111111101011000110001100110011111001100111111110001000000000000000000011000110000100010010111001100111111111111111011011111111111111111111111111111000100001000000000100001000001000000001011111110111111111111010111001101111111110101100011001110111100011000110001100010000100001100001000100101100011001111111101011000110001101111000110001100011001100001000000000000001001011000110001100111
-6113481368138759919,20,join_semilattice,1111111111111111111101000010001010101000011000100011101010100111011110111010111001111111111111101111011001100011101011100000001000101000100001100111001110101110011001111011101011100111011111111110111100000000001010001000010000100011101010000000000000001000000001110111101111101111000000100010101010000111111111111111111100000000000010001000011000100011101011100000001000101010101001110111101110101111
719458138139679135,20,join_semilattice,1111111011101111011001000000000000000000011000000010000001100111111011101101011001101110111010000110011001100110100001100110001001101000011011111111111011110110011001101110100001100110000001100000011001000000001000000000111111111111111111100110000001101000011001101110111011000110011011101110111101100110111011101101011011111111111011111110010000000010000001000100000000100000011011111111111111111111
4397376972071330671,20,join_semilattice,1011000010100011000011110111111001110110001000000000000000000001000000000010000010111111111001110110101101101010001100101011001010100011001010110111111001110110000100001000001000001011011011100011001000110000101000110000111111111111111111101011111111101111111010110110111001110110000000000000001000000011000010000011000010111111111001111110101101101010001101101011000010100011001011111111111111111111
-7486209844007390802,20,join_semilattice,1100110111110101111101001101001101010110111111011111010111111101110111110101111100001001001101010010000011010011010100101101111111110101111100000001001000010000010011011111010111110100110101110101011000000000001000010000000000010011000100001111111111111111111100000001001101010000111111011111011111110000000000000001000001001101011101011111000011010011010101100000000100100001001001001101011101010111
8206833138411800765,20,join_semilattice,1111110101011101111101101101010011001111001010000100110010010111110101001100111100001000000011001001001011000100110011111111111101011101111100101101010011001111111111111101111111110000100001001100100111111111111111111111001011010101110011110000000000001000000000000000000011001001111111110101111111110111110101011101111100000000000010001000001010000100110011010010100001001100111100000000000010001001
6398845797976700412,20,join_semilattice,1110111100011101110101000000000010001101011011000001100011011111111100011101110101001100000110001101010001000001100011010110111000011001110101101111000110011101111111111011111111011111111111111111110111111111001111011101010000000001100011010000000000001000110101101111000111011101111111110011111111010110110000011001110100000000000000001000000000000000000011001111111111111111111100000000000000000001
-62892248096094981,20,join_semilattice,1110100111101100100001100000011000000000001000000010000000001111101111101100100000101000001000000000111111111110110011111110101111101100100001101001011011000000011010011110110010000010000001100000000000000000001000000000111111111111110111110110000001101000000001100000011011000000111111111111111111111111111111101101111101100000011011001000111110111110110011101110100111101100101011101001111011001001
2922468657853559642,20,join_semilattice,1111111111011110111101011000010110101011011111101101111011110001100001011010101100001000000110101001010111000101111011110101111001011110111101011111010111101111010111101101111011110000100001011010101111111111111111111111000000000001100010000000000000001000000000011000010111101011000000000001101010011111111111011111111100000000000000001000010110000101111011110000100000011010101100000000000110001001
6733131338122821782,20,join_semilattice,1011100011000100101011111000110001001110001110001100010010100001000000000000000000011000000000000000111111111100110011111111101111001100111111111001110011001111000110001000000000100001100011000000001011111111111111111111111111111101110011111111100011001100111000011000110001000010111111111100111111111111100111001101111100011000000000001010101110001100010011100001100000000000001011111000110001001111
-6301271363452468277,20,join_semilattice,1111111101110111111101101111010101111101001011110101011111010111111101110111111100001001010001011101000011010101010111010000111101010111110100000001000000000000111111111111111111110000000101000000000001101111011101111111000010010101010111011111111101111111111100000001010001011101000011010101011111010000000101000001000000000001010000011100000000010100000101000110111101010111111100000001010000011101
-1407263391474846206,20,join_semilattice,1111111101111111111101000010000100000000011101100011011101110101011000010100011101111110011101110111010001100001000001010000001000010000000001111111011101111111111111111111111111110101011001110111011101010110001101110111000000000001000000000111111101111111111101000110000101000111010101100001011001110101011000010111011101111110011101111111010000100001000001010100011000010000011101000010000100000001
4359217899150131803,20,join_semilattice,1000000000000000000011000000000000010011111010011110011100111111111111111111111111001001111001110011111011011111111110111110111111111111111111000001111001110011110000001010000100111100000011100101001111000000001000010011111010011111011100111110100111111111001111000000101001010011110000001010011100111000000000000001000011101001111111111011111011011111111111111000000000000001001110000000000000010001
-1753691896063184616,20,join_semilattice,1001010000010000001111011100000100000011111111001011100110110001000000000000001010011100000100000011000001000000000000001111111010111011111111111111101110111111110111001001000010111111111111111111111111011100101100011011000001000001000000001101110010011001101111111111101111111111111111001011101110111101110010010001101111011100000100001011111111001011101111110000000000000000001000000100000100000011
-7431079538243427286,20,join_semilattice,1111111111111111111101000000000000000000011011010011000111110111111111110111111101001000001000010110010011000010000101110110111110110111111101001001001000010110011011011011000111110110111111110111111101000000001000010110010010010011000101100111111111111111111101101101101101111111011011011011001111110100000000000001011001001001001000011111010000000000000001000100000000000000001001001000001000010111
-5440005873698898004,20,join_semilattice,1100110001111101110101001100001111011100111111110111111111111101111001111111111100001000001001000100000011000011110111001100111001111111110111011111011111111111111111111111111111110000110001111101110000000000001001000000000010000011110111000000100000101101110000000000000001000000110011000111111111010000100000100101010000001000001001001100000000000000010001001100111001111111111101001100011111011101
-6328932501967052299,20,join_semilattice,1110100000000010010001000000000000000000011010000000000001001111111111111111111101001000000000000100111011010001111001111110111100111111011111101001000111100100111011111011111101111110111101111111011111101101001111100111111010000001101001001110100000001010010011101000000111100100011010000000001001001110110100111111011111101111101111111111010000000000000001001110100100011110011011101000000000100101
272924253479528258,20,join_semilattice,1000101110000100101011101111111111111111101010111000010010111111111111111111111100001000000000000000101011111001110111110000001000000000000000001011000000001000000010111000010010101010111111111111111110101111101111111111101010111001110111111010101110001100111100001011000001001010101010111000111111111010101110001101111100001010000000001000101010111000010011110000101100000000101010001011100001001011
4250253278192444298,20,join_semilattice,1000101101001101101101001011010111011011111111111101110111111101101101011101101100001011010000010001110111111101110110110000001001000000000100000011010000010001110110111101110110110000000001000000000011111111111111111111000010110101110110110000101101001101101100000011010001010001111111111101111111110000001001000001000100001011010001011011110111111101110111110000101101000101001100000000010000000001
7651726182604374116,20,join_semilattice,1110111111101111111101000000000000110111011000000000001101111111111111111111111101101000000000110111011011000000001111110110111110101111111101101101101001111111011011001000001111110110111111101111111101101100101000111111111011111111111111110110110110101111111101101100101001111111000000000000001100100000000000000001001001101000000000111111000000000000000001000000000000000000001000000000000000110011
-8032344917633510164,20,join_semilattice,1110110010001111101101001000000000000011011011000000010110110111110011001111101100001000000000000011010011000000010110111111111111101111101111111101110011111011011011001000010110110110110011000101101111111101111011111011111111111111111110110110110010001111101101001000000001000011011011001000011110110100100000000101101101001000000001001011111111111111111111110000000000000000001000000000000000000011
-4699599963567202496,20,join_semilattice,1111011101101101111101000110001001000001011101110110110111010101011101101101100111111111111111111111000001000000000000000000011000000000000101000111011011010001111101111111111111110000010001000000000100000110001000000001111101110111111111110100011001101100000100000110001001000001111101110110111111110100011001101101000101000111011011011001010001110110110111010100011101101101101100000100000000000001
6344449705614334737,20,join_semilattice,1000111101111011111111001111011110111111101011110111111111111101111101111011111100001010000100110101000011110011001111110000001000000011010100001011000100110111111111111111111111110000111101110011111100001010001100110101000000100001001101010000111101111011111110001111011111111111000000000000001000010000000000000011000100001010001100111111000000000000001101010000101000010011011100000000000000000001
5311661163267998130,20,join_semilattice,1101101111111101111101010001111110001011111111111111111111110001000001111000001100011001011110000011110111111111111111110101101111111000101100010001011110000011000100011111100000110000000001101000000100000000001000000000000000000011100000000000000000101000000001011011111111001111110110111111111111110101101111111101111100010001111110001011010110111111100011110000000001111000001100000000001000000001
2938044131256969002,20,join_semilattice,1110001001110011010001000010011000000100011000100111001101001111111111110111111111101110111101110111111001101111001101010000001001100000010011101111111101111111111000101111001101000000000001000000000000000000011000000100010000100111000001001111111111111111111111100110111101110101010000100111001101000100001001110001010011101110111101111111000000000100000001001110011011110011011111100010111100110101
-1776721854670486747,20,join_semilattice,1010101001101101110111101010111011111101001000000100010100001111111111111111111100101000010011010100111011111111111111110010101001101101010011101011111111111101101010101110110111010000000001000000000000101000011011010100111010101111111111010010000001001101010000000000010001000000101010100110111111010000000001000101000000101010011011011101001000000100010101001110101111111111111100101010011011010101
-1891441457228516718,20,join_semilattice,1110111100011111110001001010000101000000011010100001010000001111111111011111111100001010000000000000011011110001010111000000001000000000000001101011000101000000011011111001111111001110111101011111110011111111111111111111000010100001010000000110111100011101110000000000000001000000011011110001111111000110101100010101000001101011000101011000011010110001010111001110111111011111111111101111110111111101
310925827009499645,20,join_semilattice,1111111111111111111101101110001010010101001000000000000000000111111000101001010100101110001010000101001001000000000000000010011000101000000001111111111111110111011111101110100101110111111001101001011100100100001010000000011111100111100101110010010000001000000001111110111011010111011111100110101101110010011000101001010101111111111111111111001001100010100001000111111000101001011100100110001010000101
1747611121334095841,20,join_semilattice,1100101110111110010001000000000010000000111010111011111101001111111111111111111101001011101111100100111011111011111101000100001010001010000001000011101111100100010000001000101000001110111111111111111101000010101110100100010000101001101000000000000000001000000001000010100111100100010000000000101000001100101110111111010011101111101111111101010000101001101001001110111110111111111111101111101111110101
8080260421638465808,20,join_semilattice,1101101101111100011101010001010111000101111111111111111111110001000001010000010101011001010111000101110111111111111001110101101101111100010100010001010101000101110110111111111001110000000001010000010001011001011111000101000000000001000000000001000101011100010100010000010101000101010110110111111001111101111111111111111111011111111111101111000000000001000001000101101101111100011100000000010100000101
-7540707052857097217,20,join_semilattice,1111111111111111111101100000010100001000001000000101000010000111000001010000100001111111111111111101011101000101001111000111011011010111110101110111111101111101011101001101011111000000000001000000000001110110111101111101000000000101000010000111011111111111110101110100010101111100011100000101001111000111000001010001100000000000010000001000011100000101000011000111111111111111111101110100010101111101
2126201249883945055,20,join_semilattice,1111111111111111110101110100101101111101001001001001000000000011010010110110010101111100111111111101000001000000000000000111111011111111110101110101111101111101000001001000000000000111010011110111110100100100101101100101000001001001000000000111010011111111110100100100100101000000001001001001011001010011010010110111110100110100101101101101001001001001010001011111111111111111111100100100100101000001
-1937442381410980053,20,join_semilattice,1101010110011101101101000101000000000000111101111011110110110101010100001001100011111111111111111011000001000000000000001101011110011101101100000001000000000000010101011001100110111111011111111101101111010111101111011011010101010001100110110100010100001001100001010101100111011011111101111111111110110000000100000001000001000101000000011000111111111111111111110101010100001001101001010101000010011011
-2935302999441317039,20,join_semilattice,1000000000001000000011001111100111011111111011111111110111111101111111111101111110001000100010000010100011111001110111111000101110011001011110001001100110000011100000001000100000101100111111011101111111001111111111011111100010001001100000110000000000001000000010001001100111011111111111111111111111111000100110011001001110001001100110011111100010011001100101111000000000001000001010001000100010000011
1668339525400885383,20,join_semilattice,1010000000000000000011101110011000100000001000000000000000001111111001100011010010101110011000100000101001000000000000001010011000000010000011101111011000100000111111111111111111011010011001000010000010100110011000100000111111110111001111001111111101111111110111111111011101111101101001000000001000001010011001100011000011111111011000111100111011100110001001001111111111111111111111111111011100111101
4650750685781071279,20,join_semilattice,1000001000000010000011000010000001100001111111111111111111111101111111011110100111001010100001100001110011101000011000010000001000000010000011001011100111100001100000101000011000011100101111011110000111011111111111111111110010101001011000011100101010011110000110000010000001100000000000000000001000001101111111011111101111001111100111101001110111111101111111111101111111011110101110000010000001100001
5722438076521856996,20,join_semilattice,1001000111001000101001010001110010011110111111111111110111110001000110001000001011011111111111011110110101011100100111101101011111111101111000000001100000000010000000001000000000000001000111001000101011010101111111011110110101011101110111100000000110001000001011010101110011011110111111111111111111110001000111001001101000010001100010001010000100011100100111100000000010000000001011010111111111011111
-5470357790471175586,20,join_semilattice,1111111111111110101101000100000000000011011001010000110010110101010100001100101101111101011111101011000001000000000000110110011101111110101101000101000000000011011111111111111010110110010101001100101101100101011111101011011001010101111010110000010000001000001101000101000011001011011001010100111010110111111111111111101101000101000010001011111111111111111111110000000000000000001000000000000000000011
-3269498048375882447,20,join_semilattice,1000000000001001000011110101111111111111101000000000100100001011010010101111000111111111111111111111101001001010100100011111011111111111111110110101101111110001101000001010100100001011010111111111111110100000001010010000101101001011111100010000000000001000000010100100101011110001101001001010101100010000000000001001000010110101101111111111101101011011111101011011010110111111011110100000101010010001
-5230626164684582521,20,join_semilattice,1000101000100010000111111111101111111011101110110010011110111001101000100010000100001000000000000000100111110010011110110000101000100010000010011011001000110001101111111011011110111001111101100111101100001000001000100000101111110011011110111011111110111111101110011011001001111011000010000000001000001001101000100011000110011011001000111011111111111111111111111001101000100011001100001010001000100001
2387098783236798494,20,join_semilattice,1111111111111111111101101010111000000000001010000100000000000111111011111111110000001000000000000000001011101110000000000010101011100000000001111111111111111100000000001000000000000000000001000000000000101000111000000000011011101111010100000110111011111101100000101110111001000000011011101111111110000110111011100101000001101110111101011000011011101111111111000110111011111111111001101110111111111111
-8549009689950754027,20,join_semilattice,1001010000100000001011010100001100000010111111111111111111110001010000100000001011011101011111100111000001000010000000001101111111111111111111010101001111100111110111011111111001111101010101111110011100000000001000000000100101000011000000101101010000111110001110010100001001000010110101000011011000111101110111111111111111011101111111101111110101000011111001110000010000100000001011010100001101000011
-4453047121057579383,20,join_semilattice,1000001000000000000011111011001111000111101100100001000000100001000000000000000010111010000100000010111111111111111111110000001000000000000010111011001110000011111110111011111101111111101111111111111110111010001100000010100000100001000000001011101000111000001010111011001111000111111110110011111001111111101100111111011111111011101111111111101110110011100001111000001000010000001010111010001110000011
2392372580703943123,20,join_semilattice,1111111111101111111101000000000000000000011010110100010111100111101111101101111100001000000000000000011111111110110111110100101101000100110001001001000001000100011010111100010111100100100101000100110001101011111001011110111111111111111111110110101111101101111000000000000001000000011111111110111111110100101101000101110001001001000001001100010000000000000001000100101101000100111001101011111011011111
-5228409964362356724,20,join_semilattice,1010100110001011101011111001110110111010001010000000101000001011100111011011101000001000000000100000111111011111111110111111111111111111101100101001100010111010001010001000101100101010100111011011101011111001111111111011101010011001101110100000000000001010000011111001110111111011000000000000001000000010100000001011001000101000100010111010111111111111111111110000000000000010001011111001110110111011
-7371527863923440029,20,join_semilattice,1101011010111100001101000000000000000000111101111011111111110101001010010100001111111111111111111111010101101011110000110000001000000000000011010111101111000111010000101000010000011111011111111111111101010010101111000011010000101001010000010101001010011100001101000010000001000000110101111011111011111101011110111111111111010111101111001111010101101011110001110100001010010100001101000010000001000001
-8633218902942424041,20,join_semilattice,1110111111110101110101000000000000000000011000100111010100001111111111110101110101101110111101011001011001101111010100010000001000000000000001101111111101011001011000101111010100010000000001000100000001000010001001000000010000100011010000001111111111111111111100000000000001000000111111111111011111010100001001110101000001100110111101011001011011111111010111011111111111110101111101000010011101010001
6411487449975696536,20,join_semilattice,1010101100001001000011101111111111011111001000000000000000001111111111111111111100101010000000010000101011111001110111110010001000000001000000101011000000010000101010111001110111111010111111011101111110101111111111011111101010110001100101010010101100001001000010101011000011010101111011111111111111110010000000000001000010101011000111011111101010110000100101001010101100011001011110101011000010010101
-3160775930234643489,20,join_semilattice,1011100111001011100011111011111111111110001100000100100000000001000000001000000000111000110010111000111111111111111111111011101111101011111000111001110010111000001100001100101000000001000001001000000010111001111010111110101110111111111111100000000000001000000010111011111011111110001100000100101000000011000011001011100000110000110010101000101110011100101111101011100111001011101011111011111111111111
-3662532673919130620,20,join_semilattice,1011000011001111101011110010110011111010001000000000000000000011000000001111000011111111111111111111111101101110111110101011001011001111101011110111111011111111001100001100111100000010000001001111000011110010111011111010111101101111111111110010000000001111000000100000000001110000001000000000001100000010000000000001000000110000110011111000111101101110111111110011000011001111101011110110111011111011
-8082625718207372370,20,join_semilattice,1000000000000000000011110010000001100000101000000000010000001011000000000110000011111110101001100010111101100000011000101011001000000110000011111111101001100010111101101010011000101111111111101110111011110110001001100010111111111111111111111111111110101110101010000000000001000000101000000000011000001111111111101111111111111111101001101010111111111010111011101111001000000110001011111111111011101111
3857512219286358509,20,join_semilattice,1111111111111011111101000010010000010000011110101110101100010101101001101011000001001010011010010000011111101110101101010000001001000000000001111111111110111111010110101110101100010000000001000000000001000010011010010000011111101111101101010100001001001001000011111111111111111111010010100110101100000000001001000001000001111110111110111111010110101110101101010111111011111011011101011010011010110001
-6326698460463033219,20,join_semilattice,1110101111100011101001000000000000000000011010111110001110101111101111100011101001001000000000000000111111111111011111100100101111100010101001001001000000000000010010011110000010000100100001000000000001001001011000001000111110111111011111101111111111111111111111111011111001111110010010011110001010000100101111100011101001001001000000001000111110111110001111100100100111100010101011111111111101111111
-3794577823518471189,20,join_semilattice,1000110100000110100011101111111101111110101011010000011010001111111111111111111100001101000001101000000001010000000010001010111100000110100000000001000000000000101011111001011011101010111111110111111010101111101101101110101011010001011011001110111111111111111100000101000001101000000001010000001010001010111110110111111000000001000000001000000001010000011011001010110100010110111011101111111101111111
-1710804887479340493,20,join_semilattice,1111111111011111111101000000000000000000011001001001010101110111010011010101011101111100110101010111010001000000000000010111111111011111111101111101110101010111010000001000000000010110010011010101011111111111111111111111010001001001010100110110010011011101011101000100000001000011011111011101011111110100010010000101001101111101110101011111010001001001010101110100010000000000001101000000000000000001
187748198032441282,20,join_semilattice,1000011000000110110011100110100001101111001001101000011011011111111011010111111111101110110101111111000001100000011011000000001000000000000011111111111101111111000001101000011011001110011011000110111111111110111101111111111001101101011011111111111111111111111100000010000001100100000000000000001001001110011011000111111100000010000001101100000000000000000001001010011010000110111100000110100001101101
-8500384181962969319,20,join_semilattice,1110111111111111111101000010001011100110011001111110111111101111111111111111111101101111111111111111000001100010111001100000001000000000001001000111111011111110010001101010111111100100011001101111011000000010001000000010011001111111111111100000001000101110011000000010001001100110000000100010001001100100011000101111011000000110001011101110000000100010000001100000000000000000001001100111111111111111
6654027189571545477,20,join_semilattice,1101100101100100011101010000001000000010111110010111010101110001000000000000000001011001011001000111111111010111010101111111111111111111111101010001011001000011111111011111010111110001000001100000001000010000001000000000010110010111010101111111110111111101111101010000011001000011111111011111011111110101100101100101011111111101011101011111010100010110010001110001000000100000001001010000011000000011
595507226927703049,20,join_semilattice,1010111111111111110111111111111111111111001000000000000000001011111111111111111100101010001100000100001011111111110101000010001000000000000000101011001100010100001010111111100101000010101001110001010000100010001100000000001000100001000000000010101101111001010000101011111111010100001011111111111111000010101000110001010000101011111111011100001000100011000001000010111111111111111100101111111111111101
5811889506211733029,20,join_semilattice,1111010001011001001101110100000000010011001000000000000000000001000000000000001111111100010110010011001001000000000000001111111001111111011111111101011111110111111111111111111111110111010001001001001111111100011111110111011101000101100100110111010000001001001111111100010111110111111111000101101101110010010000000001001111111111011111111111111111000101100101110000000000000000001000000000000000000011
-947449439529699878,20,join_semilattice,1111111111111111111101010101100011101100011111011101111111110001010100000110100001011101100011101100000001010000011010000111111111011111111100000001000000000000000101011000011010000101110111001111111101111111111111111111010111011101111111110000010100001110100000000001000001101000000000010000001010000101110110001111111000000000000000001000000101011000111011000001010110001110111000010101100011101111
-2123149471879873611,20,join_semilattice,1111111111111111111101011111101111011011011111111111111111110001001000000000000000011111101111010000000101111011110100000000001000000000000000010011001110000000000100111011100000000101111111111111101100010010001100000000000100100001000000000001001000111000000000010011101111010000010111111011111110110001001110111001000000011111101111011000010111111011111111110001111110111101001100011111101111010001
-1170170812354422898,20,join_semilattice,1010000011010001000011100000111111110011001000000100000100001111000111111111001111101000111111110011111111011111111111111111111111111111111111100001111111110011001000001101000100000000000001000000000010100000111111110011001000000101000100001010000011011001001010100000110111010010101000001101111100100000000001000001000011101000111111111011111110011111111111111010000011010001001010100000110111110011
-5246916554117796803,20,join_semilattice,1111111101111011111101000010000000000000001000100000000000100111001000110010001001111010001100100010011111100011001000100000001000000000000001111111001110110010111111111111101111110111111101111011001001100010001100100010011000100001001000100111001000111010001011111111111111111111011000100000001000100111111000111011001001111111011110111110011111110111101101100000000000000000001001111111011110110011
-8192007458157815284,20,join_semilattice,1000010010010000100011000100110100001100101001001101000011001111011011110111111111111110111101111111000001000000000000001110011011010100111111111111111111111111000001001001000010001000010011010000110011100110111101001111000000000001000000001111111011111111111111100100110101001111111001101111011011111110011011110111111100000000000000001000100001001001000011001100010011010000111011100100110100001111
4799086359851890664,20,join_semilattice,1100000101000100010001000000000001000000111110111101110111000101000101000100000011011001110011000100111111111101110111001101101111001101110001000001010001000000010100011100010000000100000001000100000011111011111111111100110110111101110111001101000111001100010000000000000001000000111110111101111111001101000111001101110011010001110011001100010000010100010001001111111111111111111111111111110111011101
-673732924403289125,20,join_semilattice,1010000000000000000101100000000000000000001000000000000000001111011110011111011111111111100111110111111001111001111101111110001110011111011111100001000010010111111000011000100101111111111111011111111111111111111111111111111000011001100101111010000000001000000111100001100111110111111000010000101101111110000000001001011111111111100111111111111000000000100001111110000000001000001100000000000000000001
-8318970244496138827,20,join_semilattice,1011110100111001001111111111111111111111001101000011000000000001000000110000000000111100001100000000000101000011000000000011111100110001000100111101001100000001101111111011110100111011111111111111111100000000001100000000000000000001000000000011110100111001001110111101001111010011101111111011111110110011110100110001000110111111101111011011101111111011111111110011110100110001001100111100001100000001
3268732525727112054,20,join_semilattice,1011111100110111111101111111001101111111001100010011011000110001000100000110001100111011001101110011001111110011011100110011001100110111001100000001000000000000111111111111111111111011111101110111111100010001001001100011000100010011011000110111111100111111111100000001000001100011000000000000001000000011000100110111001100111011001101111011001111110011011111110000000000000000001000000000000000100011
-8309199476652995761,20,join_semilattice,1000000000000000000011000000000000000000111110111111100111111101000111001000001011011001111110001111111111111111111111111101101111111000111111000001010010000010110000011100100000101100000001000000000011010001111010000010110100011111100011111100000001001000001011111011111111111111111110111111101111111101101111111001111111000001110010001010110100011100100011101100000001000000001011010001111010001111
-7940766368288198966,20,join_semilattice,1000000010100000000011011111111111000010101111111111110000101001111111111100001010001111111111000010100001111111110000101000001110101000001000000001101000000000000000001000000000001000000111101000001000000000101000000000100000111111100000101000000110101000000010000011111111000010101111111111111000101111111111111111001111111111111111111011111111111111111111111000000110101000001011111111111111100011
-3074653723915312023,20,join_semilattice,1011111100111110101011111111111111111111001011110001011010100011111100010110101000001000000000001010000011110001010010100000001000000000000000001001000101001010101111111011111010101011111111111110101000111111001101101010000010000001000010100011111100111110101000001000000101001010000000000000001010101011111111111111111100000000000000001000101111111111111011100000000000000000101010111111111111101111
1644309256629253796,20,join_semilattice,1111111111111111111101111111111111111111001110110100000111100001100000000000001000001000000000000000001111111111101111110001101001000000001000011011010000011110001110111111001111100000100001000000001000111011011000011110001110110111000111100011101111111011111100111111111111111111001110110100001111100001101001000001101000001000010000001010000110100100000111100000100000000000001000111011111100111111
-7701514866256774641,20,join_semilattice,1001000100000000010011010001001011010110111110011111110111110001000000000000000011011001001111011111111111011111111111111111111111111111111100010001000000000100110110011011110111111101100111111101111110010001001010010110110100010011110111111001000100001000011010010001001011010110111110011111111111111001000100001001011011010001001011011111000100000000000001001001000100000000011011010001001011010111
2539493876717294816,20,join_semilattice,1101111110100111110101011110101001101101111111111010111111110001000000000000000000001000000000000100000111101010011011010001101000000000010000011111101001101101000000001000000001001111111111111111111100011010101001101101110111111011011111010101111110101111110100011010100001000100000110101000011011000101111110100111110100011010100001001100000000000000000001001101111110101111111100011010100001101101
-7240738811821931828,20,join_semilattice,1011101110101001000111111011101011111001001110111010100100010001100010100000000000001000101000000000111111111111111110110001101010101000000100011011101010010001000000001010000000001111101111101111100100000000001000000000111110111111111110010001100010101000000110111011101011111001101110111010101100010001101010101001000110111011101010111001111111111111111111111111101111111111101100000000000000000001
4840979977448961303,20,join_semilattice,1000000000000000001001000000000000000010111100101100010110101101000000000101101011111010111001011110111111111111111111101101001011000101101011111011111111011110110100001000010110101101000011000101101011110010111001011010111110101111110111101111001011101101101011000000000001001010111110111111111111101100000000000101101010000000000000001010111100101110010111100000000000000000001011111111111111111111
1023538553290326592,20,join_semilattice,1000000001010000100011011111010110001111111111111111111111111001010001011000100010001000010100001000100001000101000010001001111001011000100010011111010110001110110111111101111011110000000001010000100011011111111111111111000000000001000010001000010001011000100011011111010111001111110111110101111011111101111111011111111100000000000000001000100111100101100011101001111001011000101010011110010110001111
1187918920531895121,20,join_semilattice,1111111111111111111101110111010011110001001100110000001100000001000100000011000001111111111111111111001101110000011100010001001100000011000000000001000000110000011101111110111101010011011101001111000101110111011011110001011101111111111111110011011100001111000100110011000001110001000000000000001000000000000000000001000001110111111011111111011101110110111101010111011101101111011100010011000000110001
-4909165202087202776,20,join_semilattice,1000000000001001000011111101111111111111101111001111110111111001100011011001101010001000000110010010100111001101100110111111111111111111111110111101111111111111100010001101100110101000100001011001001010011100111110011111100000000001100100100000000000001001000010011100111111011111101111001111111111110000000000000001000010001000000110011010100111001101100111111000000000001001001010001000110110011011
1164838539120675615,20,join_semilattice,1110010001111101101101000100010110000010011001000111110010111111011001111101111111111111111111111111000001000100000000001110011001111101101111110111111111111111111101101111110111110000000001000000000001000100011111000010000000000101000000000000010001011000001000000100010111000010111101101111111111110100010001111101001001000100010110001011111001100111110111110000000001010000001001000100010110000011
2231830476594479240,20,join_semilattice,1110010001111110111101000000010110100111011000000111111001111111011111111111111111111111111111111111010001000111111001111110011001111111111111100101011111111111111001111111111111110000000001011010011101000000011111100111000000000001100001110000000000001000000101000000010111100111000000000000101000011110010001111111111101100100011111101111000000000000000001010000000000001000011100000000000000000001
1327061700731207783,20,join_semilattice,1001110110111000111111011101101110001111111111111111110011110001110110101000010100001100101010000001000001001010100000011101111110111000111100000101101010000001000000001010000000011101111111111000111100000000001000000001000111011011100011010000000010101000000111011111101111001111111111111111111111111111111111111101111100011101101010001101000011011010100001010001110110111000111100000000000000000001
9074928090719820566,20,join_semilattice,1001010000001100101111010110010011011111111111101111111111110001010000000100000011011110111011111111000001000000000000001001011000001100111111111111111111111111110101101110110111111001011001001101111111010110011011011111110111101111111111110001010000001100101100000000000001000000110101101110111111111001011000001101111100010100000001001000100101000000110011110001010000000100101100010100000001001001
4642758226408436229,20,join_semilattice,1101000010000000000101000000000000000000111110001000000000010101000000000000000011011000100000000001111111101000010000111111101010000000001111111111101011011011010100001000000000011111111111101101111111111110101001001011111111111111110111111111111010101100101111011000100001000001111111111111111111111111111010101101101111111110100001001011111111111010110111111111100010000000001101010000000000000001
-981348746259569555,20,join_semilattice,1110000010111000010101100000001000000001001000000000000000001111011010111111111111101110111111101111111001101011110011011110001010111100110111111111111111111111011000001011100001011110011011111100110100000000001000000000011000000011000001010110000000111000010101100000001111000101111001101011111011011110011010111111111111100000101111001101011000000010000001011110011010111110111100000000000000000001
8908740385827584187,20,join_semilattice,1000011000000010000011011110100000101110111111111110101111101001111010000010111010001110100000101100000001000000000000000000011000000010000011011111111010111110100001101000001001001101111011000010111011011110111010101110111111111111111111101101111011001010111011111111111011111110000000000000001000001101111011001011111010000110100000101100100001100000001001001000111010000010111011111111111111111111
-2972841197870879246,20,join_semilattice,1010110101011111100111111101111111111111001000000000000010001011110101011111101100101000000000001000001011000000100110001111111111111111111100101101000011011001101111011101111110110010110101001101100110111101011111111011001011010101111110010010100000001001100000101000000011011000001011010100111110010010100000000001100000000000000000001000101111011101111111111010110101011111101100101100000011011001
-7969587153502083788,20,join_semilattice,1111110111111111111101010100000000000000011111011100101111110001010000000000000001011100000000000010000001000000000000001111111111111111111101011101010010000110010111011100100101110101110001001000011001011101111011111111011111011111111111110101110000001000011001011101110011111111010111011100101101110101110101001001011001011101110010111111010111000000000001100000000000000000001001011101010010000111
5990351162965959348,20,join_semilattice,1010000110000111010111101111100001111111001000011000000100011111111111110111111100101001100001111101101001111000011111011010001110000111110100000001000000010001000000011000000100011110111111000111111111101111101001111111111011111011011111111111111111111111111100100001100001110101001000011000001100010000000000000001000100100001100001111101001000011000000101011010111110000111111100000000000000000001
1791525707657269097,20,join_semilattice,1110001101000001011101000000000000000100011000010000000101001111111111100111111111101011010000010111111011110110010111110110001100000001010001000001000000010100111011111110011111110110001101000001010111101011011000010111111111111111111111111111111111101111111111101011011001010111111011110110011111110100000000000001010011101011011001011111000000000000000001000110000100000001011001100011000000010101
-6482823066800689996,20,join_semilattice,1000100000000000001011101010011001101010101010100110011010101111101101111111111100001000000000000000111111111111111111111000101000000000001011101011011101101111111010111111111111111000101001000000001010001010011001101010111010100111011011101110101101111111111110001010010001101010100010100100001000101110101101110111111110001010010000101010111010100110011011100000100000000000001011101010011101101111
2921590279443321830,20,join_semilattice,1111010011000100011001100100000000000000001000000000000000000111010001000100011011111111111111101111000001000000000000001111011111110110111111110101111001101110011001001100010001100110010001000100001011110100111001101110111101011111011011111111011111111110111101100100000001000000111101001100011011101111111111111111111101100100010001001110011001000100010001100110010000000000001011110101111001101111
7766538715303881267,20,join_semilattice,1110111111011111111101001101000111111001011011111001111111111111111111111111111100001101000110110001000001000000100000000100111100011111110100000101000110000001010011111001111111110110111111011111111111101111111111111111000001000001100000000000000000001000000000001101000111110001000001010001101100010000010100011001000100001101000111111001010011010001111111010100111100011111111100000100000110000001
-2905577229332946266,20,join_semilattice,1111111011110111101001011110101001011010011111101110010110100001111010100101101000001000100000000000000011101010010110100000101010000101101011111111111111111011000000001000000000000101111011100101101000001010101001011010011111101111010110101111111011111111101000001000100001001000011111101111011110100000100010000101101000000000000000001000111111111111111111110000100010000100101011111110111111111011
-7298315316049640167,20,join_semilattice,1111010111111111001101000000000000100000011101001110001000100101010011000010001001111100111001110010010001000100001000001111111111111111001101110101111101110010010001001100001000000100000001000010000001010100111000100010011101001111011100100111010111111111001101010100111001100010000000000000001000000111010011100111001011111111111111111011111111111111111111110100010011000010001001110101111101110011
-8350800442434007402,20,join_semilattice,1110111000111111011101101000001000010100001010000000000101001111111010111111011100001000000000010000011011100011111101110110101000100101011011111111101111110111111011101011111101111111111111111111111100101000001000010100011010000011000101000110101000111111011101101000001001010100011010100011011101110000000000000001000011111111101111111111000010000000000101000110100000100001011001101000001101010101
6239395812126149580,20,join_semilattice,1001110001000100000011011100010001100000111111111110011001100001110001000100000000001000000000000000000011000100010000001101111011000110001011011111110001100010110111001100011000100000100001000100000011011100111001100010111111111111111001111111111111101110011000000000000001000000100111000100011000001111111111111111011111111111111111111111110111101100011001101101110001000110001011111111111011100111
8060337253303625350,20,join_semilattice,1000010011001010011011111111111110110111101111111111101101111001110011111010011010001100111010100110000001000000000000001000111111111010011010001101111110100110000001001000000000000000010011000000001010000100111010100110100011001111101001100000010011001000001011111111111111111111000001001100101001101001110111111011011111111111111110111111000001001100100001100000010010000000001010011100111110100111
1000898384362116513,20,join_semilattice,1100000000000000000001000000000000000000111111111011011111111101111100110111111011001100000001001110110001000000000000001100011000000100111011001111000101001110110111111011011111111101111101110111111111001111001101011110110001100001010011101111111111111111111111000100000001000110110011110001011111101100111100010101111011000100000001001110110001000000000001001100010000000000011011011111001101111111
5207775405492238621,20,join_semilattice,1000010000010010000011000100000100110000111101101111011101001101010001110111000011111111111111110111000001000000001000001100011000010111000011110111111111110111110101101111011101001100010001010111000011000100001100110000000001000001001000001111011011111111011011000100000101110000000000000000001000001000010000010011000011111111111111111111110101100111011101001101011011110111011011110110111111110111
-5912698359844681685,20,join_semilattice,1010000001000010010011100000110000100110001000000100001001001111001111100011111111111011111000111111111111111110011111111110001011000011111111100011110000111111101000001100001001000000000001000000010011100011111000111111111111111111011111111111111111111111111111110011111001111111000000000000001000001110000011000011011011100000110000111110000000000000000001001010000011000010011011100000110000100111
4239261705643046950,20,join_semilattice,1011110011100101111111111111111011011111001000000000000001000011000001000000010100101000010000000101001111000110010011011011111111101101111110111101111001011111001111001110010011110010000001000000010100111000011000001101111111111111111111110011100001101000110100111000011001001101111111111110111111110011110011100101111100110000010000001101000000000000000001000011100001100100111100000000000000000101
2252418958919556143,20,join_semilattice,1101100001010000100001000000000000000000111110000101000010000101100001010000100001001000010000001000111111110101110010001111101101010000100011011001010100001000111111111101110010000000000001000000000011111111111111011111010010000101000010001111101101011100100011111011010101001000111111111111111111111111111111011101100001000000000000001000111111111101110111001111111111011101111011111111110111001001
-8199980899863473210,20,join_semilattice,1110111011110011011101000000000000000000011011001101001001111111111111110011011101001000000000000010010011001101001001110110111011110011011111101111111100110111010010001101001001110100100001010000011101101100111100100111010010000001000000111111111111111011011111111111111111110111010010000001001001110110110011110011011111111111111111111111010010000001000001110100000000000000001001001000000000000011
-5280950118957694674,20,join_semilattice,1000010000100101010011111100001111111111101001000010010101001011010000101111011110111100001011111111000001000000000100001011111000111111111111111111001111111111111111111111111111111111111101111111111100000100001001010100101111000011111111111010010000101111011100000100000001010100101001000010011101110000000000000001000010110100001011111111000001000000000101001000010000100101011110000100001001010101
-1288514854133329711,20,join_semilattice,1001111111111110111011111111111111111111101111111111111111110001111011101110111000001110111001101110000001101110011010100000001010000110001000011111111111101110000000001000001000000000001011100110101000000010101001100010000111101111111011100000111011101110111000000000100001100010000000000000001000001001111111111111111100000010101001101010000001101110011011100000000010000010001010011111111111101111
8092172215588450637,20,join_semilattice,1111101000111110111101101010000101101110001000000000011001100111101000011110111000101010000101100110111111111111111111110010001000010110011001111011000111101110111110101011111011111111101111111111111101111010001111101110001000000001011001100110101000011110111000000000000001100000000000000000001000001111101010111111111100101010000101101110000000000000011001100000000000000110001001111010001111101111
-2589621920888628970,20,join_semilattice,1010000010000001110111100010100011011101001000000000000000001111111111011111111111101010100111111111111011101101111111111010001010000001110111101111110111111111001000001000000111011110101011011111111111111111111111111111111000101001110111011010001010001101110110100010100001011101111000101001111111110010000000000001100100100000000000001000001000000000000111011110001010011101111100100000000000001001
-3545634121231923527,20,join_semilattice,1100001000000000000101000010000000000000111100101000110010010101001000000000000111111111101011111111111101101010111111110000001000000000000011110111101011111111110000101000000000011111111111101111111111110010101011011001111111111111111111111101001010001000000111010010100011000001111100101010111110011111001010001101100111010010100011001001111100101010111111111111001010101111101101000010000000000001
6442342564963600702,20,join_semilattice,1000010000000010000011101101111100110001101011011111001100001111111111111111011110001101111100110000000001000000000000001110111111111111011110000101001000100000100001001000001000001000010111100010000000000000001000000000100001011111001100001110110111111111011111101101111101110111000001000000001000001000010111100011000011111111111111111111111011011111001101111110110111110011001110001101111100110001
7132219624409399753,20,join_semilattice,1100010100010001000001000101000000010000111001111001000101111111111111111111111111101111111101010111000001000000000000001100011110010001000000000101000000010000110001011001000100001110011111110101011111100111101101010111010001010001000100001110111111111101011111000111100101010110111011111111111101110000010000000001000011101111111111111111110001111001000101101100011110010001001011000101000100010001
-2463722362356833836,20,join_semilattice,1111101101011111110101000000000000000000011010110000110011010111101100001100110101001000000010000101011111110101111111010100001000001000010101000001000010000100111110111101111111010111101101011111110111111111111111111111011110110001110011010100000000001000010001000010000011000101011110110001111111010111101100011101110101000011000011001101010000000000000001001111111101011111111101000000000010000101
-3221179243648952427,20,join_semilattice,1110001111011111111101000010110100111000001000101101001110011111011111111111111111111111111111111111011001111101111111110000001000000001100001100011110110111111000000101001000110000000001011010001100001100111111111111111000000000001000110000110001011011011111101100011110111111111000000101101001110000000000000000001100000000000000000001000011000101101001111110110001011010011101100000010110100111001
3197720587424460216,20,join_semilattice,1010100001110011100111111110111100111001001010000011000110011011100001110011100100001000001100011001101111000111001110011011111001110011100111111111111110111111101111101111001110010010100001110001100100000000001000011001000000000011000110011111111011111011110111111111111111111111001010000111001110010000000000000001000100000000000000001000111111101111001111011111111011110011111100000000000000000001
-7981887351117486687,20,join_semilattice,1010000000011100000011111100010111000110001000000001010000001011010001011100011010111100010111000110001001000001010001001111111111111101011011111101010111000110111111011111110101101010000001011100000011111101011111010110000000000001000000000000000000011000000000000000000101000000111111111111111111111111110101011101011011111101111111011110000000000000000001001010010001011100011011111101111111011111
-4397065670848945191,20,join_semilattice,1100100000010001000001001000000100010000111010010001110100001111111110011101111100001000000000000000111011111001110111111110101110011101011111001001000111010000111010011001110101111111111111111101111111111111101111011111000000000001000000001100100000011001000011001000000111010000111111111111111111110000100000010001000011101001000111011010111010010001110101111110100100011101001011101001000111010011
5453347204197369106,20,join_semilattice,1001110010100001001011011100111010111110111111011110111111100001000010100001000000011000101000010010000101001010000100001111111111101111111011011101111010111110000000001010000100001001110011101011011000000000001000000000111111111111111111111001110010101001011011011100111011111110100111001010101101100000000000100001000010011100111010111110100111001010000101100001000010100001001011111111111011111111
700216930579669181,20,join_semilattice,1011011110110111111111111111101111111111001000111000000010100011001110100011111010111111101101111111001101111010001111100000001000000000000000000011000000001000000000111000000010101111111111111111111100100011101000111110001101111011001111101011111110111111111100110111101001111110001000111000001010100010001110000011101000000000000000001000001000111000001011100000000000000000101000110111101101111111
-6964780134911693336,20,join_semilattice,1111111111111111111101000010011010011000011111100111111110010101001001101001100001011110011111011000010101100110100110000000001001100001100001111111111111111011011111101111111110010000000001100001100000000000001000000000010000100111100110000000001001101001100001000010011111011000010111100111111110000000000000100001100000000000001000001000011111111111111111110111111011111111101101011110011111011001
-7319124081644226091,20,join_semilattice,1111111111111111111101000001000010111000011111111101101111010101010100001011110001011101010110111101010001010000101111000101111101011011110100000001000000111000010111111101101111010101010101011011110001111111111110111101010101010001101111000000000000001011100001011111110111111111000000000000001110000000000000000001000000000000000000011000010000010000101111000101111111011011111101010101010110111101
1731148824776553968,20,join_semilattice,1000000100001001000011001001010010010100111111110111111111111101110101001111010010001001000010010000110011010100100101001100111101001111010000000001000010000000111111111111111111111000100101001001000011011101011011110100110111110111111101110000000000001000000010001001010011010000110011010100111101000000000100001001000011011111011111111111100010010100100101001101111101101111011111011101011011110101
3350912667037857815,20,join_semilattice,1100110000010001000001000100000000000000111011110101100101001111111111011011010001001100000000000000000001000000000000001100111101011001010011001101000100010100111011111101101101001100110101011001010011111111111110111110010011000001000100001100110100011001010011111111110111111110111011110101101101000100010000000001000011111111110110111110110011000001000101001111111111011011011011111111111111111111
-1621626196494035681,20,join_semilattice,1010000000000000000011101010010011101101001000000000000000001111111111111111111110101000010011100100111011100100111011011010101001001110010011101111111011111111111011101100111011011010000001001110010011101110111011101101111011111111111111111010000000001000010010100000000011000100101000000000111001001110111011101111110110101010010011101100101000000000000001001110111011101111111110101010010011101101
-7957585139107837494,20,join_semilattice,1110100001011110100001000000000000000000001000000000000000001111101001111111111100101000000000101000111111100111111111111110101001011110110011111011011111111111111111111111111111110110100001011110100011101010011111101111011010000001001010000110100000011110100001101000000101101000001000000000001010001110101001111111111100100000000000001000111010000101111011001110101001011110111011101010010111101111
-8838705580557598367,20,join_semilattice,1000001000001000100011000010000010001000111101110100110010111101001101001000100011111111111111111111110101110100100010110000001000000000000011000011000010001000111101111100110011111100001101001000100011110111111011011111111101111111110111110000001000001000100011010111010011001011111101111111111111111111011111001101111100000010000000001000111101110100110011111101001101001000101011010011010010001011
6235429080439036692,20,join_semilattice,1000110111111110011011001111111111101111111111111111111111111101111111111110111100001000000010000000000011011111111001101000111111111110111100001001000010100000000010011111101001100000100101001010000000001001011110100100000010010001101001000000000000001000000000001001111111100110000010000000101000001101111111111111111110001101111111101110000010010000101001000000100101111010011010001101111111101111
3085235280655209280,20,join_semilattice,1111111111111111111101011010001010011001011110101010111110110001000000000000000000001000000000000000011111101010111110110001101000101000100101111111111111111111000110101010100110010111101011101111111100011000001000000000011111101111111111110000100000001000000001011010101011111011010110101010101110110001101000101001100100011000001000001001011110101010111111110001101010101001101100011000001000000001
-7729530375579978015,20,join_semilattice,1111110111100101011101110101100001010101001100010000000001010001000100000000000001111101100001010101001101010000010001011111111111100101111100000001000000000000001101011000010001010111110111000101010101111101111001010101111111011111010101111111110111111101011100110001000001000101111111111111111111110011010110000101010111111101111001011111000100010000000001010111110111100101011100010001000000000001
-9111439653328345325,20,join_semilattice,1111110101101011111101111100011010111111001100000110101001000001000000000000000000111100011010100110001101000110101001101111111101101111111101111101011010111111111111111111111111110001000001100010000000010000001000100000111111110111111111110001000001101010000011111101011011111111000100000000001000000011010001101011011000110100011010111110000100000110001001000011000001101010011000111100011010111111
6775787015093308940,20,join_semilattice,1000001001001010011011000011011110110110111001110111101101111111011101111111111111101111011111110111110001110111101101110000001001001010011010000011010110110110111111111111111111110000000001000000011010000011011110110110100000100101101101100000000001001010011011100111011111110111000000000100001001101000001001001011011011100111011111111111000000000000000001100000000000000000001010000011011110110111
2445359291811860065,20,join_semilattice,1111011111010111111101100000000000000100001000000000000000000111000000000000010011111111111111111111011101011101011111110111001111000111111101100001000000000100011100011100001001010111000101000010010011110111111111111111011100011101011111111111011111011111111101110001110001111111011100000000001001000111000111000011111101110001010000101101000000000000000001000111000101000010111101110001010000100101
-8120190753713759033,20,join_semilattice,1101111111111110111101011110011110001111111111111111111111110001100000111000110000001000000000000000000111000011100011100001111001111000111101011111111111001111010111101111110011110001110001111000111100001000001110001100000010000001100000000000100000001000000001011110011111001111010111111111111011111101111111111111111100001000000110001100000010000001100001000001100000111000111000011100001110001111
-5004674524570390202,20,join_semilattice,1111110101111000111101011001011110001100011111010111100011010001000000000000000000011001011110001100000111010111100011001111111101111000111100010001011110001100111111111111100011110001000001101000100000010000001000000000000100000111100010000001000000101000000011111111111111111111111111111111101011111111111111111011111100010000001010001000000100000111100011000111110101111000111101011101011110001101
-36463141819895370,20,join_semilattice,1011101110000011110011111011110010111100001000101000000000000011001110000001000000111011100000011100111111111101111111010000001000000000000000100011100000010000000000101000000000001011101111000011110011111111111111111101111110111101101111001011101111001011110011111011110011111100001110111000001111000000000000000001000000110011100000011000001100111000000111001111111111111111111111111011110111111101
-6292739445463824545,20,join_semilattice,1001110010000001000111111110110111111111101111101000000110110001010010000001000000011100100000010001000001001000000100001001111010000001101111111111111111111111000000001000000000001011111011011111111111111110111111111111101111101001100110111011111010001001101110111110100111011011101111101001111110110000000010000001000010011100100000011011101111101001110111111001110010000001001100010100100000010001
-6941667653467390699,20,join_semilattice,1000101000000000000011011111011011001011111111110110110011111001111100001100100100001000000000000000100011100000100000000000101000000000000010001111000011001001111111111111111111111001111101001100101110011111011011001011111111110111110011111000101000001000000010001110000011001001111111110111111011111111111101111111111110001110000010001000110111110110110011111001111100001100101110001110000010001001
5017142044328065816,20,join_semilattice,1111111111111111111101100100000001101011001000000000010000000111010000001110101101111100011111111111000001000000010000000111111001111111111101111111111111111111011111101111111111110111010001101111111101110100001011111111011101000111111111110110010000001110101100000000000001000000000001000000011000000111010000001111111100100100000001101011011001000000111011110010010000000110001100100000000001000001
-3789679464470615670,20,join_semilattice,1100101111110111110101001011011100011000111011111111011111111111111111110111111100001001001000010000110011111111011111110000101100100001000000000001001000010000010010111111010111010000101101110001100000000000001000000000000010110011000100001111111111111111111101001011011101011100010010111111011111010000000000000001000000001011001000011000010010110111000111001100101111110111111101001011011101011101
2001754077193248240,20,join_semilattice,1011111111111111111111111111111111111111001011110000000101000011111100001001010100001110000000000000000001100000000000000000001000000000000000001111000000010000001111111000101101010011111111101111111100111111101011111111001111111111111111110010111100001001010000111111100011111101001111110000101101010000111000000001000000111111100010111101000011110000000101000011111110001011111100101111000010010101
-5969352448066445997,20,join_semilattice,1111001101111111011001000010011100000110011100100111100001100101001001110000011011111111111111110111111101110111111101110000001000010000000001110011011111110110111100111111111101110000001001110000001000000010001100000010000000000001000000000101001001111000011001110010011111110110011100100111101001100101001001110001011011111111111111111111000000100111000001100000001000010000001011110011011111110111
1002482475661425495,20,join_semilattice,1101000011000011001101010000000000100011111110001100101100110001000000000000001011011000110000110011111111111111111111111111101011101011111111111011111110111111010100001100001100110101000001000010001111111000111010111011111110101111101111111101100011001011001111111010111111111111000100000000001000100000000000000001001011011000110010111011111110001110101111110000000000000000001000010000000000100011
-1200769745776336207,20,join_semilattice,1101111010111101111001011010001111011110111111111111110111100001000000100001110000011010001111011110010111101011110111100001001000100001111011011111101111011110010110101011110111101101111111111101111000000000001000010000000100100011100111100001001000101001111000010010001111011110110111111111111111100000000000000001000000000000001000011000000000000000000101000001000000100001111011111111111111111111
1244266792543467300,20,join_semilattice,1010101011001101111111101110110011011111001010101000100111111111111111011101111100001000000000000001101011101100110111110000101000000001110111101111110111011111000010101000000111010010101011001001111111111111111111111111111011101101110111110000101010001001110100101010110011011111111011111101111111110000100000000001110100001000000000001101000000000000000001010000101000000001111100000000000000000001
5227761036281607604,20,join_semilattice,1000000010100000000011001011111010011001111111111111111111011001101111111101110110001000101000001001110111111111111111011000101110100001100110001001101000001001000000001000000000001000101111101001100100000000101000000000100010111111110111011000100110101000100110001001101011001001110110111111111111011000100110100001100100000000000000001000100010111110110111011111111111111111111110000000101000001001
4434448892299620345,20,join_semilattice,1000000100000010010011010101111000100110111111111111111111111001010100000010010011011101111000100111100001010000001001001101111111111011011100000001000000000000100101011010001001001001010101100010010010010101001000100100110111011111001101111101110111101011011111011111111111110111000000010000001001001101110111100011011111011111111110111111000000000000000001001001010101100010011011010101111000100111
-7714699704450705090,20,join_semilattice,1001110011011110011111011110111111111111111111101111111111110001110011011110011100001000000011000000000011001101111001111001111011111110011111111111111111111111000010001001110000100000100011011100001110011100111111100111000010000001110000000000000000001100000000000000000001000000000010001101111000111001111011111111111110011100110111101111000010001101110001110000100000011100001000001000100111000011
-8938987721754065251,20,join_semilattice,1100111111110111101101001111100100010010111011111111111111111111111111111111111100001001000100000000000011010001000100000000111110010001001000000001000000000000000011011001000100100100111111110111101100001101101100010010000000000001000000001100111111111111101101001111101101010011010011111011011100110000100100010001000001001111101101011011010011111111011111110000110100010001001001001111101100010011
-7603509584953940827,20,join_semilattice,1001011010101111100011010111111011111001111101111110111111110001011000101101100011111111111011111111000001000000000000000000011000000000000010010111101011111001000101101010111110001001011011101111100100000110001000010000111111111111111111110000011000101001000000000110001011010000000001100010101100000000011000000001000000000110001010011000100101101110111111011101011111101111111110010110101011111001
-5978316823362030480,20,join_semilattice,1111111111111111111101010101111001111101011101011110011111010001000100000011000001011101111001111101000101010000011111000111111111111111111100000001000000100000000101011100011111000001010101000111110000010101111001111101011111011111111111010111010111101111110100010001000001110100000000000000001000000000000000000011000000010001000001111100000000010000001001000111110111111111111100010101010001111101
3326154283946533820,20,join_semilattice,1011111111111111110001111110111111111100001111101111111111000001101011000101110000001010100001011100000111101100010111000000001010000000100000011111111111111100000000001000000010000000101011000101110000011110111001111100000111101111011111000001111011111111110000000010100001011100000111101100011111000000001010000001110000000000000000001000000000000000000011001111111111111111111110111111111111111101
4610869775673755998,20,join_semilattice,1010110100111000000011111111001111100000001000000000000000000011110100011000000000101100000110000000001001000001100000000011111100011000000000101101000110000000111111111111111111111111111101111111010000101101001110000000001000000001100000000010000000001000000010111111001111100000101111110011101000001111111100111111010011111111011111111111111111110011111001001111111100111110001011111111011111110101
8921671636349574250,20,join_semilattice,1110010100110111110001000100001101111100011001010011011111001111010100110111110011111111101101111111000001000000000110001111011100110111110001000101001101111100111101111011011111001111111111110111111100000100001101011000000001000001010110001111111111111111111100000100000001011000000001000001011110000000000000000001100000000000000000001000000001000001011111001111011110110111111111110111101101111101
-6948882086547604547,20,join_semilattice,1000101111100111110111001011111001111101111010111110011111011111101111111111110100001000000000000000111011111111111111010000101101100111110100001001000000000001000010111110011111010000100101100101110100001001001001010101111010111111111111011110101111101111110100000000000001000001000010010110011111010000100100000101010100001001001001011101000010010000010001011111111111111111111100000000000000000001
-1469200323175340720,20,join_semilattice,1001111011111110000111011110111111101001111111101111111010010001010011111110000100001100111111100001000001001110111000000001111011111110000111111111111111111111000000001000110000000000000011001110000000000000111011100000000001001111111000000000000000001100000000000000000001000000000000001000111000001111111011111111111100011110111111101001111111101111111011011111111011111110111100000100111111100001
-5041684019268922231,20,join_semilattice,1110100010101011010101101000001010100001001000000000000000001111111010101011010100101000001010100001111011101010101101011110101010101011010111111111101010110101001010001010101000011111111111101111111100100000001000000001111111111111111111110010000000101010000111111111101011111111001000000010001000010110100010101011000111111111101010111111011010001010101101011111111110101011011100100000000000000001
-7005045204075858799,20,join_semilattice,1011110111100001111111111101111010011111001000010100000000000011110111000000010100101001010000000101001011011100000001011111111111101101111100000001000000000000001010011100000001010000000101000000000000101101111000010101111111111111111111111011110111101001111100101101111001011111111111111110111111110010110111000001010100101101111000011111001000010100000001010010110111100001011100100001010000000001
-5025054955810086978,20,join_semilattice,1101010000011110111001010000000001100010111101010101111011110001000000000100000011111111011111101111010101000001111010101101011101011110111001010101000111101110111111111111111011111101010101011110111011110101011111101111010100000001011000100101000000011110101000000000000001000000000100000000011000001111111111111111111101010000000101101010010101000001111011100001000000000110001011010101010111101111
426985497056856396,20,join_semilattice,1010101110111111100011111111101111111111001000010000000000001011111110111111101000101011101110111000001001010011101000000010001110111010000000000001000000000000001000011011101000001111111111111111111100100001001000100000001000010001001000000010000100111010000000101011101111111000001000010000001000000010001110111011100000100011101110101000101111111011111111110010111110111111101010111111101111111011
-631846887725572254,20,join_semilattice,1000100000100111011011011110111111111111101111001011111111111001110010111111111000001000000001110110100011001010111111101001111010111111111111111111111111111111100010001010111101101001111011111111111100001000001001110110100010001011111101101000100000101111011000000000000001010110000000000000001101100000000000000001011010001000001011111110000000000000000001100000000000000000001010011100101111111111
3007579764832696242,20,join_semilattice,1100110011101011110101000000010000000000111111101110111111111101110011101011111101001000011010101000010011000110101111011101111011101011111111011111111011111111010011001110101111010000000001000000000001000000011010101000111111111111111111110100000001001000000011011110111011111111010000000100101010000100100001101011100001000000010010001000010010000110101011010100110011101011111101001000011010101001
4179665677352305489,20,join_semilattice,1111111111111111111101111110011011111111001010100110010001000011101001100100010100001010011000000100001111100110010001010000001001100000010001111111011011111111011111111110111111110000000001000000000000000000001000000000011111111111111111110011111001101111110100001010011001000100001111100110011001010011111001100111010100111110011001111101000000000010000001000011111001101111111100101010011001000101
-7854014003603854998,20,join_semilattice,1101000100010001011001000000000000000000111110111111111111110101000000000000000011011001000100010110111111111111111111111101101110011111111101000001000000000000110110011001000101101101100111011111111111011001101111111111010100010001000001001101100110011111111111011001000101010110110110011001011111110101000100000001010011011001100101011111010100010000000001000101000100010001011011011001100100010111
-8634580535034015327,20,join_semilattice,1111111111111111111101000001100000000011011000011000000000110111000110001000001101111101111111111111011101011000101000110111111111111111111100000001000000000000000000001000000000000111010111011011111101110101111111111111011101011001101111110110000110001000001101110101100111111111011000011000101000110111010110001011101101110101100010101011011101011000101111110000000010000000001000000001100000000001
286828737053185122,20,join_semilattice,1111111011101111111101100110111011111101001000100000100000010111011011101111111101111110111011111111001001100100101000010000001000001000000111111111111011111111001001101100101011010010001001001010000100100110111011101101111111111111111111110000000000001000000000100110010011101101001000100000101000010010011011101111110100100110010010101101001001100100101001010010011011101111111100000000000000000001
5707717749658073134,20,join_semilattice,1101101100101110000101011001001001100000111111110010111001110001000000100100000000001000000000000000110111110010111000110101101100100110000100011001001001100000111111111111111101111111111101111111011100000000001001000000111111110011111001110101101100101110000100000000000001000000000110000010011000001101111100101111001111111111111111111111110111110010111001111101101100101110001101011001001001100001
-1956761678165235714,20,join_semilattice,1010000100000000000011110101000100111110001000010000000000001011000100010010001011111111100100111110101101010001001001101111011100010011111000000001000000000000111101111001001111101111011111010011111011111111101100111110101000010001000000101111111111111111111111111111111101111111101000010001001000101011010100010011111010110101000100101110101100010001001001101010000100000000001011111111111100111111
721037685876471716,20,join_semilattice,1010011011111000100111111110111111101011001000101000100010011011011011111000101110111110111110101011001001101000100010010000001010001000100111111111111111111111000000001000000010000010011011001000100100100110111110001001001001101101100010010000000010001000100110111110111111101011101101101111101010111111111011111111111100000000000000001000111111101111111011111010011011111000101100000000000000001001
-8960488925642533565,20,join_semilattice,1001100101000000000011011001010000000010111110111111111111110001000100000000000000011001000000000000111111111111111111111101101101000000011100000001000000000000110110111110101101110001100101000000000011011011011010100111110110111111111111111101101101001000011111011011111011111111110110110100101001111101101101101011011111011011111010111111110110010100000001100001100101000000001011011001010000000011
-9119474346952607154,20,join_semilattice,1010001000100100100011100010001101011010001000100010000000001111001100111111101011111011001111111010111111111111111111110000001000100000000011100011001101011010111110111011111110101111101111111111101000000000001000000000101000100011010010001110001100111101101000100010001001001000111000110011111110101010001000110101100000000000000000001000111110111011111111111010001000110101101011111011101111111011
-8309277174041627600,20,join_semilattice,1000010001101011010111000100011010111101111001101110101111011101111011111111111111001110111011111111000001000010001101001100011011101011110111111111111111111111110001001110101111010000010001101011010000000000001000010100110001101111101111010000010000101011010011000110111011111111000000000010001101000000000000000001000010000100011010111101000000000000000001001100011011101011111100000100011010110101
-3137656644041004431,20,join_semilattice,1110001100010001010101100011000000010000001000000000000000001111111101111011111111101011001100011101111011110111101111110010001000000000000000100011000000000000111111111111111111111110001101111011110111100011001100011101001000100001000000001110001100111001110111111111011111111111111000110011001111010010001100000001000011100011000100011101011000110001000101011110101100111001111100100000000000000001
-5989106949880659112,20,join_semilattice,1011111111111110111111111111111111101111001011100000000000000011111111111110111100001110000000000000000001100000000000000000001000000000000000101111111111001101001011101011110011000010111011111100110100101110001000000000001011100011000000000010111000111100000000101110001101000000001011101111111011011111111111111111111100101110001111001000001011100011110011000010111111111110111100101110101111001101
6450043961923318236,20,join_semilattice,1010011000100111000011100110001011111100001000000000000000001111011110101111110111111111111111111101001001100010011100000010001000100111000011100111001011111101111001101010111111001111011111111111110100000000001000000000111101111011111111011010011000101111110000100000001001110000001000000010001000000010000000100011000000100000001000111000101001100010011111001111111111111111111110100110001011111101
-4025391611668805799,20,join_semilattice,1000000000000010000111000000000000100001111001000000001000011111010000110110000111111100001101100001110001000000001000011111111000110110000111111111111111101111111111101111111001011111111001110110000111100100001100100001111001000001001000011111111001111110010111100100001101100001000000000000001000001111111111111111111111111110011111101101111111100111011001011111111001111110011100000000000000000001
2903061861697620157,20,join_semilattice,1111111111111111111101000010001100001000011000100011001111000111001001110011110001111111111111111111011101100111011111000000001000000000000001110111011101111100011101111111111111100110001001110011110000000010001000001000000000100011000010000111011101111111110001110010011101111100000000100011001010000100001000110011110000000010000000001000010000100011001011000111011101111111111001110111111111111111
6509534327786778462,20,join_semilattice,1111111111111111111101111110111111111111001111101111111111100001001000010011100000011010000101111000000111100001111111000000001000000000100000111111111111111110000111101001111111100001101001011111110000011110111111111110000000100001000110000001101000011111100000010010000101111000000000100001001110000000001000000001100000000000000000001000000110100001111111000001111000011111111000111110111111111111
2484519437224125913,20,join_semilattice,1101101111111111111101001011110111111111111111111111111111110101101111011111111100001000000101011001110111111111111111110000101001011101110100001011110111111111000010001101110110010000100001010101100101011011111111111111000000000001010110010000100001011101100100000000000001011000000010101101111111010000000000000001100000000000000000001000000010000101110111010000101011011111111100000000000001011001
-6786518104641818457,20,join_semilattice,1111111111111111111101010111010010011100011111110101111111010001000000000000000001011111010111111101000101000000100000000001011101001001100000010101000010001000011111111111111111010001000001000000000001111111011111111101010101110101111111010000000000001000000001010111010011011101010101110100101111000001010101001001100000010100000010001000000101110100100111000111111111111111111101010111010010011101
1124376787180957360,20,join_semilattice,1111111111111111111101010011001001110000011100110010011100100001001100100101000001111111101101111111011101111011011111110000001100100100000000000001001001000000011100111010011100110111111111111111111100000000001000000000011100111011011100110111111110111111111100000000001001000000000100110010011100000000001100100101000001110011101101111111011100111011011101110101001100100111001001110011001001110011
5956095378843781321,20,join_semilattice,1110000000001000100001000000000000000000011000000000000000001111011110111011111011111111101110111110111001000010100111101110011010111001111011100111101110011110111001001010100111101111111111111111111101100000001000001000111001001011100111100110000000001000100011111111101111111110111001111011101111101110000000101001101001100000000000001000111000000010100111101110000000101000101011111111101111111111
1268543526899904128,20,join_semilattice,1000010100011001010111001101011110110101111011010111101101111111111101111011011110001101011110110101000001010001000000011110111101111011011100000001000000000000111111111111111111111000010101111011010110000101001110010101000000010001000000010000010100011001010111111111011111110111100001010001101101010000000100010001010111111111011111111111000000010001000001011100110101111011011100000001000000000001
-5543291554382666859,20,join_semilattice,1100001100010001001101000010000000000000111000110001000100110101001000000001001111111011000100010011111111111001000101110000001000000000000000000001000000000000111110111001000100111111111111011101111111111111111111111111010000100001000100111111111110011101111111111111100101011111111111111101111111110100001000000001001011111011100100011111111110111001000101110100001000000000001001000010000000010011
-6950822073589333434,20,join_semilattice,1101110111011101111101010001100100000001111111111111111111110001000010000000000001011101100101011111010101011001010011010101111111011101111100010001100000000000000000001000000000000101110111010101111111011101111111011111000100011001000000000101110111011101111101010001100101000101110111111111111111110101000110010001010101010001100101001101010100011001000001010101000110010101111100010001100100000001
7014651096321636024,20,join_semilattice,1110100000001101001101001000000001000010001000000000000000001111111111111111111100001000000000000000111011111111111111111110101101011111111111101001000011010011111010111101111111111110100101001111001111101011111111111111111010010101111110110110100000001101001100001000000001000010111010010000111100110100100000000101001111101000000011011011111010010101111111110000100000000000001001001000000001000011
-8762808817362124745,20,join_semilattice,1100010010001100110001000000000000000000111001001010110011001111010011101111110011111100111111111101000001000000010000001111111111111111110111110101111011111100000000001000000000001110010011101101110011000100101011001100111101001111111111000100010010001100110000000000000001000000111001001110111111001110010010101101110000000100100001001100000001001000010001001111111111111111111111110100111111111101
-7594217783326931831,20,join_semilattice,1011100001000001000011111101010001010101001000000000000000000001000000000001000000101000000000010000101111010100010101011111111101000101010110111001010001010100111111111101111111110011100001000001000011111111111111111111111111110101010101011111111101011111111100111000010001010100111111110101011101010000000000000001000011111111010101111111001110000100000101001111110101000101011100111000010000010101
9096842542976029726,20,join_semilattice,1000101011011111100111001111110111111001111011111101111110111111111111011111101100001010110110111001100011111101111110010000001011001010000010001011110111111001000000001100100000000000000001000000000011111111111111111011000000101101101000000000000001001000000000001010110111111001000000001100101000000000001011011011000000000010110110111000111111111111111111111100111111011111101100000010110110110001
-5985816563737749895,20,join_semilattice,1101111111001001110001001111110010011100111111111110110111010001111111001001100000001000010000010000000011010100000100000000111111000001000000000001010000010000000011011100000100000000000001000001000011011111111011011100111111111111110111010000111111001001000011011111110011011100111111111111111111110000000000000001000000001111110010011000000011111100100111001111111111111101111111011111111011011101
-4538279999906197274,20,join_semilattice,1111111111110111010101100101010100010101001000010000000100000111011101110111010101111111011101110101001001010101000101010010001101010001010100000001000000010000011111111111011101010010000101000001000001100111011100110101001000010101000101001111111111111111111101100111011101110101011001110101001101010000000000000001000011111111111101111111001000010100000101001111111111110111011100100001010100010101
7231656011266805557,20,join_semilattice,1111111111110101111101111011111001011111001100110000000101000001000000000000000000111011000000010100011111111111010111110001001000000001000000010011000000010100001110111100010111110011101101000001011100111011111001011111001110111111010111111111111111111111111100111011000001010111111111111111011111110001000000000001000000111011010001011111000100000000000101000011101100000001011100111011000000010101
6162790572497015707,20,join_semilattice,1111111111111101111101111111111111011111001111100001110111000001000000001000000000011110000111010100000101000000100100000001011000011001010000111111000111011100001111111001110111000011111111111101111000111111101111011100000101000001100100000000000000001000000000010110000111010100111111111111111111110001000000001001000000010110000111011100000100000000100101000011111110111101111000111111111111011111
-7775332856870853187,20,join_semilattice,1010010001100000011111100100011000000111001000000000000000001111110111100111011111101101111001000111001001000110000001111111111111111111111111100101111001000111111001001110010001110010000001100000011000100000001000000110111111011111011101111111110111111111011111100100011001000111111001001110011001111110110111100101011111111101111111111111001000000000000001100000000000000000001000100000001000000111
-218940671102418042,20,join_semilattice,1001000000110000000111111111011101011111101111110111010011010001000000000000000010011100001101000001100101000011000000011001111101110100000110011101011101000001111111111111110111111001110001110100000100010000001100000001000100000001000000001011111101111100111110010100001101000001111111111111111111111011111101110101111110011111011101001001100111110111010011011011111101110100111100010000000100000001
-453043202982598515,20,join_semilattice,1000010001010010000011010110011101111101111111100111011111011001011001110111110011011110011101111101000001000101001000001000011001010011010010010111011101111101111111111111011111010000000001010010000010000110011101110100000000000001000000001111111111111111111110000110010101110100000000000000001000000000000000000001000010000110011101111100100001000101001101001111111111110111111110010110011101111101
-8105522542097174962,20,join_semilattice,1000000000000000000111111010111010101001101010101000001000011011101011000010100110001010100000100001111111111110101111110000001000000000000011111011111010101011100000101000001000011010101011000010000110111010111010101001111111111111111111111011101011001010100111111111111011111111100000100000001000011111101111101011111110101010110000101001111110111110101011111111101011101010101100000000000000000001
5665801441765964340,20,join_semilattice,1110000100000011000001100000000000000000001000000000000000001111111110010011000011101111000000110000111001110000001100001110001100000011000001100001000000100000111011111001001100001111111111011111101111111111111111111111111000010001001100001111111110011111101111101111100101110000011000000000001000000110000000000011000011101111100101111000111111111101111111111110111100000011001011111111100101111001
-1983577071708131746,20,join_semilattice,1110011010010001110101100010000100001101001000100001000010011111011110011001110111111111101110111111001001100001000111010000001000000000000011100111100100011101001001101001000111011111111111111111111111110111101110011111000000100001000010001110011110011001110111110111101111111111111101111011101111110010001000010001110100000010000000001000001000100001000011010010011000010001111100000010000100001001
-2781452757788569322,20,join_semilattice,1100101001101110001101000000000000000000111010111111111110111111101111111111101101001010000000000000111111111111111110110000001000000000000011001011111111111011110010101110111000110100101001101100001101001010001011000011110010100111111000110100101000001100001101001010000001000000010010100110111000111100101011111111101111001010111011101011111111111111111111110100101000000100001001001010000000000001
-2991517871358584583,20,join_semilattice,1010100111000111100101111001110001111011001010000000010100010011100111000111100100001000000000000000111111111111011110111111101111010111101100101001110001111001001010001100011110010010100001000101000111111011111101111011111110011101011110111111111111111111101100001000000001010001001010000100011100010000000000000001000000101000010001111001111111111111111111110010100011000111101100000000000000000001
8782145679365447906,20,join_semilattice,1111111001011010111101010000000000100000011101000100101000010001000000000000000001011000010010100001010101000100101000010111111001011010101101111111010110101011011111111101101010110101000001001010000111111111111111111111011111000101101010110101000000001010000011111111110111111111000100000000001000001111111111011011111101011100010010101011011111000101101011110101110001001010001101010000000010100001
-7130470373588073487,20,join_semilattice,1000100011100111010111111101111001110101101010001110011101010001100011100111010100001000000000000000101111011110011101011111111111101111010110011001111001110101000010001110010000010000100001100100000100001000001001000001111111111111111101111111110111101111010100001000000001000000000010001110011101010000100011100101000111111111111111111111000010001110010101011111111111101111011100001000000001000001
2215815065401303816,20,join_semilattice,1001011100001100001001000110000011000010111111110011110100100001011000001100001010011111000011000010000001000000100000000000011000001000001000010111000011000010111111111011110100101101111101111101001011011111001111010010110111110001110100100000000000001000000000000110000011000010111111111011111100100000011000001101001011111111111111111010111111111111111111100000010000001000001011111111111111111111
8219565314691448120,20,join_semilattice,1011100101111010010111111011011110101101001110010011101001000001000000000000000000001000000000100000111111111111111111111011101101111010110100011001001000100000111110111111101111010001100101111010010000010000001000100000000110010011001000000001100100111010000011111011111111111101000000000000001000001111101101111011110100111001011110101101000110010011101001001111101111111111111100111001011110100101
-3827265342897764031,20,join_semilattice,1010011100101101101101100111001011011011001000110010000010011111011110111101101111111111111111011111001001110010110010010000001100100000100100000001001000000001111001111011110110110110011101101101101100000000001000000001011001110011110110110010001100101100100100100011001001001001111111111111111111110010011100101101100100000000001000001001111101111111110111110010011100101101101100000000000000000001
1025254557097863720,20,join_semilattice,1111111011111111111101101100111000011100001011001010000110000111110011111001111100001000000000000000000011001000000100000111111011111011111111111111111111111111000000001000000000000010110011100001100000001000001000000000011011001111000111010110110011111001111101111110111111111111011111001111101111110000000010000001000000001100101000011000001011001110000111000110110011110001111101101100111000011101
6813551700308704335,20,join_semilattice,1111111111111111111101111011010001101100001010000100000001000001100000000000010000001000000000000100011111110100011011010011101001000110110000111001010000101100011111111100111011010000100001000000010001111111011011101101011111111101111011010111111101001110110100111000010001101100001010000100001001000111111111001111110100111000010000101100000000000000000001000111111111001111111101111011010001101101
-2031456178384468874,20,join_semilattice,1010110111111110011111111101111111111111001011011111111001101011110111111110011100001100101000000110000001001000000000001111111111111111111100001101101001100110000000001000000000000000110111100110011000000000001000000000000011001011010001100000110111111110011000001100101001000110000011001010011001101011110111111111111110111101111111101111000001001000000001100000010010000000001000101101111111100111
3527220499209393360,20,join_semilattice,1001011000001110101011111111010011101110101101110000111010100001011000001110101010111111010011101110000001000000001000000000011000001110101010010111000011101010111111111101111111111011011101001110101011111111111111111111111111110101111011100000010000001010000000000100000011100000000000000000001000001111111101001111111000000100000011101010101101110100111011100000010000001110001011111111010111101111
4419091330106435159,20,join_semilattice,1001101111111111111111111111111111111111101111111111111111110001101100010001111000001000000100000010100111111111111111110000101000010001011000001011000100011110000110111111011111100001101101010001111000011011001101111110000000000001000000000001101111111111111000011011000101011110000010110001001111100000100000010001001000001010000100011110000010000001000001100000000000000000001000011011111111111111
-3763099639637739344,20,join_semilattice,1111101101011111101001111001010110111000001010000101101000000011100001011010100000001000000100000000111111111101111110100111101101011011100000111001010110101000111110111101111110100000100001011010000011111111111111111111000000000001000000000000100000011010000001111011010111111000000000000001001000000011100101011011100000101000010110101000111110111101111111100111101101011111101011111111110111111111
6094037689090253994,20,join_semilattice,1100111101100001111101001100011000000110111111111111011111111101111101100101111100001000001000000000000011000110000000000100111001100000011001001111011000011111010011111110000111110000100001100000000000000000001000000000010011111111000111111111111111111111111101001110011001011111110011111110001111110100111001100001011101001110011000011111000010000110000001000000110001100000011001001110011000000111
8270688127895009873,20,join_semilattice,1000011110011101111011001111110111011111111111111111111111111001111111011101111110001111110111011110000001111001110101100000001110011101010000000001100111010100000000001001110101000000011111011101111011011111111111111111000000000001110001000000000000001000000000000000000001000000110011111101111111110000000000011101010000000111100111011110000000000000000001000000001110011101011010001111110111011111
-1026735016415560177,20,join_semilattice,1000100001010100101011001001110101001010111111111111111011111101101111011110101100001000000000000000110111111101111011111100101111011100101100001001010101001010100010011101010010100000100001010100101011011111111111101111000010000001010010101100100111011100101000001000000001001000110010111101111010111111111111111111111100001000000000001000110010111101111011110000100000000100101011001001110111001011
958084429540834747,20,join_semilattice,1111111111111111111101111110011011011010001010000110110110100011111001101101101000001000010010001000000011000110110010100000111001101100101001111111111111011010011111101110110110100000000001000000000000001000011010001000011111101111110110100000000001001000000000001000011011001000011111101110111110100000100001101101101000000000010010001000011111101110111111100000100001101100101001111111111111111111
-2903032910849319530,20,join_semilattice,1110111000101101111101100110001011011111001001100010110001101111111111111101111101101110001011011111000001100010010001100000001000100100011001100111001011011111111011111111110111110110011001101101111100000000001000000000111011110111110111110000001000101100011000000000001001000110111111111111111111110010011000101101011000100110001011011110000000000010000001100000000000000000001000100110001011011111
-2994396493191822254,20,join_semilattice,1111001000101100011101100010001011000001001000100000100000000111001000101100000111111111111111111111111101111111111111110000001000001000000011110011001011000111111100111010110001111111001111111110111100100010001011000001111100100011111011110000000000001000000000100010000011000000111100100010111001111111001111111111111111110010001011101111011100100010110001110111001000101100001100100010000011000001
3428135765048481631,20,join_semilattice,1111111101111111111101111111011111111111001001000000000110010011010000000001100100111100000011111101000001000000000110010011111101011111111100111101010111111111111111111111111111110011110001001111110100111111011111111111001111000001111111010011010000001101110100110100000001011101001101000000001110010000000000000001000000000000000000011000001101000000000111010011110001011111111100000000000000011001
8349669389624988690,20,join_semilattice,1111110111101111111101111101010001011111001111010100010111100001100001000001001000001000010000010010000111010100010100101111111111101111111100011001010000010010011111011110111111110000000001000000000001111101011001011111111111111111111111110111110101101101111100011001010001010010011111010110111111110000000000000001000000011101010001011110000111010100010101100000000000000001001000111101010001011111
-7407138373401374629,20,join_semilattice,1000111010101011001011001110101010110010111011101010101100101111111011101111011000001110101010110010000001000010001100100000011000100011001011111111111011111111000001101010101100101110111011101111011000000000001000010000111111111111111111110000011000101011001011101110101011110110000000000010001100100000000000000001000011111110111011111110111011101010101101100000000000100001001011111110111011111111
-1577753960660571125,20,join_semilattice,1110010101010001000101100101010100010001001000010100000100011111111111111111001111101101011101010011001001010100000100011110111111111111001100000001000000000000111001011111010100110000000001000000000011100101011100010001001001010101000100011110110111111101001111100101011101010011111011010111011100110000000101000001000111111111111111111111111111111111111101111110010101110001001100000000000000000001
3024774683699085748,20,join_semilattice,1011011010111111110111111110111111111101001100001000010111000001000000000101010000111110101111111101001101101001111111010011001010000101110011111111111111111101000100001000010101001011011011111111110100110110101111111101001100101001111111010011001010001111110000000000000001010000001100001000011111000000000000000001000000010000100001011100000000000000010101001111111111111111111100110010100011111101
-8683851538408024207,20,join_semilattice,1110000001010100010001000000000000000000011000000001010000001111100001010110011001101000010101000100111111111111011111111111101111110111111111111001110101101110111110001101011001100110000001010100000011111000111101101111010000000001000000001111111111111111111101000000000101000000111010000101011001101111100111110111111111111000110101101110011000000101010001001110100001010100011011101000010101100111
-7049039974338524258,20,join_semilattice,1000000000000000000011010000000000101011111100011110001011111001000000000000001011111111111011111111111101111110011111111111001111100010111111010001111000101111110100001110001011111101000001100010111111010000001000101011111111111111111111111111011111101111111111110011111001101111100100000000001010111111001111100111111110010000000000001010110100000010001011110000000000000000001010010000000000001011
-4792185486767121121,20,join_semilattice,1100000000010000001001000000000100000010111100001011110011101101000010111100111011111001101111101111111111111111111111111111101111111111111111110001101111001111110000001011100001101111100111111110111111000000001110000010000000000001000000001100000000011000001011000000101111001110111100011011111011111111100111111111111111000000001110001110110000000011100001100000000000010000001011010000101111001111
-587258183682183025,20,join_semilattice,1110010110101101100101000000000000000000011001011000110110011111011111111111100111101111111111011001010001000000100000001110011110101101100101000101100010011001010001001000100110011110010111101101100101100101101011011001111001111111110110010100000000001000000001000100100011011001111001111111111110010100010000001001100001000100000010001000111111111111111111111110011111111111101101000100000010011001
-324091642811203277,20,join_semilattice,1110110111111001111001001001101000011100011011011111100111101111110111111011111100001001000000000000010011011011000111001111111111111011111100000001000000000000000010011010000111000100110111111001111000001001001000011100010010011011000111000100110110111001110011111111111111111111111011011111101111110000000100000001110000000000000000001000000000000000000001000100110110111001111011101101111110011111
-1669794642105739263,20,join_semilattice,1010001111100111010111111111111001110111001000100100011101011011101111100111010110101011111001110101101111111110011101010000001000000111010100100011010001110101001000111100011101010000001001000111010100100011111001110101101111111111011101111111111111101111011100000000000001010000000000000000011100010000000000000001000011111111111111111111000000000000011101011011111111100111011100000000000000000001
-3389339535189436768,20,join_semilattice,1011111111111101111111111111111111111111001110100001000111110001101000010001111100001000000100011010001111111011010111110000101000010001101100111011000100011111001110111001000111110011101111010101111100111011101101011111000000000001000110000011111111111101111100111011100101011111101111111111111111110000000000000001000000000000000000001000000010000001000111110000000000010001101000001000000100011011
-1621255818834142620,20,join_semilattice,1000001000000010100011110110100110101010101000100000001010001011001000000010100011111111111111111111101101100000101010000000001000000000100010110111100110101000101101101001101010001011011111011010101011110110101110101010101101100001101010001010001000001010100011110110101111101010000000100000001010001111011111111111111100000000000000001000101101111101101011101011011010011010101011110111111111101111
4822522892811217164,20,join_semilattice,1111000110001001001101100000000010010011001000000000000000100111000000001001001101111001101010010011111111111111111111111111101111101011001101110001000010010011011100011000100100111111100111101011001101110001101010010011111110111111101101110000000000001000000011111011111111111111111110011010101100110010000000000001001011111011111110111111111110111110101101110000000000000000001000100000000010010011
-9076456107754902457,20,join_semilattice,1000000000001000000111000011100010000101111110111011110001111101101110111000011111001011100110000101111111111111111001111000001110001000010110000001100010000001100000001000100000011111101111111100011111001011101110000111110000111001100001010000000000001000000011011011101111000111111110111111111001111111111111111111111111111011111111101111100000011000100001011100101110011000011100000000000000000001
-4023989624393579903,20,join_semilattice,1101111111011011101001000000000000000000111111111101111110110101111001011011101000001000000010000000010011100001101110100100101000011011101001011111110110111010010111101101101110100100111001011011101011111111111111111111010010000001100000100000000000001000000011011111110111111011000010000000101000000100100000011011001001001000000110111010110111111101111111110100000000000000001011011111110110111011
-5875833574653254785,20,join_semilattice,1111110110101101110001000000000000000000011100011000010101000101000110000001010001111101101001011100011101011000010101001111111111111111110001000001100000010100010000001000000000000111010111100101010001110101101001010100111111011111111111000111110110101101110001010001100001010100111111011110111111000100000010000001010001110101101001011100010000001000000001001111111111111111111011111111111111111111
-4105290843368523298,20,join_semilattice,1111101111111011111101010001101000110111011110011011101101110001000010100011011101011001101000110111111111111111111111110101101110100011011100010001101000110111000000001010000101100101100111100011011100000000001000000000010110011011101101110101100110101011011111111011111111111111000000001010001101100000000000100001011001111001111110111111000000000000000001000000000000100000001000000000101000010111
-4942968039108687214,20,join_semilattice,1111101111111110111101010001001000001111011110010010000011110001000000000000000001011001001000001111111111111111111011110111101100111100111100000001000000000000011110111011110011110111101111111100111100010001001000001000011110010011110011110111100100101000111101111001001001001111011110111011111011111111111111111111111100010000000000001000000100010010000011000001000100100000111100010001001000001101
1198615251364675871,20,join_semilattice,1000000000000101100011011100111111111001111111001111111110011001110011111101100110001100001111011000100001000000110110001111111111111111111111011101111111111001100011001111110110011000110001111101100110000100001011011000100001000001110110000000000000001101100000000000000001010000100111001111111110010000000000000001000000000000000001011000110111011111111111111101110111111111101110001100001111011001
-7368953870241781209,20,join_semilattice,1100010100000100000001000000000001000000111001110000011000101111011110000110001011111111110111111011010001000000010000001100011100000110000001000101000001000000111001111000011000101110011111001110001111111111111111111111111101111101111000111110011100001110001000000000000001000000110001010000011000001111011111011111101111100111110011101011111101111101111111111100011100000110001011100111000001100011
280078854122712891,20,join_semilattice,1011101010000110011111111110111111101111001100000000000000000001000000000000000000111000000000000000101111101010011011110011101000000100001111111111111111111111001110101000011000111011101011100110111110111010101001100111101111101111011011111011111011111110111100111000000001000010001110100000011000111011111010100111111110111010101001101111001110101000011001110001000000000000001000111000000001000011
7080015309355786872,20,join_semilattice,1000000000000101100011000111011001111111111001110111111111111111011101111111111111111111111111111111100001000010010110001000011101100101100010000001001001011000111101111111111111111000000101100101100010000000001001011000100001110111011111011000011101111111110100000000000001000000100001000010011110000000000000000001000000000000000000011000100001110110011111011000011101100111111110000111011001111001
-1221858797152388416,20,join_semilattice,1010011001011101001111100110111111111011001000100001110000111111011111111111111111111111111111111111001001100001110000110000001000000000000111100111111111111111101001101111111110110010011001011101001110100110011111010011000000100001110000110000001000001100001100000010000001000011101001100111111110110010011000011101001110100110011111011011101001101111111111110000001000000000001100000000000000000001
-5247760020842466787,20,join_semilattice,1101001110011010010101000000000000000000111110111111101101110101001100011010010111011011110110110101111111111111111111110100001000011010010101000011000110100101010100111001101001010101001111011010010111011011111110110111010000000001101001010000000000001010010111011011111111110111000000000000001000001101001110011011010111111011111111111111000000000000000001001101101111011011011100000000000000100101
-2061143990990638413,20,join_semilattice,1001000000000011000101010000011000100001111101001111101100010001000000000010000111111111111110111111110101001111001100011111011111111011100111010101111110110001110100001111001100010001000001000010000100010000011000100001000100000101001000011101010011111011000111111111111111111111000000000000001000010001000000000011000111110101111110111001111101111111101111011111011111111011111100000000000000000001
-5860548437744326439,20,join_semilattice,1001110001001111010011011100011011110100111111001110111101010001110000001111010000001000000010100100000011000000111101001101111001101111011011111111111011110111110111001110111101010001110001001111010010011100011011110100111111111111111101110000000000001010010000000000000011100100000000000000001001000000000000001111010011111111111111111111000000000000000001001101110001101111011011011100011011110101
9125045699322087037,20,join_semilattice,1111011111111111111101000000000000000010011000111111101110100111001111111111101011111111111111111111011101111111111110100100001000000010001001000011100000111010010000101000001100100100001111111011101001000011101110111010010000111001001110100100001110011011101001100011111111111010010000000000001000100100001000000011001001000010100000111010011101111111111111110000000000000000001001110111111111111011
5639864920650470834,20,join_semilattice,1111001111110101111101110011111101011010001100100000000010000001001000000000100011111011111111111111111111111111111111110000001000000000000000000001000000000000000100111110010110100001001001000000100000010010011000001000001100111111010110101111001111111101111100010010011001001000111100111111111111110001001101100101100000000010000000001000011100111111010111110001001001100100101001110011111101011011
404188067273153200,20,join_semilattice,1101110111011110111101000000000000000000111111111111111111110101100111010110111101001000100100000011010111011101011011110101111111011110111101001001110101000111010000001001000000000100000011010000000101011101111111111111010000000001000000000101110111011110111101001000100101000011010010011101011001110101110111011111111101001001110101101111010010001101010001110100000010010000001101000000100100000001
4964779712608502472,20,join_semilattice,1111111111111011111101010010000000110111011110100101001111110001000000000000000001011010000000110111011111111111101111110001001000000011011101011011010100111111011110111111101111110101101001000011111101111011011110111111010110100101001111110111101001011011111111111111111111111111000000000000001000000000000000000001010001011010000000111111000000000000000001000001000000000001011000010000000000010111
2238325316018049111,20,join_semilattice,1101010000000001011001010100000000000010111111111110111111110001010000000000000011011101101011111111000001000000000000001101011110101111111111010101100000111111110101001000001111111101011111101111111111010101101010111111111111111111111111111101010110001011111111010101101011111111000101000000001000100101010000000001001011010100000000011110010101000000000101100001010000000000001011010100000000111111
-9043542475219396154,20,join_semilattice,1111011111011101011101110101110110010101001000000000000000000001000000000000000011111111110111010111001001000000000001010111011111011001011100110101110000010101001101001100000101010011010001000001010111111111111111010111001101001101000101010011010111011001010100110101110111010101111111111101111101110011000000000001010111111111111111111111000000000000000001000111010111011001011100100000000000000101
2131578980642601843,20,join_semilattice,1011000000000100000011111110010001011000001100000000000000000001000000000000000010111010010001000000101111100100010000001011001001000100000011111111110111111010111111101100111110101011000001000100000011111111111111111010111111101101111110101111111001001101100000000000000001000000101110100100011000001011111001000101100010111010010001001000111111111111111111111111111001000111101011111111111111111011
-7570614284617710206,20,join_semilattice,1100111000101111111001001110001011110110111011111111111111111111111111111111111100001000000000000000000001000000000000000000111000000111000011001111011011111110110011111111111111111100111001101111111000001110001011110110110011100111111111100000111000001111000000001000000001000000000011000000001100000000110000000001000001001110001011111110000011100000111101100000111000001111001011001111011111111111
-8909494918826732096,20,join_semilattice,1011111101010101000011111111011101010000001000010000010000000011000100000100000000111101000101010000001101010000010000000011111100010101000000000001000001000000111111111111111111110011111101010101000000111111001101010000001100010001010000001111111101111101000000000000000001000000001111110101011100000011000100010101000011111111011111111111111111110111110101011111111101111111011111111111011111010001
-8481180888934978113,20,join_semilattice,1000000000000010000011000100001000101111111101001010001111111101010010100011111111111101111111111111100001000000001011101111111111111111111111110101101000111111110001001010001111111111010111111111111110000100001000101111111101011011001111111111010110111011111111110101101001111111000000000000001000001100010000100011111110000000000000101000100000000000001011101000000000000010101010000100000000101111
1465480778396548415,20,join_semilattice,1000000000000001100011110101110000011000101000000000000110001001000000000001100011111101110000011010101101011100000110001111111111010001101010000001000000011000101100011000000110001000000001000001100011111111111100011010111111011101000110101111111111111001111111111111111101011010111111111111111111110000000000000001000000000000000000001000111111111111000111101111010111000001101011111111111100011011
2372139835628451061,20,join_semilattice,1011111111111101011111111111111111111111001011111111110101110011111111111101011100001110010101010101000001100101000101010000001000000000000000001111011111010111000011111111110101110000000001000000000000001110011111010111000000100101000101010000111001011101010100000010010001010101101111111111111111110000001001000001010010111111111111011111000000100100000001000000111001011101011100000010010000010101
7434974552303820603,20,join_semilattice,1000000001000011000111000000110000110011111111111111111111111101101011000111101111001010110001111011110111111100111110111100001011000111101111011011110011111011100000001100001100110000000001000011000011011111111111111011110111111101111110111101101011001111101110000000010001111011000000000000001100000000000000000001000010000000010000111011110000101100011111111000000001000011001100000000010000110001
-6042046128807389186,20,join_semilattice,1111111111111010011001111111111010100110001111111110101001100001111101000000010000001010000000000000000001000000000000000000001000000000000000000101000000000000000111111100001001100000011101000000000000011111111010100110011111111111101001100001111111001010011011111111111111111111000111110100001001000111111111111011011101111111111110111111000001110100000001000001111101000010011001111111111110100111
-4510133757790487611,20,join_semilattice,1000000100010010010011000001100100100110111000011001001001101111010111111111111111111111111111111111111001011111111111111111011111111111111100000001000000100000000000001000001000001110000111111010011110000001001100100100000000010001001001001110000110111010011111100001111111100111000000000000001000001110000111111111011111100001111111101111000000010000001001001000000110010010011011000001101100100111
9039041729772292474,20,join_semilattice,1000000000101101110011110010011011111101101100100110111111011001001000101101110011111010111111111101111111111111111111111000001000101101110011111011111111111101100100101110111111011001001001101111110000000000001000010000111100100111111111010000000000101101110000000000001001011000100100100010111111000000000000000001000000000000000000001000000000000010010111001111101111111111111110010010011011111101
4214768557971060894,20,join_semilattice,1101011110011010011101000000100010000001111111111001111011110101001110011000010111011111100111101111010101111001100001010100001010001000000101000001100110000001000000001000100000001111111111111110111111011111101111101111010000001001100000010000000000001000000011010111100111100111010101111001101001011111111111111111111111010111100111101111010000101000100001010101011110011010011100000000000000000001
6808731734722737255,20,join_semilattice,1000010010100000100011000100101000001000111111111111111011011101010111111110110011011111111111101100000001000000000000001100011110111110110011000101101010001100000001001000000000001100010111111100110000000100101000000000110001001011100010001100010010101000100011000101101111001100110001011011111011001111111111111111110100000100101000001000110001001010100011001111111111111111111111011111111111101101
-7371555168047946467,20,join_semilattice,1111111011110110010101110010111000100100001100100100000000000001000000000000000001111010111000100100011111101110001001000001001001000000000011111111111101100101001100101110001000000001000001000000000000110010011000000000011111101111001001011111111011111110010101111110111001100101001100100110001000001111111111110111010111111111111111111111001100101110001001001111111011111110011101111110111000100101
-1387012544199848425,20,join_semilattice,1111111111111111111101110001110011101001001000000000000000000011000111001110100101111001110111101001011111011101111110010111111111011111111100100001000000000000001000011100010000010010000101000000000101111101111111111111001100011101111010010010000111001110100100100001010001000001001000011100011000010111100111011111100100100001110001101001011111011101111111010111110111011111111100100001000000000001
-5468628449818523260,20,join_semilattice,1000010110010110010111001101100111101101101111011001111011011001110110011110110110001101100101100101000001010001010000001111111111111111111100000001000100000000000001011001010000011011110111011110110110111101111111101101000000000001000000001000110110011110010100000000000001000000000001010001011000011011110111111111110110001101100111101101000001011001010001011111110111111111111100000101000101000001
601238028410391570,20,join_semilattice,1000000000000000000011111010011111001001101010000000110000011011101000011100000110001000000001000000101111100111110000011010101000011100000111111111111111111011111111101111111110111011101001011100000110111010011111000001101010000001110000011000000000001100000010000000000001000000111111100111111110011111111001111101100110111010011111001001111111111111111111111111111001111111101110001000000001000001
-6499461167877493172,20,join_semilattice,1000000000100000100011111111111111111111101100111111011111101001000001100000110010111111111101111111100101111111011011101001001001100000110010010011111101001100100100001110010011001000000001100000100000000000001000000000100100001111010011001011111111111111111110010000011001001100100100111111011011101001001111110111111000000000001000001000100000000110000011001001001111110100111010010111111101101111
-4390517963562063498,20,join_semilattice,1111001001111000000101110000011110000001001000000000000000010011000001110000000111111010011110000011111111100111110010110111001001111000000111111111111111111111111111101111111111110000000001000000000000100000011100000001000000000001000000000010000000001000000111111010011111000011111111100111111010111111111001111111111111111010011111001011111111100111111011110111001001111000001100000000000000000001
-1599380622409622493,20,join_semilattice,1101101000001010111001011000000000001000111110111101111011100001000000000000100000011000000000001000111111111111111111110101101000001000110011011011010110101110110110111101101011100101101001011000111011111011111111101110010110100001100011100101100000001000110011011011110111101110010110100000101011101111101111111111111100000000000000001000010110000000000011000101101000001000111011011011110111101111
-7272621732568858408,20,join_semilattice,1101010100000010000101000001000000000000111101110010001011110001000100000000000011111111001110101111000101010000000000001101011100000010000100000001000000000000111111111111111111111101011101100010111111010111001000101111111101110011001011111111011100111010111111111111011111111111010101010000001000011111111101111011111101010101000000101001110101110000001011111101011100000010101100000001000000000001
3930872245801723202,20,join_semilattice,1010000101110100100111100001011101001001001000010101010000001111000101110100100111111101011101111111111101010111011110011111111111111111111100000001000100000000111111011111111111110000000101010000000000000001011100001000000000000001000000001111110101111111111100000001010101000000111100010111011010011111000101110111100100000001010100001000111101010111011111011111010101110111111100100001011101001001
1977324039860111768,20,join_semilattice,1111111111111101111001001100000001011100011111111100110111000101111001000101110000001000000000010000000001000000000000000100111000000101110001011111110011011100010111101100110111000100111001000101110001111111111011011100011111111111110111000101111001001101110000001100000001010000111111111111111111110000000000000001000000001100000001011000000011000000010111000111111111111101111011111111111111011111
-7456888805977787513,20,join_semilattice,1101000010100010000001000000000000000000111101001010001000000101000010100010000011111100101110101001110101001010001000001111111010111010101111111111101110101011010000001000001000001111111111111111111101000000101000100000111101001011001010011111010010111010100111111110101111101111000000000000001000001111111110111011111111010000101000101000111111101011101011111111110010111010101111010000101000101001
-6343195347206543642,20,join_semilattice,1111111111101111111101001001110011000010011011111100110111100111111111101101111000001000110001000010010011011100110000100000101111001100001000001001110001000010000000001000000000000000000011000100000001001111111011011110111111111111111111110000100111001100001000000000000001000000011111111110111111110100111111001101001001001111110011011110010011111100110101100000000011000100001001111111111011011111
2265023793059745456,20,join_semilattice,1111111011110001111101000000000000000000011001001001000000010111010010010001000101111110111100011111000001000000000000000111011011110001111111111111111100011111010001001001000000010111010011110001000101110100101100010001010000000001000000001111111111111001111111111111111111011111111111111111111111110110010010010001000101110100111100011111011101001111000101110111010011110001001101000100000000000001
3083100058394895620,20,join_semilattice,1001010111111111100111011101111111111001101111011111111110010001010000110001000110011101111111111001000001000010000100001111111111111111110100000101001110010001000101011111110100010001010101111001000100000000001000010000000000000001000100000000010000111001000100010101011111010001000101011111111100010000000000000001000000010101111111011001111111011111111111011111111111111111111100000100001100010001
6846462356843034988,20,join_semilattice,1100111110100100101001000111101001001010111111111111011010101101111110100100101001001111101001001010000001000000000000000000011100100100101000000101001000001010000001111010010010101101111111100100101000000000001000000000110111111111011010101111111111111111101000000100001001001010110111111110011010101101111111110111101000000000001000001000111111111111111111110000010000100000101011111111111111111011
-2583194492409736628,20,join_semilattice,1001010001001011101011010101010010111010101101010100101110100001010001001011101011111101011010111110000001000100101110101111111111111111111110010101010010111010111111011110111111100000000001001010101011110101011010111010111111011111111111100000000000001000000011111101011011111110000000000000101000000000000000001011100000000000000010101000111101010110101111100000000000001010001011111101111111111111
-7783987626790800420,20,join_semilattice,1110111110111110101101000100000000000000011011111011000010001111111111111110101101001100001100000000000001000000000000000100111000110000000001001111101100000000010011101011000000001110111111111110101100000000001000000000010001000011000000000110111110111010101001101111101111101011011011111011001010101111111111111111101101001110101100001000111111111111111111110100111110110000001001101111101110101011
7142979056112580007,20,join_semilattice,1111111111111111111101101111111101111111001011111010011001110111111111111111111100001111101001100010000001011010011000000000001110100110000000000001000000000000000000011000000000000010111111100110111100000001101000100000001011111011011011110110111111111111111100000001101001100000000000011000001000000010111111110111111100101111101001101111000011111010011001100000000110100110001000001111101001100111
-4302056624907922038,20,join_semilattice,1111111111111111111101110111011110111111001000010000000010000011000100000010100001111111011110111111001101010010001110100011011101111011111100000001000000000000011111111111101111110011010101100011111000100001001000111000001101010111101111110011010101101011111101111111111111111111001000010000001010000010000100000001100000000001000000001000001100010010001111100011000100100011101000110101011000111111
1167991919220984505,20,join_semilattice,1110110001100011111101101100011000111110001000000000000000001111110101100111111100101000010000101000001011000100001011101111111111101111111111101101011001111111111111011110011111110010000001000000100000101100011000101110111111111111111111111111110111101111111111101100011001111111001000000100001010000010110001100011111000100000000000001000001010000100001011000010100001000010111001101100011000111111
3005535537448151141,20,join_semilattice,1001100000011101100011111010101111011010001110000001110110000001000000000000000000011000000111010000111111111011110110111001101000011101101011111011101111011010101110101001110110101111111111111101111110011010001111011010000000000001010000000000000000011100000000000000000001000000111111111111111111110001000000011101000000011000000111011000111111111011110111111001100000011101101011111010101111011011
-5367216836731178258,20,join_semilattice,1000000000000000000011111101011111111111101001010100011010101011110101011110111110101101010001101010100001000100011000001111111111111111111110000101010001100000111111011111111111111000000001000000000010101101011111111111101011010101111011111010110101001110101010000000010001100000100000000100001000001010110101011111111110000000010001101010101011010100011011111000000000000000001010101101010001101011
4850576594019856109,20,join_semilattice,1110110111111111110101000000000000000000011011011111111110001111111111111111111101001101111111110000010001010010111100001110111111111111111101000001001001000000010001011011111100000100010111111111000001000000001001000000010001010011111100000100000100101101000000000000000001000000010000010010111100000100000100100101000001001101111111111000011011011111111111001110110111111111111101101101111111111101
3927545085560781608,20,join_semilattice,1101101011011111110101010010110110101101111110111101111111010001001011010010100101011010110111101101111111111111111111110000001000000010100101011011110111111101000000101101001010010000001001000010100111111011111111111111000000100101001010010001001011011010110101010010110111101101000000000000001010000101101011011111110100000000000000001000000100101101001011010101101111011111111100000000000000000001
6410761838097361607,20,join_semilattice,1100011101101100000101000111011011000001111111111111111111111101011101101101000111011111011011010001000001000100100000010000001000001000000000000001000000000000110111111110110100010000000001001000000000000111011011000001110111111111110111110000000000001000000000000111010011000001110111111111111111111100011101101101000111011111011011011001110111110110110111011101111101101101111100000000010010000001
7874484540469601233,20,join_semilattice,1101001100001101010101000011000011000101001000110000110101010101001100001101010111111011000011010101111111110110110111110000001000000000000000000011000011000001111111111111110111111111101101001101010111111011011011011111111111110111110111110000001000001100000100000010000001000001111111111111111111110000001100001101010111111011010011011101000000110000110001011111101101001101011100000010000000000001
-1752160745154632892,20,join_semilattice,1111111110101101111101000000000000000000011001110010010100010111011100100101110101101111101001011111000001000000000000000100011100100100000101000101001001000001011001111010010111111111111111101111111101000100001000000000111111111111111111110111111110101101111101000100001001000000111111111010111111110100011100100101000101100111001001011001011001110010010111010110011100100101101101000000000000000001
-4739407539343185964,20,join_semilattice,1000000000000000100111000000000000001001111000000000000010011111011101010011111111111111110111111111111001010000000010011110001100000000100111100001000000001001111101111101111111111110011101000000100111111111111111111111111001110101001111111111011101011111111111110111010101111111111001110100001111111110010100000001100100000000000000001000111001110100000111111110010100000001101100000000000000000001
-1976446567557902102,20,join_semilattice,1010001000101011100011111011011111111111001000000010001000001011101000111111110000101000001010111000111111111111111111110000001000100010000010111011001111111100111110111111111111111011101101111111110000000000001000000000101010100011101110000010000000101010000010101010001111111000000000000010001000000010000000101011100000100000001010101000101010100011111111001011101101111111111110111011011111111101
6052153772182628033,20,join_semilattice,1010000001110000101011100100111101111011001000000000000000001111010011110111111111111100111101111111101001001111011110111111111011111111111111111111111111111111101000001111001010110010000001110000001000100000001000000000001000000001000000001111110011111111111110100000011101011011101000000111001010111010000001110001101100100000011100001010111001001111011111110010000000110000001010100000011100001011
-103606914009418788,20,join_semilattice,1000000001001000100011111011111110111111101000010110101110001011001101101011110110111011011110111111111111111111111111111010001101101011100010000001010010111000101110111111101111110000000001000000000010000001011010111000101000110111101111110000000001001000000011111011111111111111100000000100101010001000000001001001100000000000010010001000101000110110101111011010001101101011111110100011011010111001
-5787619911130159441,20,join_semilattice,1010000000000010000111111111111111111111001000000000000000001011011000111011001110101010000110100011101001100001101000111010001000010010001110100111001110100011101111111111111101111011111101111011011110100110001110100011101000000001001000011010001000011010001110111111011111110111001000000000001000011010011000111011001110111111011111111111101101100011101101111010000000010010001100100000000000000001
202051052719339320,20,join_semilattice,1100010100110010110001000101001100100100111011111111011111101111111111110111111101001101001100101100000001000000000000000100111111110110110000000001001100100100010011011111011011000100110101110010110000000000001000000000000000000001000000001111111111111111111101001101011101101100000000000000001000000100110111110111110001000101001100101100000000000011001001001100111111110110111011101111111101111111
194840353776134629,20,join_semilattice,1111111101001000100001111001010000000000001110010100000000000001000000000000000000011000000000000000001111010100000000000111111101001000000000011001000000000000111111111110111111110001100101000000000011111111011010011110111111111111111111110011110101001000000011111111010011011110111111110110111111101111111101001001111001111111010010001000111111110100100011001111111101001000111011111111011011111111
-6388879677196114899,20,join_semilattice,1111111100111110011101010111001100100011011111110011101000110001010100110000001101011111001110100011000001000011000000000001011100110000001100000001001100000000111111111111111111111111111101111110011100000000001000000000000000000011000000000101011100111010001101111111001111100011000101010011001000111111111101111111111111111111011111101111011111110011111001110000010100110000001000000101001100000011
-2104413039864152184,20,join_semilattice,1111001011110101001101010000010100000000011100001111010100110001000000000000000011111011111111110011111111111111111100110111001011110101001111110011111111110011010100001101000000000001000001010000000001010000111100010010000000000001000000000111001011111101001101010000111101010011111100101111011100110101000011010001000011111111111111111111111111111111111101110101000011010001001001010000111100010011
-4810065023924559970,20,join_semilattice,1111111111111111111101000000000000000000011111101111111100110101011010000001000001011110101000010010010001000000000100000100011000000001000001111111111111111111010001001000000100000101111011101011001001010110101000010000010111101111111100110101111010101011001001011110111011110010010111101010001100100000000000000001000001011110111111111011011111101111111111110101011010100001001001011110111011110011
-5590870554366041332,20,join_semilattice,1011000101101000111011111101011111001111001000010110100010100011000101101000101010111001011111001111101101010111100011101111111111111101111100000001000000001000111111011111110011110000000101100000101000000001001000001010101100010111100011100000000101101000101010110001011111001110111111111111111111111111110111111101111100000000000000001000001100010110100011100000000100000000101010110001011111001111
-751491389524671331,20,join_semilattice,1010011000000001100011100110000000011000001000000000000000001111011110000111111111111111111011111111001001100000000110000010001000000001000011100111100000011011111001101000000110001111011111000111111111110111111011111111111111111111111111111111011111001111111111100110100001011011111001111000011110110010000000000001000000100010000000011000111001111000011111110010001000000001001011100110100000011011
7811814969105762713,20,join_semilattice,1110011100000110001101100000000000100000001000000000001000001111011100100110001111111111001001111111011001110000011000110110001100000110001101100001000001100010111111111011111111111111111111111111111111100111001001100011111111110011111111111111111100101111111101100000000001100000000000000000001000001111011100100111001111110111001001111011111101110010011111110110000000000110001001100001000001100011
-6137159132684106683,20,join_semilattice,1111111111111101101101111111111111011011001110111111110110110001000010000101000000001000100000010000001111111111110110110001101110111101101000011001101011010000000000001000000000000001101111111101101100011000101011010000000110011011110110000001100010001101000000000000000001000000111111111111111110110000000010000001000000011001101011011000111111111111111111110001100110101101101000011000101011010001
-6247685001183626763,20,join_semilattice,1000100001001111010111011111011111111111111111110111111111110001100001001100010100001000000001000001100111010110111101011001111101101111011110011001011011110101111111111111111111110000100001001100010110011000011011110101100111110111111111110000100000001100010100000000000001000001000010000100111101010000100001001101010110011111011011111111000010000000010001011000100001001111011100000000000000000001
-9170187361093374831,20,join_semilattice,1100000000010000101001000000000100001010001000010001000000001111111111111011111111001001100100101010111011111111101111111110101111010011101000000001000100000000110000011001001010101110100111010010101011101011111100111010000000000001000000001110101111111011111111111111111111111111110000010001001010101110100111010011101000000000000100001010111010111111001111110000000000000000001011101011111100111011
5347934055640072379,20,join_semilattice,1001010000111000000011011110011110101001111111100111101010010001000000100000000000011100001010000001000101000010000000001001111001111010000111111111011111101001111111111111111111011001110001111010000100000000001000000000000101000011100000000001010000101000000011111110011111101001100111000011101000011111111101111111110110011100011110101001111111110111111011011111111111111111111100010100001010000001
5183802662121178802,20,join_semilattice,1000000000000000000011100001101110111010101000010001101000101111111111111111111111101001101110111010111011111111111110111110101111111111101010000001000110000000101000011011101110101110100111111111101010100001001110101010100000000001100000000000000000001000000011100001101111111010100000010001101000001010000100111011101000000000000010001000111011111111111111111000000100011010001011101011111111111011
-1802476968513778447,20,join_semilattice,1000000000100000000011101010001100010110101000000010000000001111101111111111111110101000001000000100111111111111111111111010101000100000011011101011111111111111111010101011000111101110101011111111111100000000001000000000101000000011000001001110101010111011111111101010101111111111111010101011001111101010101000110001011011101010001100011110101000000010000001001010100000100000011011101010101100111111
-5303902829832366293,20,join_semilattice,1000110000101101011111101110001011010111101011000010110101111111111111111111111100001000000010000010000011000000100000101010111000101101011111101111111011010111111011101010110101111010111001101101011100001100001010000111111011111111111111110000000000001000001000001100001011010111111011111110111101110000110000101001011111101111111011111111000010000000100001100000000000000000001000001100000010000111
-3610741883557281770,20,join_semilattice,1111111111111111111101010111010011000100011111111111110101010001001101001100010001011111010011000100000101110100110001000000001001001000000000000011010010000000010111111110110101010000000001001000000001011111011011010101010111111111110101010000000000001000000000000011010011000100011111111111111101010101111101001101010001111111111111111111000000110100100001000111111111111111011101011111010011010101
-1381363983770637401,20,join_semilattice,1000010000101000110111111101111011111111101001010110111111111011010101101111111110111101011011111111000001000010100000011111111111111111111110000101001010001101101111011110111111111000010101101000110100000000001000000000111111011111111111110000000000101000000010000101011011111111100001010110101111111000010101101001111100000000000000001000000001000010100011011000010101101000111100000000001010000001
7579754717536373544,20,join_semilattice,1001011101101111011111010111111011111111111111111111111111110001011101100111011111011111111111111111000001110110011101110000001000100111000000000011011001110011100101111110111111110000001001100111000000000000001000000000110101111111111111110000001101101111011100000000001001000000000000000010011100000000000000100101000010010111011011111111000000110110011101110000001001100111001000000010011001110011
6673603258999310830,20,join_semilattice,1101111111111100110101000000000100001000111111111111111111010101001101111100110101011011011111001101010111110111110011010100001000111100110001000011011111001100010111111111110011010100000001111100110001000000001111001100000000000001000000000100000000011000100001000000000101001000110111111111111111011101111111111101110100000000000000001000010000000001110011001111111111111111111101000011011111001101
-9195319984353742414,20,join_semilattice,1000000000100001000011000111011101011000111001110111011110111111011111110111111111101111111101111011100001000010000100001000011100110101100010000101001101011000111001111111011110111000011101110101100000000000001000010000100001000011010110001111111111111111111110000100001001010000110001110111011110010000000000000001000010000100001001011000111001111111011111111100011101110111101111000111011101011001
-7913129275928213392,20,join_semilattice,1000111110010100111011011111100111111111111111111001111111111001111110010100111000001000000000000000000011000000010001000000111110010100110000001001000000000000000011011001010001001111111111111111111111111111101111111111000010010001010001001001111110011111111100001000000001000100100111111001011011101001111110010111111100001101100101001100000000000000000001000000111110010100111010011111100101101111
-5114682276418922775,20,join_semilattice,1001110111011010000111111111110111110101101111111101101001010001110011001010000000001000100010100000000011001000101000001001111111011010000100011101110010100001000000001000100000000000110011001010000011111111111111111111000111001101101000000000000000001000000010111111110111110101000000001000101000001011111111011011010111111111110111111101100111111101101001011111111111011111111100001100110010100001
-454507003331562031,20,join_semilattice,1101100110110000010101000000001000000000111111111111111111110101100100110000010101001001001100000101110111111011110101111101101110110000010101000001001000000100010110011011000001011101111111111111111100000000001000000000010000010011000001011101101110111101011111011011101101000101110111111011111101111101101110110101010111011111101111111111010000000010000001001101101110110101011101000001001000000101
2509789266653409489,20,join_semilattice,1001111110010110010011011111100111100110111111111001111001100001001110000100010000011111100101100100000101111000010001000000001110000100010000000001000000000000000000001000000001001111111111111110011111111111101111100110000101111001010001001001111110011110011000000000000001000000000000111000011001001111111111111111011111111111111111111111000000000000000001000001111110010110011011111111101111100111
7399591923332274567,20,join_semilattice,1011001101000001010111110011010000010101001100110000000000010001001100000000000111111011011001010101111111110110010101010000001000000000000000000001000000000000111110111110010111010011001101000000010111110011011000010101111111110111010111011111111111111111110111110011010001010101111111111111011111010011001101000001010111111011011001011101001100110000000001011111111111111111111100000000000000000001
4699351093928067869,20,join_semilattice,1000000000000000001011000110100001111010111001101010011110101111011010100111101011111111111011111111100001001000010110101000011010000111101011000111100001111010100000001000010110101110011111100111111011000110101001111010111111111111111111111111011111101111111110000000000001011010100000001000011110101000000000000001101010000000000000001010111001111010011111100000000000000000001011110111111001111111
4412021111203858830,20,join_semilattice,1000000000000010000011001001000001110101111010010000011101011111111110111111111110001001000000110101111011110011111111111110101100010111010100000001000000000000111011111011111111111111111111111111111111101001001101110101111010010001011101011110101100111111111110001001000001110101000000000000001000001000000000000011000011101011001101111101000000010000001001001110101100110111111110000001000000110101
-6781484013617670045,20,join_semilattice,1000010001000001001011000100010000010010111101000101000110101101010001000001001011111110010111111011000001000000000000101111011001011001101011111111011111111111111111111111111111110000010001000001001011111110011111111111100001000101000100101111010001011001101011110110010111011010111101100101111110110000010000000001001010000100010100011010111111100101111111110000000000000000001011110110010111011011
7590769967041441913,20,join_semilattice,1000000000000000000011101111000001000000101011100000000000001111111100000100100110001110000000000000100001100000000000001000001000000000000010101111000000000000111111111110111110111111111101001101101111111111011011111011111111111111111111111111111100001101101110101111000001000000111111110100111110111111111100000101101111101111000001001001111111110110111111111111111100000100101111101111000001000001
2693241387256022013,20,join_semilattice,1101100111100011111101000001101000101010111110111110011111110101000110100010101101011001111000111111111111111110011111111101101111100111111100000001001000100010000000001000000000000101000111100010111100000000001000000000111111111111011111111111111111111111111111011001111001111111000000000000001000000100000110100011111100000001101000101010010000011010001011110000000000100010001001000001101000101011
8072644702625170291,20,join_semilattice,1000010000100000000011100110011101000100101001100111010001001111111111110101111011101111011101001100000001000000000000001000011001110100010011100111011101000100111011111111010011001000010001110100010000000000001000000000100001000011010001001111111111111101111110000100001001000100111111111111111111111110111111110101110011100110011101001100100001000010000001001110111111110101111011111111111101011111
-7268068452816875808,20,join_semilattice,1000100000000010000011011011001001100111111111110010011001111001100000000010000000001000000000100000110111110010011001111001101100100110011110011001001000100110111111111111111111111111111101111110011110011000001000100010111111110011011001111111111100101110011110011001001001100110000000000000001000001111111100101111011111111111011111111111100110000010001001101001100000000010001010011000001000100111
-89963048568021941,20,join_semilattice,1001000000000001000011011101111001110101111111011111111111110001000000000001000000011000010000010000100111000100000100001111111111111111111110011101111001110101100111001110010101000001000001000001000010011100011001010100110111011111111111011101110111101111110110011100010001010100100111001110011101010000000000000001000011011101111001111101100111000100000101001101110111111111111110011100111001010101
-5595587923850197204,20,join_semilattice,1111010011010000101101000100110100000010011001001101000000100111010011010000101011111101110100001011000001000000000000001111111111010100101100000101010100000010000001001101000000100000010001010000000011111111111101101011000001000001000000001111111111111110101111111101110101001011111111111101011010111111110111010101101100000100110100001010111111111111111111110000010001010000001001110100110100001011
1694092264483557886,20,join_semilattice,1101001010000110100001010000000000101000111101101100111010000001000000000010100011111110110011101100110101101000011010000101001010000010100011111111110011101100010100001000001010001101001011000110100011110110111011101100111111111111111111101101001011001110100001010000100001101000000000000000001010001111111111101111111000000000000000001000111101101100111011001111011011101110111011111111111111111111
-7396255017132153688,20,join_semilattice,1111111110111111011101111111100100000111001001110000000001010011111110000000011100101111000000000101000001100000000000010000001000000000000100000111000000000001001011111000000001011111111111111111011101111111101111110111001111111001000001110111111110011101011101111111100101010111011111111001111101110011111110010001011111111111111111111111000000000000000001010010111110000000011100000000000000000001
860589678243417416,20,join_semilattice,1110001000000001110001000000000000001100011000100000000111001111111010010111111011101110100101111110111001101001011111100100001000000000110011111111111111111111111000101000000111001111111011110111111111111110101101111111111000101001010111101111111011111111111111100010000001011100111000101001011111100100001000000001110000000000000000001100000000000000000001001110001000000001111011111110100101111111
-2052510856886024961,20,join_semilattice,1110111110011111111101101111100111111111001010011001111101110111111110011111111100001001100111110111001011111001111101110010101110011111011100000001000010100110000000011000101101101110111111011111111111111111111111111111000000011001111101100000000000001010010000000001100011110110000000000000001000000000000100001011011000101011100111111111000000000000001001000000000000001010011000000001100111110111
7941327436502727959,20,join_semilattice,1111111100111000011101000010000000000000001000100000000000000111001000111000001001111010001110000010011111110011100001100000001000000000000001111011001110000110111111111011100011111111111111111100111100100010001010000000011000100011100000100010001000001000000011111111101111001111111111111111111111111111111111111101111111111111001110001111011110100011100001100010001000101000001001111111001110000111
-7327941373914581491,20,join_semilattice,1111111111010111111001110000000000010000001000000000000000000011000000000001000001111100100000010000011101001000000100000111111011000011000001111111110000110000011100001000000100000111110011000011000011111111111111111111011111111101011111101111111111011111111001111111110001110100011100001000001100000010000000000001000001111111110001111100011111111100001101000111111111000111111011111111110111111111
-8826879225961838323,20,join_semilattice,1000110001100000000111001110011001100101111011101110011011011101111011100110110100001000001000000000000001000000000000011000111001100100010111101111111001101101110011101110011001010000100001100000000100000000001000000000110111101111011011011111111011111111110110001100011001000101100011100110011001011101111011110111110111001110111001101101100011000110000001011111111111111111111100000000000000000001
-7016373400000263918,20,join_semilattice,1100011001010100111001000110010101000110001001100001000000101111111111111111111111101110010101001110000001000001000000100000011000010000001011101111111101111111111011101101011011100000011001010000001011101110111101101111000000000001000000001110111111111111111100000110010101000110111011100101011011101110111011110111111100000110010101001110000001100101000001100000000000000000001011101110110101101111
-1716105980595003288,20,join_semilattice,1000000000110000101011000000001100011010111011100111011111111111111111111111111111001010011101111111110011100111011111111100001001110101111111101111111111111111111011101111111111111100000001110101111000000000001100000000000000000001000000001110111001111111111111000000001101011110110000100111011111111000000000110001101000000000001100001010110000000011000111100000000000110000001011000000001100011111
2360636045499941804,20,join_semilattice,1110101001010010010001001010010100100000011010100101001001001111111111011110110000001000010100000000111011110101011011000000101001010000000011101011010100100100111011111101111011000000000001000000000011111111111111111111000000000101000000001110111101011110110011101011010101100100000010100101001000001110111111011111110011101011010101101100010010100101001001001111111111011111111111101111110111111101
2777523669214528542,20,join_semilattice,1101111111101011011101001011000000110101111111111111101101110101101100000011010100001011000000000000010111111010001101010000001100000000000000000001000000000000010110111000001101010101111111101011011101011011101000110101110111111111101101110101111110101011011111111111111111111111000010110000001101010000101100000001010011111111111110111111000010110000000001000101101110100011011100001011000000010101
-3800963539360718566,20,join_semilattice,1101111111100010111101000000000000000000111111111110101111110101000000000010000000001000000000000000010001000000001000000101111010100010000001011111101000100000010001001010001000000101111011100010000001000100001000100000111111111111101111111101111111101011111111111111111111111111010000000000001000001101111111100011111101011111111000101100010111111010001001000101111111100010111001011111111000101111
-6141914731032434711,20,join_semilattice,1010010111111111110011110101111111111111001000000100010010001011010111111111110011111101111111111111001001011111111111001111111111111111111100100001111101111100000000001000010000000000000001000100000000100000111101111100001000001101011011000010000111111111110000000000000001000000000000001100011010000010000011010111110000000000010001001000000000001100011011001011010111111111111110110101111111111101
-2358213305278551309,20,join_semilattice,1011101001011100010111111010010111011101001110100001000001010001100000000000000000001000000000000000111111100101110111010001101000010000000111111111110111011101001110101101100001010011101001011000010111111111111111011101000010000001000000000011101000011000010100111010010111000101111111111101111111011011101001011101110100111010010111001101000110100001000001011111111111111111111100011000000000000001
-8976730982842278910,20,join_semilattice,1000000000000000000011000101000010010001111111011001100111011001010100001001000111011101000110011001100001010000100100001101111110011001100100000001000000000000110111011001100110011111111111011101110111111111111111111111110101010001100100010000000000001000000011111111100111011101111111111001111111011000000100000001000011010101000110011001110111011001100111011111111111011111111110000101000010010001
-2610088181459246365,20,join_semilattice,1000001001110100011011101010111111011110101000101111110111101111101111111101111010101010111111011110111111111111110111100000001000010100010011101011111111011110100000101111110101100000001001010100010000000000001101000000000000000001000000000000001001111100011000000000000101000000111111111111111111111000001001110101011010000010111111011110000000000001010001000000001001110100011011111111111111011111
-7273038166767131747,20,join_semilattice,1011111101101100010111111111111111111111001100110000000001000001000100000000000000111111001011000100001101110000000001000001001100000000000000000001000000000000001111111110110001010011111101101100010000110011001001000100101111111111110111110011001100101100010000110011000001000100101111111111111111111011111101101101010110111111011011011101000100110000000001001011111111101101011100111111011011000101
-4156194023695528988,20,join_semilattice,1000011110100010110011011111101101101111101111111011011011101001111110110110111010001111101001101110000001111010001011000000001010100000100000000011101000101100000000001010000010001111111111110111111100000000001000000000100011111011011011101111111111111111111100000111101001101100000000101010001010001101111110110111111100000000000000001000000000101010001011001000011110100010111000000111101001101101
4502325005635488197,20,join_semilattice,1001111110010111110011011111110101111111111111111101011111110001000000000100100000011000100101001000000111111001011111000001001010000100100000011011100101111100000100001000010010001001111111010111111111111111111101111111000100001001010010001111111111111111111100000000000001001000000110101001011111000001101010010101110000000000000000001000000110001001010011000001101110010111111010011111100101111111
4897939597197241101,20,join_semilattice,1001011001100001111011010111011110111111111101110111111111110001000000000001100011111111111111111111000101100010000110000001001000000001100010010111011000011110111101111111111111110001001001100001110000010010001000011000100101110111000111101001011101111011111011010111011111111111100101100110001111100000000000000001000000000000000000001000000100100010000111000001011001100001111000010010011000011101
-8403492983694143168,20,join_semilattice,1100000010000000000001000000100000000000111110111001001010111101000010000000100011011010100000001001111111111011011110111101001010000000100011011011100000001011000000001000000000001111101111110110101111111011101100101011110110111001001010111111111111111111111111111011101101101011110110101000001010011111101110110111101111000000100000001000111111111011011111111101101010000000101111010010100000001001
-202544472766284586,20,join_semilattice,1110101111111011101101100000010100110010001000000100000100001111111111111011111101101000010100110010111011111111101111110110101101010011101001101001010100111010011010001101001110100000000001000000000001101001011100111010001000000101001100100110101111111011101111111111111111111111001000000100001100000000000001000001000001101000010100111010111010111111101111110010000001000011001001101011110100111011
8857035849610193147,20,join_semilattice,1111011011111111111101110110101111111111001101101010010011000001011000000100010011111111111111111111000001000000000000000000011000000100010011110111111111111111000101101000010001000111011011111111111100010110101001000100001101101011011111100011011010111111111000000000000001000000001101101010011011100011011010100101110000010110101001001100000001000000010001000011011010100100111000110110101111111111
-3658643528233634478,20,join_semilattice,1110111111111110111101001110011000101101011011100111111011111111111111111110111100001110011000101101000001100100001010010000001001000010000001101111011111101111011011111111111011110000000001000010000000000010011000100001010011100111001011010100111001111010110101001110011111101111000000000000001000001111111111111111111100000010010000101001000001100110001011010100111001111010111100000010010000100001
4169785376596308714,20,join_semilattice,1101111110000000000001011111100000000000111111111100010011010001101000000000000000001000000000000000000111100000000000000000101000000000000000001011000000000000000010101000000000001101111111000000000011111111111101111111111111111101011111111111111111111111111111011111100001000000111111111100011111111111111111000101110111011111110001001101110111111100010001011111111111000101111111011111110001000001
304859585551035483,20,join_semilattice,1110010101011111111101100101000111010011001000000000000000001111110101111111111111101101010111111111000001000000000000001111111111111111111100100101000110010010111011011101111111110110010101011101001111101101011111111111000000000001000000000010010000011001001000100101000111010010001001010001111110110010010000010001001000100101000111011011011001010101111111110010000000000000001000100101000111010011
8658422580320598021,20,join_semilattice,1000000001000000100011111110111100011000101110100111000110000001000000000000100010011010011100011000100111100111000110001000001001000000100011111111111100011000101111101111000110000000000001000000100010010010011100011000100100100101000110001111111111111101110011111111111101011000111111111111111111001001001001000001100000000000000000001000111111111111010111001111111111111111111111111111111111111101
-4624748450381881241,20,join_semilattice,1111111100110101110101100101000000001000001000000000000000000111110100010001100001101101000000001000001001000000000010000110111100010001100000100101000000001000111111111011110111011111111111111111111101111111001101011100011011010001000010001111111100111101110101111111000101011000111111110011111111110110110100010001100000000000000000001000011011110001000111001111111100111101111101111111001101011101
-6982327689457422568,20,join_semilattice,1000000000000001010011111111111111111111101111101111111111111001000000000001010010011000000000010110100111000010010101101001111011111111011010011111111111110110100111001010110101101001110011101101011010011000001000010110100111001111111101101001110000101101011010011000001001010110100111001110111101100000000000000001010010011110111111111111000000000000000001001001000000000001011010011110111111110111
931670242963889747,20,join_semilattice,1000001110000000000111001011101010000001111111111111111111111101111111111111111110001011100000000001110011111011100000010000001110000000000100000001100000000001000000001000000000001100111111111000101110000011101010000001110010111011100000011000001110001000000111001111111111011011110011111111111111111100111111111001101111001111101110001011110011111111110111111100111110111000001100000000100000000001
8439475149670663802,20,join_semilattice,1000010001111011110011000111011111111111111111111111111111111101011101111111111111011111111111111111000001000100101011001000011001111011110010000111011111111111110101111111111111110000000001001010110000000100011010101100000001000111101011000000000000001000010010000110011111111100000000000000101001000000010001111011110000000000000010101100000000000000000001001000011001111111111110000110011111111101
-5706348704123838233,20,join_semilattice,1001110001000101101011011110010001011010111111111100011110100001000000000100001000011000010001010010000101000000010000101001111001000101101011011111110001011010110111101100010110100000000001000100001011111111111111111011111111111101011110101111111111011111101000000000000001000010110111111100011110100001000001000101001000011100010001011010111111111111111111110000000000000000001011111111110111111011
1765690948356780531,20,join_semilattice,1110100111110011110101101000111100010100001000000000000000001111101111111011111100101000010000010000111111111111101111110110101111110011010101101001111100010101001010001111000101000010000001000000000000101000011100010100001010000101000101001110101111111011111111111111111111111111011010011111001101010010000001000001000001101001111100111101001010000100000101001110101111110011111101101000111100010101
4036961760088363800,20,join_semilattice,1100100111110010101001000000100000000000111111111111001011111101100111110010101001001000100000101010110111111111001010101100101111110010101001001001100000101010000000001000000000000100100111000010101001001001111100101010010010011101001010101111111111111010111111111111111111101111010000001000001000001111111111111111111101000000100000101010110111111111001011100100000010000010001011011111111100101011
-7421534461407582807,20,join_semilattice,1011000000100000000011111110101000111111001000000000000000000011000000000000000010111010001000110010101111100010001100101011001000100001000011111111101000111111101111101010001110101111111111100011111100110000001000000000111111111111101111111111111111101011111111111111111111111111101100100010001100101011000000100001000010111110001000111010101111101010001111101011001000100001001010111110101000111111
-2817099935988206926,20,join_semilattice,1000000000000000000011100101000000100000101001010000001000001111111111111111111110101101000000100000100001000000000000001110111111111110000000000001000000000000111011011001011000001110110111111110000011101101101101100000111011010001011000001110110110111110000011100101000001100000100001010000001000001110111111111111111111101111111111101000111011111111111011001110111111111110001011101111111111101111
1904693674060659580,20,join_semilattice,1111011101101101101101110110011010011011001001100000000110010011011001001001100111111111111011111011000001000000000000000000011000000001000101110111011011011011111101111110111110110010011001001001100100110110011010011011111111111111111111110010011000001001100101110110011011011011111101110110111110110000000000000001000000000000000000001000111101111110111111110011011001001001101100000000000000010001
-2636568737441119776,20,join_semilattice,1100100111110010001001000001110100000000111010111111001000101111101111111111111101001001110100000000111111111111111111111100101111110010001000000001000000000000000000011000000000000000000101000000000001001001111100000000000000011101000000001110101111111010001011101011111111111010010010011111001000100100100111110011001011101011111110111010111010111111111111110100100111110000001011101011111111111011
-922043552558601007,20,join_semilattice,1111111111111111111101000000000000000000011001000000100000010111010000001100101101111111001111011011010001000000000000000111011000001100101101110111001111011011011111111011110110110111111101111101111101110110001011001011011101000001110010110100000000001000000001100100000011001011011111111011111110110111010000011101101101100100000010001001011101100010110011110110010000001000101101000100000010000001
7785855088090772137,20,join_semilattice,1000111000010000000011101110000100010000101011100001000000001111111000010111111100001100000000000000000001000000000000000000111000000000000011111111111111111111111111101011111111111110111001011111111111111110001111111111000011100001000000001110111000011111111111101110000101010101111011100001011101111010111000010001000011101110000101111111111011100001000101001110111000010001011111101110000100010101
-2491227622973422893,20,join_semilattice,1111001011101010001001110010111010100010001100001100101000100001000000000000000011111010111010100011111111101111101001110011001011101010001011111111111110100111000100001000000000000001000011000000000000010000111010000010111110101111101001110001000011001000000011111111111111110111000100001100101000101111111111111011011111111111111111111111111110101110101001110001000011001000001011110010111010100011
-5956940666957541567,20,join_semilattice,1101111111111101111101000011001001001101111111111111110111110101111101110100111101001011001101001111010011110111010011110000001000000000000000000011000000000001010111111111110111110100101101110100111100000011001000000001010000110011010011110101111101111101111100000011001001000101111111111111111111110101111101110101111100000011001001001101000000110010000001010100001100100100111100000010000000000001
2492753233359583598,20,join_semilattice,1010100110110111010111111101111111110111001000010000000000001011110110110111010100101001001100010000101011011011011101011111111111111111011100000001000000000000001010011011010101011011110111111111010100100001001000000000001000010011000000001011110110111111010100100001001101010001001010011011011101010010000100110001000011111111111111111111001000010010000001001011110111111111011100100001001100010001
771549928930617749,20,join_semilattice,1111111101111111111101011011001101011110011111110111111111110001101100110101111000001001000101000100010111110011010111100000101100010100010000000001000000000000111111111111111111110101111101111101111000001011001101001100000000010001010000000101111100111101111000000001000001000000010111110111111111110000101100110101110000001011000101001100000000010001010001000000101100110100111001011111011111011111
-5719160544140412616,20,join_semilattice,1000000010010011010011111111111111111111101110111111101101111001001010110011011110011010101100110111100111101011001101111000001010110011011110011011101100110111000000001001001101001001101111111011011100000000101100110100000000000001001001001001101110111011011110111011111111110111000000000000001000000000000000010011010010111111111111111111000000000000001001001000000010110011011010000000101100110111
-1506068449162562169,20,join_semilattice,1101010100100011111001000000001000111110111111111110101111110101010100100011111011011101001000111111010001010010001111101101111111100011111101000001001000111110110111011010001111111101110111100011111100000000001000000000111111111111101111111101111111101011111111111111111111111111000000000010001110100000000000000001000000000000001000001010000000000010001111100000000000100000001011010101001000111111
561969430654084454,20,join_semilattice,1100000100010000010001000001000000000000111000010011001011001111001110111111110011111111101111111100111101111011111111001110001110111110110000000001000000000000111000011011001011001111011111111111110011000001001100000100000000000001000000001110000110111110110011100001001101101100110000010011001001001110000110110011110011000001001100101100010000010001000001001111111111111111111111111111101111111101
803183140444046555,20,join_semilattice,1111011010110011110001110010101100111100001000000000000001000011001010010010110011111110111100111111011101101011001111000010001010010010110011111111111111111111001000001001000011001111011011110011111100110010101100111100000000000001000001001111111011111011111111111110111111111111001000001001001011000011001010010011110000000000000000001000000000000000000001001111011010110011111111110110101100111101
2792265489623397015,20,join_semilattice,1000100110000100001011101001100111110110101010011000111001101111110111111111111000001000000000000010111011011101111111101111111111111111111000001001000000000010000010001000000000101110100111011111111011101101111111111110100010011001111100101000100110001100001000001000100001000010100010011000111000101000100110001111001011101001100111111110100010011000111001100000000000000000001011111111111111111111
-1098456210263604381,20,join_semilattice,1110110100001110000001101101000001000000001000000000000000001111111101001110001100101000000001000000001011000000010000001110111101001110001100101101000001000000111111111111111010110110110101001110000011111111011011101011111111110101111010110110110100001110000000100000000001000000011011010000011000001111111111111111101111111111010011101011111111111111111111110110110101001110001011101101010011100011
-320590500991349182,20,join_semilattice,1000000000000001000011000000000000010000111111111111111111111101110101111111000010001000000000010000110011000000011100001101111101111111111111001101011011110000110111111111111111111100110001000111000011001100011011110000110011010111111100001100110001001111000010001000000001110000100010000000001100000000000000000001000011011101011111111100110111010111111101001101110101111111111011011101011111111111
-8216669199139732910,20,join_semilattice,1000000000000000000011111111111110111101101111101111100111011001111001010001000000001000000000000000000011000001000000001000111000010001000010111111111110011101100111101111100111011000111001010001000010011110011100010000000010000001000000001001111001111001010111111111111111111101101111111111101111011000110000010001000010011110011110011101100111100101000101001111111111111111111110011110010100010001
-8757960168241091010,20,join_semilattice,1001110111110100111111111111111111111111101111111111111111110001000000000000000000011100010000000100000101000100000000001001111111111100111100011101011000000110000111011110000001110001000001000000000000010100011000000110000111011111000011111001110111111100111100011101111001000111100111011111011011111001111111111101111100011101111000001111000101000100000001000001010001000000001000011101011000000111
-8147286376132349614,20,join_semilattice,1001001000011001000011011010011111011000111110111111110111110001000000000000000010011010010110010000111111111111110111110001001000000001000011011011011111011000110110101111110110001001001001011001000010011010011111011000000100100001000100000001001000011001000010011010010111010000111111111111111111110001000000000001000010011010010111011000110110110111110111001101101111111101101011011011111111011111
5417078064814046089,20,join_semilattice,1111111111101011111101111111101010011011001111111010000110110001101000100001000000001000000000000000000111111010000110010000101000100001000000001011001000010000000010111010000100000111111111101011111100000000001000000000111111111111101111110011111110101001101111111111111111111111011111111010101110110000100000000001000000001011101000011000011111111010100111110001111110100001101100001011101000011001
-4386064126638818109,20,join_semilattice,1010000011000000001011111111111111111111001000000000000000001011111111111111111110101111111010110111101001001100000000101010011011001000001010100111110010000111001000001000000000000010000011000000001010100000111000000010101011111111111101111010010011001000001010101111111011110111101001111110101101111010011111101001011110101111111111111111101001101100100001110010000010000000001010100110110010000011
-1626526319568481167,20,join_semilattice,1111110111110110111101111101111101101111001111000110011001000001010000100000000000011100011000000000000001000000000000001111111111110111111100111101011101100100001111011111011011000000010001000000000000000000001000000000001111000111011001001111111111111111111100011100011001000000000111000110001000001111110111110111111100111101011101101100000111000110010001000011110111110110111100111101111101101101
4864623678072250033,20,join_semilattice,1000100000000000000011101000000000010100101010000000000100001111111101100011110000001000000000000000100011000000000100001110111101000001010011101101010000010100111011111100001101001110100001000001010011101111011000111100111111110111001111001111111111101011110011111111111111111100111011110100001101001000100000000001000011101111010000111100100010000000000001001111111111111111111111111111111111111101
8093482027663072099,20,join_semilattice,1010111111111011001011101111111110110010001001100000101100001111111111111011111100101111101110110010000001100000101000000000001000000010000000100111001010110010001001111011101100100010011001101011001000100110001010110000001001110011101100100000001000001010000011111111111111111111000000000000001000000000011000001011000011101111111110111111111011111111101101110010011000101011001011101111111110110011
1151281218081189046,20,join_semilattice,1110001011100110001001000000110001100010011000101110011000100111001011100110001111111110111111110111111101101111111001110100001011000110001011110111111111110111000000001000010000000000000011000110001001000010111001100010111100101111011000111111001011111110001100000000000001000000000000000000001000001111011011111111011111111111111111111111111100101111111001110000000010000110001001100010111001100011
-816112030023956624,20,join_semilattice,1000000000000000000011110100100011010110101000000000110000001011010010001100011011111111101111010111101001001000110000101111011010001101011011110101100011010110101000001000110000101111111111111111011111110111101111010111111101001001110101101000000000001000000010000000000011000000111111111011111101111011010010001101011011111111111111111111101001001000110001101010000000001100001011110101100111010111
988478263467896671,20,join_semilattice,1000000001000001000011000000011010010000111110010111101100101101000101111001000011011001011110110000111111011111111111111111111111111111111111000001011110010000111110011111111111110000000001000000000010000000011000010000110000000111100100001000000001101001000011111001011111110010110100010111101100000000000001000001000011111001011110111010111110010111111101111101100101111011001011111001011111110011
4672745826469766326,20,join_semilattice,1000010011011001100011000101110110011000111101111111111111111101011111111011100111111111111111111111000001001100100110001100011111011001100010000101110110011000000000001100100100000000000001001000000010000100111110011000000001001101100110000000000000001000000011010111111111111111110001111111101110010000000001001001000000000000110010011000110101111111101111011101011111111011111111000111110110011001
1781622724607393384,20,join_semilattice,1000000000000100000011011000100111110100111110001101111101001001100010011111010010001000100101110100111111101111111111111101101011011111010011111111111111111111100000001000010001001101100011011111010011111010111111111111100000001001010001001000100010011111010000000000000001000000100000001001011101001000000010010101010011111010110111111101100000000000010001001111101011011111111111011010110111110101
2444284038642309660,20,join_semilattice,1111111111111111111101000001000100000000011111111111111011110101000100010000000001011111111111101111010101010001000010010101011100010000100100000001000000000000010101111101001010110101011101010010101101010111111111101111000000000001000000000101011111011010101101010111110101101111010101110001001010110111111111111111111101010001000100001000010101110101001011110101011100010000101101010001000100000001
-5210794909281498489,20,join_semilattice,1000001010000000100011111111111001111111101110111110011010111001101011000000101010001010110000001010101111111110011111110000001010000000000010011011111001101011000000001000000000001000001011000000100010011010111000001010111111111111011111111111111111111111111110011010110001001010100110101110011010101011101111100111101100000010100000001000101110111110011111110000001010000000001010011010111001101011
-2887779819577040491,20,join_semilattice,1000101100001100001011111111111111111111101111110101111000101001111101011110001000001001000011000000100011110100110000100000101100001100000000000001000000000000101111111111111101101000101101001100001010011111011111100010100011110101110000100000000100001100000000000001000001000000100011110101111000101011111101111111011010111111011111101110101111110111111001100000101100001100001010111111011111110111
519018818907065910,20,join_semilattice,1000000000001000000011011111111110100100101111111111101001101001111101011010010010001111010110000100100001010000100000001000011101011000010000000001000010000000100111111101101001001000010101001000000010011111111110100100100001010101100000000000000000001000000011111111111111110111100011110101101001001111111111111011011011111111111111111111100001010100100001001001111111111010011011111111111110110111
-3446855507792022844,20,join_semilattice,1000000000000000000001010110000101101000011111110001011010000001010000000000000001011110000101101000000001000000000000000001011000010110100001011111000101101000111111111101111110011111111101011110100111111111111111111011000101000001000010000101111100011110100000010100000101001000000101000001011010001111111101011111100100000100000000001000111111111111111111111111111111011111101111111111000111101001
1649350542253881872,20,join_semilattice,1111111011011011011001000000000000000100001000000000000001000111111011011011011001101100000110100100011001000001101001000110111000011011010011111111111111111111011011101001101101000110111011011011010011111110111111111110011000000001100001000110000000001000010011111110110111110110011000000001101001000110110000011011010011111110110111111110000000000000000001000110111010011011011011111110111111111111
-2070876174908780054,20,join_semilattice,1000000000000000000011100111010111100001101001010101110000011111111111111111111111101111110111111111000001000100000000001010011101011110000110000101010101000001111001111101111010010000000001000000000011101111111111111111100001000101010000011000010101011100000110000100010001000000101001010101111000011110011111011111110111100111010111101001111001110101111001011110011111011111111110000100010001000001
-271362977378308452,20,join_semilattice,1111111111111111111101000000000000000000011011101100000001010111111011111001111101001000000000000000010001000000000000000100111011000000010001111111111110011111010001001000000000000100110011000000000001101110111110010111011011101101000001010110111011011001010101111110111111111111011111101111101111110110111011000001010101101110110110011111010011001100000001000110111011011001011101001110110000000101
-5301378319483019383,20,join_semilattice,1110011100000100001101100011000001000011001000010000010000111111111101100101011111101111000001000011011001110000010000110010001100000100001100000001000000000011111111111111111101111110111101000100011111101111011001010111111011110111110101111110111101001101011100000001000001000011111111110111111101111110111101000101011111111111111111111111111011110000010001110000000000000000001100000000000000000001
-8800242155319009903,20,join_semilattice,1000000000000000000011000100110001000000111001011100110011001111011111011100110011111111110111001100000001000000000000001110011111011100110011000101110011000100000000001000000000001000000011000000000011110111111111011110111001011101110011001100010011001100010010000000110001000000111111111111111111111110011111011101111011000100110011001100110001001100010001001110011111011100111011111111111111011111
4538822716620638471,20,join_semilattice,1001010010000001001111110101111000011011101101011110000110110001000000000001001011111111111111111111000101000000000100101111011111111101111110010101100000010011000101001000000100100001010011000001001110010101111000011011111101011111110111111111010111101001101111110101111011011011111101111111111111110000000000000001000010010101100000011011111101011110110111110000000000000001001000010100100000010011
-1537471223828921730,20,join_semilattice,1010100101011110011011111111111111111111001010010101001000101011100101011110011000001000000000100000101111111111111011111011101101111110111000001001010100100000101110111111111011100000100001000010000000101001011110100010000010000001001000000010100101011010001000101001010111100010000000000000001000001011111111111111111110111001010111101110001010010101111001100000100101010010001010111011011111101111
-1418573996643290133,20,join_semilattice,1100000000010110111001000000000000001010111110001011111111101101100000010110111011001000000101101110111111111111111111111111101010111111111011111011111111111111110110001001011011101111101011111111111011011000101111111110010000000001000010101101100010011111111001000000000001001010010000000001001010101101100010010111111000000000000000001010010000000001011011100000000000000000001011111010111111111111
7739897291948341857,20,join_semilattice,1000000100100000010111111111111101110111101110110111011101111001001100100111011110001011001001100111101111110111011101111000001100100110011100000001000000000101101111111111011101111000001101100111011100000001001000000101100010110111011101111011111111111111011110000001001001000101100000010010011001111000001100100111011111111111111111111111000000000000000001001000000100100100011100000000000000000101
2464991330513413079,20,join_semilattice,1010101111011011000011101011110110110001001000001100100100001111111111011111101100101011110110110000101011111101111100110010001011001001000000000001110010010000000000001000000000000000000011000001000011111111111111111011001000101101100100000000000011001001000010101011110111110011001000111101101100000000000010000001000010101111110111111011111111111111111111111010101111011011001110101011110110110001
-3233493269381531282,20,join_semilattice,1011010111011101010111111111111111111111001101011100110101010001000000000000000010111101110111010101000101001000000000001011111111111111111100010101100000000001000000001000000000000001010111000100010110111101111111010111001101011101110101010001010111001101010100010101100001000001101111011111111101110001010111000101010110111101111111111111000101011000010001011011110111011101011100000000000000000001
2952789032593716974,20,join_semilattice,1010011011101111110011100110111011111101001000100000000100001111011111111111111111111111111111111111001001100100001101000000001000000001000010100111111011111100001001101100011101000010001001000011010000100110111011111100111001101111111111010010011011001111010000100110010001110100001000100000001101000000000000000001000000100110110011111100000000100000000101001110011111111111111110100110111011111101
6192805315986895063,20,join_semilattice,1000100101100001100011111111011111111111101011110110110110101011111101111111101100001001011000011000100011110110000110101000101101100001101000000001001000000000111111111111111111110000000101100001100000000000001000000000101011110111111110111000111101101001101010001111011011011010101011110110111110100000000100100001000000000000001000001000101111110111111111111000100101100001101010101111011011111011
-7919435667541571845,20,join_semilattice,1000001000110100100011000010001101001000111111101111111111111101001000110100100011011110101111111011110101100011110010000000001000010000100011111111111111111111110100101011110010001101111011111111101100000010001101001000000000000001000010001101001000111100100000000010000101001000110101101011111110111101011010111101100000000000000000001000110111101111111111111101001010111100101011010110101111011011
-1950398661573315075,20,join_semilattice,1111100111111111011101010000010100000001011100010111111101110001000000010000000101111001011111110111111111011111111101111111101111111111011100010001000100000001011110011111111101110001000001010000000101010001011110100011000000000001000000010101000101011010000101010001011111110111010100010101001000010101000101111011001111111111111111111111010100010111101001110101000101011010001100000000000000000001
3917467654547739330,20,join_semilattice,1100100000000000000001000000000000000000111010000000000010001111111010001001100001001000000000000000111011101000000110001110101010000001100011101111100010011000111010001000000010001110111111001001100011111111111010011101111111111111111111111110111010001001100011111111111011111111111111111100101111011110100010000001100011001000000000001000111011111100100111001111111111101011111111111111110010011101
5327375412727845966,20,join_semilattice,1100110101001110111101001000000001000000011011010101111011110111110101011110111100001000000000000000010011000100010011001111111101011110111101001101010011101111110011011100111011110100100001000100000011111111111111101111010011000101111011010100110001001110110000001000000001000000010011000100011011001111111111111111111101001000010001001100010010000100010001000100110001000110111001001100010011101101
3316498556289690193,20,join_semilattice,1000000000000000000011100111100010011001101001100000100110001111011110101111100111111111111111111111100001000000100000001000011000001001100010100111000010011000101001111000100110011110011111101111110111100111101010111001111001111111111111011000000000001000000011100111101011111001111001111000101110011000010000001001100010000100000010001000111001111010111111011110011110101111101110100111000010011001
8830769942094341871,20,join_semilattice,1000100000000000001011111000000100100011101010000000000000101011100000010010001100001000000000000000101111000001101000111111111101011111001111111101000110100011111111111101111100111111110101011010001111111111111111111011101010000001000000101011100000011010001111111101010111110011101010000001001000111111110101011011001111111101010111111011111111111111111111110000000000000000001010101000000100000011
4115212795581989715,20,join_semilattice,1000010111101010110111100111111010111101001001011110101011011111011111101111110111111111111011111111000001001000000000001000011111101011110100000001100000000000000000001000000000000000010111101000100100000101101000001000111111111111111111110000010110101000100111100111111011111101000001011110101010011000010111101011110100000101100000001000000001011110101011011110011111101111111100000101100000001001
-16675242842218433,20,join_semilattice,1001000001001001001011110010111110110011101100101101100100100001000000000000001011111011111111110011111111111111111101110001001001001001001010110011111111110011100100101100100100100001000001000001001010110010111110110011100100101101100100100001000001001001001010110010111111110011101100101101101100110001000000000001001011111111111111111111111110111111111101110000000000000000001010110010110110010011
5318884593190384163,20,join_semilattice,1111010110010100011001010000100100000110011101001001000001100001000000000000011001111101100101000110010101001001000001101111111111111111111001110101100100000110000100001001000001100111110111010100011011111101111101110110000100000001000001101111110111111111111001110101100101000110111111011101011101100111110111010101011011111101111101111110000000000000000001100000000000000000001011111111111111111111
3459787352110949209,20,join_semilattice,1110011101101111111001100010011011111110001000100110110111101111011101101111111001101010011011111110011001110110111111100000001000000000000001100011011011111110011010101110111111100000001001000000000000000010011011011110111001110111111111100000001001001101110000000010010001011000001000100110111111100000001001000001100000000000000000001000000000100100010111000000001001001101111011111111111111111111
-4983864849086224092,20,join_semilattice,1100100110100010010001000000001000000000111110011010001001001101100110100010010001001001001000000100111111011111001001011111111111111111111101000001001000000100010000001010000000001111100111110010010100000000001000000000111110011011001001001111110111111111110111111001111101100101010010011010001001001111110111110011010111111101111101111101010000000010000001001111110111111111111111111001101100100101
6933737718214708508,20,join_semilattice,1000000000000000000011111111111100111100101010011111000011001011101111110000110010001000100000000000101011111111000111001010101111110000110010001001111100001100000000001000000000001000100011110000110010001000101000001100100010001011000011001111111111111011110111111111111111111101101111111111001111001010101111110001110010001000100000001000000000001000000001001111111111111111111110111111111100111101
5250330804077853084,20,join_semilattice,1111010000111001110101010100000010001001011101000000100010010001010000001000100101111100001111011101000001000000100010001111111111111111110111111101011111111101111111011111111111011111010001111001110101110100001110011101011101000001100010010000000000001000100001110100001111011101111111000111111111010111010000011001100100000000000000001000011101000001100011011111111111111111111100000100000010001001
-3710275599019998891,20,join_semilattice,1000100000000010000011001000000000100000111111011111101011111101110100101010111100001000000000100000110011010010001011101111111111111011111111001001001000101110110111011110101011111101110101101010111110001000001000100000110111011111101011111100100000101010110011111111111111111111000000000000001000001101110111101011111111001000001000101000110010000010001011001100100000100010101011001101001010101111
-1610428521205064821,20,join_semilattice,1010010110000001100111111111100111111101001001001000000110001011111110011111110110101111100111011101000001001000000100001010011110001001100100100101100000011001000000001000000000001011111111011111110111111111111111111111101001111001110111010010010010001001100110100111100011011001101011111001111111010000000010000001000000000000000000001000101001111000110111011111111110011111111100100100100000011001
-41683229181961654,20,join_semilattice,1010111111111111011111101111111111111111001000010000001000101111111111111111111100101111001111110011000001000000001000100010011100100011001000000001000000100010001011111111111101110010111101111111001100100101001000100010001001110011111100110010011100101111001100100111001001110010000000000000001000100010010100100011001010101111111111111111001011110111111101110000000000000000001000100111001001110011
-5572700385857793863,20,join_semilattice,1000000000000001000011010001000001010100111100010000010101001001000000000001000011111001110101011101111101011101010111011111011111110111110110010001000001010100111100011000010111001111000111010101110111110101111101111101111100011001010111011111011111111111110110010000000001010100111100010000011111010000000000000001000011110001000001011100100100000000000101001111111111111111111111110001000001011101
-1041391264395210400,20,join_semilattice,1111111011111011011101011000000000000010011110000000100000100001000000000000001000011000000000000010011111101111101101100111101000101010011011111111111111110111011110101110101101100111101001101010011001111000001010100010011110101111101101100001000000001000001001111110111111110111011110000000101000100111101001101011011011111111111111111111011110000010101001100000000000000000001001111110111110110111
5864386047673150707,20,join_semilattice,1000000000000000000111111011010011010011001010000000000000001011100101001000001100001000000000000000111111111111111111111011101101001001001110101001000010000001111110111100110100111010100101001000001111111011111111111011111110110101110100111000000000001000000110111001010011010011111110111101111110111011100101001001001111111011110111011011111110111111111111111010100100001000001100000000000000000001
3405062136013492229,20,join_semilattice,1001000110000000000011011001100000000000111110011001100000000001000000000000000010011001100000000000110111011001100000001111111110011000110000010001100000000000000100001000000000001111111111111100110111111111101110001100100100011001000000001101100110011000000011111111101111001100111111111111111011011111111111111111110111111101100110001100111111011001100001001111111111111111111111111111101111001101
-2027949603210793348,20,join_semilattice,1000000000100010001111000001001001100011111111110111011110111101000100100110001111011001001001101011110111010110011110111101111101110111101110000001001000100011111111111111111111111101000101100111001100000000001000100000110111010111011110111111111101111111101110000001001001100011000000000000001000001000000100100111001111010001001001101011111111110111111111110000000000100010001100000000000000100001
-354139203836366260,20,join_semilattice,1111011111000001011101000000000000000000011101111100000101000101000101000000010011111111110000010111010101010100000001000101001101000000010001000001000000000100010101111100000101000100000001000000000011111111111001110111111111111111111111111111111111001111011101110111110001010101111111111100011101110101011101000001010011111111111011111111010000000000000001000111011111000001011001110111110000010101
4192885918834700605,20,join_semilattice,1000001010100000110111100010101010101101101000101010101011011111001011101010110111111110111011111101111101101110111111010000001000000000000011111111111111111101000000101010000011011000001011101010110100000010001000001101111111101111111111010000000000001000000011100010101011101101100000101010101011011111001011101111110100000010000000001100000000000000000001001111111111111111111100000010000000001101
3932316146199968227,20,join_semilattice,1000000000000000000011110001011011011111101100000010100110011001000000101001100111111111111111111111111101010110110111111111011101101101111110110001001010011001111101111111111111111011000101101001100110000000001010011001111101110111110111111000000000001001100110110001011011011011111101110111111111110000000000000001100100000000000000001001101100010110110111111011000101101001101100000000000000000001
-8085886550345852766,20,join_semilattice,1001000010100001000011010110101001010001111101101110110101110001000010100001000011111111111111010111100101001010010100001001011010100101000011110111111011010111000000001010000000001101011011100101001100000000001000000000111101111111110101111101011010101101001110010000101001010000111111111111111101110000000000100001000011111111111111111111110101101110110101111101011010100101001110010110101001010001
4367435304991554562,20,join_semilattice,1011111011001011010011111111110010110111001101101000100001000001000000000000000000001010000000000000000101101000000000000000001000000000000010111111110010110111000000101000000000000011111011001011010011111111111111111111111111111101111111110001000000001000000011111111110011110111001101101000101101000011011010001001010011111111110011111111000101101000100001000011111011001011011010111110110010110111
-19850022106724235,20,join_semilattice,1001111000001011001101011110010010110011111111110101111111110001000000000000000000011110000010010011000101100000100000110000001000000000000011011111010111111111111111111101111111110001111001001011001111111111111111111111110111100101111101110000001000001000000010011110010011110011000111100000101100110001011000001001001111011110010111111111010111100100101101110000001000001000001000010010000010000011
5542467235835167017,20,join_semilattice,1111111111111111111101111111111111111111001101110110111011100001011001101010111000111111111111101110000001000100101011000000011001001010110000000111010010101100001101111111111011100000000001000000010000000110011010101110001101110111111011100000000000001000100000010111011011101110000000000100101011000011111111111111111000000000000000001000000000000000000001000000011001001010111000010110011010101111
-7046445406596146703,20,join_semilattice,1000000000000000000011000000000000000000111111111111111111111101101010100001000011001010101000010000110111111111111111111100001010000000000011011011101111011100110000001000000000001101101111111101111111000010101000000000110110101011010100001101101010111101100011011010101001010000110110111111111111111100001010100001000011011010101101011000110110101011110111001101101010111101111011011011101111011101
6647190865435591276,20,join_semilattice,1101011101011111111101000110000000011100111101110111111111110101011000001111111011011111011111111111000001000000000001000000011000000001110001010111000011111111111111111111111111110101011001001111111111010111011111111111010101110101111111110100011000001011111001000110000011111110000001100000001111000000010000000001010000000100000000011100000000000000000001000000011000000001111001010110000011111111
-1424881653676386412,20,join_semilattice,1111110011010101010101100100100100010100001000001000000001000011110010010101010100101100100100010101000001001000000001001111111011010101010111111111111111111101000000001000000000000111110011010101010111111110111101011101001000001001000001001111111011111111110100100100100101010101111111101111011111010010010010010001010000101100100100011101000000001000000001001111111111111111111100100100100100010101
6810556278129352101,20,join_semilattice,1111001011000001011001000000000000000000001000000000000000000111000000000000001011111111111011011111111101111110110111110111001000000000001011110011110000010110011100101100000101100111001001000001001011110011111010010111111100111111100111111111001111001001011111110011111011010111111111111111111111110111001000000001001011110011111010011111011100100100000101100110000000000000001011110011110000010111
562288265112676820,20,join_semilattice,1110100110011110100101101001000000000000001010000000000000001111101110111110100100001000000000000000111111111011111010011110101110111110100100101001000000000000001010001000001000001111111111111110100111101001101111101001011010010001001000000110100110011110100001101001100101100000001010000000001000001111111111111111111101101001100101101000111111111111111011011111111111111110101101101001100111101001
680086361801723507,20,join_semilattice,1000000000110101110111101101001101111111101000000011010111011111110100110111111110101100001101111111101001000011010111011111111110110111111110101101001101111111111111011011011111111111111111110111111100000000001000000100000000000011010011001111111111111111111100000000001001000100101001000011011111110000000000100101010000000000001001001100000000000000000001001010000000110101111100000000001101011101
2851209528877134900,20,join_semilattice,1101111111111101111101000101000000011000111111111111111111110001110100010101100100001101000100011000000001010000000110000001111100010101100100000001000000000000010111111001010110010101111111010101111101011111101101011011000001010001000110000101111111111101111100001101000101011000110111111111111111110000000100000001000000000001000000011000010111111001010111110101111110010101101100001101000101011001
1316900403552902378,20,join_semilattice,1000000000000000000111101100000011110101101000000000010101011111110000001111010110101100000011010101101001000000010101011111111111011111011111111101000011110101111111011001111101111111110111011111011111111111111111111111111111000001111101011010010000001101010110000000000001000001101001000000111101011000000000000101000111111101100111111111100000000000000001011111110100011111011100000000000000000001
8030085956616765571,20,join_semilattice,1110110111001010100101001101100000001000011011011000000010001111111111111110110100001100100000000000000001001000000000001110111111101110110100001101100000000000000000001000000000000110110111001000100011101101111011101001111011111111111011010110110110001000100011101101110011101001011011011100101010001111111111111111110100001101100000001000011011011100101011011111111111111111111101101101110010101001
-7265648132752797029,20,join_semilattice,1100100000000010000001000000000000000000111110111111101011101101101100010010100001001000000000000000111111111111101111101100101000010010100011001011000100101000110110111001001010001101101111010010100011011011111100101110110010000001001000001101101111111010111011111111111111111111010010000000001000001111101111111011111011001000000100101000110110111101001011101101101100010010101011111111111110111111
7758364339393682491,20,join_semilattice,1001001111110011111011010011111100111110111111111111001111100001001100110011011011011011111100111110110111111111001111100000001100010011001000000001000000000000000100111011001101100001001111110011111000000001001100110010000000010001000000001111111111111111111111111111111101111110000000010001001100100000000100010001001000010011101100111110000000110011001101100000000100010000001011111111111101111111
570378567249798601,20,join_semilattice,1000010100000000000011111101000101000011101001010001000000001011010100010100000010111101000101000010000001000000000000001111111111010110011100000101000000000000111111011001010001111111110111010110011111111111111101100111000001000001000000001111111111111111011110100101000101000000111111011001011001111111111111010111011111111111111111111111111111010001010001111010010100010000001010111101000101000011
-3334239133401723092,20,join_semilattice,1101111110110001011001010011101100010110111111111011101111110001001100100001010001011111101100010110010101111011000101100000001100000001010000000001000000000000000100111010000101001111111111111111111100000001001000010100000100111011000101001101111110111011011011111111101111111111110111111011001101100000000100000001010011011111101110111110000000010000000001000001001110110001011011011111101110111111
-8749077350382271524,20,join_semilattice,1001000100001010100011010101000110111111111111111111101111110001000100000010000011011101111110111111100101010001101011011101111111111011111100000001000000000000110101011001101111111101010111011011111111010101111110111111100100010001101011010001000100001010000011111111111111111111000000000000001000001001010100011011111100010001000010101000100100010000101011001001010100011010111110010001000010101101
-3418698013819680493,20,join_semilattice,1101001001111111111101010000011110111010111101111111111111110001000000010000100011111111111111111111010101100111111111110101001001111111111011010011011111111111110101111111111111110001000001110011101000010000001100101010000000000001000010000001000001111011101001010000011111111110000000000000001000000001000000010011101000000000000000001000010100000111101111100001000000010010101001010010011111111111
-7076929709478446816,20,join_semilattice,1111101000101111111101101000001011111010001000000000000000100111101000101111101000101000001011101010111111101010111111110110101000101111101011111111101111111111111110101010111111111111111111111111111100100000001000000010111111101011111111110000000000001000001000100000001011000010001000000010111000100010100000101111101000100000001011101010011110100010111111110000000000000000001001101000001011111011
356468682551804156,20,join_semilattice,1000000001101000110111000011011110001111111000110111110011111101101111111111111111001011011111111111111111111111111111111000001101111000111110000001011110001111110010111111111111110000000001101000010100000000001000000000100000000111100011010000000000001000000011000011011111001111110000110111101011111100001101111111111100000000011010001101000000000010100001011000000001111000111100000000001010000001
-3470040370620238995,20,join_semilattice,1111111111111011101101111111011110111011001010110111000010000011101101110000100000001000010000000000001111110111001010000000101101000000100000000001000000000000001111111111101110110000000001000000000000001011011000001000000010010101000010000011111101111010100100111111111111111011001110110111001010000011111101111011100100001001010000001000111111111111111111110011111101111011101100111111011100101001
-758091642479466486,20,join_semilattice,1111111111111111111101111100111110111010001000001100001100000011110011110011101000101100111100110010001001001100001100000111111011111111101001111111111111111010000000001100001100000000000001000000000000100000111000110000001000001101001100000011110011111011101001111100111111111010000000000100001100000000000001000001000000101100111100111010011111111111111111110010010011110011001001111111111111111011
8209418146996843528,20,join_semilattice,1011111100101000101011111111011011111011001000000000000000000011010100100000101000111111001010001010001001000000000010000011011100101000101000000001000000000000111111111111111111111011111101101101101100100001001000001000001111110011100110100011010100101000101010111111001011011010101111110110111110110011111100101001101000100000000000001000111111110110111111110010010100100000101010111111001011011011
-6915554224977592973,20,join_semilattice,1110111110111111010101100001100100110101001000011001000100011111111111111111011101101001100101110101011011011001011101010110101110010111010100000001000100010001000000001001000100011110111111111111011101101001101101110101000000000001000100010110111110011111010101100001100101110101001000011001001100010000000000000001000011111111111111111111001000011001001101010110100110010111011100000000000000010001
1006324446093668248,20,join_semilattice,1000110010000001110011001100101100011100111011001111000111001111111111111111111100001000000000000000000011000000000000001110111111111111111111101101111111011111000011001000000111001100110011110001110010001100101100011100100011001001000111001110110011111101111110001100101101011100110011001111011111110000000000000001000000001000000000011000000011000000000001001100110011110101111111001100111100011101
1546077028389060854,20,join_semilattice,1100001001001100001101000000000000000000111111101111110011111101001001001100011111011110111011001111010001100100110000110100001001001100001111111111111111111111110101101110110001110100000001000000000011010110011011000111110111101111110011110100000001001000001001000000010011000011111111101111111011111111111011111111111111010110011011001111010000000100110001110100000001000000001001000000010000000011
8578317352631403550,20,join_semilattice,1110110010110111111101101100101101111011001011001011011010101111111011111111111100001000000100001000000011000011000010001110111010110111111111111111111111111111000011001011011010001110111011111111111100001000001100001000000000000001000010001110111010111111111100001100001101101000000011000011001010000010110010110111101100000000000000001000011011001011011111110000110000110110101000101100101101101011
-4296797531998713977,20,join_semilattice,1000000000000000000011000000000000000000111111111101101101101101100010000000000011001000000000000000110111001000000001001101111010011010011011011111100110100110110010001000000000001101111111011011011011111111111110110110110110001001001001101101100010001010011011111111111111111110110110001000001001101101111110011011011011111111111110111110110110001000000001001101100010000000001011111111111111111111
-371551083692478705,20,join_semilattice,1110111011111111111101100110100111011111001000000001100100111111111011111111111101101110100111011111001001100001110110110010001000011101101111111111111111111111001000101001110110110110111011011111111101101110111111111111000000000001100100110000000000001000000000100000000111010011011011101001111111110000000000001001001100100000000111011011001001101001110111110000000000001000001000000000000010000011
-422017545744796760,20,join_semilattice,1110001001000001000001000000000000000000011000000000000000001111001101011111110011111011010111111100111111111111111111110000001000000000000011100011010000010000111110111101111111000110001001000001000011111011011111111100111000110101000100001110001101011001000011100011010101010000111000110101111101000110000000000001000011100011010111111100111000110101110101001111101111011111111011111011111111111111
2730808534274742809,20,join_semilattice,1001000011010010101111110000110100101011101100001101001010110001000000000000000011111101111111111111111101001111111111111111111111111111111111110101111111111111000000001000000000000001000011000000000111110000111100101011000100001101001010111111000011111110101111110000111101101011000000001000001000001111000011111111101100010000110000101011111100001111111111110001000011000010001100000000000000000001
-8280957462286574168,20,join_semilattice,1000000001100110010011111011111111110101101110011110011001011001100011100110010010001000011001100100111111111111111111011011101111100110010110011001111001100101100010001110011001000000000001000000000000000000011001100000101110111111011001011011101111111111010100000000010001000000000000000100011000001011101111110111010111111011111111111101000000000110011001001111111111111111111110011000111001100101
3603638863665807986,20,join_semilattice,1000000000000000000011000000000000000000111000010011010001011111111111111111111111101111111101110101111001111111011101011100001101110100010111000001000000000000110000111111010001011100000101110100010111000000001000000100110000010011000001011110011111111111010111000001001101000101111000111111011101011100001111110101010111101111111111111111100000000000000001001110111111110111011111000000001000000101
-5043409958909612739,20,join_semilattice,1010000001010000000011111111111111110111001000000100000000001011111101111010001110101110010100000000101001000101000000001010011001010000000010101111011110100011101111111111101001110000000001000000000010101110011100000001001000000101000000001010111001011000000010101111011111100011101011100101101000101011111111111111011111111111111111111111101111110111101001111010111001011000001010100110010100000001
-2740036059985197001,20,join_semilattice,1001100000011000010011011011001111110100111111111111111111100001000000000000000000011000000100000000110111110011111111101001101100111111010010011001000110000100110111111011111111101101111111111111111010011001001110100100000100000001000000000000000000001000000010011001001111110100100110010001101001001001100100111011010011011011001111111100000110000001100001001101101100111111111011111111111111111111
7533289182793982592,20,join_semilattice,1010100001001000101011111111010011101010001010000100100010101011100001001010101000001000000000000010101111000100101010101011101001001010101010111011010010101010111111111101111010100000100001001000101011111111011011101010101110100101101010100000100000001000001010111100010011101010101010000100101010101111111101101111101000001000000010001010111111110110111111100000000000000000001011111111111111111111
8716092618942251163,20,join_semilattice,1010000000000000100001100000000000001000001000000000000010001111110100111111111111101101001100011111101001000000000010001111111100111111111110100101000000001000111111111011111111111111111111111111111111100101001000011000111001010011000111101110110100111001111111101101001111011111111011010011111111111010010100000001100000000000000000001000101001010000000111001110010100100001111011100101001100011111
3505153802512159225,20,join_semilattice,1111011001111110111101110110011101101111001001100011000000100011011001110000111011111111011111111111000001100010000000000000001000000000000011110111011111111111111111111111111111110010011001110000011000000010001000000000000001100011000000100111011001111110111100110110011101101111001101100111001011101111011001111111111100100110011100001110000001100011000001100000011000100000001000110110011100101111
-7196045765089847072,20,join_semilattice,1111111111111111111101101111111111101111001000000000010000000111111111111110111100101111111111101111001001000000010000000010011000010100000000100111001101100000001001111111011011110010011101110110000000100110001101100000001001000001010000000010011111111110111100000000000001000000001001100001011000000111111111111111111100100111011101101000001001110111011011100010011101110110101000100111011101101111
-2558742329251203694,20,join_semilattice,1111111100101110101101010111001000101011011101110010101010110001001000000000000101111111001010101011000101100000000000110000001000000000000000010111000000001011011111111010111010111111111111101110101100010110001000001011111111111111111011110001011100101010101101111111001011101011000101110010001010111111111111111111111100010110000000001011111111111110111011110001001000000000001100000010000000000001
-4808274982944959828,20,join_semilattice,1000110111110101101011101101111111011111001011011111010110001111110111111101111100001000000100000000000011011111010110001111111111111111111100000001000000000000000000001001000000000000000101010001100000001001111101011000000000000001000000001000110111111101101100001001110101011000111111011111111111110000000000000001000000000000000000011000101011011111110111110000110111110101101010001101111101011011
-5573957956866748630,20,join_semilattice,1111010100111111011101000000001000000000011000000011000000010111000100110010000111111101001111110111011101010011111001011111111101111111111101100001001100000001111111111111111111111111110101111111111100000000001000000000010000000011000000010111000100111110000101110001001101100001011000010011001000010111010100111111011111111101001111111111011100010011111001010111010100111110011101000000001000000001
-2138996010169808685,20,join_semilattice,1000000001101010101111010000011010111011111111110111111111111001000001101010101111011101011010111011110101000110101110111101111101101011101111010101011010111011111111111111111111110000000001000010000000000000001000000000110111110111101110110000000001101010000011011111011111111111000000000000001000001001000001101011101100000000011010101011110111110111101111110000000001000010001100000000000000000001
-8069361202714165240,20,join_semilattice,1010111111110110111011101111111111111111001010000100000000001111111111111111111100001000010000000000001011100100000010100000001000000000000000101111111101101110001011101110011011100000000001000000000000101110011001101010001011101111011011101010111111111110111000101010010001000010001011100100011010101010111111111111111100101010010000001010001011100110011011100010101001000000001010101111111111101111
1597503186576791492,20,join_semilattice,1000110001001000011011111111111111011111101011110100110001111011111111111101011100001100000000000110000001000000000000101000111001001000011000001101010011000110101011111100110001110000110001000000011010101111111011000111101011111111110001110000110001001000011000001100010001000110111111111111111111111010111111111101011110111111111111011111000001000000000001100000000000000000001010001111010011000111
-2863596917086509231,20,join_semilattice,1111111011100101111001010100001001011100011111101110010111100001010000100100010000011110001001010100000001000000000000000001011000100100010011111111111111111111010111101010010111100101111001100101111000000100001001000100111111101111111111111111111011101101111100000000000001000100111111101110111111110001010000100101010000000100001001001100000000000000000001000101111000100101111011111110111001011111
2474141501681957539,20,join_semilattice,1111111001000010111101000000000000000000011111000000001010100101110000000010101000001000000000100000000001000000000000000111111000000010101011111111111111111111111111101101001111110111111001000010101011111110111101111111111111100101001011111111111011111111111111111110110101111111000000000000001000001111111001000011111101001100000000101010011111100100001011100000110000000010001001111110010000101111
-8505105341440099,20,join_semilattice,1110110001100000100001000000000000000000011011000100000000001111110111100110110001001100010000000000010001000000000000001111111111110110111111101101011000001000111011011110001011000000000001000000000000000000001000000000111111011111011011111111111111111110111111101101111001101100111011010110001010001111111111111111111101101100010000001000111011010110001011001111110111100110111011111101111001101101
412867061317331231,20,join_semilattice,1110011101011011000101100110010010000000001001100100100000001111011101011111011111111111010111110111000001000000000000000000001000000000000001100111010010100001011001111101101100010000011001001000000011111111111111110111011001110101101000010000011000001000000011100111010111110001011001100100101000000110011101011011000111111111111111111111111001110101111101011110011101011011001101100110010010100001
1269275581626912330,20,join_semilattice,1000100000000000000011001000100001011000111010001110010110101111100111100101101000001000000000000000111111111110010110101110101011100101101011101001111001011010100010001000010110001100100011000101100010001000101001011000111111111111111110101111111111101111101010001000000001000000111111111110011110101000100000000001000010001000000001011000111111111111111111101100100011100101101011111111111111111111
116195755671071174,20,join_semilattice,1110111110111110111101101111101111101111001010100010010010001111111111111111111100001000000000000000001011101011011010000000101000100100100000101111101101101100001010101011011010000110111111111110111100001000001001001000001010100011010010000010111110111110111000000000000001000000000010100010011010001110111111111111111100001000000000001000001010101011011011000010111110110110111000101111101111101111
2384748493996997009,20,join_semilattice,1101011111101110111101000000000001000000111111111110111011110101000000000100000011011111111011101111010101001000010000000101011010100110000001010111101001100010010100001000010000000101011011100110001001010100101001100000111111111111111111110101010010001100000000000000000001000000010100001000011000001111111111101111111101010110111011101010010101101110111011100101011010100110001001010111111011101111
3650508522011249920,20,join_semilattice,1110111011011111110101000000000000000000011000000000000000001111111111111111111101101100000001011000011001000000000100000110111000000101100011101111110111111101011001001000010110000110111011011111110111101111111111111111011011100001010110000110111010011111100001100000000001010000011011101001011110000110000000000001000001100100000001011000011011101001111111010110111011011111111101101110100111111001
-7332546897524629667,20,join_semilattice,1100110111100110011101000000001000000000111111011111011001111101110111100110011101001000111001100111010011011110011001111111111111111111111101000001101001100101010000001010000000010100000011100110011100000000001000000000110011011111011001111111110111111111011101000000101001100101010000000010001000011111110111110111011111111101111101111111010000000010001001010100000000100010011101000000001000000001
-6783583852432633918,20,join_semilattice,1011000100001011100011110001000010111010001000010000101110000011000100001011100000001001000010111000111111011010111110111111111111111111111100000001000000000000001010011000101110001111110111111111101111111001101011111011111110011011111110110000000100001000000011110001000011111010000000010000101000000000000100000001000000000001000010111000111110011011111111111011000100001011101011110001000011111011
3318631508491689336,20,join_semilattice,1000010000000001000011000101000000010000111011111111111111111111111111111111111111001111111111111101000001000000000000001100011110101111000000000001000000010000110001011000110100001100011111111111100111000101101011110000110001111011111110011100010100001101000011000101000001010000110001010000011100000000000000000001000011000111101011111001110001111111111111011100111111111111111111000111101011110001
-8234773180958254680,20,join_semilattice,1100000100100000000101000000000000000000111010010011000000111111111101111001101101001001001000000001111011110111100110111110101100111001001101000001000000000000111111111111100111111110101101111001101100000000001000000000010010010011000000111110100100111000001111111111111111111111111010110011101110111110100100111001001111101011001110011011111111110111100111110100100100100000001101000001001000000001
-9159735140101244356,20,join_semilattice,1000010000001000000001000100000010000101111111111111110111011101110010011100110111001100000010000101000001000000000000001101111011111101110111011111111111011101110011001000110001011101110011111100110111011100101111001101110011001001110011010000010000001000000011001100000011000101111111111111111111011101110011111101110111001100100011001101000001000000100001001111111111111111111100000100000010000101
582931784704953917,20,join_semilattice,1111011111110011101001110111111100111010001001111011000100000011011111110011101011111111111100111111000001111001000100000000001010010001000000000011100100010000000000001000000000000010011111110001001000000111101100010000000000001001000100001111111111111011111111111111111111111111001001111111001100100000000000000001000000100111111100111010011101111111001111100010011110110001001011110111111100111111
905739978424114603,20,join_semilattice,1111111111111111111101000000000000010000011000000100000101000111111111001111111101101111110011111111011001100100100111010110001001001001010001100111010010111111011001111100101111110100000001000001010001111111111011111111011111111111111111110110000001001001010001100111110011111111011001100100101111010000000000000001000001000000010000011100010000000000000101000110011001001011111101100010010010011101
1007535177849857929,20,join_semilattice,1001000010000000010011111101110000010101101111011100000101010001000010000000000000011000100000000000100111001000000001001111111111000111110110011101110000010101000000001000000000001001110011000000010011111101111001111101111111011111111111011111110111101111110110011101110001010101111111011100011111011001110011000001010111111101110001011101000000000000000001001111111111111111111110011100110000000101
8814365067132822042,20,join_semilattice,1000000000010100000011000001000101000001111111111111111111111101110101111100001111001001001101000011110011010011010000111101111101111111111110000001000101000001110111111111111111111100110101111100001110000000001101000000000000000001000000001100110100111100001100000000000001000000110111010111111001111101110101111111111111011101011111101111110111010111110001111100000100110100001110000000000101000001
5084913781614462052,20,join_semilattice,1101000010000110101101010000100001101010111111111111011111110001000000000000100011011001100001111011110111011101011110111101101111000111101101010001100001111011000000001000000010001101100111000111101111011111111101111011110110011001011110111111111111111111111100000000100001001000000100000000001010000101000010000111101100000000000000001000110111111111011111110001000010000110101001010000100001101011
-1895984347066047626,20,join_semilattice,1100100010111100000001001000101111000000111111111111110000111101110111111100001100001000001100000000110011001011110000111101111111111100001111001001101111000011000010001011100000001100110111111100001100000000001000000000000000000011000000000000100000111000000000001000101111000000111111111111111000111111111111111111101111111111111111101011111111111111111111111100100010111100001101001000101111000001
8772317313791395786,20,join_semilattice,1101111111111111101101011011101101111001011111111111111110110001000000000000000000011010001001000000010111111011011110110001001000100000000000000001000000000000000110111010011000000101111111111111101100010000001000000000000110111011011010000101111110111111101100010010001001000000000110100010011000000001101110110111100000011011101001101000111111111111111111110101101110110111101100011011101101111001
8881635809968607098,20,join_semilattice,1001100010010001000011111111111111011111101111111111100101000001000010000000000000011000100000010000100111111101100101001001101010010001000010011011100100010100000000001000000000001001101011010001010010011111111110010100000100001001000000001001101111011001010010111111111111011100111111111111111111110001000010000001000010011111111110011100100110101001000101001011111111111101111010111111111111011111
1007572326720664205,20,join_semilattice,1000101010000000000111001011111000001001111010111110010010111111101111101111111100001010100000000001111111111111111111110000001010000000000010001011111000001001000000001000000000000000101011000000000110001010111000000001111010111111111111111110101111101111111110001011111001001011111010111110011010111110101111100111101110001010111000001001111010111110011111111000101111100000101100000010100000000001
6312593098097088498,20,join_semilattice,1000111100110001011111111111111101110111101111111111011101111001111100110001011100001111000000000011000001010000000000110000001000000000000000000001000000000001100111111011000101111001111101110101011100001111001000000011000011110011000001111111111111111111011110001111001101010111100111111011001101110000111100110001011111111111111111111111000011110010000001110000000100000000001100000000000000000001
-8302587722321792803,20,join_semilattice,1111110111011100111001000100000001001010011111011100110010100101010100000100101001011101100011001010000001000000000010101111111111011100111001000101000001001010010101011000010010100101110111001100101011111111111111011111011111011101110010100101010110001100101000000100000001001010111111111111111111110111110111011101101000000000000000001000010111011100110011100000000000000000101011111101110111001111
-7309513323707873292,20,join_semilattice,1110101111101111110101100011100000000000001000111000000000000111101111111111111100001010000000000000111111111111111111110000001000000000000000000001000000000000000000011000000000000110101111101111110101101011101000100000011010111111111111110110101110101010010001101011101001101101011010111000001000000110101110101111110101101011101000101101011010111010001001000110101111101111111101101011101000100101
-7971856164398152251,20,join_semilattice,1110011001111111110101000000000010100100011000000000101101001111111111111111111111101111011111111101011001000110111101000110011001101111010011100111011111111101111011111111111111010110000001001011010001100000011010110100011001000111111101010000000000001010010001100000011011110100000000000000001000000100000000001011010001100100011111111101000000000000001001001110111111111111111101100000011011110101
-5567298386299359960,20,join_semilattice,1000000000000010000011111101110111111001101100010100011010001001000000000110100010111001110111111001101111011101111110011111111111111111101110010001010001101000101100011100011010001001000001000110100011111101111111111001101100011101011110001011000111001110100010000000000001101000000000000000001000001011000101000111100000000000000000101000111111111111111111111111110111111111101110110001110101111001
2148588345818557674,20,join_semilattice,1000110010000000010011111111110101111110101111001100000001001001110011000000010000001000100000000000000011001000000000001011111111010000111010111101110100001110000000001000000000000000100011000000000010111111111111111110101111001101000001101011111111011111111010111111110101001110101111111101011011101011111111010111111010111100110100001110000011001000000001001011110011000000011011111111111111111111
-6070710622610073486,20,join_semilattice,1010000000000010000011100000100000100000001000000000001000001111101010111111101111101000101001110000111111111111111111111110101010111111001111111011101111111011000000001000000000001111101111111111101111100000101000110000111000001011111100001110000010101111000011100000101001110000000000000000001000001110000010000011000011101010101111111011111110111111111111111110100010100111001011101000101001110001
-559891489946701321,20,join_semilattice,1000000000000001001011111011101111111111101110110000010100101001101100000101001000001000000000010010111111111011111111111000101100000101001010000001000000010010101110111010011111101111111111111111111110111011001001111010101110111011111111111011101100001111001010001000000001010010101110110000011100100000000000000001000010011011000001011010100110110000010101100000000000000001001010111011101011111111
5426239593093267300,20,join_semilattice,1000001001000000000011101011111001111100101010101100000000001111111111111111110110001010010000000000111011111111011111010000001001000000000010101011110001011100100010101100000000000000000001000000000010101011111001011100101010111111011111001110111111111111110100000000010001000000101010111110011111001000101011000101010010101010110001011100100010100100000001001111111111111111111111101011111101111101
-5143967751957833397,20,join_semilattice,1101111100100110101001010100000000000010111111111111111111110001000000000000001001011100000000000010000101000000000000100101111000100100001001011111001001000010110111111111011110101101111101100111101001011100001001000010110111110111011110101101111111111111101001011100000001000010010111110010011000100101111100100101001001011111001001101010110111111111111111100000000000000000001011011111111111111111
-8082692967005389879,20,join_semilattice,1000011001010100001011011110011101111010111111111111111111111001011001010100001010011110010101111010000001000101000000100000011001010100001010011111110101111110100111101101011111100000000001000000000010010110011101110010000000000001000000001101111111111111111000000100010101000010100101100101011000101001011001010111001010010110010101111010100101100101011101100000000001000000001011011111111111111111
2272791513382349187,20,join_semilattice,1111111011111111101101000000000000000000011000100100111100100111101011001111001001001010000001110000011111101100111110110100001000000111000011111111111111111011011000101100111100100100001001000111001001111110111011111011011111101111111110110100001001001111001001000000000001110000010000000000001000000100000000000011000001100010110011111010111111111111111111110100000000000111001001111010110011111011
-3776581503202680898,20,join_semilattice,1010010000001100010111111110000011001101001000000000110001011011011000001100110110111110000011001101001001000000110001010010011000001100010111111111010011001111111111111111111011111111111001001100110111111110001011001101111111110101110011110000000000001100010100000000000001000101111111110101111011111111111111111111111110100110000011001101000000000000000001001111111001001100111100000000000000000101
1955778008657711406,20,join_semilattice,1111111111110111111101001111111101111100011011111111011111000111111111110111111000001111111101111000000001000000000010000000011100000010100000000101000000001000000001111011011010000000011111110111100000000111001101101000000001110001011010001111111111111111111100000111000001101000000000000000001000000000011110110111100000000000000000001000000011111111011111000110111111110111111001101111111101111111
7192330025699992270,20,join_semilattice,1000000000000000000001000000000000000000111011011110011011101111111111110110111111001000111000100000110011001110001000001100111111100110111011001101111000101000110000001000000000001100000011000000000011000000111000100000110011111111011011101111111111111111111111001101111001101000110000001100001000001111111111110111111111001100111000101000110011011110011011101100110011100010001011101111111101101111
5476628343735852001,20,join_semilattice,1111111111111111111101001101100001000010011111111110111111110101111111101110111000001000000000000000000011010000010000000100111110000100001000001001000000000000000011011000010000000100111111101100001001001111101001000010010111111111111111110100110110001100001000001001000001000000010011111110111000100101111111101111111001001111111011001010010011111110111011100000110100000100001001011111111011111111
1397459380064981939,20,join_semilattice,1111100111101111001101010000001000000000011100000010000000000001000000000000000001111001111011110001111111011110111100111111111111101111001101110001001010110001010100001010000000000111000111101111000100010000001000000000111111111111111111110111000000101000000101110001101011110001011100000010001000010111000000101011000111111101111011111011111111011110111111110111100111101111001101110000001000000001
-5496277795325075130,20,join_semilattice,1110101100111111010101000000000000100101011010010011001001011111101100111111010101001001001000100101111111111011111101010110101100111111010101000001001000100101111110111011111101011111111111111111111101000000001000100101010000000011001001010110100100111010010101101001001111110101000000000000001000000100000000100011010111111111101111111101000000000000000001001111111110111111111100000000000000100101
2359597536174695450,20,join_semilattice,1000000000001000000011100111000010001000101001100000100010001111011110111111100111111111101111111011100001000000100010000000001000000000100010100111000010001000111001111000110110001111011111111111100111100111101111011000111001111001110110000000000000001000000011100111000011011000111001111011111110001110011100001001100000000000000000001000111111111111111111111111011110111111101111100111101111111001
-5134959514411442907,20,join_semilattice,1010001000001000000011111111100111111001001000100000000000001011001000001000000010111111100111111001101101100000110010000000001000000000000010110111000011011000101101101000110110001111111111111111110111111111101111111001101101110001110110000010001000001000000010110010000011000000101101110001111110001011011000001101100010110010000011001000111111111011111111011111111111111111111110110111000111111001
4308527823404259951,20,join_semilattice,1110101101111111011101101011001010010010001010000000000000101111111111111111111100001000000000000000111011110111111101110010101100101001001000000001000000000010111011111111111111110110101101111001011000101001001000010010011010110011100100100000000000001000001001101011011111010110011010110111111101100010100100000001001011101111011111111111011010110011100101100000000000000000001001101011011111110111
3045871039975261654,20,join_semilattice,1100000010011010011001000000100100100110111001101111111111101111011111111111111011111111111111111111110001101111111111101100001011111011011011100111111111111110000000001000000000001100000011011010011011000000111110110110000000001001001001100100000010011010011011000010111111110110000000001000001000000100000010010011011011000010111110111110000000001000001001000000000010000010011011110111111111111111
1503231627451956081,20,join_semilattice,1111100101011001011101011001000100000110011110010001100001100001100000000000000000001000000000000000111111010101100101111111101101011001011100001001000000000100111111111111111111110101100101011001011011111101011111010111000110010001000001000101100100011000011011111101010111010111111111110101101101110101100100010001011011111111011111111111000000000000000001000000100000000000001001111001010110010111
2927942249336573251,20,join_semilattice,1010101101110010101011101111011101101010001000000000000000001111111111110111101100101000001000000000101011110111001010100010101000100010101000101011011000101010111011111111011010100010100001100010101000100000001000000000001010110111001010101111111111111111111110101111011101101010001010000010001010101110111111110111101000101000001000001000111111111111011111110010000000100000001011101111111101111011
-3011696657161345437,20,join_semilattice,1010100100010100100111101101100101011001001010010000000000001111111111110111100100001000000000000000101011011001010110011110111110010101100100001001000000000000101010011001010110011110111111110101100111101111101101011001001010010001000000001111111111111111100100101001000101000001111011111111011110011010100100010101100100101001000101001001111111111111111111011111111111111111111100101001000100000001
3003606316514694278,20,join_semilattice,1100111111100100111101001111000000000001111011111110110011111111111111111101111100001110000000000001000001000000000000000000001000000000000000001111000000000001010011111000000000010100111111100100010101001111101001000101110011111111110011111100111111101100111101001111100001000101111111111111111111111110111111101101111101001111101001001101010011111000000001010100111111100100111100000100000000000001
7469813485055226263,20,join_semilattice,1101110010010111000001000000000000000000111111001011011100000001000000000000000001011100100101110000010101001000000100001111111111111111111111111101111111110111010000001000000100001111110011111111011101011100101101110000010101001001011100001111110010111111010101010100100001110000010101001000001100000100000000000001000011111101111111111111111111001011011101011111110010111111011101010100100001110001
-7017419120410568868,20,join_semilattice,1100011111101110111101000000000000000000111001111110111011111111111111111111111111101111111111101111010001010010000001110100011110101010111100000001001000000101010001011010100011110100010111101010111100000000001000000100111001111111111011110100010100101000111101000101111011101111010001011010101011111110111111111111111101000001001000001111000000000000000001000100000100100000011100000000000000000001
-7706926334503236919,20,join_semilattice,1111100100001100001001010001000011000000011100010000110000000001000000001000000001111001000011000010111111011111110111111111111111111101111100000001000011000000111110011001110111111111100111111101111111111001101111011111111110010001110111110000000000001000000000000000000001000000111111111111111111111111100100001101001111111001000011011111111110010000110101110111000100001100001011111001000011000011
6201445277327775350,20,join_semilattice,1000000000011001100111110111111111111011101000000011110110111011011011111111101111111111111111111111101001000011110110111010011011111101101110110111111111111011101001001011110110111010010011111101101100000000001100011000000000000001000110000000000000011001100100000000001101011001101001101111111110110000000000000001000000000000000000011000111101111111111111110000000000110101101100000000000100011001
-9015600346311407242,20,join_semilattice,1001001000100001000111110010001000010001001100100010000100010001000000100001000111111010101001011011111111111110011110110001001000100001000111111011111001111011111100101010000100111111101011100101101100000000001000000000111111111111011111111111111111111111111111110010101001011011111110101110011110110000000000100001000111110010101000011011111111111110011111111111001000100001001100000000001000000001
-392579794542653661,20,join_semilattice,1011000000001000100111111010000010001001001000000000000010000011000000000000100100111000000010001001111111110001100011011011101000001000100111111011000110001001111111111011100011011111111101111000110111111111001110001101111110100001100010010011000000001000100111111111111111111111111111111111101011111111111111111011111100000000000000001000111110110001100011011111111111111000111100100000000000001001
42497403698691266,20,join_semilattice,1010110001000111100101101100010001111001001000000000000000001111110111100111101100101000000000011001001011000000000110011111111111111111101111101101110001111011111011001100011110110010110001000111100111101101111001111011111111011111011110111111110111111111101100101100000001011001001011000000011110010010000000000001100100000000000000001000111111111111111111110110110001000111101100100000000000001001
-4552869957519641697,20,join_semilattice,1000000010000000010011111111111111110111101111111111111101111001111011101100011010001100100001000100100001001000010001001000111010000100010010011111111111000110000000001000000000001000111011000100010010001100101001000110100111101111110001101000111011101100011000000000000001000000100111111111111101111001111111111101011011111111111111111111000000001000000001000000000000000100001010011111111111010111
6342465791619390979,20,join_semilattice,1000010100000010000011010101000000100010111101111111111110111001010100000010000011111111111111111111000001000000000000001101011101100110101100000101000000000000110101111111011010111101010101100110001111010101001000100010110101110111011010111101011111111110101111010101001001100011000001000000001000001101011111111111101111010101011001101011111101111111111111111000010100000010001011010101001000100011
-4556788734713609606,20,join_semilattice,1000000000100000000011111111111001101001101100000010000000001001000000100000000010001001001000000000101111011010011010011011111111100110100110000001001000000000101110011010010010011011110111100110100100000000001000000000101111111111111010011011110111101110100110111001001001000000101110010010011000011111111111111111111110111001001001001001101111111111111011011011111111111110111110111001001001000001
-8757057475852393410,20,join_semilattice,1000000000100000000111011011101000000001101110111010000000011001100010100000000110001000001000000001111111111111111111111001101110100000000100000001001000000001100010001010000000011111101111100100000100000000001000000001111110111111110011011111101110101100000111111011101001000001111110111111111111111111101111111101111111111011111001001001111110111110110001011111101111111100111100000000000000000001
2755435238072550020,20,join_semilattice,1111001001100000011101100010010000000001001000000000000000010111001001100000011111111111111101101111111101110110010001110000001000000000000111110011011000000111111101111110010001110010000001000000000101100010011000000111111101111111010001111111111111111111111111110010011001000111111101111111011011111111111111110111111111110111111001001111001000000100000001010110001001000000011100000000000000000001
6433361325584055871,20,join_semilattice,1110111101111001101101101110011110011011001001000110100100111111111111111111111100101110011010010011000001000000000000100010011001101001001101101111011110011011111011111111100110110000010001000000001000000100011000000010001011100111100110110000010001001000001011101111111111111111111011111111101110110000010001100001001100101110011010011011111011111111101111110000000000000000001000000100011000000011
7119736315945634178,20,join_semilattice,1000000000000010000001100000000000000001001000000000000000001111111111111111110111101111011101110101111001010101011100011110011101010111000100100001000000000001111011111111111111011110000101000010000111100111011101110001111000010101011000011110011101111111010111100001010001100001000000000000001000001110000101010111000111101111011111111101111001110111011101011111111111111111111100100000000000000001
-6047839445450537617,20,join_semilattice,1101001000000000100001000010000000001000111111101111111111010101001000000000100011011110111110111101110101101011001110010000001000000000100011111111111111111111010100101000001010001101011011111011110101010010101000101000110100101011001010011101011010111011110111010110101111111101010100100000001010001101001010110011100100000000000000001000110101101011001111011111111011111111111111010010101000101001
3905177094326679756,20,join_semilattice,1110110001000010011001100000010000000010001000000000000000001111111111111110111101101100010000100110011001000100001001100110111001000010011011101111111111101111111011101101101011100000000001000000000011101110111110101110111011000101101001101110110001001010011011101110111111101110011000000100001000101111111111111111111111101110010110101110011000000100001001100010000000000000001011101110111111101111
-6706670998027303720,20,join_semilattice,1111111111111011111101100010000000000110001000000000000000000111111111111011111101101011000000101110011011110011001011110010001000000000001001100011000000001110011010111011001011110110101111110010111101101011001100101111011010110001001011100110111111111011111111111111111111111111011000110000001011100110111111110011111101100010000000001110001000100000000001100010000000000000001001101011000100101111
1297190575431293884,20,join_semilattice,1111011001011101000101100110010111000000001001100101010000000111011001011101000111111111111111011011000001100101000000000000001000000000000011110111111111010011111101101101110100010000001001000000000011110110111111010011000000100101000000000010011001011100000000000110010101000000111111111111111110110110011001011101000011110111111111011011111111111111111111111111011011011101001101100110010111010001
2943194916660146114,20,join_semilattice,1001010110011111011011010101100111110110111111111111111111110001010110010110001011011111100111111111000001011001001000101101011110011111111100000001100100100010000000001000001000001101111111111111111111010111101111111111000000001001001000100001010110011111001000000001100101100010000000000000001000000001010110010111001011010101100111111110000101011001111101100000000010000010001010010101100111110111
5212610920877410549,20,join_semilattice,1110011111110111111101000000000000000010011000000000000000101111011111110111111111101111111101111111011001100110011111100110001000000101001001100111011001111111011001111111011111110110001001000101001001100010011001010010011001100111011111101111111111111111111100000000000001000010011000100110011100100000000000000101001001100010011001111010011000100110010101100000000000000000001001100110011001111111
-2573205513236479092,20,join_semilattice,1100000011001000000001000000000000000000111100001100100010011101000011001000100111001100110010010000110001001100100000001101111111001101100111011101110011011001010000001000000000000100000011001000000011011111111011011001111111011101110110010100000010001000000011011100110011011001111111111111111110011100000011001001000001000000110010001000111111111111111111111111111111111111101111000000110010001001
-7941608813187858423,20,join_semilattice,1010011100000001000001000000000000010000001001110000000100001111111110101101000000101111000000010000000001100000000100000000001000000001000000000111000000010000001011111000000100001110111111101101000011101111101011010000111111111111110101010010111110001101000000100111000001010000111111111111111101110000000000000001000011111111111111111111111111111110110101011111111111111101011111111111101011010001
2526708697665343316,20,join_semilattice,1111111111111111111101010010000000000000011100101000000000000001001000000000000001111011101110111101011111111011101111110000001000000000000001110011100000100000000000001000000000000111111111111011111101110011101100100000011100111001001000000111001110111011110101111111101111111111011100101000001000000111001110110011110101110011101100101101011100111011001001010111101110111011111101110011101100100001
-2747551084016083040,20,join_semilattice,1111101111111110111101111010111111101111001000001010110000000011001010101100000000111010101111000011111111111111111011110010001010101100000000111011111111101111000000001000000000000011101011111100111100000000001000000000001000101011110000100000000010101100000000000000101001000000001110101111111011111111111111111111111100111010101111001111001110101011110001110010001010101100001000110010101111000011
-1921006569990194104,20,join_semilattice,1100110000000100000001001100000000000000111111111011111111101101111010101111111000001000000000000000000001000000000000001100111010101111111011011111101111111110110011001010010011001111111111111111111111001100001001000100110011101011111111101100110010101111110000000000000001000000110011001010011011001100110010100111110011001100001001001100110011000000010001001100110010101111111011111111101111111111
6253273440500694304,20,join_semilattice,1111010111010010111101000000000000000000011100011101000000110001000000000000000011111111110100101111010101010001000000110111001111010010111101000001000000000010010100011001000000100101000101010000001011111111111110111111010100010001000000101111111111011010111111111111111111111111011100011101001000111111111111011011111101110001110100101011011100011101001011110000000000000000001001010001000100000011
-8512612365174030880,20,join_semilattice,1001010001000001100011010100010000011000111111111111011111110001000000000000000011011100010000011000000101000100000110001101111001000001100011011111010001011101110111111111011111010001000001000001100011011111011001011101110111110101010111011111111111111111111111011110010001011001110111110110011111010000000000000001000000010000000000011000110111100100010111011101111111110111111111011110010000011001
-2657993558245840141,20,join_semilattice,1101111111111111111101000000000000000000111111111111111111110101111010010111110101001010100001011000010001101000010110000000001000000000000001001111101101111111010000101000010110000100111111111111111101001110101101111111010011101001010111010100111110111111111101000010000001011000010011101001011111010100001000000001100000000010000000001000010011101000010111010100111010010101111101001110100001011001
3887415166587442438,20,join_semilattice,1110011111110011111101000000000000000000011000000000000000001111111111111011111101101111111100111111011001010101001111110110011111110011111101100001010000110101011001011101001111110110000001000000000001100101011100111111011000010101001111110110111111111011111111111111111111111111011000000100001001010110000001000011010101100001010000111111000000000000000001000110000101000011011101100000010000000101
7822221809733460058,20,join_semilattice,1110110110111111111101101101100110111111001001000000000000001111111111111111111100101101000110111101000001000000000000001110111110111111111100100101000000101101001011011001101111010110110111011011111101101101101111111111001001010001001011010010010100011011110101101101100111111111001001000000001001010010010100010011110100100100000000101101000000000000000001010010110110011011111100000000000000000001
-5632281011160235721,20,join_semilattice,1011111111110111101101111111111101111011001000000000000000000011000100000000000000111111101101111010001101010000000000000011011110000000100000100001000000000000001101011000000000000011111111110111101100110111101000001000001101111001000010001111111111111111101100110111101101011010001101111011011110100011011110110001101000110101100000001000111111111111111111110011011110100000101000111111101101111011
-3367256956895847567,20,join_semilattice,1001010001000100010011010100010001000100111111111111111111110001000000000000000011011101111111010111000101000000000000001101111111111101011111010101110001010111110101001100010001000001010001000100010011010101111111010111110101011101010101111101010111011101011100010000000001000000110111111111111111111101010011000101010111011111111111011111000101000000000001001101010011000101011111010100110001000101
8917865013569393788,20,join_semilattice,1000000000000000000011011010010010101011111111110100101110111001101001000010001110001010000000000011110111100100101110110000001000000000000011011111010010111011111111111111111111111000101001000010001111011110011010111011110111110101101110111000101001001010001111111111011011111111100000100000001000111101101001001011101110011010010010101011111111110100101111111000001000000000001110000000000000000001
1129574686781043683,20,join_semilattice,1000000000001100000011010100101011011010111111111111111111110001000000001101000011011100101011011010100101000000110100001101111010101111101011011101111011111111100101001000110100001101110011101111111110010100101011010000110111111111111111110000000000001100000000000000000001000000110111001010111110100000000000001101000010010100101011011000110111001010110111111001010010101101101011010100101011011011
-6337442962511622082,20,join_semilattice,1110110011111010111101100000100110000000001000000001000000001111111011111111111101101000100110100011011011001001101001111110111011111111111111111111111111111111001000001001100000000110110011011010111101101100111110101111000000000001000000000010000000011000000011101100111111111111011000001001101000110110110010011011011101101000100110101011011010001001101001110010000000010000001100100000000100000001
-3019422324182051545,20,join_semilattice,1000100101011001000011111111111111111111101111111101101111111001111111011011111100001001010000010000100011010101100100001000111101011001011000000001000000010000100011111101101111100000000101000001000010111111111111111111000010010101000100000000100101011001000010011111110111111111100011010101101111100000000000000001000010001101010110011110100011010101100101001000110101011001011010001111110110111111
-9019937532204341768,20,join_semilattice,1000000000000000001101000000000000000011111110111111111110111101000011100000001111011001111111011011111111111111111110111101101111111101101111010001111011011011110000001110000000110100000001000000001111000000011000000011110100011111110110111101000011101100101111010000111001001011110110111111111110111101000011101101101111010000111000001011111111111111111111110000000000000000001000000000000000000011
8859242148998675450,20,join_semilattice,1110111111101111111101101111110011111110001011001100100100101111111111101111111100001000000000010010000011000000100100100010111111001001101000101101110010011010000011001100100100100000110001001001001001101111111011111110111111111111111111110000100000001001001000101111110011011110001011111100111111100000000000000001001000001100110010011010000011001100100111100000000000000000001001101111111011111111
-4658168852217730246,20,join_semilattice,1111111111111111111101111111101101111010001101111011011110100001011110110110101000011111101101111010000001001011001000100000011010110110101000000111101101101010000000001000000000000111111111111111111100000000101100000000000000000001000000000111111110111111111100000100101101101010000000001011001000000001011110110111101000000100101100101010011111111011011111110000000010110000001001111111101101111011
5734541911849383499,20,join_semilattice,1010100001000000000011101000111010111101001000000000000000001111111011111011111100101000000000000000111011101110101111111110101011101011111111111111111111111111101010001110101111010000000001000000000010101000011010100101111011101111101111111010100001001010010010101000011011111101101010000100001000001010100001101011010110101000011010111101101010000100001001001110100011101011111100000000000000000001
-7129139033456598551,20,join_semilattice,1000101000010101001011001111011101010010111111111111110101101001111101110101001000001010000101010010100011110111010100100000001000010100000010001011001101010010110011111111010100101000101101110101001010001010001101010010000000000001000000001100111111111101001000000000000101000000111111111111111101100000001000010101001011001111011101011010110111111111110101100000001000010100001011111111111111111111
-3424063841806107816,20,join_semilattice,1101010001011001000001000100010100000000111101000111101101010101010001011001000011111100011110110101000001000001000000001111111011111011111111111111111110111111111111001111101101010000000001000000000011010100011110110000000000000001000000000100010001011000000011111111111111111111010101000101101100000100010001011001000011111100111110111101110101000111101101011111110011111011111111010100010110010001
3866130276315618037,20,join_semilattice,1010000111000000011101100001110000000111001000000000000000001111100111110110111111101001110000000111111111111111111111111110101111110110111100100001000000000000001000001000000000000010000011000000010011101001111100100111111010011101001001111111101111111111111111101001111101101111111010011100001001111111101111110111111111101001111100101111000000000000000001000010000111000000011100100000110000000101
-6718462957804877979,20,join_semilattice,1111111111111111111101111111111111101111001111111111111011110001010000001000000000011100000010000000000001000000000000000001111101011100111100010101000011000000000111011101110011110001110101011100101000011111111111101111000101010001110000100000000000001000000000010100000011000000000111111101111011110011111111111111111100010101000111001010000111010101110011110001010000001000001000011101010111001011
-8791983704104233043,20,join_semilattice,1111111110101110010101000000001000000000011111111010111001010001000000100000000001011111101011100101010101100010000000000101001000100000000001010111101000000100010101101010000001001111111111101110010100000000001000000000111111111111111011110101001000101000000001010111101001000100010101111010111001011111111111111111111111111111111011101111010101100010000001001111111111101110011101010111101011000101
-414185064515140147,20,join_semilattice,1111111001111111011101000000000000000000011110000111001001000101100001110010010001001000000000000100010111000111001001100111111001110111011011111111111111110111111111101111111101110100100001000010010001001000011000100100010010000101001001000111111001111111011101001000011001100100010000000000001001000111110001110111011011111111111111111111010000000000000001000100000000000000011001111110011101110111
-4713142148123769056,20,join_semilattice,1111111111011111011101100000100010000000001000000000000000000111000110001000000001111111100011010111011101011000100100000111011110001101000001100001100010000000000000001000000000000111111111001101011111111111111111111111011111111101110101110010000000001000000001110101100011010000011111111100111101110010000000001001000001111111110111011111011101111000110101000111011110001101011101110111100011010101
-2261352193108756290,20,join_semilattice,1001000001000010001111011001110000100011111111111110001010110001000000000000001110011000010000100011110111111110001010111001101111000010001110010001010000100011100110011100001000110001000001000010001111011001111000100011110111111111001110111101111111111011101111111111111111111011000100000000001000111101100111100011101111011001111000101011111111111111111111110000000000000000001000000000000000000001
6633273924933795546,20,join_semilattice,1000000010100000100011000000101000001000111000011010000010101111000111100010101011111001111000101010111111111110111111111111101111101111111000000001101000001010000000001010000000001110000111100000101000000000001000000000111111111111111111111111100111101110101011111001111001101010111000011110001010101111100111101111101000000000101000001000111110011110111111100000000010100000101011111011111011111111
5428397560079861439,20,join_semilattice,1000101101000101011111111111110111111111101111111101111111111001111111011101111100001000000000000000100011110101010111110000101001000000000000001011010001000000100011111101110111110000100001000000000011111111111111111111000010110101010101111000111101011101111100001010010001000000100111111101111111110000101101000101011110001011010001011111000010110100010001010000101101000100011100001000000000000001
-5347720111208985712,20,join_semilattice,1100110001001000000001000000000000000000111011010110100100111111110111101011111101001000000000000000010001000000100000001111111111101011111111001101010010000011110011011110100100110100110001001000000011001100011010000011111111111111101111110000000000001000000011111111111111111111111011011110101101111100110101101001001111101101111010111111110011011110100101111100110001001000001111001100010010000001
-8851676194325134723,20,join_semilattice,1011110111011111011111111111111111111111001101011100101100100001000100000000000000111101110011110110000101011100100100001011111111111111111100000001000000000000000000011000000000000001000111001001000010111101111111111111001111011101111101100001000100001000000000110101110011110110000101011100101100000001000110001001000010111101110111111111001101011100101101100001010111001011001000111101110111110111
-1278461231084174685,20,join_semilattice,1000000001000000001011001101111111110011111111011111111100111101110111111111001110001100110001110010100001000100000000101111111111111111111110001101110101110010100001001100011100100000000001000000001010001101111101110011100011001101011100101000110111111111001110000100010001000010100001000100001000101000010001000011001011111101111111111011111111011111111111110000000000000000001010001101110101110011
-6975654448912847044,20,join_semilattice,1000000000001000000011100011100010000001101000000000100000011111101110001000000111101011100010000001111001111010100000011010001000001000000110100001000010000001101000111000100000011111111111111111111111100011101010000001111111111011111111110000000000001000000011111011101011000001111111111010111010011111111110101111100111111111101011001001111111111010111111011111111110101111111110000000000010000001
-2414035546789397882,20,join_semilattice,1000000000000000010011100011110110010101101000010100000001011111111111111111010111101011110110010101111011111101110101011010001111001001010110000001010000000100101000011100100101011000000001000000010011101111111111010101101000010101000101011010000101001001010111101011110111010101111011111111111101011010000101000001010111111111111111111101000000000000000001001111111111111111111110000000010000000101
-3441192167047771779,20,join_semilattice,1000000001000000010111000100010001100111111001100110111001111111111001111111111111101110011111111111100001000100011001111100011001000110011111100111011011110111111111111111111111110000000001000000000011000110011001100111111001100111111001111100011001001110011110000000010001100111100000000100001001111110011001101111011111100110011011111111000000000000000001001000000001000000011100000000000000000101
-6389451244779305939,20,join_semilattice,1000000000000000000011110100110100011000101101001001000010001001010010010000000011111111111111111111100001000000000000001011011010010001100011110111111111111111100001001001000000001011010011010001100011110110111110111101100001000001000000001111011011011001110011110110111111111101111101101101101111011011010010010001100010000100000100001000111101101101000111001111011011111111111111110110110110011101
3712604428854321188,20,join_semilattice,1100001010001001000101000010000000010000111111111111111111111101101111111111111111001010101011010001110111111111111111110000001000000000000011001011101111110111010000101000100100001100101111111111111111000010101010010001110010101011110100110100001000001001000011000010101011010001110010101011111101110000000000000001000011001011101111111111110010101011110101110100001010001001001101000010100010010001
-6418380438913384540,20,join_semilattice,1111110110101111011101000101000000000000011011011000100100010111110110001001000101001101100010010000000001010000000000001111111110101111011100000001000000000000010001011000100000001111110111101111011101111101101010010001111111111111111101110100010100001000000001111101101011010011011111011010111101110100010110001001000011111111111111111111011111011010100101110111110110101001001101001101100010010001
-6428775583338426426,20,join_semilattice,1110010001010011100001100000000000100000001000000000000000001111111111111111111111101111011111111111011001000000001010001110011101111111111111100101010101111010111011111111111111110110010001000010100011100101011111111111011001000101001010001110010101011111111111100100010101111010000000000000001000000110010001010011100000100000000000001000111001000101011111101110010001010011101011100100010101111111
6065775669814339621,20,join_semilattice,1111111111111111111101110011101110101011001100111011101010110001000100000000000000111011101110101011011111111011101111110001001110111010101000000001000000000000000100011011100010100001001111111010101100010001001110000010000100010001100000100001000100001000001001111111101111111111000100011011101010100111101110111011101100010001001110001010001110111011101011110000000000000000001000010011101110101011
-8262144632396039142,20,join_semilattice,1101100110101000111101011000100010001111111111111111111111110001000010001000011100011000100010001111010111001000100011111101101110101000111101011001101010001111000000001000000000011101101111101000111101011000101010001111110111111111110011110000000000001000011111011111111011001111110111111110111011111101111111111111111100000000000000001011000000000000000001110000000000000000001100000000000000000001
-4923482218641213179,20,join_semilattice,1110111110101001111101101110100010011111001011101000100111111111111111111111111100001100000000010001000001000000000000000000111010001001111101101111101010011111000011001000100111111110111111111011111101101110101010011111111011111011101111110000110000001001101111101111111111111111011011101010101111110000000000000001000000000000000000001000000011000000100111110000110000000001101100000100000000000001
-434742520994086237,20,join_semilattice,1000101011010011110101001010010100111101111111111111111111111101101111010011110100001000000100001100110111111101111111010000001000010000110010001011110100111101000010101101001111010000101001010011110111011011111111111101000000000001000000001101101111011011110111011011110111111101000010100001001111010000101000010001110100000000000100001000000000000001000011001101111111111111111100000010000100001101
7966030946126868720,20,join_semilattice,1000000000000000000011110001001111001000101000000000010000001011000000000100100011111001001111001000111111111111111111111111001100111100100010110001001001001000111110111011111111011111101111111111110110110000001001001000101100010011010010001011000100111100100000000000000001000000111110110011111111011111001100111101100010000000000000001000111110110011110111001111101111111111111111110011001111011001
2138670553099322332,20,join_semilattice,1111110011001011110001011000000010011100001110000000100111000001000000001000110000011000000010011100011111001100101111001111111111001011110111111101110010111101001110001000100111000011100011001001110011111111111111111111111111001101101111010000000000001000110011111100110111111101011110001100101111000001000000001001110000000000000000001000000000000000000011001111111111011111111111111100110010111101
3202298563598646845,20,join_semilattice,1100011011001110000001000000000000000000111101101110111011011101011011101110100011111110111011101101010001100100010000000100001000000000000011110111111011101101010001101100110000000100001001000000000011000110111011100000111111111111111111110000000000001000000001000010010001000000010001101100111000001111111111101111111111000110111011101000110101101110111011011111111111101110111111000110111011100001
-5712118816164464811,20,join_semilattice,1101000111110010110101000001010000001100111111111111011111110101000101000000110011011001111100111101110101011111011111011101111111110111111100000001000000000000010100011110000011010000000101000000110001010001011000001100010100011111001011011111111111111111111111010001111101101101010100011110001011011101000111110011110100000001000000001000000000010000000011001101010111110111111101010001011000001101
948892788338891746,20,join_semilattice,1111111111111111111101010100101010001010011111111111111011100001010010101000101001011110101011001010000001001010100000100101011010101000101001010101101010001010000000001010100000100101011111101100111000000000001000000000010111111111111011100000000000101000001001010110101011001010010111111110111011100111111111111111111000000100101010001010010101101010110011100000000000000000001001111111111111111111
1276939731631094565,20,join_semilattice,1000000000100000000011001000001100111100111010000011001111101111100110110111111110001000001000010000111111111111111111111110101110110111111111101001001100111110111010011011011111111111100111110111111100000000001000000000100000000011000000001111100111111111111111101001001101111110100010000011001100001000000000100001000010001000001100111100100010000011001101001100100000110011111011001000001100111111
-1486097136654607137,20,join_semilattice,1100111111100110111001001111101001001010111111111110011111111101111111100111111100001010000000000010000011100000000000100000001000000000000000001111000000000010000011111000000000100100111111100110101000001111101001001010111111111111011111111111111111111111111100001111100001000010010011111010011010101100111111100111111100001111100000001010010011111110011011100000000000000000001011001111111001101111
3622543109606181729,20,join_semilattice,1100000000000100000001000000000001000000111111111111010110111101111101110101101111001000010001001000110011010110010010001100111101110100100011001001010001001000110111111111010110111100000001000100000011001001011001001000110011010111010010001111111111111111111100000000000001000000110111111111011110111100111101110101101111000000010001001000111111111111011111111100111101110100101011001111011101001001
7878609512914915142,20,join_semilattice,1000000000000010000011010001100000110100111100011000001101001001000000000011010011111101101000110100100101001000001101001111111110100011010010010001100000110100100100001000001101001111111111111011111111110101101000110100111111111011001101001111111110111011011111111111111111111111000000000000001000000000000000000001000011111111101110111111100000000000001101001111111110110011011011111111101100110111
7026613192874919383,20,join_semilattice,1011010011101010101111110100111010101011001101001010101000100001010000100010001011111101111110101011000001000010001000101111111111111010101100010101101010100010000101001010101000100011010011101010001100000000001000000010111101011111101010110001010000101010001011111111111111101011000000000000001000001111111111111111101100110100111010101011111111111111111111110000000000000000001000010100101010100011
-1973932224038869842,20,join_semilattice,1110011100100101001101000000000000000000001000010010000000001111011111111111001111111111111111111011011001110010010100110100001100100100001000000001001000000000111001111010110100111110011111111101001100000000001000000000111001111011110100110100000100101100001001000001001001000010111001111111111100110100000100100101001011110111111111111011111111111111111111110100000000000000001001100011001001010011
-6470118779541342853,20,join_semilattice,1110111111110101100101000000000000000000011000111101000010011111111111111111111101101011110100011001011001111111010110010100001111010000100101000001000000000000010000011101000000010100000101010000000001100011111100011001010000000001000000001110111111111101101101100011111101011001111011111111011111010110001111010001100101000001110100001001111011111111010111011110111111110101101101000001010100000001
128278785334042007,20,join_semilattice,1011111111111111111111111111111111111111001000000000000100000011101111111111011100101011111111110111001111111111111111110010001111111111011100000001000000000000001000011010011101110010000101100111011100100001001000010101001000011111111101110010000111101111011100100001001001110111001000010010001101110000000000000001000000111011111111111111001000000000000101000010000100000001011100100001000000010101
-2252985953307548725,20,join_semilattice,1111111101011110101001000000000000000000011110110101011010100101000101000000101001011001010001101010011111110101111010100101001101000110101000000001000000000000111111111111111110110100000101000000001001111111011111101010010110110101011010100111101101011110101001010001010001001010010100010100011010101111111101011111101001000001010000001010111111111111111111110000000000000000001011111111010111111011
4404797493906990535,20,join_semilattice,1010111101011101101111111111111111111111001011100001010110101011111101011111111100001010000000000000000011100001010100000000001000000000000000101111000101011011101111111111111111110010111101011101101110111111011111111111000010100001010000000010111100011101101100001010000001000000101011110101111110110000001000000001000000001110000101011000101011110101111111110000111000010101101000101110000101011011
-5638362020036412463,20,join_semilattice,1000111111001011100011101111111111111111101011111111111111111111111111111111111100001010100000111000000011101000001110000000001010000011000000001011100000111000000000001000000000000000111111000011100010001111111011111100100011111111111111000000111111001011100010001111110011111100000000000000001000000000000010000011000000000010100000111000000011111100001111001000111111111111111110001111111111111101
-1894598525508905919,20,join_semilattice,1101111111111111111101001111100111011111111111111111111111110101111110111101111100001001100000000010000011111001010011100000101110000000001000000001100000000000000000001000000000000101111111111111111100001111101101011110000010111001000010100000111110011101111100001011100101001010010111111011111111110000111110010101111000001011100000001010000010111000000001100000000110000000001000001111100101011111
-2732043098245856002,20,join_semilattice,1101011110000011001001000101000000010000011101011000001100100101010110000011001001011111100000110010000001010000000000000101011110000011001000000001000000000000010001011000001100101111111111101111111111111111101011111111111111111111111111111111111110001011011011111111100011111110000001010000001000000000010100000001000011111111100010111110111101111000001101100000010100000011001011111111100011111111
6150136975417998439,20,join_semilattice,1011111110110111011011111111111111111111001111111011011101100001101110010011011000001000000000000000000111111001001101100000101110010011011000000001000000000000000010011001001101001011111111111111111100011111101100110110000010010001001001000001111110111111011100011111101101110110000000010000001000000000100100010011010010111111101101111110000010000000000001000000100100010010011000011111101101110111
6763178529085505050,20,join_semilattice,1101101100111010010101011010000100000101111110110011101001010001101000010000010100001000000000000000111111111111111111010000101000000000000001011011001110100101111110111011101001011111101111111011010100011010001100100101000010100001000001000101101000111010010111111011111111110101000110100001001001011111101110111011010111111011111111111101000010100000000001001111111111111111111100001010000100000101
-353112383972366193,20,join_semilattice,1001100000100000010011111001011111111111101110000010000001000001100000100000010000001000000000000000111111111111111111111111101111111111111110111001011110001110111110011111111111111011100001111000010000001000001000000000101110000011000001001011100000111000010010111001011111111111101110010111101111111011100101111001111010111000011110001110000010000000000001001011100001111000011010111001011110001111
-5762454673232636687,20,join_semilattice,1100000101010000000001000000000000000000011000000101000000001111010111110111101111101101111101111011111001011111011010111111111111110111101101000001010100000000111000011111011010100100000001000000000011100001011100000010010000000101000000001111111111111111111111100001011101000010111000010111011010101110010111110111101111100001011101001010111111111111011111111110000101010000001011100001111101101011
4856902656822237030,20,join_semilattice,1111101011110011101001111010111000111010001010100000000100100011101001100001101000001010000000010010011111101111001110100000001000000001001011111011111100111010001110101110001110100010101001000001001000101010011000011010011110101111001110101111111111111011111111111111111111111111001010100100001110100000000000000001000000101010010000011010111111101111001111110000000000000001001011111110111100111011
-6686054827357976477,20,join_semilattice,1111101111111111111001111011111111111110001000000111100010100011001001111000101000111011011110001110111111111111111111110010001001111000101000110011011110001010001110111111100011100000000001111000001000000000001110000000000000000001100000000000000000001000000000111011111111111110001110111111101011100011101111111011111000000000011110001010001100110111100011100000000000111000001011111011111111111111
2315468245072703955,20,join_semilattice,1011111111001111100011111111111011111110001001000000000000000011111111001111000000101110000010000000000001000000000000000000011000000000000000101111100010000000001001101000100000000010111111001010000010111111111011111000111111111111111111110010011000001000000000101111110011110000001011111000101000000000000000000001000000111111110011111000101111111110111111001011111111101111111010111111110011111001
-5507632967250522954,20,join_semilattice,1111010111111111111101110101111111111111001001001000011011110011010010001110111111111111111111111111000001001000011001010111011111111111111100110101101011111111000000001000011001000011010011111111111100110100101011101111001101001011111111110000000010001110010100000000000001000000000000000000011000000011010010101111111100000100100001101101000000000000000001000000000010000110011100000000100001100101
-1154878269391400024,20,join_semilattice,1100000100000000000001000001000000000000111100010010010001010101000100000000000011111011011001001101111111111111111111111111001101100100110100000001000000000000111110111110011011011111000101100100010111010001001000000100111110110111010011011111101111101110110111010001001001000100111110110110011011011111101111101111110111010001001000001101110100010000000001001111101111101111111111010001001000000101
-3607268899612616283,20,join_semilattice,1000000000000000000011111010000011100010101110100000101000101001101000001010001010001000000000100010111111100000111000100000001000000000000011111111111011111011111110101000111000101111101011001110001011111110001011100010111111111111111110111000101000001010001010111010000011100010100000000000001000001111111011101111101111111110111011101011111111111111111111111000000000000010001011111110100011100011
-5320478273479916352,20,join_semilattice,1100110101100011010101000000000000000000111111111111111111111101111111111111010101001100010000000101010001000100000000000100111101100111010101000101010000000101110011111111111101010100000001000000000001001101011000000101010011010111001101011100111101111111010101001101011001000101010011010110001101010100110101100001010111011111111111111111010001000100000001001101111111111111011101000100010000000101
87182016530190148,20,join_semilattice,1111101110100111010001011000000000010100001010000000000001000001000000000000010000001000000000000100111111111010011101000111101000000001010001111011000000010100011110111000011101001111111111101111111101111011101001110100111111111111111111111111101110101111010101111011000001110100011110110000001101000001100000000001010011111111101011111111000000000000000001001111111110101111011101111011000000010101
4717261862651437889,20,join_semilattice,1111111101111101110001100100001000001000001000000000000000000111110000100001100001101100001000011000000001000000000000000111111100110101100001111101001101011000111111111111111111010110110001100001100000100100001000000000011111000011000110000111111101111101100001111100001101011000111111110111111111010110010000100001100000100100001000001000011111110111110111001111111111111111111111111111011111011101
8476489027651459021,20,join_semilattice,1011001010000001101011111010111111111111001000000000000000000001000000000000000010111010100000011110111111111111111111110010001000000000000011111011111111111111001100101000000110101011101011111111111110111010101000111110101110101011001111101011101010111111111010111010101101111110001100100000001110100011000000000001001000110010000000011010101100101000000111100011000000000000001010111010101111111111
-7193476858209087764,20,join_semilattice,1010000011010010010011100011110101101100001000000101000001001111101111111111111011101011111111111110111111111111111111110010001011010010110010100011110100101100001000001101001001000000000001000000010011100011111101101100000000000101000001001110001111011110110010100011110101101100001000000101001001001110001111010111110000100000010100101100000000000000000001001110001111110110111011111011111111111111
-2795458482768344381,20,join_semilattice,1000000000001000001011010101000010000110111101111101110001111001000000001000011011111111110111101111100101010000100001101101011111011000011110010001000010000110100000001000100001101101010111001000011011111111111111101111110101011101100001110000000000001000000011010111110111000111111101111101111011111111111111111111111111110111110111001111100000000000100001100000000000000000001010010101000010000111
-293453082867088324,20,join_semilattice,1110101001100101010001101010010001010100001000000000000000001111111111100101011000101010010001000100111011110110010101000010001000000100000011101011011001010100111011111110010101100010001001000100010001101010011001010100111011111111010101101110111111111101011000000000000001000000111111111111111101110010101001000101010011111111111111111111001000100000010001001110111101100101011011101111111111010111
-3632177384705185742,20,join_semilattice,1011001111110010001011111111111111111110001100001000001000000001000000000000000010111011111111111010101111111111111111100001001010000010000000010001100000100000000100001000001000000011001111110010001000110011101100100000001100111001001000001011001111111010001010110011111111100010000000000000001000001011001111111111101010110011111111101010101110111111111111100011001110110010001011111111111111111111
5400102883178225651,20,join_semilattice,1000000100001000011011111111101011111111101111011000110011101001100100001100111000001001000000000010100111010000110011101011111110001101111000000001000000000010100111011000110011101111111111101111111110111111101011011111111111111111111111110000000000001000001000000001000011000110101111111010111111111011110110001101111010001001000010001110000000010000100001100000000000000000001010111101100011011111
-6121943062307389715,20,join_semilattice,1000111011110011100011111110111111111111101011101111011110001011111011110111111100001110111100110000000001001110000000000000011011100001000011111111111111111111000000001100000000000000000001000000000000000000001000000000000001101111000100001011111011111111111110001110111101111000000001101111001100000000010011100001000000001110111100111000101011101111011111111010111011110111101110101110111101111001
3797300735828605403,20,join_semilattice,1001100000010110100111111101110101111011101111000001011010010001100000000000100000001000000000001000100111000001011010011011111111010111101110111101110101101001000110001001001010001001110011010110100110111111111101111111000110000001001010001111111111111111111100011000000101101001000110000000001010001011110111010111101100000000000000001000101111111101011111111011110111010110101100011000000100101001
-2006573464899145021,20,join_semilattice,1100100000000000000001000000000000000000111011000000110010011101110000001100100100001000000000000000110011000000010010011111111011011111100111111111111111111001111111001000110010011111110011011110100111111100101111101001111111001001110010011100110000001100100111001000000001001001111111001001111010011111110011011111100111001000000000001001111111111111111111011111111111111111111100001000000000000001
-3379075283105562769,20,join_semilattice,1000010111010100111011111111111101011111101001011101010011100001010111010000111010111101110101001111000001011101000011101011011111010100111100000001110100001010000000001000000000000000000011000000101010110111111101001111000000000001000000001111111111111111111100000101110101001110111111111111011111111011011111110101111100000000000000001000000000011101000011100000000010000000101010110101110101001111
-7039941074837746660,20,join_semilattice,1101110111011011010001011101110110110100011111011101101101000001000000000000000000011101000110110100000101000000000000001101111111011111010000010001000000100000000111011101101101000001010001000001000011111111111111110101000101010001001101000001010100011011010011011101110111110100000000000000001000000001010000000001000011111111111111111111000101010000001001001111111111111111011111011111110111110101
-623113551776863006,20,join_semilattice,1010010011000100100011110101110101101001001000000000010000001011010011000100100011111111111111111111001001001000010010001111011111011111111110110101110101101001000000001000000000000010010011000100100011110111111111111111101101001101010010011111010111011110111100000000000001000000101101001101011010011111010111011111111100100000000001001000111101011101011011011111010111010110111110110100110001001001
-1591326515819797881,20,join_semilattice,1011000010000010000111110000100000100001001100000000000000010001000000000000000111111011111110100101111111111111111011110000001000000000000010110001100000100001001100001000000000011111001111111010010110110011101000100001111100111011101000011111001110101010000111110011111111100111001100001000001000011111111111111111111111110011111111101111111100111011101001011111001110111010011100000000000000000001
787084702622669766,20,join_semilattice,1111111111111111111101000000000000000000011100110011100000010101001100111000000101111111111111110111011101111111111100110100001100110000000100000001000000000000011100111111110000110111001101111000001100000000001000000000000000010011000000010100001100111000000101110011011111000011011100110111111000110111001111111101001101111111111111111111011101111111111101110111001100111000001100000000001000000001
-1990885180880848043,20,join_semilattice,1000010110001011000111100111100010110001001001011000101100011111011110001011001111111111101111111111000001001000101000011010011110001011000100000101100010100001000000001000000000001111111111111111111111110111101110110011111001111001101100010000000000001000000111110111101111111111000000001000101000010000010110001011000111110111101110111011111101111011101111111110011110001011001100000000000000000001
6278799124864086872,20,join_semilattice,1100011100010101101001000110000100011010111001111001011110101111011110111111111011111111111111111111000001100001000110100000001000000000000000000111000100011010110001111001011110101111011111111111111111100111101101111110000000100001000000101100011100011111101001000111000101011010110001110001011110100000001000010001101000000010000100001010110001111001011111100000000000000000001011110111101111111111
-4364601878443695670,20,join_semilattice,1111111111011111111101001110010110111001011011110101111110110111111111011111111100001110010100111000000001100100001110000000001000000001000001001111010111111011011011111101111111110000001001000001000011111111111111111111000000100101001110000000111001011011100001001110010111111011000000100100001110000000000000000001000000000010000000011000011011110101111111110100111001011011101100001110010110111001
-6796796692252286790,20,join_semilattice,1010110011111111111111111111111111111111001000000010010001100011110011111111111100101100001011101111001001000010010011110011111011111111111110111111111111111111001011001110111011110010110001101110111100000000001001000000001011001111111111110010010000101110111100000000000001000000001001000010011011110010110011101111111100100000001001001111000000000010010001000000000000000000001000100000001001000111
152213159739378886,20,join_semilattice,1001000111100011110111011111111111111101111111111111111111110001000011000001100110011001111101111101100111111111011111011001101111110111110100010001111000011101000000001000000000000000000001000000000000010000111000011101100100011111001111010001000011101011110110010001111101111101000100001110001111010000000011000001100100000000110000001001000100001100000111011101111111111111111100000000010000000001
-455055090464850917,20,join_semilattice,1101100110101100010001011001101011000100111110011010110101100001100000001100010000001000000001000000111111011010110101101111111111101101111100011001100011000100000110001000110001001111100111101101011000011000001011000100111111111111111111110000100000001100010000000000000001000000111111111110111111110101100110101101010011111101111011011110000010000000010001001101100110101100011011111101111011011111
-2288343866836217499,20,join_semilattice,1011000100101100011011111111001111000111001100010010010001100001000100000000001010111011001111000111101111110011110001111011001100111100011100000001000000000000111111111011110001111111111111111100011100010001001000000010101100010011110001100011000100101100011000010001001001000010111111111111111001111111111111111111111111111111111111101111000100010010010001100000000000000000001010110001001011000111
-6351804959126288400,20,join_semilattice,1000100110011011001111001001100110110011111111111011111111111101110110011011101100001000100000000011110011011001101100111100111110011111001100001001100000000011000000001000000000111111111111111111111111001101101111111111000010011001100000110000100110001000001111001101100111110011000010011001101100110000100110000001001111001101100110111011110011011001111111110000000000000000001000000000000000000011
-9059851645062599082,20,join_semilattice,1100111101011011101101000110010000100011111111110111111110111101111101011011101101001111010110111011000001100100001000110000001000000010000001000111010000100011111111111111111111110000001001000010001011011111011110111011010001110101101110110100011101001010101111001111010111111011000000000000001000000100011101001011101101000111010000101011111111110111111111110000001000000010001000000010000000100011
20143766625483160,20,join_semilattice,1000100000000100000011111001110111010011101110000000110000011001100000001100000000001000000000000000111111011111110100111111111111111111011110111001000011000011101110011101110100111011100101001100001111111001111111010011101110010101110100111000100000001100000000001000000001000000101110010101111100111011100100001101001111111111111111111111111111011111111101111011100000001100001110011000000011000001
-5032864672005776321,20,join_semilattice,1011101010101101111111111011111011011111001010001000100000000011101010101101111100001000000000000000111111111110110111110010101010101101110010111011111011011111000010001000000000000010101011101101111100101000101010010100111111111111110111110000100010001000000000101000101011011100111111111111111111110010100010001001010000101000100010011100001010001000100001000010101010101101111000101010101011011111
-4810687357010850240,20,join_semilattice,1111111110010111111101001011100100010100011011111001001111000111111110010111111100001000000100010000010011111001000101000000101110010001010000000001000100010000000000011001000100001111111111010111111111111111111111111111000000000001000000001111111111011111111101001111100101111100010011111001001111000000000000010001000001001111100100011100000010011001000101000100111110010111111101001111100100111101
-8671195375276253386,20,join_semilattice,1100111000000111110001001110000001111100111111111101111111111101111101000111110000001110000000111100000001100000001000000000001000000000000001001111000001111100110011111100011111001100111101000111110011111111111111111111110111111101011111111101111111011111111100001110000001111100000000100000001000000000011000000011110000000110000000101100000001100000001001001101111111000111111011011111110001111111
4632606443343162063,20,join_semilattice,1000000000001101100011101001010011111000001000000000111110001111110111011111100010101001010011111000111011011101111110001111111111111111110000100001000011111000111010011101111110001010000101001111100011111101111111111000101010010101111110000000000000001101100000000000000001010000000000000000011110000000000000000001000000000000000001011000111111011111111111001111111111111111111111111101110111111001
-1473277367446905107,20,join_semilattice,1100000110100010011101000000101000100111111000011010001001111111000111111010011111111001111110100111111111011111111111111111111111111111111100000001101000100111000000001000000000001100000111110010011100000000001000000000000000001011001001111100000111111010011111111001111111100111000000001010001000001111100111111111111111111001111111101111000000001010001001100000000010000000001000000000101000100111
-3692160966461705089,20,join_semilattice,1111011111111101111101010011001010001101011101110111100111010001000000001000100001111111111111011111010101110010100011010001001100101000110100010001001010001101011101111111110111110101011101101000110100000000001010001000010101110111100011010000000000001000100001010111011111011101111111111111111111110101011101111001110100000000000000001000000100000000100011000101011101111101111100010000001010001101
-392689202673896255,20,join_semilattice,1000000000000000000011110111111111010111101000010100010100001011010101000101000011111111111111011111100001010100010000001011011111111101011110000001010001000000101101011100010100011000000001000000000010110101111111010111101101011101010101011011010111011101010110000000010001000000111111111111111111111000000001000101000011110111111111011111101101011100010101011011010111000101011110110101010001010001
3849921683977551431,20,join_semilattice,1110110111011111101101000000000000000000001000000000000000000111110111011111101101101000000001110001011011000100111110111111111111111111111101101001010011111011011011011101111110110110100001001111101111111101111111111111011010010101111110110110100000001111101101000000000001000000011000000000011100010100000000000101000001101000000001111001011010010100111111110110100000000111101101100000000001010001
3653194884309134295,20,join_semilattice,1000000000001000000011000000100010001110111010101100111111101101101011001111111111001010110011111110111111101110111111111100001010001010111011111111111011111111000000001000100010101100000011001000111011111010111011111111111111111111111111110000000000001000000011000000110011001110110000001000101011101100001011001111111000000000000010001000100000001000100011100000000000001000101011001010110011111111
-2294395131860237306,20,join_semilattice,1111110111111111111001100101001111111110001000010001011110000111110110111111111001101101101111111110001001010001111110001111111111111111111100000001000101111000001001011001111111100110010101111111111000100101001111111110000000000001011110000010000100011111100000000000000001000000000000000000011000000000000000000111000000000000000001101000001001010001111111000010010100011111111001101101101111111111
-356898717458274744,20,join_semilattice,1011111111101001101011111111111010111010001011011110100110100011111111101001101000001000010000000000000011011110100110000010111111101001101000000001010000011000000010011100000110000000000001000000000000001001111010011000101111111111100110100000100111001001100011111111111111111011101111111110101110100000000001000001100000000000010000001000111111111111111111110000110111101001101010111111111110111011
-1082667944503740725,20,join_semilattice,1111111011101110011001001000010000100110011111101110111001100001100001000010011000001000010000000100010111000100001001100101111001000010011001111111111011100111010111101110011001100000000001000000010001011110011001100110111111111111111101110101111011101110011001011110010001100110000010000100001001100111111111101111011111111111111111111111000000000000000001000000000000000000001001111110111011100111
4549008335719437774,20,join_semilattice,1000000010000000000011011111101111011111101111111001110111111001010010001000010010011100100010000100000001000000000000001001111010001000010010011111100010010110000000001000000000001111111111111101111110011111101111011111100111111001110111111000010010001000010010011111100011011110111111111111111111111001111010001001011010011111100010011110100001001000000001001001010010001000011010011111100010011111
-5644623729308758303,20,join_semilattice,1000000000000000000011111111111110111111101000000000100000001011000100001000000010111001010110000111101111010101101111111011111111011011111110000001000000000000101111011101101111111011000101001000001010111111111110111111101100010101100000111000000000001000000011111111111111111111101110010101101111111011100101011001111110111001010110001111101100010101100001111010000000001000001010110001010010000011
4093032706727067413,20,join_semilattice,1101111111111111010101000000000000000000011110111111111101010101100101101111010101001001011010000000010111111111111101010101101111111111010100000001000000000000010110011110111101010000000001000000000000000000011000000000010110010111111101010100000101101000000001001001011011000100010010010110111101000100100101101101010011111111111111111111010010010110100001001111111111111111011101001001011010000101
8944822400693143132,20,join_semilattice,1000000101110001000011000101111101011100101011011111011111001001110111110111110010001101111101011100100001011111010100001101111111110111110000000001001000000000100000011111000100000000000101110000000000000000001000000000000000010011000000001111111111111111111110000001011101010000100011011111011111000000000100110001000010000101111101011000100001011111010111001000010111110101101011011111111101111111
-5697018754708600972,20,join_semilattice,1111100111011010101001000000100000001000011000001000001010000101000010000000100001111000110010101010111111011111111111111111111111111111111101111001110110101010000000001000000010000101000011000000100011111001111110111110011110001101101010100111000010001010101011111001111111111111010000001000001010001111100111011011101000000000000000001000111110011101101111100101000010000000101011111001111110111111
-8981913090592776373,20,join_semilattice,1000000000000000000111000101101110100111111111111111111111111101110110111111011110001101101110110111100001011011001001111101111110111111011110000001000000100101100000011010001001011101110111111111011110000001001000100101100000010001001001011000010110111010011111001101101111110111000000000000001000001000010110111011011111011111111111111111000000000000001001011000000110110010011100000000000000000001
-6742503983629820109,20,join_semilattice,1111111011111111011101000000101000100000001000000000001000000011000010100010000001111000101000100001011111101110111001010111101011101010010101111111111111110111000000001010001000000111100011101010000100000000001000000000011111101111111101110011000010101010000001111010111011100101000000000000001000000111111011101111011111111111111111111111011110001110101001010111111011101110011101110000101000100001
1792213284712706967,20,join_semilattice,1000000000000000000011110100111101100101101001000110000001011001000000100000000011111100111101100101100001000010000000001111111011111111111111111111111111111111101101001110010001011000010001100000010110000000001000000000101101001111010001011111010011111110010110100100011001000101101101001111011001011111110011111111111111111100111111101101100001000010000001011111110011111110111100000000000000000001
9147897220605393202,20,join_semilattice,1011100111110100000111111111111111111111001110000111000000010001100001010000000100001000000000000000101111011111110010111011111111111100111100111001011100000001001110001111000000010000100001000000000000011000011100000001000010000101000000001011100111111100000100111001011101000001101111111111111111111011110111111101111110111001111111001011101111011111110011111011100111111100001100001000010100000001
4512258199082263154,20,join_semilattice,1000000000000100001011111011111111101111101000000001010000101011100101110110001110101000000101000011111111111111111111111010101101110110001110101001000101000011101110111111011001111010100101010100001110101001011101000011100000000001010000101011101111111110111100000000000001000010101010010111011000111111101111111111111110101011011101101011101010110111011001110000000000000000001010100000000101000011
5078187432937821717,20,join_semilattice,1010000000000000010011100000000000000101001000000000000000001111000000101011111111111000001010111111111111000010101111111111111100101011111111111101001010111111111111111011111111111111111111111111111111100000001010000111111111110011101111111110000000001000011111111111001111111111111000000010101111111110000000001001011111100000000010011111001000000000000001001010000000000000011110100000000000000101
2343127272464956102,20,join_semilattice,1000000000000000000011000100010000000110111111101111101111101101111011111011111010001100110100110110100001000000000000001000111011011011111011111111111111111111100001001101000101101000010001000000001011001110111110111110100000000001000000001000110011011011011011111110111111111110100001000000001000101000010001010001011010001100110110111110100001000100000001101000010000000000001011111110111111111111
7107344948508818043,20,join_semilattice,1000010100100100000011011101001011000000111111110110110111011001010100100100000010011101001011000000000001000000010000001101111100101101000100000001000000000000111111111111110111111101111101101101100100000101001001000000111111110111110111011001010100101100000000000000000001000000111111111111111111111101110100101101000011011111001011011001110111110110110111011101111101101101111111011101001011010001
-5623814404829347001,20,join_semilattice,1011011011110011010011111111111100111101001000101001000001000011011011110000010010111110111100111101001001101001000001000000001000000000000010111111111100111101000000101001000001000010011011010000010000000010101100000100000000000001000001001111111111111011110111111111111111111111001101101111001001000011011011110011010010110110111100111100000000000000000001001111111111111011111110110110111100111101
-638206997362514627,20,join_semilattice,1000011111011101111111000111110111011111111001111111110111111111011111111111111111111111111111111111000001000000000000000000011111011101001100000001000000000000000001011101110100110000000001000000000000000111111111011111000000000101000000000000000101011101000100000001010101000000110001111101111111110000000101010101000000000111110111011111000001111101110101110000010101011101001100000001010101010001
1480246474049327800,20,join_semilattice,1000000000000000000011110000001000000000101100000010000000001001000000100000000011111111111111111111111101000010000000001111011000101001001011110111111111111111111101101010101100101111011011101011101100000000001000000000111101101111101111111111000000101000000011110110111111111111111101000010101100101111010000100001000011110110101010111011111101101110101111111111010000101001001011110110101010110011
-6471892081121750669,20,join_semilattice,1100000000100011000001000000001000110000111101111110111100111101011011101111001111111111111111111111110001101010011100001100001000100011000011010111111011110011110000101010001100001100011011100111000000000000001000110000111101111111111100111100011011101111000011000010101001110000000000000000001100000000000000000001000011110111111111111011111101111111111111111100011011101111001111000110111011110001
-8239873515453734431,20,join_semilattice,1101111111101111111101011000001010001000111111111110111111110001100000101000100000001000000000000000010111000010111011100101111111101110111101011001011011101111010110001110111011110101100001101110111000000000001000000000111111111111111111110000100000101000000001011000001011001110010110000010111011100101111111101111111100001000001010001000010110000010100011000101100000101000111001011000011011101111
-8507400554107368065,20,join_semilattice,1000000000000000010011000000101000101100101000001010001011001011000010100010110011111001111011111111111111111111111111111111101111111111111111110001101000101110100000001010000001001111000111100111111100000000001000000000111110011111111111111111000111101111111110110000101001101110100000001010001001001111000110100011111110000000101000101100000000000000000001001011000010100010111011110001101000101111
-6159676563869768205,20,join_semilattice,1000011001001001000011000110010010010000111111101111111111110001011001001001001011011110010010010010000001100000000100000000001000000001000011111111111111111111110111101111111111110000011001000001000011011110011010111111110111100111111111110000011001001001000011011110011011111111110111100100101100100000000000000001000011011110010010111010110111100100101111100000011001001001001011011110010010111111
1203762694365720811,20,join_semilattice,1000000000000000000011110111111111111011101001000000000000001011011000000000000011111111111111111011000001000000000000000000001000000000000010110111000000000000101101111111111110111011011101000010000010110111011011111000101101110101111110001011011101001011000010110111010011111000101101100000001000001011011101000011000010110111010010111000111111111111111111111011011101111111101110110111011111111001
1677477554697112244,20,join_semilattice,1011101110101100001011111011101111000010001110101010010000100001000010000000000000011010100000000010111111111111111111110001001010000000001000111011101011000010000000001000000000001111101111111101001000011010101000000010101110111011110000100011101010101100001000011010101001000010111110111111111101101111101110111101001011111011111111111110111110111111110101100000000000000000001011111011111111111111
-3316891394959491523,20,join_semilattice,1110101011111111101101000000000000000000011010101011110000110111111011111111101101001010101011000011011011101111111110110100001010101100001111111111111111111111010000001010110000110110101011111101101100000000001000000000010010101011110000110000000000101000001000000000001011000011011010101111111110110100001010101101001101101010101111001011111010101111111111110000000000100000001000000000001010000011
-6977640162023955767,20,join_semilattice,1001010010001110000011010101110111111100111101011101111111000001000000000100000011111101111111111110000101000000111000001111111111111111111110010101100011100000000000001000111000001001010111001110000011010101111111111100100101011101111111000000000000001100000000000000000001000000000000000000111000001001010111001111110010010101110011101100100101011100111001001111010111111111111011111101111111111111
1499743977993556418,20,join_semilattice,1000000000001100000011000000100011000000111101111101111111111001000010001100000011111111111111111111110101011000111101001101011111011111111111010001100011110000100000001000110000001101010111011111010011110111111111111111110101011001111101000000000000001000000000000000000001000000110100001000111100001001000010001101000011010101110111111100110100011000111101001101010111011111111111010101110111111101
5000205010283543442,20,join_semilattice,1101011101100001110101010111011000000101111101110110000111010001011101100000010111111111011000111101000001110100000000010000001000000000000000000011000000000001111101111110010111110000001101000000000100000011001000000001111111111111011111111111111111111111111111110111011001011101111101110110001111010101011101100001110101010111011000001101000001110110000001011111011101100101111100000010000000000001
-5439152322555763768,20,join_semilattice,1000000000000010000011101000110011101110101010000000001010001111111111011111111110001000000000101000111011011101111111111110111111011111111111101001110111111110101010001100011011101010100001000110110011111111111111111111111010001101111111101010100011001110111010000000000001100000000000000000001000001010100011001111111010000000000000101000101010000000001011001010100001000110111011101000110111111111
4380726408962042894,20,join_semilattice,1010001001000100000011111111111111111111001000100000010000001011101011111100000010101010110001000000101111101111110000000000001000000000000010111011111111000000101000101100010000000010001001000100000010101010111111000000101010101101110000001010101011001100000000000010000001000000101111101111111001001011111111111111011010111111111111101110101010101111110001001011111111111110011010111111111111101111
2156560347114385532,20,join_semilattice,1111101101101101111101000001010010000110011000010100100001100111000101101001011000001001010010000110011111010110100111110111101101101101111100000001000000000100111111111110111111110000000101001000010001100001011010010110111111111111111111110000000100001000010001111001011011011111111111110110111111110000000101001001011001111001011010011110000000000000000001000000000101001000011001111001011010011111
4690027773312983587,20,join_semilattice,1111111101111111111101010100000010001100011101000000100011000001000000000000000001111111001111111111000101000000100000000111011100111111111101010101000010001100111111111111111111110111111101111111111101110101001110111111011101010001101111110001000000001000000001110101001111111111010101010000101011000111010100001011110000000000000000001000000100000000100011000111010100001011111001110101000010111111
5128403071484760212,20,join_semilattice,1000100000001011000111111110110110110111101010000000101100011011101001001011011100001000000010000001101111100100101101111010101000001011010111111111110111111111101111101101101101111010101001001011011111111111111111111111101111100101101101110000000000001000000111111110110111110111000000000000001000000000000000001011000110111110010110111111101010000000101101011010101000001011011100000000000000000001
2983296811699656644,20,join_semilattice,1101100100101011011001000001001000100010111110010110101111110101000100101011011001011001001010110110111111110110101111111111101101101011111100000001000000100000111111111111111111111101100101101011011000000001001000100010111111110111101111110100000100101010001011111111011111111111000000000000001000000100000100101011011011011001011010111111010000010010101001100000000100000010001011011001011010110111
2299732567505597886,20,join_semilattice,1111111010111111111101000000000000000000011110101010111111110101101010101111111001001000001001000100011111101011111111110100101010101111011011111111101111111111010010001010111001101111111111111111111101000000001001000100011110101011111111110100100000101110011001000000000001000000010010000010011001100100100010101111011001001010101011111110010000000000010001000100100000100100011001011010101011111111
8707687872557745731,20,join_semilattice,1011011101011011000111110111010111110001001101100000101100000001000000001011000011111111010111110101000001000000100100000000011000001011000000110111000110110000111111111111111111110011011101011011000011110111011111110101001101100001101100000000000000001000000010110111010111110001000000000000101100000000000000001001000011111111011111111101111101110101111101011111111101011111011100110111010110110001
5137220009363121897,20,join_semilattice,1000000000000000000011000000000010000000111110011111110010101001000000000000000011011001111111001000111111111111110110101111101111111101101011010001110111001000110100001001110010001101000011011100100011010001111111001000110100000001100010001000000000001000000011010000000111001000111111111111111111111101100111111101101011010000000010001000111111111111110111101101100111111100101011111111111111011111
4509945443948724909,20,join_semilattice,1110111111001001111101000000100000000000011000101000000000001111111111011011111101101010100000000000011011101000000000000100001010000000000001101111110000010111000000001000000000000110111011000001011101101111111000011111111011111101100111110110111111001001011111111111111111111111111011111101101111110110111010000001000101101111110000011111011011101000000101110110001010000000001001101110100000000001
-1321777226309132891,20,join_semilattice,1001001011100011100011011110111000111001111111111111111111110001000001100000100010011110111000111001100101101110001110010001001001100010100011011111111010111011000100101110001110000000000001000000000000000000011000000000110111111111101110111101111011101011101111011110111011111011000100000110001010000001001001100011100000000000011000001000110111111111111111111101111011100011101110010010111000111001
-5085918432686197386,20,join_semilattice,1000000000000000000011001011000000110011101010110000001100111011101100100011001110001011000000110001111111110010101110111000001100000011000100000001000000000000111111111011111111111111111111111111111110101011001000110011111111110011111111111111101100101011101111111011001011111011100000000000001000001000000100000011000110101011001000111011111111110010101111111000101100000011001110000001000000100001
-8204171692629761086,20,join_semilattice,1100100101111011111101000000000000000000111111110111111111111101111101111011111100001001000000000000110011010111101111111100111101111011111100000001000000000000111111111111111111110100100101000011001001001001011000110010010010010111001100100100100101111011101011011111011111111111000000000000001000000100100100000011001001001001011000111010010010010110001111100100000000000000001001001001011110111111
-8568986504686447533,20,join_semilattice,1010000100000001100011111111111111111111001000000000000000001011101100111101101010101001000001011010101111110011110110111010101100101101101000100001000000001000101111111111111111111011111101111111111110101001001001011010101010110011110110101010100100101101101000100001000001011000101111110011111110110010000100000001100000100000000000001000101111110011111111111010000100000101101010111011001111011011
-1842842737131640605,20,join_semilattice,1001100100010000000011111001111101111011101110010001000000000001000000010000000000011001000100000000111111111111111111111111101111111111111100010001000100000000101110011111011110111011100101110011100110011001001100110000000000000001000000001111100111111111111110111001001101111001100110010001001000001001100100010001000010111001001100111000111110011111011111111011100100110011101110111001001100111001
6561582856118124207,20,join_semilattice,1000000100000000011011000111000001000111111111111111111111111101011111111111111111011111111111111111000001010000010000111000011100000100011100000001000000000010110001111110011111111100011101000100011111000111001001000111110001111111011111111100011111101111111100000000000001000011110001110110011111111100011100100101011111000111011001011111000000010000000001100000000000000000001000000000000000000011
-7278006905661639653,20,join_semilattice,1001011110110101001111111111101101011111101111111011010100110001001010010000001000011111101101010011000101111011000100110000001000000000000000010011101100000011000000101000000000001111111111110101111100010010101100000010000000101001000000001111111110111101111100010111101101010011111111111111111111110001001110110001001110111111101101011011101111111011010111110000001010010000001000010010101100000011
1655702617471387486,20,join_semilattice,1111101100011000011001011010000110000100011110100001100001000001101000011000000000001000000000000000111111110111100001100000101000011000000001111011000110000110111111111111111111111111101101011000011011111011011110000110000000000001000000000000100000011000000011111111011111111111111111110111101101101111111101111001011011111111011110111110000110100001100001000111101000011000011011111111011110111111
-389647342085959366,20,join_semilattice,1101100110110111011101011001100101110000111111111111111111110001000000000000000000001000000001000000110111011011011101111101101110111111111100011001100101110000000110001001010100001101101111111111111101011001101101110110000100000001000000001101100110111111011100000000000001000000000110001001011100000001100000010101000011011001101111111111010110011001011101000101100110010111011001011001101101110111
195868825874385703,20,join_semilattice,1011111010101101111111111111111111111111001100000000000000000001000000000000000000111000001010001110001101000010000010000011111010101101111110111111111111011111001110001010100011101011111011101101111100110000001000001000101111101111110111110011000000101000111000111000001011001110101111111111111111110011110010101101111000110000000000001000001100000010000011000011000000100000111000111100101011011111
1766273270539734886,20,join_semilattice,1110011111001101100001000001100000001000011001111000010010001111111111111111111111101111111111111011010001011000010010000100011110000100100000000001000000000000000000011000000010000110011111000100100001100111111011011000111001111111111110110110011111001100100000000000000001000000011001111110111110000110011111001101100000000001000000001000111011111111111111111110011111101111101111100111111011111001
7836517993798146335,20,join_semilattice,1000011000001000000011011110011110001100111111100111100011011001111001011000110010001110010110001100000001100000000000000000001000000000000011111111011111101111111111111111111011111000011001001000000010011110011110001100100001100101100011000000001000001000000011111110011111001111111111100111111011111111111111111111111110000110010010001100100001100100100001001111111001111000111111011110011110001101
-833627914443200242,20,join_semilattice,1111111111111111111101001100000010001000011111101000101111110101110010001001100000001000000000000000000011000000000000000101111010001011110101011111100010111111010011001000100010000101111011001011111101011110111010111111011111111111111111110000110000001000100001111110111011111111010011000000101010000100110010001001100000001100000000001000010111001000101111010101111010001011111101011100100010111001
3901103246568015931,20,join_semilattice,1000000010000000000001000000100100000000111101011001111111111101010010010111100011111111111111111111110001001001011110001111011110011111111111000101100111111001000000001000000000001101010111011111101111110111111111111111000000001001000000001100010010011111100010000000100101000000110000001001011100001100000010010101000011000000100101111000110101011001111111111101010110011111101111000100100111111001
3516407620206642981,20,join_semilattice,1000000100010101100101000001000101011000111111111111111111111101010111011111101111001101110111111011100001010001010110011101111111111111111100000001000000000000110001011101111110111100010101010111100111011101111111111111000000010001000000001100010101011111101100000001000101001000100000010001011110010000000100010101100000000001000100001000110011011101111111111100010101010111101100000001000101011001
8897491836132727816,20,join_semilattice,1110001111000001000001100010000000010000001000000000000000001111001111011111000111111011110111110001111111111101111100110010001000000000000001100011000000010000011000111100000100000110001001000001000011111111111111111011111000111101101100010110001100001001000011100011110111110001111000111100101100010010001000000001000011111111110111111011111111111111111111111111101111011111001111100011110010010001
4944647455281359635,20,join_semilattice,1000000000000000000001000000000000000000011000000000000000001111101011011111111111101010100111111110111111111111111111111110001000010001001011111011110111111111111000101001100111101110101011011111111111101010101111111111111000000001000000001110001000011001111011100010100111111110111000101001101111101110000000010001001011100010000100011010111000000001000101101110000000010000001011101010100111111111
-3046194215435679164,20,join_semilattice,1010101110111001110011111111111110011100001000100011000011001011111111111001110000101010101110011100101011111011100111000000001000110000000000101011101110011100001000101011000011001010111111111001110000000000001100000000000000000001000000000010001010111000110011111111111111011100111111111111111111000010001010111001110000000010001100001000000000100011000001001111111111111111111111111111111111111101
-2923824497364217873,20,join_semilattice,1100001110110011001101000001001000010010111101111111001111111101011111110011101111111111111100111111110001111011001100110100001100100001001000000001000000010000010000111010001100101100011111110011101100000001001000010010010000111011001100111111111111111111111111111111111101111111010000110010001100100000000000000001000001000011101000111010110101111111001111110000000000000000001001000011101000110011
-4777114347339616898,20,join_semilattice,1111101111101110011101110010110010000101001100000100100000010001000000000000000101111011111011100111111111111111111001110001001001001000000101110011110010000111000100101100100000010001000001000000000101110010111010000101111110111111111001110001000001001000000101110011111011100111011100111110101001111111101111101111011111111111111111111111001100101100100001010111001011001000011100000000000000000001
-3237074138736183983,20,join_semilattice,1111000110000000010001000000000000000100011000001000000001000111000010000000010011111001110001100101111111011110111101111111111111111111111101110001100000000100010000001000000001001111000111000110010011111001111011110111111110011101111101011111100111001110010111110001100001100100111100011000001001001111100111001111010111111101111111111111000000000000000001001111100111001111011111110001110001100101
338905506766826341,20,join_semilattice,1010000100010001010011111001011101011110001000000000000000001011000101110101110010111001011101011100111111111111111111111111101101110101111000100001000000010100111110111111010111101010000101110001010010100001001100010100000000000001000000001111101111111111111110100001011101010100111110111111011111110010000000000001010010100001011101011100001000000000000001001011100101110101111011111011111101011111
4438431277647120429,20,join_semilattice,1000000101100001000011110111011111011100101101110110000101001001001101100001010011111111111111111111000001110110000100000000001101100001000000000001011000010000111101111111111111010000000001000000000000000000001000010000101101110111100101001011011101101001010010110111011111011100111101110111111111000000000000000001000010110111011110011100100000010110000101001111011111111111111111110111011111111101
-2511692758923571759,20,join_semilattice,1000000000000000000011010000111010010100101100011110100101011001000000000000000011111111111111111111101101011110100101011111001111101001011110010001111010010100100100001000000000001001000011100000010010010000101000000100111100111111100101111001000011101000010011110111111111011111111101111111111111111001000011101001010011110011111110011111100100001000000001001011000111101001011110010001111010010101
6980022053715676891,20,join_semilattice,1111111110101110011101110111100011100101001101111000111001010001001010000000000101111111100011100111000101111000001001010000001000000000000000010011100000100001000000101000000000011111111111111111111101111111101011100111111111111011111001110001001110001010010100010111100001100101000100101000001000010011011110001111010111111111101111111111000100111000001001010111011110001110011100000010000000000001
-2896888585618266018,20,join_semilattice,1000000000000000000011101111111111111111101011111111111100101111111111111111111110001001110110100010100011111111111100101000101111011011001010000001110100000010100000001100000000101000000001000000000010001011111110110010100000000101000000101000000111011010001010001011111111110010100000011101001000101000000111011011001010101111111111111110101011111111111101101000000001000000001010101111111111111111
6330979568449886706,20,join_semilattice,1111111111101011101001000001000010001010001000010000100110000111111110101011101001101111000010011010001001010000100110000110011100001001101000000001000000001000011001111000100110100111111111101011101001100111101010011010011111111111101110100000000100001000100011111111111111111111011011111010101110100000000100001001100000000000000000001000111111111111101111100000000100001000101011111111111110111111
2069286912013092050,20,join_semilattice,1001000101100000000011110001111001101100001000010110000000000001000000100000000011111111111111111100111101011111011011001111011111110110110000000001001000000000100100011110010011000000000101100000000000000000001000000000111100011111011011001111011111111111110010010001011001000100101100011110011011001111011111110111110010010001011001001100000000010110000001001111111111111111111111111111111111111101
-4538386329452135079,20,join_semilattice,1000000000100011101011101110111110111111101001001011001111111111111011111111111110101100111100111111100001000010001111111010111011111011111111111111111111111111100001001011001111111000010011110011111100000000001000000010100001000011001111111010110011111011111111101110111111111111000000000010001110100000000000000001000000000000000000001010100000000010001111110000000000000000001010000000001000111011
-9050738389691875635,20,join_semilattice,1110111111110011111101100001101100101000001000011001000010001111111111111111111101101111111100111111011001011111001110100110011111110011101000000001100100001000000000001000000010000110000111110010100000100001101100101000000000001001000010001110111111111011111111101111111111111111001000011001001010000110000111110011101000000000000000001000011001111111001111100110000111110010101001100111111100111111
-3566863679017466410,20,join_semilattice,1000000000010000011001000000000100000110111000011111000001101111011111111001011011111111111111011111111001011111000001101110011111111001011011000001001100000110110000011111000001100100000001010000011011000000001100000110000000000001000001001110010111111001011011110111111111010110111111111111111111111110000111110001011011110111111111011110000000000000000001000000000000010000011011110111111111011111
7901093200055463691,20,join_semilattice,1100110110111101011101000100000111000111111011111011111101111111111111111111111101001100000111000111000001000000100000000100111110011101011101000101000111000111010001011001110001111110111111111111011101001101101111010111000001000001100001000000000000001000000000000100000011000100110011111011111101110100110110011101011111101111111111111111000001000000100001000000010000001000011000000100000111000111
-5279661824471594108,20,join_semilattice,1111010111111101111101000000110000000001011101001111010001110101000011010000000111111101111111111111010101001101000000011111111111111111111101110101111101000111000000001000000000000000000011000000000001010100111101000111010000001101000000010111010111111101111101010100110101000001111101011111111111110111010111110101111101110101111101001111010101001101010001010101010011010100011100000000110000000001
6741955526966511329,20,join_semilattice,1111100110001001000101000000000000000000011010010000100100000111100110001001000101001001000010010000111111011010101100111111111111111111111100000001000000000000011010011000100100011111110111111111111111111001101010010011111111011011111100110100000100001001000011111101101011110011111110011010101100110100000100000001000011111101101111111111111111011011111101111111100110001001001101101001000010010001
6971972022437338668,20,join_semilattice,1000000000000000000011010100001100001110111101001011010011110001000000000000000011111100101101001111100101000011000011101101011010110100111111111101101111001111110101001011010011111111111011111100111110010000001100000110100000000001000001001111110010111100111110010100001101001110111111111111111111111111111111111101111110010000001100001110100000000000000001001000000000000000011011010100001101001111
200267772820832758,20,join_semilattice,1001001011111001001011010110111110010010111101101111100100100001000000101000001011111111111111110111100101101111100100100001001000101001001011010111111110010010000100101011100100100001001011111001001000000000001000000010000100100011100100100000000000101000001011110111111111110111111101111111101101100000000000101001001011111111111111111111110101111111100101100000000000000000001011110111111110110111
4278635217839006380,20,join_semilattice,1111001110111111111001100000000000000000001000000000000000000111000000100000000011111111101111111111111101111011111111110111001000100000010001110011101110110110011100101011000001001111111111111111111100000000001000000000011100100011000001000111001010111001011001110011101111111110011100101011101101100111001010110001010001110011101110111110011100000010000001000111001010110000011001110011101110111111
2339689519651814838,20,join_semilattice,1111101110010011011101000000000000110010011000010000001100100111101110010011011101101011100100110111111111111001001101110110001110010011011100000001000000010010011000011000001101111111111111111111111101111011101100110111011000011001001101111111111110111111011111111111100101110111000000000000001100100000000000000001001011111111101111111111011000010000001101100000000000000000001001100001000000110111
1255125811650738713,20,join_semilattice,1000000000000000000011111111111111111111101111101110010110001001011001100100000010011110011001001000000001000000000000000000011000100100000010111111111001111100100101101110010010001000011001100100000000000100001001000000101111111111111111111011111111101111111100000000000001000000101111101110011110001001111011100101100010010110011001001000101111101110011111001011111011100111111110111110111001111101
-5812470449300379193,20,join_semilattice,1101011111111111111101010111111110110011111101111111111111110001001001110001000011111111111111111111000101100111000100000000001001110001000000000011011100010000000101111111101100100000000001000000000000000000001000000000000000000111000100000001011101111011000001010111111111110111000101110111001100000000000001000001000001010111111111111111010101111111101101110001011101111011001000010111111110110011
-3792101846543046078,20,join_semilattice,1101100100100000100001000000000000000000111111011011001111000101000100000000000001011001001000000000110111011011001011001111111110110011110001000001000000000000110110011010000010001111111111110111111101010001001000000000110110010011000010001111111111111111111111111111101101111111110110011011001011001101110110110011110001011001001000001000110110011011000011001111110110110011111011111101101100111111
-1122257266671870195,20,join_semilattice,1100010000100000110101000100001000001101011001000010000011011111110101110111110111101100001000101101000001000010000011011111111101110111110111101101001000101101111111111111111111111110110101110010110100000000001000000000111011010011001011011111111101111111110111101101011101101101111001000010001011011110110101110111110100000000001000001000000000000010000011001111111101111111111100000000001000001101
4582308248963700975,20,join_semilattice,1111011101111111000101100110001000000000001000000000000000000111011001101001000011111111111111111111001001100010000000000010001000100000000001110111011011110001111101111111111100110110011001101001000000100000001000000000011101110111111100010010001000101000000001100110011011010000011101100110111100000110011000100001000011110111111111111111111101111111111101111111011101111111001101110110011011110001
5377759957211309728,20,join_semilattice,1110011111111111111101000101001111001110001001010011110011101111111111111111111111101111111111111111000001000000110011100110011110111101111000000001000011001110010001011011110011100110010111111101111000000101001111001110000001010001110011100000000000001000101000000000000001000000011001011111111111110110010110111101111000000000000000001000000000000000110011100000000000000000101001100101111111011111
8823259099789218272,20,join_semilattice,1111111111111111111101010100010000001101011101010101001011010001010001000000110101111111111111101101000001000000000000000111011111111110110101010101010000101101011101011101001011010000010001000000110001110101111100101101010101010101001011010111010111111110110101110101111101101101010101000100001011010101010101010011110100000100000000001100000000000000000001000111111111111111111100000100010000001101
-896770128904057403,20,join_semilattice,1010111100110101011111111111111111111111001010110001010101100011111100111101011100001010000000000000001011110001010101100000001000000000000000000001000000000000101111111011111111111011111111111111111100101011001101010110000010110001010100000010101100111101011000000011000001000000101111110011111101110000101100000101000010111111001111111111000010110001010101000000101100010101011000101111001101010111
-4079349811904027227,20,join_semilattice,1101101001001001111001000000010000000000111110101100100111100001000001000000000001011010010010011110111111111111101111110100001001000000000011111011110010111110110110101100100111100000000001000000000011111010111010111110111110111101101111110101001001001000000011111111111111111111111110101100101111100101001001001001000001010010010010011110010100100100100101000101001001001001011011111011110010111111
-4582626728109786983,20,join_semilattice,1000000000000000000011001000110100101110111111011111011111101101100011010010111010001000110100101110110111011101011011101111111111111111111111011001110100101110100000001100001001101000000001000010001011011101111101101110100000000101001001101111110111111111111011011001110101101110000000000000001000001101100111010011111010000000110000101110100000000100001001100000000000000000001011001000110100101111
-990960683641593463,20,join_semilattice,1101011101011100111101010100000010000001111101111101110011110001000000000000000011011111110111101111000101000000100000010101011001011100000101010111010111000001110101111101110011110101010001011000000111111111111111111111010101000001100000010000000000001000000001010100010111000001110101111101111011111111111111011111111101010111010111001111010101110101110001110101011101011100001100010000000010000001
-2587229752992940464,20,join_semilattice,1111111111111011110001000000000000000000011111111111101110000101111111001011100001001101110010011000010001001000100110000100111111001011100001000101100010011000000000001000000110000100010111001001100001011111111010111000010111111111101110000000000010001001100001111111111111111100010011011100101110000000000000000001000000000000000000011000011111111111101111001111111111111111111011111111111111111111
3118997617025190204,20,join_semilattice,1000010110000000010011001101100010000100111011011010100001001111111110101010011110001101100010000100000001010000000001001100111110101010010000000001000000000000000001011000000001001111111111111011011111001101101010000100111111111011101001111000010110001000010011111111111111111111110011011010101001001111111110101011011111111111111110111111000000010000000001001100110110101000011011101101101010100111
-6684649052502468634,20,join_semilattice,1111111101011111101101000001010010000000011111110101111000110101000101011010001001001001010010100010010101010101101000100101111101011110001100000001000000000000111111111111111110110000000101000000000011111111011111111011010000010101101000100000000101001000000001011101010111100011010000010100101000100101111101011111001101011111010111101011111111111111111111110100000101001000001001011101010110100011
808330555132144004,20,join_semilattice,1000000000000000000011110110101111011001101001001001110000001011010010011101000011111111111111111111100001000000000000001011011010011101100110110111101111011101100000001000100000001111011111111101110110110110101111011001100000000001100000001000000000001000000010000100100111000000111101111111111111111010010010011101000010100100100111011000101101101011110111011111011111111101111110110100100111011001
5483524578672090724,20,join_semilattice,1100100110100000101101000001100000000011111111111110111111111101111111101111111101001001100000000011010011011110010010111100111111100111101100000001000000000011000000011000000000110100100111100100101101001001101000000011111111111111111111111100111111101111101101001001100001000011010010011110011010110100100111100111101101001001101000001011110011111110011111110000000000000000001100000000000000000001
-9055245231517786131,20,join_semilattice,1000000000000000000001000000000000000000111100011111111111111101000101111010010011011101111111111111110101011111111111111111111111111111111111000001000000000100110100011111111101001100000101100010010011000000001000000100110000010111101001001100000101101010010011000001011111100100110000000010001001001100000101111111010011010001111111111111110000000000000001001101000111111111011011010001111111110111
-9022914167688744764,20,join_semilattice,1000000000000001001001000000000000010000111000111110000111111111001111100001111111111011111111011111111111111111111111111100001110000001101111000001100000010010100000001000000100101100001111100001111111000011101000011011111100111111010111111111001111111101111111110011111001011111111100111111111111110000000000000001000011000001100000011011110000111000000111110000000000000000001011000001100000010011
4878947008470107112,20,join_semilattice,1011000000000000101011111111111110111111001000000000000000000011000000000000000010111101110110011110101101011000100111101011111111011001111010110001000010011010101100011000100111101011010111001001111010111111111110011111101101011101100111101011000000001001101011111111111111111111101111011101101111101011000000000001101000110000000000001010101100000000100111100011000000000000001010111111110110011111
3032618370890208638,20,join_semilattice,1111101000101101010101000000000001000000011010100000110100010111101000101101010101001010000001010001111111100010110101010100001000000101000111111111111111111111111111101111111111011111111001111111110101001010001011010001111111100011111111010100101000001101000100000000000001000000111111100010111111010000000000000001000011111010001011011101011010100000110101011111111011111111111101000000000001010001
289215264792093957,20,join_semilattice,1110110000000100001001001000000001000000001010000000010000000111111000100101001000001000000001000000011011000000010000000110111000100101001011111111011001010111111111101110010101111111111001100101011001101100001001000000111111110111011111111111111111111111111100000000000001000000111111110110011111110100100000000101000011111111011001011111111111100010010101100110110000000100001011111110011001010111
-4097184468942347757,20,join_semilattice,1010111101111111100101101111010011110001001000100000000000001111111101111111100100101010010000010001001011110100111100010000001000000000000000101011010010010001111111111111111111010010001001000001000100101111011111111001001011110101111100010010101001001001000100101011010011110001001010110100101100010010001000000001000100101111010111111001111111110111111111011111111111111111111100100010000000000001
-7470412909117236787,20,join_semilattice,1000000000000100000011011010010001010000111110101100010101001001100001000101000010001000000001000000111111111111011111111001101001000101000011111011110001110111110110101100010100001000100001000101000011111011111101111111111110111101011111111111111111111111111100000000000001000000111110101100011101111000100000000101000011111011110001111111110110101100010101001111101011000101011111111010110001010101
3358897580157447664,20,join_semilattice,1100000100100000000101000000001000000001111111111111100111111101101101100001101111001001001000011001110111111111000111111100101101100001101101000001001000000001110010011110000110111100100101100001100100000000001000000000110110111111000111111101101111111001111111111111111111111111110111111111001111111100000100100001100111000001001000001001110110111110000111111100100101100001101100000000000000000001
7872714910572000065,20,join_semilattice,1110101011101111111101000000000010001000011010000000100110001111111111111111111100001000000010011000011011101110101111110000101000001001100011101111111011111111011010101000100111010110101011001001110101101010111010011101011010101111101111110000000000001000000001101010111011111111011010101110101111110000000000001001100000000000000010001000011010100000100111010110101011101001111101101010000010011001
600436066714248864,20,join_semilattice,1001000010000000000011010001101100101111111110111111011011110001000010000000000011011001111100101111111111111111111111111101101111110010111110010001101100101111000000001000000000001101000111110010111110010000101000000110100100001011000001101111101111111111111111011011111101101111100100001000001000001111101111110111111110010000101100101110100100001000000001001001000010000000011010010000101100101111
-4082325268886525231,20,join_semilattice,1100001100000101000101000011000001000000111011111101111110011111111111111111101111001011000001010001110001110000010100010000001000000100000000000001000000000000110011111000010110011100111111000111100111001111111001111011110011111101111110011100111111001111100100000000000001000000110011111000011110010100001100000101000011000011000001011001111111111111111111111100111111000111101100000001000000000001
-6412146672602552033,20,join_semilattice,1011011110100100010111110111111111010101001101100000000000000001010000000000000011111111111111010101000001000000000000000000011000000000000000110111001000000001001101111010000001011011011111111100010100110110001000000000101101111011010001011011011110111100010100110111101001000101111111111111111101011011011110110101010111111111111111111101001101110010000001011111111111111111111100110110001000000001
-2695050427108144012,20,join_semilattice,1011100010110011111111111000101100111111001100001011001111110001000010110011110000111000101100111111101111001011101111111111101010111011111111111011101111111111000000001000000000001111111111111111111100000000101100110100000000001001000000001011100010111011111111111010101111111111000000001001001000000000000010010011000000000000101100111100000000001001001101000001000010110011111000010000101100111111
-8618494109752955809,20,join_semilattice,1000000011010100000011000100110111000000111101001101111100001001010011011100000011111111111111111111000001001101010000001111011111111111111111110101111111111110000000001000010000000000000001000000000011110100111111110000000000001101010000001000010011011100000000000000000001000000110101001101111100001000010011011101000011010100110111111000111101001111111111101101010011011111101011110101111111111111
3090330019569427988,20,join_semilattice,1111010111111100011101110101111111000111001100001110010000000001000011100100000011111101111111100111001101011110010001001111011111111100011100110001111001000100000000001100000000000000000001000000000000000000111001000000001100011111010001110011010111111100011100000000110001000000111101011111111001111111111111111111111111111111111111101111000100001110010001000011000111100100011100110001111001000101
8187693423965853019,20,join_semilattice,1000011100010011101111000111000100111011111111110111111110111101111101111111101111001111001101111011000001000000000000000000011000000001001100000101000100011011111111111111111111111100111101110111101111000111001101111011000001000001000100001100011100111111101111000111000101111011000001110001001110110000010000000001000000000100000100011011111111110111111111110000010000000001001000000100000000010011
1972577572877789531,20,join_semilattice,1111100011111111110101111000011011101001001000000010000000000001000000100000000000101000011000000000011111001111111110011111111111111111111111111001111111111101011110001111111110010000000001000000000000000000001000000000011110000111111110010011100001101110100100111000011001000000001010000110001000000111100001101111100100111000011001101000011110001111111111011111110111111111111100111000011001101001
-3578710144278952851,20,join_semilattice,1101100001011000000001011000010110000000111111111111111111110001000000000000000000011000000110000000010111000101100000001101111001011001001111011111010110110011110111111101101100110001100001011000000011011111111111111111000100000001000000000001000000011000000011011111110111111011110111100101101100111101110001011001000111011111110110111011110111111101111111111101110001011001001111011000010110000001
-489347231262567460,20,join_semilattice,1000000000000000000111110011111110101111101100010110100001011001000101101000010111111111111111111111111101111111111011111011001101101000010110000001000000000001101100111111101001011000000101100000010110000001001000000101101100110111101001011000000101101000010110110011111111100101101100110110101001011111011111111111111110110011111110101101100000010000000001011011001111111010111100000000000000000001
-2555634344951447425,20,join_semilattice,1101000100101010110001010001001010101100111111110011111111110001000000000010000011011001001111101100110101010011111011001101111100111111111100000001000000100000111111111111111111111111111101111111111100010001001000101100000100010001001011000001000100101010110011010001001111101100000000000000001000001101110100111111111100010001000000101000000100010000001011001101110100111110111111011101001111101101
7321789360872060215,20,join_semilattice,1000001000000000000001001000000000000000111110101001001001001101101010010010010000001000000000000000111111101001001001000000001000000000000011111111101101101100100000101001001000001111111111111110111111111110101101100100100000100001001000001111111110111110111111111110100101100100000000100000001000001111111111111111111111111110101101101100110010101001001001001111111110110110111111111111101101101101
-1498038764227564746,20,join_semilattice,1010011110001101001101100111100011010011001000011000100100111111111111111111101111101111100111110011001001111000100100110010001110001001001100000001100000010000000000001000000000001110111111111111001110100111101011010011111001111001111100110000000110001001000000100111100011010011111001111000111100110000000010000001000011101111111111111011111111111111111111110000000110001001001100000001100010010001
-7006128880850357786,20,join_semilattice,1111110110011111011001010000100100000000001000000000000000000001000010000000000001111101100111110110011101011001111001101111111110011111011001110001100111100100000000001000000000001111110111011111011111111111111111111111000100001001000000000111000010011110010001110000100101000000011100001001011001000111010110011111011011111111110111111111011100001001010001000111000110011110011011111101100111110111
-1097330023188224663,20,join_semilattice,1111111111111111111101111010001100111100001000000000000100000011100000110001100000101000000000010000011111100011001111000011101000110011100001111111101111111110011111101011011111000111111111111111111000101000001000010000001010000011000110000111111010111111110000111000001101111000001110000011001110000000000000000001000000101000001000011000001110100011001111000111111010111111111001111111111111111111
7812200661734056025,20,join_semilattice,1000001010010100100111010110100101011001111101101011010110011001001010010100100111111111111111111111100101101001010010010000001010010100100111110111101101011001000000001001000000011111011111110111111111010110101101011001000000000001000000011111011010111101100100000000100101001001111101111011011110111001011010010101100100000000100100001001111101111011011111111111011110110101101100000000000000000001
-3108836298262866770,20,join_semilattice,1000000100000100001011100111111011111011101000110110111000101111011111111111101111111111111111111011101001110110111110110000001100000100000000000001000001000000101001111110111110111000001101000110001010000011011001100010111001111111111110111000001101101110001000000000000001000000100000110000011000101010001101101111101110100011011011101010111111111111111111110000000100000100001010100011011011101011
7414461951852476603,20,join_semilattice,1100000010001011010001000000000000010100111000101000111101001111111111011111111111101010100011110100111011111101111111111100001010001011010011101011110011110100010000001000001101001110101011001111010011111111111111111111110000101001111101000100000010001011010011000010100011110100010000000000001101000000000000000001010011000010100111111100000000000000000001001110101111011111111011101011110111111111
5774623621142380176,20,join_semilattice,1111010111010011111001000000000000000000011001001100000101100111010011010011011011111111111111111111010001001100000101100111011111010011111001110101110100111110010000001000000101100100000001000001011011110111111111111111011001001101000101101111011111011111111111110101110101111110011001001101001101100100000000000001011001110100110100111110000000000000000001100000000000000000001011110111110101111111
4857252889572804099,20,join_semilattice,1010010000001100000011101111110111101101001001000000000000001111111111011111111110101101010111001001000001000000000000001010111101011100100100100101000010000001101011011101110010010010010101011100000111111111111111111111001001000001110000010010010000001000000000100100000011000000101011110101111010011110111111011111110110100101010111001001101011111101111011011110111111011110111100100100000010000001
-3801623112871468744,20,join_semilattice,1000000000000000000011110110100001111010101100001000010000001001000000000000000011111111100101111010101101001000010000001011011010000100100011110111100001111010100100001000000000001111111111010111101111111111101101111010111101111001011110101111111111111111111110010000100001000000101101101000011110101011011010000101100010110100100001001000111111111111011111111011010010000100001011111111100101111011
2182031131334102382,20,join_semilattice,1100000000000000100001000000000000000000111000000001010110001111111111111111111111101000000101011000111011111111111111111110101110111111111111101001000101011000111010011011110111001110101111111111111111101001001101011100110000000001000010001110100100111101110011000000000101001000111010011011111111111100000000010101100001000000000000001000110000000001010111001110100110111101111111101001101111011101
-9084780158493222231,20,join_semilattice,1000100101010001010111111111110110111111101111111101101111111001101101010001010100001001000100000000100111110101000111011000101101010001010100000001000000000000100111111101000111010000100101010001010111111111111111111111000000000001000000001001111111011001110110111111110111111111100111111101101111110000100100010001010000001001010100011101000000010000000001001001111111011001111100001001000100010101
-3770776644360382243,20,join_semilattice,1100010111010111111101000101110101111011111111111111111111111101010111110111111111011101111101111111000001000000000000001101111111110111111100000101110000010000000001001100000100000000010001000000000011000101111101111111000001011101001100001101111111111111111100000101110001110011000001011100001100000000010001000001000000000101110101111011000001011101011111110000010111000011001100000101110000110001
-1164350110335812373,20,join_semilattice,1000011001001001001011010110010011110110111111100100111101111001011001001011011011011110010011110111000001100100000000000000001000000000000011111111011111110111111111111111111111110000001001000000000011111110011111110111111111100101111101110000001001001000000010010110010011110110100001100100101100100000011001001001001011111110010111111111100001100100101101100000011001001000001011010110010011110111
-751223928472774604,20,join_semilattice,1000100110100011001011101111101110110111101010111010001100101111111111111111111100001000100000010000100011111010001100101000101110100011001000001001101000010010000000001000000100001110111111111011111100001000101000010010101011111011101101111010111110101011011111101111111111111111000010011010001100100000000000000001000011101111101110111111101011111010001101110000100010000001001010001111101000110011
-8807971929391363813,20,join_semilattice,1001100000110001001011011000011100010010111110011111111100110001100000110001001000001000001000010010111111111111111100111111101111111111001111011001011110110011110110011111101100110001100001110001001000000000001000000000000010000011000100101101100001111001001011011001111111110011110110000111101100110000000000100001000011111111111111111111111111111111111101110000000000100001001011011000011110010011
4448708001332493735,20,join_semilattice,1001001100000001001011010011001000110110111101110011001101110001000000000000000011111111001110110111110101110011001101110000001100000000000000000001000000000000111111111111111111111111111101111011111110010011001000110010100100110011001101111111011100111011011111110111001111110111100100110000001100100001001100000001001011111111001110111111100100110010001101100001001100000000001010010011001000110111
-396934666073054588,20,join_semilattice,1000010001001101011011111101111011111111001001000100110101101011110111101111111110101100110011010110000001000000010100101111111111111111111110101101110011111111100001001100110101100000010001000101001010101101111011111111111111011111111111110000010001001101001000000000000001000000101011001100111111100000000000000101001010101100110011011110000001000100110101100000000000000100001010101100110011111111
4888312566238083478,20,join_semilattice,1111110011000100111101000000000000000000011111001100000011100101110010000000111001001100100000001110010001000000000011001111111111111111111111111101111111111111000000001000000000000101110011000000111011111100111111111111111111001101111111111111110011001111111101011100110001001110111111001100011111111111110011000101111101000000000000001100010000000000000001000100000010000000011001011100110001001111
-4712380298140358915,20,join_semilattice,1010000010000001000011111000100100010101001000000000000000001011000010000001010110101000100000010101111111111011110101111111101110111101011111111001101110010111000000001000000000001111111111111101011111111000101110010101101100001001000101011111100010011001010111111001101111010111111111111111111111110010000010000001000011111000100110011101101000001000000101001111100010111001011110100000100000010101
1192004675703021001,20,join_semilattice,1000000000010001001111111111101100111111101000000001001100111011111110110011111110101000101100110111101001001011001101111010101010110011011110101011101100110111101000001011001100111111111111110011111110100000001100110011000000000001000100011010101110111011011111111111111111111111000000000001001100010000000000000001000110101111101100111111101000001011001101110000000000010001001100000000000000000001
3181388794819606030,20,join_semilattice,1101111111011011111101001111010110101001111111111111111111110101111101011010110100001000000100001001000011110001101010010000001000000000000100001001000100001001010011111101101111010000111101011010100111011111111111111111000000000001000010010000101000011000100101011111110111111111000010110001101010010100111101011011110100000000000000001000010011110101101011010101111111011011111100000000000000000001
-2556211036034244201,20,join_semilattice,1111011100000001000101000111000000010000011101110000000100010101011100000001000111111111111111111111000001010000000000000000011100000000000000000001000000000000111101111111111111111111011101111011011111110111001100010111111101110001000101111111011100111011011111110111011111110111111101110011001101110000011100000001000011110111011111111111111101110000000101111111011100000001001100000111000000000001
-5413921166712629207,20,join_semilattice,1111011111000110011101110111010001100111001101110100000001110001000001000000010011111111111001110111000101000100000001110001011001000000011100010111010000000111011101111100011001110000000001000000000011110111111001100111111111111111111101110111011111001110011100110111010001000111001101110100011001111111011111100111011111111111111111111111000000000100000001000000000001000000011000010000010000000101
1908389928400848128,20,join_semilattice,1000000000100001110011111001001110011111101010000010000111001011100100111001111100001000000000010000111111111011111111111111101100111101111110101001001000011110111110111011110111111111111111111111111100000000001000000100101010010011100111101010100100101001111011111001001111011111111110111011111111110000000000000001000000000000001000011100000000000000000001001010100000100001111010101001001000011111
8398705701748492973,20,join_semilattice,1011101111101111111001111011111011111110001110111110011011100001001100000000100000011011001001101100111111111110111111110000001000000000000000000011000000000000000110111110011011100001101101100110110000010011001000101100111111111111111111110011101111101111111000010011001001101100000100110000001010000011101111100111111000000011000000001000000000110000000011000001101101100110111011111011111011111111
-1602557143933538410,20,join_semilattice,1111110111111101111001000000000000000000011000000000000000000111000010010000000001111101101111011100011101011011110111001111111111111111111001110001101100011000011000001000000000000111010111111101110001110000101100011000011000001001000000000111000010011001100001110001101111011000111111011111111111100111000010010001000001110000100100011000011100001001000111000111110111111101111011111111111111111111
-3529598921930123324,20,join_semilattice,1100011001110100100101000110000101000001111001100111010010011111111111110101110111101111011101001001000001000000000000000000011000010100000111100111011101001001111011111111010110010000000001000000000001000110011101001001000000000001000000001111111111111101110100000000000001000000111111111111111111111110111101110101100101000110000101001001111011110111010111011110111111110101101100000000000000000001
5034433639317810128,20,join_semilattice,1111111100010101110101011110000101011101001111100001010111010001111000010101110100001110000101001101000001000001000000000000011000010000010001111111000101011101111111111101110111111111111101010101110111111111111111111111000000000001000000001111111101011101111100000110000101001101000111100001011111010000111000010101110100000100000100001100000001000001000001001111111101010101111100000100000100000101
8640591048767989270,20,join_semilattice,1110000000011110100001100000000111100000001000000001111000001111101111111110110101101001000111101001111111111111111111011110101101011110100101100001000111100000111010111111111011010110100101011110100101101001011111101001000000000001000000000000000000011100000000000000000001000000000000000001111000001110101111111111110101100000000111101000111010110101111011011111111111111111111101100001000111100001
-1614134183379224708,20,join_semilattice,1000000000000000000011000100000111101100111001010001111011101111011100011110111011111111000111101111100001000001011011001110011100011110111011000101000111101110111101111101111011111111011101011110111111110111111111101111100000000001011010001000010000011110110000000000000001000000100000000000001000001111111111111111111110000000000000101000100000000000000001001000010000010110111011110111000111101111
5600281322042501487,20,join_semilattice,1000000000100100000011011101111111001011111111011111110010111001110101100100001110001101001001000010100001010010010000001111111111111111111100000001000000000000100111011111010010111000010101100100001000000000001000000000100111010111010010111001110111111100101100000000000001000000111111011111111111111111110111111101111110011101011001001011111111011111110011111000010100100100001010001101011001000011
-6989401428083290105,20,join_semilattice,1111111111111111111101000000000000000000001000000000000000000011000000000000000001111111010100010111011101110100000100100111001101000001001001110001010000010000011111111111000101110000000001000000000001111111011100010111011101110101000100100111111111111101011101111111111101010111011111111111111111110110000001000001000001111111111101011111011100110100000101100111000101000001001001110111010100010111
7187020111738120497,20,join_semilattice,1101110110110100101101000000000000000000111111111011011111110101110100100100000101001100001001000000010001000000000000000101111110110101111101001101001001000001010111011010010000011111111111111111111101000100001000000000010111011011010010011111111110111111111101000100001001000000110111111011011111110101110110110101101101011101101001001001010111011011010111110101110110110100101101001100001001000001
2402525540003972757,20,join_semilattice,1011111110111111111111111111101111111111001111111001111111100001000010010000011000011011100111110110000111111001111101100001001010010100011000010011100111110110000000001000000000001111111111111111111100111111101111111111000000001001000000000000000010011000011000010000100101000110000100001001001001100001000010011011011000011111100111111110000000001001000001000000000010010000011000111111100111111111
-4431285219029361487,20,join_semilattice,1111111001101110110101100000000000000000001000000000000000000111111001101110110101101010000000000001011011100110101011010110001000000000000011111111111111111111111111101111111011110110101001100010100101101010001000101001111111100111111011110110101001101010100101101110011011101101011010100000001000011111111011111111111101101010000000101001011010100110101011011111111001101110111101100010000000000001
1197627448833610812,20,join_semilattice,1000001000000000001011110011000111110010101100110001111100101001001000000000001011111011010111110010111111111111111111100000001000000000000010010011000101000010111110111111111110101111001101011111001011111011011111111010100100100001000000101001001100011101001010010010000101000010100100110001111100101001001100010101001011110011010111111010111110111111111111100000001000000000001011111111111111111111
-3926879476199739707,20,join_semilattice,1000000000000000100011101101110000101001101001010100000010011111111111111111111110001101010000001001000001000000000000001110111111101110100110000001000000001000100000001000000010001000010101000000100011101101111010101001111011111111111111111010110111001010100110101101110001101001101011011100001010011110111111101111110100000000000000001000111011111110111011011110111111101111111110000101010000001001
-6571104819379892976,20,join_semilattice,1101110011011111110101010000000100010100111111011101111111010001000000000000000001011000110110110100010111001101111111011111111111111111110101011001110111111101010100001101100101000001000001010001010011111101111111111101000100000001000101000101000001011001010001011000110111110100010100001101101101000000000000000001000001011000110111111101000100000000000001001111111111111111111101011000110111110101
-4829059205476914894,20,join_semilattice,1010101000010110110111101010000101101101001000000000000000001111111111111111111100001000000100100100111011100001111011010010101000010110110111101111110111101101111011101101111011011110111001011110110111101111111111101101000000000001001001001110101000011110110100101000000101101100000000000000001000001110111111011111110100001000000100101100000000000000001001001110111111111111111100101000000101101101
-6205620871290579131,20,join_semilattice,1011011111011110111111110111111111111111001001001000100000010011011011011110010111111111111111111111000001000000100000000010011011011110010100110111110111100111000001001000100000000000000001001000000010110111111111101111001001001101101000010000000000001000000000100100110111100001001001001100101000011011011111111111111100110111110111101111001001001101111001010011011011011110011100000100100010000001
-565562737923614476,20,join_semilattice,1000000000000000000001010000100000010000011100001000000100000001000000000000000011111111111111111111111101011000000110101111011111111111111111010001100000010000000000001000000000001111010111010101111011110101111101111111111101011001000110101111010110011101111011110101100101011110111101011001001111100001000010000001000011110001100000011010111101011001000111101111000110000001001011110101110101111111
-3043927343883333859,20,join_semilattice,1101000000100100000101000000000000000000111100111110111000110101000000100100000111111011111111100011111111111111111010111101001100101100000111010001001001000001110100111010111000111101001101101110001100000000001000000000111100111111111000111101000100101100000101000000000001000000110100110010111000011111111111111111111111111011111111101011111111111111111011111101001100101110001100000000000000000001
3957748518985422850,20,join_semilattice,1000000000000000000011101000001010100000101000000010100000001111100000101010000010101000001010100000111111101111111010011110101000101010000011111011111110101001111110101111101010011111101001111010100100000000001000000000101010000011101000001000000000001000000011111010111111101001101000000010101000001111111011111111100111111010001110101001111111111111111111111111111111111110101111111010001010100001
-664146389332929353,20,join_semilattice,1000000000000000000011000010110000010101111000101100000101011111001011000101010111111111111111011111111101101100110101011000001011000001010111110111111011011111000000001000000000001000000001000001010111110110111011011111111101111111110111111111001011001101010111100010110001010101111111111111111111111000000000000001010111110110110011011111000000000000000001001111011011001101011100000000000000000101
5577507322241549213,20,join_semilattice,1000000000000000000001000000000000000000111000000000001000001111000001010110000011111000011111101110111111100111111111101111101001111111111011111011011111111110111111111111111111101110000001010110000011110000011101101110111000000001001000001111000001111110111011100000000001100000100000000000001000001111100001111111111011110000010101101000111100000101011011101111000001010110101011111111111111111111
-6377600913859161249,20,join_semilattice,1100000100010101000001000001000101010000111000010001010100001111100101010101000011101001000101010000111111010101010100101111111101011111111000000001000100000000111111111111111111111110100101010101000011111101011111111111000000000001000000001111100101011101001000000001000101000000111110010101111100100000000100010001000011111001010111111010111111010101111111101111100101010101001011111101010111111111
5839772829147683675,20,join_semilattice,1110011111000101110001000001000000000100011000010000010001001111011111110101110001101011100001010100011001111000010101000110001100000101010000000001000000000000011000111000010101000110011111000101110011100111111101011100011000010001010101001111011111111101110000000000000001000000111111111111111111010110000100000101010001100111100001011100000000000000000001001111111111111111111111111111111101011101
-2914522067462850355,20,join_semilattice,1000000000100000100011111100111110101010101000001010000010001011100011110000100010101000101100001000101111001111101010101111111111111010101011111101111110101010100000001010000010001010100011110000100000000000001000000000101000001011000010001011100011111010100011111111111111111011101010001011001010001111111111111011101000000000001000001000111111111111111111111011100011111010101011111111111110111011
5907037922682879554,20,join_semilattice,1111111111111111111101000000000000100000011001110000001101100111111100111011011101101111001100110110010001000000001000000100011000000010011001000111000000110110011111111011101101110111111101111011011101100111001000110110011001110011001101100110111100111011011001000111000001110110000000000000001000000100011000000011011001111111101111111111010001000000001001100100010000000010001001101111001110110111
8159671251654162468,20,join_semilattice,1010010011101010110111100100111110111101001000000010000001011111111011111111111111101110111111111111001001001110001001011110011011111111111111111111111111111111001000001110000001010010000001100000010100000000001000000000101001001111101011010010010011101010110111100100111111111111001000001110001001011010010011111011110100100100111000101101000000000000000001001010010011111010111100000000001000000001
-5150663900465434290,20,join_semilattice,1100110110011000110101000000000100000001111111111001101111111101111110011011111100001000000100000000010011011001000000011100111110011011111101000001000100000001010010011001000000011111111111011011111111111111111111111111000000000001000000000100110110011000110111111111110111111111110011011001101011011100110110011011111101001001100100001001010011011001000011011100110110011010111100000000000100000001
-5888604073241546924,20,join_semilattice,1000010010000011100111001110110111111101101011101101111111011011111011011111110110001110110110111101000001000000000100011000011010011011110111111111110111111101000000001000000000010000010011000011100111111111111111111101100001001001001110011000010010001011100110001110110111111101000001001000001110010000000000000001000000000100000000011001100001001000101111011111111111111111111100000000000000000001
7641039403844079914,20,join_semilattice,1000111100101101100111101111111111011011101011110010110110011111111111111111101100001000000000000000000011100000110100000000101000000100000000001111000011011000101011111110110110111010111101101101101100001111001011011001101011111111110110110000101000001100000000000000000001000000101011111111111110110000101000001101000000001110000011011000111111111111111111111000111100101101101100001110000011011001
-6231739350990175703,20,join_semilattice,1011000010000000000011111000100000000000001100000000000000000001000000000000000000111000000000000000111111101111100101101111101011111001011011111111111110010110001100001000000000001111100011110001011011111000101100000000111110001001000000001111100010111001011011111111111111010110111111111111111101101111100010010001010011111111111111111111111110001001000001001111100010110001011011111111111111010111
-6628398664353441876,20,join_semilattice,1001111100001100001011111111111111111111101111110110110011110001000100000000000000001000000000000000000111110000010000000000101100000100000000000001000000000000101111111110111111111001111101101100001110011111001011000011101111111111111111110001111100001100001000000001000001000000100111110110111011111001111101101111111110011111011011001111100111110110110001110001111100000100001010011111000011000011
-6242845896562047664,20,join_semilattice,1010011110000101110011111111111111111111001000010000000001001011111111000111111110101111110001111110001001111000010011000010001100000000010000000001000000000100001000111000010011001010011111000101110010101111111111111111101011111101111111111010111111001111111100100011000001000100101001111100011111100010001110000101110000100011000001001100000000000000000001001010011111000101111010101111110001111111
4508559042023264356,20,join_semilattice,1000000000000000000011110111110111110111101101111101001101101001011111010011010011111111111111111111100001001001000000001000011111010011010010000001100100000000100000001001000000001000000111010000000010110111111101110111000000000001000000001011011111011111011110010111110101110110100000011101001100001000000111010001000010110111110111111111100000011101001101001001011111010011011010110111110101110111
-4812338592882737154,20,join_semilattice,1000001000000100000111000110010101000001111111111111111111011101011001010100000111011110010101000001000001100000000000010000001000000000000011011111110101000001110001101101010000011000011001010100000111011111111101000101100001100001010000011101111111011100000100000010000001000001110111111111111011011101111111111111110111011111110111001001110111111101010001011111111111111111111100000010000000000001
-6173914236319236514,20,join_semilattice,1010000100110101000011111111111111010001001000000000000100001011111100110101000110101001001101010000101011110011010100011010101100110101000000100001000101010000101111111011010100011011111111110101000100100001001101010000000000000001010000001011111111111101000100000000000001000000111111111111111111110000000000000001000011111111111111011111111111111111110101011111111111111101011110101011001101010001
-4925734487881347845,20,join_semilattice,1111111110101110110101000000000000000000011100001010000010000101000000100000000001111111101011101101011101101010100010010101001010101000100001110111101011101101010100001010000000001111111111111111111101000000001000000000111111111011111111110101000010101000100001110110101011001001011101101010101010010111111110101111110101010000101000001000011101101010111011010111111110101111111101110010101010001001
4212599963850339157,20,join_semilattice,1111010011110111111001110000111001111110001100000010011111100001000000100101000011111111111111111111011101001110011111101111011011111111111111110111111111111111001100001010011111100011000001100111111000000000001000010000011101001111011111101111010011111111111000000000001001010000000100000010011100000000000000000001000000010000001001111100000100000010011101000001000000100111111011110100111111111111
2330172047704490625,20,join_semilattice,1111111111111111111101011001000011000000011111111111111111000001000000000100000000011001000011000000010111111011111111000101101110001100000000010001000001000000010110011000110000000101111111111111110001011011101111111100010110111001110000000000000000001100000000000000000001000000010110111001111110000101101110011101100000000000000011001000010110111001111111000111111111111111111001111111111111111111
-755811046401989774,20,join_semilattice,1111111111111111111101011110011000010011011111111110001111110001000000000000000000011100010000010011000101000000000100110000001000000000000101011111011000010111010111101110000101110001010001000001001100011110011000010011010111110111000111110111111111101011111101111111111111111111010111100110001101110000000000000001000101011111011000011111010111100110000101110000000000000000001000000000000000000001
-4908171333327673609,20,join_semilattice,1111101010110101001101101010101101000011001010000011000000110111101010110100001100001000000000000010111111101011110100110010101000110000001111111111101111110011001010001011010000111111111111111111101100001000001100000011000010000001000000101111101010111101001100101000001101000011111111101011111100110111101010110101001111111110101111111011111111111111111111110000000000000000001000000000000000000011
3246205699801021731,20,join_semilattice,1101110110101111111101010101001010111111111111011010111111110001000000001001101101011101001010111111000101010000101110111111111111111111111100010001000010011011010111011010111111111101110111101111111100010101001010111011111111011111111111110000000000001000100001011101001011111111000100010000101110110000000000001001101000000000000000001000000100010000100111110000000000001000101000000000000010011011
-7529267128163988494,20,join_semilattice,1010100101000111101101101001010001111011001000000000000000000111100101000111101100101001010000111010111111010100011111111111111111001111111100100001010000111010111111011100011111110000000001000010100011111111111111111111111111111101111111111111110111001111111100101001010001111010000000000000001000000000000000000011000000000000000000101000011110010100011111110010000000000000001000101001010001111011
-3031011669238047998,20,join_semilattice,1101111111001111010101011111110011110001111111111100111101010001001110000000000100011011100000000001000111111100111100010000001000000000000000000001000000000000000000111000000000000001101111001100000111111111111111110111111111111101111101010001101110001100000100010011100001000001000110111100111000010001101111001111000111111111111111111111010111111100111101011111111111011111011100000011100000000001
4821255819478107451,20,join_semilattice,1111110001110010010001000100001000100000011101000110001001000101010001100010010001111100011000100100000001000010000000001111111101111111011001110101011000100100111111111111111111100100010001100010010000000000001000000000011111000111001001001111110101111011011011111101011111110110000001000010001000001111110001110011010011111111011111111110000001000010000001001111110101110011011011111111111111111111
-3203176541960376332,20,join_semilattice,1000000000000000000011101111110011111101101011011100110111011111111111111111111110001000100010010001000001001000000100001010111111001101110110000001100011010001000000001000000100001000000011001101000110101111111011111101111011111111111111011000000010001001000110000000100011010001101011111100111111010000000000000001000010001001100011011101100010011000110101011010111111001111111110000000000000000001
-2176061276209155377,20,join_semilattice,1110000000110110100001000000000000001000011000000000000010001111010101111110100111111101111111101011111001000111111010011111111111111110101111100101011111101001111101011111111010011110000001111110100101100000001100001000011000000001000010000110000000111110100001100000001101101000011000000011001010001111111111111111101100000000000000001000111111111111111111111110010101111110101111100000001101101001
-7002292140182882463,20,join_semilattice,1111111111111111111101011000000001000000011110100000011000000001000000000100000000011000000001000000011111101100111110000101101000000110000001111011110011111000011110101000011100000111101011000111100001111111111111111011011111111101111110110111101011001111100000000000000001000000010110000000011000000111101000000111000001111010000001101000011111111111111111110111111111001111101101111110110011111001
5687203255324123657,20,join_semilattice,1111101111000000000101000000000000000000011110110100000000010101101101000000000101001010000000000001111111111100111000010100001000000000000001001011000000000001011110111100000000010100101101000000000111111111111111111011111111111101111010111111101111001110000111111011110001100001111110111100001000011111111111011111101111111011110001101001111111111111111111111111111111001110101100000000000000000001
-7060683089268467759,20,join_semilattice,1011011111111111010111110111111111111101001101110101111000000001000000000000000011111111111111111101000001000000100000000001011001001000000000000101000010000000001101111111111000000000010001001000000000110111011111100000000101110101110000000000000000001000000000010111010011000000000101110101111000000001011101011101000010110111111111111101001101110111111101001111111111111111111100110111011111110101
8369170945185146798,20,join_semilattice,1000000000000000000011000011110010110001111000111111111110111111111111111111101111101111111111111011111001111111111110111000001010000000000010000001100000010000100000001000000000001000001111000011000111000011111011110001110000111111111100111000001110001011000111000011110011110001100000111000001100001000000010000001000011000011111111111011111111111111111111111100001111101111001110000011100000110001
-8267756637158261405,20,join_semilattice,1000000000000000000001000000000000000000111001100001101000011111111000011011000111101110000110110001010001000001100000010100011000011000000111111111010110110001111111111111111111111111111001011011000111111110011111110001010000000001100000010100000000001000000011111110010111110001010001000001101000011110011000011011000111111111011111111101111111100111111101011111111101111111111101000000000010000001
-2575804660732216015,20,join_semilattice,1000000000000000000011111010110111101101101110100001110000011001001000000000000010011010000011000001111111101111111111110000001000000000000011111111111111111111101110101101111011011011101001011110000111111010111111101101100110100001110000011001001000001100000110010010000001000001101110100001111000011011101011011111110110111010000111001001101110100101111011011111101011111111111100000000000000000001
-1147938277784295758,20,join_semilattice,1100001100011001100001000000000110000000011000110101100110001111011111111101101111111111111111011011111001111111100110100100001100011001100000000001000000000000111000111101100110000100001101011001100011100011111110011000000000000001000000000000000000011000000011100111111111011011111111111111111111110100000100011001000001000001000110011000111001111111100111101110001111111001101011100111111110011011
-3945081046184146239,20,join_semilattice,1101101101011111000001000011010011110000111111110101111100110001001101001111000001011011010011110000110111110101111100010000001101001101000000000001000000010000111111111101111100110000000101001101000011111111111111110011010110110101111100000000000100001101000000000001000001010000000000110100111100000000000000000001000011111111111111111011111111111111111111111101111101011111001111011011010111110001
7061199031656525714,20,join_semilattice,1000000000000000000011000000100001000010111110101100111000111101000010000100001011011010100001000010111111111111111111111101001010000100001011111011110011101111100000001000000000001100000011000100001011111011111011101111111110111111111011111101101011001100001010000000100001000000110110101100111000111111101111111111111111111010110011101011111110101100111011111000000010000100001011011010110011000011
1329557465048184789,20,join_semilattice,1111111101111111110001001010000000010000001010100001110100000111101001111101000000001000000000000000011111110111111111000000001000000000000000101011011111010000111111111111111111010010101001011101000000101010011111010000000010100001000100000000101000011101000000001010000101010000011110110111111111000000101000000001000001111011011111011100001010110111110101001111111111111111111111111111011111111101
8381434228338149738,20,join_semilattice,1000100001000001001011111010111111110011101110001111011100111001100001000011001100001000000000000010101111101111111100111011101011110111001111111111111111110111100110001100011100110000100001000000001010011000111001110011100110001111011100111011101011111111001110011000010001110011000010000100001100100000100001000001001011111111111111111111111111101111111101110000000000000000001000001000010000110011
-366511534521169021,20,join_semilattice,1100000000000000000001000000000000000000111111111111101111111101111110111010110011001010101100001100110011111011101011001100001000000000000011001011101110101100110000001000000000001101111111111011111011000010101000000000110000101011000001001100101010111000110011111111111111111111110010101011101011001101111110111011110011000010101100001100110000000000000001001101111110111011111011011111111110111111
-3479763273743135623,20,join_semilattice,1010010001000010001011111110010000110010001001000100001000101011111001000011001010101100010000100010000001000100000000001010111001000010001010101111010000110010111111111111001110110000000001000000000011111111011100110010101011110101001100101111111111111111111111111111111101111011000000000000001000001010111001000011001011111111011100111011111111111111011111110000010001000000001011111111011100110011
-5491154153257375620,20,join_semilattice,1100001000100101110001000000000001000000111000110010010111001111001111100111111111111111111011111111111101111110011111110100001000100101100000000001000000000000111000111110010111011110001101100101110100000000001000000000111111111111111111111111011111101111111100000000000001000000111000111110011111110100000000000101100001000000000001001000010000100010010111001110001111100101111111100011001001011101
317003675873515806,20,join_semilattice,1010001000000010000111100010000000100001001000000000000000001111111111001111111111101011000000100001111011111100011011110000001000000010000111100011000000100001111010111100011011111110101101000110000111111111111011111111111111111111111111111110111111001111111111101011000001100001000000000000001000001110111111000111111111101011010001101111111010110100011001111110101101000110001100000000000000100001
7191810878706987594,20,join_semilattice,1101110110111101110101001000001011000000111111011011110111010101100110111101110100001000000011000000010111011011110111011111111110111101111101001001001111010101010010011011110101011111111111111111111100000000001011000000010010000011110000000000000000001100000000000000000001000000111111111011111111110100100000111101010101001001101111011101010010000011110001001111110110111101111101001000001111000101
5097650964710470700,20,join_semilattice,1110010010010100110001100000000100000000001000000001000000001111010110011111110111101101100111111101011001000001010000001111111110111111110111100101100101101101011000001001010000001111111111111111111111111101101111111101000000000001000000001110010110011110110101100000000101000000111001001001011011011110010110011111110101100100100101001000011001000001010001001111111110111111111111100100100101001101
794066760304306259,20,join_semilattice,1011101111101100011101111011111011000111001110101110100001110001000000000000000000011010000010000111111111111110110011110001001000001000011000111011111011000111000110101100100001110001101001001000011100011010111010000111111111111111111111110001000000001000001000111010111011000111111111111110111111111111111111101101111101111011111011001111000100000000100001100001000000000000001000010010000010000111
-8352116386566826446,20,join_semilattice,1111011110110010101101000000000000000000001000000000000000000111000010110000000011111111111111111111011101001011001010100111011110110010101101110101101100101010010000001000000000001111011111110010101101100000101000000000011000001011000000001111011111111111111101110111101101101011011100001011001000000111011110110011101101110000101100101010111101111111011111110111000010110010001001110100101100101011
1004860484157468777,20,join_semilattice,1001000111001001011011010001110010010110111110011111100101100001000010001001000011011001110110010110111111111111111111111111101111111001011000010001100010010000000000001000100100000001000111001001001011010001111110010110110100011101100101100000000000001001000011111011111111011111111110111111111111110000000000000001000011111011111110011111000100011100100101100001000110001001001011111001111110010111
1200090186519962575,20,join_semilattice,1001010100010000100011110111110100111111101101010001000010010001010100000000000011111111111101111111000001000000000000001011011100010010101100000101000000000000101101111001001011111011011111010011111111110111111101111111000001010001000010001111111111111111111110110111100101111111101101010001001010111011011110010011111100000101000000001000101101110001001011111011010100010000101100000101000000000001
5984521486513794532,20,join_semilattice,1101000110000011001101010000000000000000111110011000001100110001000000000000000011011001100000110011111111011001101100111111111111111111011101010001000000000000010100011000000000001111110111011011011111111101111111110111111110011001101100111101100110001011001111111101110111110111010100011000001100110101000110000001000011111111111111111111110110011000101101110101000110000001001001010001100000010011
5988370469069455597,20,join_semilattice,1000000000011000000011001011011110110110111011111111111111111111111111111111111100001000000110010000110011111111111101101000101001011011000010001011011110110110100010101111111101101000100001011001000010001010011110110110000000000001000000000000000000011000000010001000010111110000100010000101101100000000000000011001000011001111111111111110100010100101101101001000100001011011001011001111111111111111
2110263836162744946,20,join_semilattice,1000000000000000000011111010010000100100101000000000000000001011001001000000000000001000000000000000111111101110011101001010001000000000000011111111111001110100111110101110011101001010001001000000000011111010011000100100111111111111111111111111111011101111010011111010011001100100101100100100001000001111101001100111010011111110111011111100101100100100001001001111111011100111011011111111111001110101
-2646951013375781214,20,join_semilattice,1010011000100100001011111111101101010010001001100010010000000011011000100100000000101110001001000010000001000000000000000000011000000000000010111111101101010010101111101011010100101111111111110101111100000110001000000000101011100011010000101111111111111101111100000110001001000000111111111111111111111011011000100101001010111111101101011010111111111011010111110010011000100100001011111111101101010011
-1788898173953622660,20,join_semilattice,1001111111111111111011111111111111111111101111111111111111100001110101110101111000001100000101011010000001000000010010100001111101110101111000000101000101011010000111111111011111100000110001110101101000000100001101011010000001000001010110100001111111111111111000000000000001001010000111110111011111100000010000000101101000000000000000001000000011010111010111100000000000000000001010111111111111111111
3018925238240692032,20,join_semilattice,1000100000000000000011111011001001000110101010100010000001001011101000100000011000001000000000000000101111111010010001111000101000100000000010111011001001000110101110111010010001101111111111111111111100001000001000000000111111111011110011111111111110101100011110111010001001000110111111111011111111111111111110111101111111111111101011001111100010000000000001001010101000100000011010111011101001000111
-3938328649565169969,20,join_semilattice,1000000000001001100011000001001011111111111000010010111111111111111111101111111111101111111011111111111001111010111111111110001100101111111110000001001010011001111000111010111111111110001111101111111110000000001010011000111111111111111111110000000000001001100010000001001011011111100000010010101111110000000000000001100000000000000000001000100000010010100111011000000100101001111110000000001010011001
-1366606429551341098,20,join_semilattice,1111110111111111111101110101000000000000001001000000000000000011010000000000000001111101001011100100000001000000000000001111111111111111111100110101000000000000011111011011111001000111110111111110010001110101001000000000011111010011111001000111010100101100000001110101001001000000011101010010111000000111110100101111010001111101111111101100011101010010111001000111110111111111111001111101111111111111
4889162050451730140,20,join_semilattice,1101110111010000010101011101100100000100111111011101000001010001110100000000010000001000000000000100000011000000000001001111111111011000011100001101000000000100000011011000000001000000110111000000010011111111111111111111000111010001000001001111110111011000011111111101110111000111111111111101111111111111111111011101011111111101110110001111000000000000000001001111110111010000011101011101110100000101
-5769775788040337594,20,join_semilattice,1011111111111011011111111111111111111111001111111111101101110001100000000000010000001000000000000100000111000001000001000001111111111011011100011001000000000100000111011111101101010001110101111011010100011101001110110101000110000001000001000001110100011010010010111111111111110111000111010001001001000001110100011011010010111111111111111111000000000000000001000001110111111011011100011101000110110101
-8475186377616463190,20,join_semilattice,1000000001101000000011000000111010001001101000001110100010011111100011111011100111101000111110111001111111111111111111011111101011111111100111111001111111111001100000001110100000000000000001101000000000000000001010000000111000001111100010010000000000001000000011111000111111111001111000001111101010011110000011111011100110000000111010001001111110111111111111011111111111111111111100000000011010000001
-4958442990164578890,20,join_semilattice,1101011011010111111101000000000000001000111111111101111111110101000000000100101001011100110101111111010101001101010010100101011011010111111111011111110111111111010100001101010010100101000001010100101011111111111111111111010000000001000010001101011011011111111101000000000001001000010101001101011011110101010011010111111100000000000000001000010101001101010011100100000000000100101001010100110101001111
4690673723291671727,20,join_semilattice,1010000100011010110011111111011111111111001000010001101001001011000100111011110010101001000110101100101111010111111111101011111101111111111000000001000000000000111111111111111111111011100101111011111010100001001110111100000000000001000000000000000000011000000010111001011111111110000000010000001000001010000100011011110000100001000110101100000000010001001001001011000100111011111010111111011111111111
-7013089825098460310,20,join_semilattice,1111001111110111111101110010100001001011001100000000010010100001000000000000101001111011111101111111111111111111111111110011001010000100101101110011101001001011000100001000010010100111001111100100111101110010101001001011011100111111011111111111101111111111111100010000000001001010011100111110011011110111001111100111111100000000000000001000011100111010010011110000000000000000101000110000000001001011
-3645793429438080,20,join_semilattice,1100010110001100111001000000000010001010111111111111111111111101010111011100111011011101111111001111010001010000110011101101111111111100111101000001000010001110010001011000110011100100010111001100111011010101111111001111110001011001110011100000000000001000000001000001000011001110110111111111111111111101111111111101111100000000000010001010000000000000000001000000000000001000001011010101110111001111
4525350138627353641,20,join_semilattice,1001001000000010000011011011000100101011111111110011101110110001001000000000000010011011000000100000110111110011101110110000001000000000000000010011000000000000111111111011111110111111111111111111111111011011001100101011100110110001001000001101101100011010101111111111001111111011000100100000001000001101101100110011101110011011000100101000110110110011001111111001101100010010101010010010000000100001
1796244051399759062,20,join_semilattice,1111001100010111000101010011000101110001011100110001011100010001000100010101000011111111111101110101111101111111011101010001001100010101000000000001000001000000111100111111011101010001001101010101000111110011011101110001000000010001010100001111111111111111111100000000000001000000000100110001011100010000000100000101000011110111111101111111111100110111011101011111011111110111011100010011000101010001
3652458043444926274,20,join_semilattice,1101100111011000101001000000010000001000111110011111110111100101000101001000101001011001110010001010111111011111111111111111111111111111111101000001010000001010000000001100000010000000000001000000000011011001111111011110010110011101100010100100000101001000101011011001110111001010111110011111111111110101100111011001101000000000010000001000110110011101110111100000000001000000001011111001111111011111
6836164767413982231,20,join_semilattice,1011100000100011000011111101111111110110001110000010001100000001100000100011000000001000000000100000101111011111111100001111111111111111011010111001101000110000101110001010001100001011100011110011000000001000001000110000101110001011001100001011100111111111000010111000111101110000000000000000001000000000100000000011000011111111111111111111101111011111111101001011110111111111011011111101111111110111
7674586151911135368,20,join_semilattice,1111111111101001010101100111101010010101001000000000000000000111011111101001010101111111111010010101001001010000000001000010011110101001010100000001000000000000001001011000000001010110011111101001010100100101101010000101111111111111100101010010010110001000010111111111111111010101111111111111101101010010010110101001010111111111111111111111001000010000000001001111111111111111011100100001000000000101
4101246247046879059,20,join_semilattice,1010100101111000110011101001011110011110001010010110100001001011100101111001111000001000000000000000111111010111100111111111111101111001111100001001000000000000111111111111111111110000100101000000010000001001011010000100001010010111100011000000100101001000010011111101011111011111111111010111111111111010100101111001111000101001011010001100000010010000000001001010100101111000111010111001011110011111
7171388286947420805,20,join_semilattice,1100110111011110100001001101100111101000111111111101111011101101111111011110111000001000000010001000000011000000100010001100111111011110101000001101000011001000000011011000111010000100110111011110100011011111111111101110000011011001111010000000000000001000100000001100000011001000000011010000111010001111111111111111111100000000000000001000110011011101111011101100110111011110101011011111111111101111
-2995439581697036671,20,join_semilattice,1011010100110100111111111101001101011111001000000011000001000011000100110100011100111101001101001111001101010011010011111111111100110101111100100001001101000101111111111111111111111111111101110111111100000000001100000000000000000001000000001111111101111111111100100000001101000100111111110011011111110011110100110101111100110001001101001111000000000011000001000010000100110100011100100000001101000101
-7995528055204716884,20,join_semilattice,1000000000010000000011000000000100000000111000000001000000001111010111111010100111111101111110101001111001000011000000011110011111111010100111100101111110001001111001001011000010011110010011111000100111100000001100000001000000000001000000001110000000111000100111111111111111111001111001011111101010011111111111111011100111100000001100001001111111111111111111011111111111111111111111100000000100000001
-1236850650924441258,20,join_semilattice,1001011010010110011111010110100101100111111101101001011001110001001000010110011011111110110101100111000101101001011001110000001000000100010011111111110101100111000100101001011001111111011011010110011111111111111111111111000000100001010001001111111111011111011100000000000001000000000000100001011001001111111111010111011111111111110111111111000000000000010001000000001000010110011000010010000101100111
-8265625624146357493,20,join_semilattice,1010000010110010010111100000111100100101001000001000001000011111000011110010011111111011111111101111111111111111111011111111001111111110111111100001111100100111000000001000001000001010000011110010010100000000001000000000000000001011001001011111000111111110011111110001111101100111000000000000001000001111111111111111111111110001111101101111000000001010001001011110000011110010011100000000100000100001
5656202502571923174,20,join_semilattice,1101111111111111101101010100101101010001111111111111111110110001010000000001000101011100101101010001000001000000000000000101011010110101000101011111111111010001000001001001000100010101011011111101000100010100001100010001000001000001000100010101011010111101000100010100101101010001010111111111111110010000010000000001000001011111111111011001111111111111111111110101111111111111101100000100000000010001
-512133309673245454,20,join_semilattice,1010010001000000010011100101010001100101001001000100000001001111110101000110010111101101010001100101000001000000000000001111111101010111010110100101010001100101111111011101011101010000000001000000000011111101111101110101111111010101011101011111111111111111111110100100010001100101101001000100001001011110110101000111010111111111111101111111000001000100000001001111111111110111011110100100010000000101
3367747538952003166,20,join_semilattice,1110011111011111110101100000010100000101001000000001000001001111011111011111111111111111111111111111011001100101010101010110001001010001010101100011010101010101011001111101110101010010000001010000010101100111111111111101000000000001000001000110001101011101010101100010010101010101011001111101111111010110000001010001010101100111110111011101000000000000000001000110011111011111111100000000000100000101
6432339464687992886,20,join_semilattice,1011110011110110100111111100111101101001001111001110011000000001110010100000000000001100001000000000000001000000000000001111111011111110100111111111111111111111000011001010000000000001110011100110000000000000001000000000001111001111011010001111110011111110100100011100101001100000000111001010001000001111111011111111100100011100111001101000111111101111111111011111111011111111111100111100111101101001
-5778967837070835326,20,join_semilattice,1100000000100000000001000000000000000000111111010011111011111101110000100110111111001100001001101111110001000010000000001111111110111111111111011101001001101111111111011011111011111111111111111111111100000000001000000000110111000011011011111101110000111110111111000100001001101001110001000010001000011111110110111111111111000100001000101001110001000010011011011100010000100110111111000100001000000001
-6493416225962683466,20,join_semilattice,1111010101110111010101110100000001000000001001000000010000000011010000000100000011111101011101110101000001000000000000001111111101111111110101110101010001010000111111111111111111110111010001000101000001110101011101110101011101000101010100001111110101111111110100000100000001000000011101010101011101010111010000000101000011110101011101111101011101010101010101001111111101111111111101110101010101010101
-8810430548476526580,20,join_semilattice,1011101011100001001111111111111111111111001100100110000000010001001001100000000100111010011000010001001111101110000100010000001000000000000010111111111110111111001110101110000100010000001001100000000100000010001000000000101111101111000100111011111011111001001110111111111111111111101111101111101110110011001001100001000110111110111110011011101111101111100101110011101011100001001100000010001000000001
-2974720064211955142,20,join_semilattice,1111000111010010100101000000000000000000001000000000000000000111000111010010000011111001110100101001111111011101001010011111111111111010111101100001000000000000011000011101001000000110000101000000000001110001111100101000011000010101000000001111110111111010111111111111111111111111011000010101001000001111111111111011111101110001110100101000111111011111001011011111110111110010111101110001110100101001
-3984062801490964656,20,join_semilattice,1000000000111000100011101101101111101011101001000011111010111111111111111111111110101100001111101011100001000011110010011110111111111111111110101101001111101011101001001011111010111110110111111111101100000000001100000000000000000001000000000000000000111000000010000000001111001001100001000011111010011110110110111111101100000000001110001000111011011111111111111000010000111110101110000000001110001001
7455248699267754849,20,join_semilattice,1111011111110110000001100111111100100000001000000000000000000111011111110110000011111111111101100000001001111111001000000010001111000010000000000001000000000000001000011000000000000010000111000010000000100011111100100000001000111101001000000110011111111010000001100111111101100000001000000000001000001111111111111111101111111111111111101011111111111111111111111111111111111110001111111111111101100001
-9127849069084242789,20,join_semilattice,1111111101111101111101000000000000000000011111110010100011000101110000000000100001001000000000001000010011000000000010000101111000001000110001011111000010001100111111111111111111110101111101101000110001011111001010001100011111110111110111110100110000001000100001111111011011011111111111110111111111110111111101101001110001000000000000001000010011000000100011000111111101101001111001111111011010011111
728269799823020346,20,join_semilattice,1111111101110111111001000000000000000000011100110101000110100101001101010001000001011011011101011010011111110111010110100000001000000000000000000001000000000000111111111111011111110100000101000000000001010011011101011010010000010101000000001111111111111111111101010011010101010000011111110111011110100100001000000001000001010011010100011000011111110111010111100101001101010001101011111111011101111111
-5045843998392107509,20,join_semilattice,1110101111111101111101000000000000000000011000100011110110111111111111111111111101101010101111011011011011111011110111110100001000010100001001101011101111011011011000101011110110110110101111111101101101000010001101000011010000000001000000100100001000111101101101000000000101000010111011111111111111110100001000010101001101000010000101001010011010111011110111110000000000000000001001000010000101000011
-6130819770541471762,20,join_semilattice,1101111101110100111101010001011100000001111111110111111111110001000000000000000001011001011101000001010111010111010000010101111101110100111100000001000000000000111111111111111111110001000001000000000000010001011100000001000100000101000000001101111101111110111101010001011101000001110111110111011011111101111101111111111101011101011101001011010111010111010001110101110101110100001100010000010100000001
-8476109249723153566,20,join_semilattice,1001001101100101000011110011111111110101101100111110011101010001001001000001000011111011111111110101111111111111111111110000001000000001000000010011010001010000100100111110010100000000001001000001000000010011011001010000101100111111011101011011001111111111010100000010010001010000100100111110011101010000000000000001000011111011111111111111100100111110010101011111101111111111011110010011011001010001
8383865590666869185,20,join_semilattice,1001100010000101100111011000100001011001111110001011010110010001100010000000000000001000100000000000111111111111111110111111101111111111101111111001111101111011000000001000000000001111100011110111101111011000101001011001110110001011010110011111100111111111101100000000100001001000111110001011011110010001100010000101100100000000100000001000111111111111111111110000000010000100101000011000100001001001
5000853316551153842,20,join_semilattice,1101101010011010011001001010000010100100111111111111111101110101101000001010010000001000000010100000110111101001101001100000001000000000000011011111111110110111010110101000101001001101111011011010011011011110111110110111010110101001101001000000000000001010000011011111111111110111000000000000001000001101101010011011011111111111111111111111000010100000101001000101101010011010011011011010100110100111
-6827108166899660394,20,join_semilattice,1000100000111101100011001000011111111000101010000111111110001111101111111111111100001000001011011000111111111111111111111110101111111111111110101001011111111000111010011111111110110000000001101101000000000000001000000000000010000011110110000000000000101000000000000000001011000000100010000111111110000000000000101101000000000000001011011000111010011111111111111110100001111111101111001000011111111001
-7106501273242445059,20,join_semilattice,1111010111100011010101110100101000010101001000000000000000000001000000000000000011111111111010110101000101000000000000001111011111100011010101110101101000010101001101001000000100010111010111100011010100110100101000010001111111111111111111111111011111101011010111111111111011110111011101011010001101010011010000000001000111111111111011111111001101001010000101011111011111101011011100010100000000000001
4533044302431905175,20,join_semilattice,1010110011110001011011111101111100010110001001000000000001101011110111110001011000101100101100000110000001000000000000101111111111110101111110101101111100010110001001001011000001100010110011110000011000000000001000000010001001000011000001101111111111111111111111111101111101011111111111111111011111110010110010110001011011111101111100011111000001000000000001100000000000000000001011111101111100010111
6422498290062587889,20,join_semilattice,1000000001000000000011111111011000111111101000010100000000101011000101100010001110111001011000100011101111110110001000111011001101100010001110000001010000000010111111111111101111110000000001000000000010100001011000100010111111110111001111111011111101101010101111111111111111111111101000010100001000101011111101100011111110111111011000101011101111110110001011111000000001000000001010100001011000100011
-3478052021645781899,20,join_semilattice,1010010001000010100111111111011111111101001001000100001000001011111001100010100110101100011000101001000001000000000000001010111001100010100110111111011111111101111111111111111111110000000001000000000010100100011000101001101111100111011010011011111001111110100110101100011001101001000001000100001000001011111001111111110100100100010000101000101111100110001011011111111101111111111100100100010000101001
-8800842538425864593,20,join_semilattice,1001000100010001001011011111111111111111111111111111111111110001000100010001001010011111111111111111100101010111000100111001011101111101111100000001000100010010100101111111111111111001000101110001001100010001001100010011000000000001000000101001010101111101111110010101011101011111100101110111111111110000000000010001001010010101011100011111100101010111000101110000000000000000001000010001000100010011
-4983878539436639540,20,join_semilattice,1111111111111111110101111011101111111000001110011001000110000001100000010000000000001000000000000000011111111011111111010011101110111111100000011001000100000000000110011001000100000111111111111111110100111001101111111000000000000001000000000011100110011011100000111001100111111000001110011001001110000001100000010001000000011001000100001000011110111011111111001111111111111111111101111011101111111001
1179704951621969658,20,join_semilattice,1111111111111111111101100001000000000000001000010000000000000111110111110011010001101101100000010100011001011000000100000111111111111011010000000001000000000000001000011000000000000110110111100011010001101101101000110100011011011111001101000110110111111011010001111111111111111111000000000000001000000110000110000001000001111111111110111100011000011000000101000111111111111011111101111111111110111101
-5734698943119298360,20,join_semilattice,1000000000000000000011000011010010001000111000110101101011101111011101111111111011111111111111111110110001110101101011100000001000000000000010000011000010000000110000111101101011101000001101001000000011000011011110101110110000110101101011100000001000001000000011000011011111101110110000110100101010001110011101111111111010000011010010001000110000110100101011101100001101001010101011111111111111111111
