hash,n,target,matrix_bits
8327866618992312398,20,lattice,1011110010111011001111111100101111110011001111001011101100110001110000111010001100001100001100100010000001000000000000001111111111111111111111111101101111110011000011001011101000111111110111111111101100000100001100000000000001000001000000000000110000111010001010111100101111110011000001000001001000000001110010111011001111111101101111111011111111011011111111110000010000110000001000001100001110100011
-4264208558591590799,20,lattice,1001001100000100010011111111111111111111101100110000010001000001000000000000000010011011000001000100101111110111011101100001001000000000000000010011000001000100101111111111111101101011101101110111011010111011001001100110101110110011011001101011111101111111011000010000000001000000101100110000011001001011101100110111011010111111111111111110000100100000010001001011101100000100011010111011001101100111
-864575857229694605,20,lattice,1000000010100000001111010110101001000011111101111010010000111001011010100000001111111111101001100011100001001010000000111000011010100000001111010111101001000011000000001010000000111111111111111111101100000000001000000000111111111011011000111111111110111110001110010110101001000011111101111010011000111111111110111111001111111111101111101011111111111111111111110000000000100000001000000000001000000001
1194472516656373711,20,lattice,1000000011100001000011101000111110110000101010001110001100001111100011111111110010001000111000010000111111001111111111111111111011111111111111111111111111111111000000001010000000000000000011100001000000000000001000000000101010001111001100001010100011111011000011101000111111110000100010001110001100000000000010100001000011101000111111111000111010001111111111001111100011111111111011111000111111111111
-6628494898275971255,20,lattice,1011011111111110001001110111111111100010001000000000001000000011011111011110001011111111111111111111001001000000101000100010011110011010001000100101100110100010001001001000101000100010011111011110001000110111111111100010001001001001101000100010000000001010001000100111100111100010000000000000001000001111011111111111101011110111111111101010111101111111111111100010000000000010001011110111111111111111
3618232826242816355,20,lattice,1001111100100010001011111111111111101111101111111010001000100001000000000000000000011000000000000000000111100000000000100001101000000000001000011111000000000010100111111010001000101011111111111110011000011111001000100010101111111011111000101011111110101010001010111111101011100010000111110000001000101111111111111111111110111111111111101110101111111011111001100001100000000000001010111111111111101111
-4469567780565478915,20,lattice,1000000110110100001111100001101101001011101000011011010000111011000110110100101111111111111111011111111101011011010011111111011110110100111100000001101001000011000000001000000000001111011111110101111100000000101000000010000000011011010000111111011111111101111100000000101001000010111111111111111111111111011110110101111110100001101101001011111100011011010011110000000010000000001000000000101001000011
7017149487198210673,20,lattice,1010000101101010010011100001011010101100001000010110101001001111001101101010110011111111011110101100111101110111101011001110001101101010110000000001010000000000111111111111111111110000000001000000000000000000011000100000111100110111101011000000000001101010000011111111011111111101000000000100001000001111011101111011110000100001011010101100000000010110101001001111111101111111111111111111011110111101
-6714896430060418428,20,lattice,1011101011110001110011111111111100011101001010001001000001000011100011010000010000001000100100000100101111111111000111010011101011010000010000111001111100001100000000001000000001000000100011010000010000111000111100000100000000001001000001001111111111111011110111111111111111111101101111111111001111010011101011110001110000111000111100001100000000000000000001001111111111111111111110111011111100011101
-805820670351259909,20,lattice,1100010110111010000001000100000010100000111011011011111111111111111111111111111111001101101111111111000001000000100000001110111110111111111100000101000010000000010001011010101000001110111111111111111101000101001010100000010001011011101000000000000000001000000011000101101111111001000001000000101000001100010110111011100111000101101110101000110001011011111111111100010110111111101111000101101110101001
-550386837397989307,20,lattice,1000000100100100001011111111101111001011101000010010010000101011000110100100001010101001101001000010101111011011010000101011111110111100101100000001000001000010101000011010010000101111111111111110101100000001001001000010101010011011010000101011110110111100101100000000000001000000111111111011111010111111111111111111101110111101101101001011111111111111111111110000000000000100001010101001101001000011
-5371304483360666996,20,lattice,1111011101001101110001010011000010001100011101110100110111000001001100000000110011111111010011011100000101110000000011000000001100000000010000000001000000000100111111111100110111110101011101001101110011111111111011011111111111111111110111110001001100001000110001010011000011011100111111111111111111110101001100001001110000000011000000001100000000000000000001001111111101001101111011111111010011011101
6375814818388595199,20,lattice,1111110110111011000101000000001100010000011100010011001100010101000100110001000101111101101110110001011101010011001100011111111111111111110101000001001100010001011101011011001100011111110111111011000100000000001100000000000000000001000000000111010110111011000111111101111111111101010100010011001100010000000000110001000011111101111110111101111111011111101101011111111111111111111101000000001100010001
-3323056552143967140,20,lattice,1110111101010011000101001000000000000001011011110101001000011111111101010011000100001000000000000000000011000000000000000100111101000010000100001101000000000001111111111101001100010100110101000010000111111111111111111001010011110101001000011111111111011011000111111111110111110001010011010000001000010100111101010011000111111111110111111001111111111111111111011111111111111111111100001000000000000001
6775787010565310382,20,lattice,1100111001000100101101000010010000000011111111100101010010111101111001000100101101001010010001001011010011100100010010110000001001000000000011111111011101001011111111111111010010110000000001000000000011111110011101001011010011100101010010111111111111111111111101000010010001001011111111111111011111111111111111110101111101000010010000001011111111111111010011110000001001000000001100000010010000000001
-5101302708339457834,20,lattice,1000000000000100000011001110000001110011111111101111111111111101111000000111001110001100000001000001100001000000010000001000111000000100000111111111111111111111110111101111111111111101111001111111111111001110001011110111110111100011111101111100111000001111011100000000000001000000100011100000011000011000111000000111000111011110001111111111110011100000011101111000111000000111001110000100000001000001
7922563393087645324,20,lattice,1111111111111111101101000100000000000000011001000000000000000111111111011111001001101111110010110010000001000000000000000110011111001011001001100101010010110000011001011100101100000110010001001011000001111111111111111011011011111101111100100110010000001000000001101111110011110010011001000000101100000110010000001001000001111111110111111011111111111111111111110110010111001011001001101111110111110011
5492353901035662776,20,lattice,1011001101101110001111110011011011110011001100110110111000010001001101101110000111111111011011111111111101110110111111110000001100001100000000000001000011000000111111111110111111110000001101101110000100000011001011100001111111111111111111110000000000001000000000000000000011000000000000110000111000011011001101101111001111110011011011111011111100110110111101110001001101101110001100000011000011000001
430590660574429131,20,lattice,1000000010000000000011100001110010100100101000001100101001001111010111001010010011111111111110111111101001001100101001001111011111101010110110100001110010100100000000001000000000001000000011000010000011110101111010101101111101111111101111111000000011001010000011111111111111111111100000001000001000001111011111101011110111110101110010101100100000001100101001001111011111101010111111110101110010101101
1317488992724213471,20,lattice,1000000010000000000011000101100000000001111001011000000000011111111111111100111111101111111110001111100001001000000000001110011110000000000110000101100000000001000000001000000000001110011111100000110111100111101000001001111001111111100011111110011111101000110111101111111111001111111111111111111011111111111111111111111111100101100000001001111001111010000011011110011111100000111110000100100000000001
-4015323643207132245,20,lattice,1100110110000000000001001000000000000000111111011000000000011101110110000000000000001000000000000000010011011000000000001101111111000000001101001001000000000000010010011000000000001101110111000000000111111111111011001011111111111101110010111111111111001000001111111111110011000011111111111111111110111111111111111101101111111111110011001011111111111111111111111101110110000000001111011101100000000001
1507525302191567551,20,lattice,1101010110111110110001010000001100000100111111111111111111110001000000110000010011011111111111111111010101011011111011001101011110111111111001010001001100000100010100011011111011001101010111111110110000000000001100000000000000000001000000000101000100111110110001010001001101101100010100010011001001001101010110111111110001010001001100101100000000000011000001001101010110111111111011010101111111111101
2281923278762644347,20,lattice,1111111110101101111101000111000000010000011111111000110111100101011100000001101001011111100011011010000001000000000000000000011000000000000000000111000000010000010101111000000110101111111111101111111101111111101011011110111111111111111111110101011110001001101001010111100011011010011111111010111111110000011000000001000001000111000000011010010111111000110111100100011100000001001001111111101011011111
-1758206394869612493,20,lattice,1001000010000000000011010000100110100010111101101111101011110001000010000000000011111111111110101111100101001001101000101101011011111010001011010111111110101111000000001000000000001101010011111010001010010100101110100010000100001001000000001001000010011010001011111111111111101111100100001001001000001111111111111111111111010110111110101010110101101111101011101001000010010010001011010110111110101111
468360026615225169,20,lattice,1000000100000000001011010101110000000110111111111101101011101001000100000000001011011111110110101110100101010000000000101101011111011010011000000001000000000000100101011000000001101001010101000000011011111111111110101110110101011101101001101101010111001010011011111111111111101110100101010100001001101111111111111011111011010111110110101110100101010000000001100000000100000000001011111111111111111111
4293390383183855264,20,lattice,1111111111011101011101001001000000000000011111111101110100110001100100000000000000001001000000000000010111111001110100100101101100000100001000000001000000000000010110111001110100100101111111011101001011111111111111111111010110110001010000100101101100011100001001011001000001000000111111111101111101110101101100011101001011111111110111111111011111111101110101110101100100000100001001011111110111010011
-3981182217181042471,20,lattice,1010011000100000011011100110111110010110001000000000000000001011011011111001011011111111111111011110001001000000000001100010011000000000011011110111111110010110101001101010000001101010011011100000011000100110001000000110101001101011000001101010011011101000011011110111111111011110111111111111111111111010011011111001011011110111111110011110001000000000000001000010000000000000011011111111111111011111
-2551005075628580354,20,lattice,1000000000000010000011111111111111111111101001000000001000001011110000000010000010101100000000100000100001000000001000001011111010001110001010111111100011100010101111001000101000001011111111011111111010111111111111111111101111101001111100101010110000001010000010111100100011100010000000000000001000001011111010001111001010111110100111111010101111111001111111101011110010001010001010111111110111111111
2105632286777937995,20,lattice,1100111111110011111101000000000000001011111111111111111111111101111111110011111100001100000000011011000001000000000010110100111111100001111101001101010000011011010011011110000111110100110001000001101101001101011000011111010011111111000111111101111111111011111111011111111111111111010011011110001111110000010000000001101100000000000000001011010011010100000111110000000000000000001000000000000000000011
1923958796747732513,20,lattice,1001110010000000010011111100110100110110101111001000000001000001110000000000000000001100000000000000000001000000000000001111111111011011111111111101110100110110000011001000000000001011110011000001011011111111111111111111101111001101001101101111110111011011111111111111110111111111101111001100001101101011110010000001010010111100110000011110000111001000000001001011110010000001011011111101110100111111
-5792026751703079121,20,lattice,1000000010011000010011001010111111001110101010101011110011101111111011111100111010001010101111000100101011101011110011101000001010011000010011111111111111001111000000001000100001001000101011111100111010000010101110000100000000001001100001000000000000001000000010000010101111000100111111111111111011111111111111111111111110001010101111001110000000000000100001001000101010111100011011111110111111001111
-4242781068493330772,20,lattice,1111111111011111111101000000000000000000011101111101111100000101001111011100000001111111110111110000010101111101110000000100001000001100000001000011110111000000010000101000110000000100001011011100000011111111111111111111010000100001110000000100000000001100000001000000000001000000010100111101111000000101011111011111000001110111110111111000011111111101111111110111011111011111101001111111110111111001
-5028094084415231074,20,lattice,1011011111111011011011111111111111111111001101111111101001100001000000000000000010111111111111111110000101000000000000000001011011111000001000010111111110100110000101001000000000000001010011000000001000010100101100000000000101001001000000000001010011111000001010110111111111110110000101101111101000100001011111111011011010110111111111111110000101101111101001100001000000000000001010111111111111111111
-1621730611581555266,20,lattice,1111110110010000110001010001100000000100011100011000000001000001000000000000000001011001100000000100011111011001000011001111111110111011110000010001000000000000000100011000000000001111111111111111111011111101101110001100011110011001000011001111110110011000110011111111101111111100111111011001101011001111110110111011110001111001100000001100000100011000000001001111111110111111111011111111111111111111
631068551411120348,20,lattice,1000000000000000000011000000000001000000111000000000010010001111011111101111101111111111111111111011111001000000010010001110011010000110101011100111100011101011111001001000011010101110011011001110101011100111111011101011111101111111111110111110011010001110101010000000000001000000111001000000011010101110011111101111101111000000000001001000111111111111111111111110010000000100101011100110100011101011
-3144138910618913090,20,lattice,1111111111111110110001000000000000000000011001010000000010000111110100010010100001101101000000001000010001010000000010000111111100110010100001000001000000000000011111111011001010000111111111110010100001111101001100101000011011010001001010000111111100111010100001111111111101101000011011010000001010001111111111111111110001000000000000001000011111111111011011001111111111111111111011111111111111111111
-3627912344403267862,20,lattice,1001000011001000001111111010111010011111101100101110100100110001000000000000000110111010111010010111111111111111111111111001001011001000001111111011111010111111000100001000000000110001000011000000001110010010111010000011111110111111101111110001000011001000001111111011111111111111111110101110101111111001001011101001001110110010111010011011101100101110100101110001000000000000001100000000000000000001
8208379992531980034,20,lattice,1110111100000010111101000000000000000010011011110000001000101111111111111111111101001111000000000010000001000000000000100000011000000000001000000111000000000010111011111001001011111110111111010010111111101111111111111111111011110001001011111110111111011111111111101111100101101111010011110000001000101110111111010111111101101111000000101010011011110000001011110000000000000000001001101111000000101011
-3295755667230159687,20,lattice,1111111111111111111101000000000000000000011111011111111011110101100000110010000001001000000000000000010111000011101000010111111111111111111101011001001111100111010110011011111011110101110111111110111101001000001000000000010010000011001000000101100000111010000001011000001111100011010010000010001000000101110111111111111101011000001111101011010110000011111001110101100000111010001101011000001110100001
-1385344787977474301,20,lattice,1111101101111111011001000000000000000000011110110111011101100101000000000000000001011000001100000000111111110111111101100101101000110110001001011001001101100010111110111111111101100101101101110111011001010000001000000000010100000011000000000111101101111111011001011000001101100010010110000011001000000101101100110111011011111111111111111110010110110011011001100101100000110010001011111111111111111111
7190325726411076244,20,lattice,1000000110000000100111111111111010001101101010011000100010011011100111001000100110001001100010001001101111011110100011011011111111101000110100000001000000001000000000011000000010011010100111001000100110111001111010001101111111111111101011011000000110001000100111111111111111101111111111111110101011011111111111111111111100000000000000001000101010011100100011011111111111111010111100000001000000001001
5322331343367948257,20,lattice,1111101000110111011001000010000000000000011010100011011100100111101000110111011001001010001100110000111111100011111101100000001000000000000011111111001111110110111111111111111111111111111101111111011001000010001000000000010000100011001100001111101000111111011001001010001101110010010000100010001000000100001000100011000011111111011111111111011010100011011101100100101000110011001011111111011111110111
5649768133137895540,20,lattice,1110100000000001000001101000000000000000001000000000000000001111110111101111111100101000000000000000111011000000110101001111111111111111111111101101000011010100111011011100110101001110110101001101010011101101111011111111111011011111111111111110100000001101010011101000000001010000111011011100111101000110100000000001000011101101110011011100111010000000000101001110110111001111111011101101110011111111
1340644910074520699,20,lattice,1100011011001101100001000000000000000000111001111100110110111111011111001111111111111111111111111111010001101000110010000100001000001000100011000111110011011001010000101000100010000100011011001100100011110111111011111111111101111111111111110100000000001000100001000010100011001000111001111100111111110100011011001101100001000000000000001000111001111100110111111100011111001101101111000110110011011001
-8071732509032146332,20,lattice,1111111111001111100101000001000000000000011111111000011110010101011110000111100101011111100001111001010001011000001000010100011110000010000100000001000000000000010000011000000000000111111111000111100111111111111011111001111111111111111110110111111111001111100101000111100001111001010000011000001000000100011110000011000101000111100000111001111111111111111111111111111111101111101101000001100000100001
-7787875794393409469,20,lattice,1011100111111101110001111001111111011100001010000000000000000011100110111001010000001000000000000000111111011111110111101111111111111111111100101001000010010100001010001000100101000011100111111001010000101001101110010100001010011001100101000010100000001001010000111001111111011100111111011111111111110010100000000001000000111001111110011100000010000000000001001111100111111101111011111101111111011111
8827784822708503103,20,lattice,1111011111111111111101000100111000100000011101011110101100110101010111100010001111111111111111111111000001000110000000000111011111101011011101000101111000100011000001001110000000000000000001000000000000000000011000000000011101111111101101110101010111101011001101110111111111110111000001001110001000000101010111100011001101110111111111111111010001011110001001110100010011100010001101000100111000100001
8854151355008487617,20,lattice,1000100000000000000011001000100000000000111110001110000000101001100000000000000000001000000000000000111111001110000000101111111011100000001011111111111011111111100010001000000000001001100011000000000010011000111000000000111111111111111111111111111011101001001011111110111001011010111111101110111110101111111011100001001011111110111000011010111111101110111111111101100011100000001011111110111011111011
-2157262506418468729,20,lattice,1111111110010111111101000000000100100000011101101001011111110001000010010010000001111111100101111111010101001001001000000101011010010111010101110111100101111111000000001001001000001111111111111111111111111111101101111111000000000001001000001111111110111111111101010100100101100001000000000000001000000101010010010111000101010110100101111101010101001001011101010101010010010111011101010100100100100001
1161861142440078889,20,lattice,1000010000000000000011111111010000100100101001000100000000000001010100000000000010011101010000000000000001000000000000001011111101000000010000000101000000000000111111111101001001001000010001000000000011111111111111111111111111110101001001001111111111011010010011111111110111110111101111110100001001001111111111011011010011111111110111111111100111010100000001001111111111011011011011111111110110110111
3399078918989555111,20,lattice,1110000000000101100101100000000001010001001000000000000000001111010100000101110111111101011111011111111001000000010111011111111101111101111111100101000001011101111111111111111111111111010101110101110111110101001001011101111101010011010111011111010101111101110100100000000001000000111111110111111111110010000000000101000101100000000001011001111000000000010111011111010101111101111100100000000001000001
7486731455291411185,20,lattice,1111111011111001011001100000000100000000001000000000000000000111000000010000000001111010100110000000011111101001100101100110001010010000000011111111111110010110011000001001000000000111111011011001011001111110111110010110001000000001000000000111001010011000000011111111111111010111111111111111111101110111101010011001001011111111111111111111011110101001100101100111001010011000001001111110110110010111
-6825273202358782927,20,lattice,1100011000110000100101000000000100000001111111101011110111111101011000110000100111011110001100011111010001000011000000010100011000110000100111111111111111111111110111101011000111111111111011111101111101000000001100000001000000000001000000001101111010111001111111011110101111011111111111101111111111111101011000110001101101000100001100001001110101100011000111111101011000110000101100000000000100000001
-377832678673076552,20,lattice,1100111111001001000101000101000010000001111111111110110101011101111111001101010101001101000010010001000001010000100000000100111100001001000100000001000010000000010011111000100100010100111111001001000111011111111011010101110111111111110101010000000000001000000011001111110011010101111111111111111101010100010100001001000111111111111111111101010011111100100101011111111111111111111100000101000010000001
-8269063514965977061,20,lattice,1000000000000100010011000010000001000100111110101011111001001101101010101110010011001010100011000100111111101011111001001000001000000100010011111011101111111100110000101000110001001111111111111111111011001010101011000100110110101011111001001100001000001100010000000000000001000100110010101010111001001111101010111111010011111010101111101100000000000000000001001111111010111111011011111111111111111111
6356409386427403271,20,lattice,1001000000100000000011111111111110111101101111111111101111010001000000000000000000011000001000000000100111110010101010001001101000100010100010011001001000101000100111111010101010011001111111101011110100010000001000000000100111111111101111011001101000101010100011111111111111111111100110000010001010001001111100101011100110011000001000001000100111111010101111011111111111111011111110011111001010101001
452600067175388565,20,lattice,1111111011011110101101000000000010000000011110101101111010110101001011011000001101011010110110101011011111101101111010110100001011001000001101111111110111101011010000001000100000000100000011001000001111111110111111101011010000001101100000110000000000001000000001011010110111101011010100101101101000111111111111111111101101010010110110101011111111111111111111110000000000001000001001000000100010000011
9022099823108374373,20,lattice,1000000000001110000011111101011111111110101100010111111001101001000001001110000010111001011111110110101111010111111111101111111111111111111010000001000011100000111111011111111111101000000001001110000010010001011011100000100100010111111000100000000000001000000000000000000011000000000000000000111000001011000101111111011010111001011111111110100100010111111001101001000101101110001011111111111111111111
8389903686242627980,20,lattice,1000110001100111101011001100011001111010111111100111011111101101110001110111111000001000000000001000000011000000011010101101111001110111111011111111011101111110111111111111111111110000110001100110101000001000001001101010110011000111011110101101111001111111111000001000000001001000000010000000011010000000110001100111101000000000000000001000110011000111011111100000100000000110101011111111011111111111
-2141906985310260372,20,lattice,1111111111111110011101101110100111000111001011101001100001010111111011011100011100001110100110000101000001001000000001000000011010010000010001111111111111100111000000001000000001000110111011011100011101111110111111000111000001001001000001000000011010011000010000101110100111000111011111101111111001111111111111111111011111111111111111111111000000000000000001000010111010011000011100000110100110000101
-4458517283236694231,20,lattice,1010000110000000010011110011100011010100001000000000000001001011001110001101010011111111101011011110111101111010110111001010001110000100010000100001100000000100000000001000000001001111011111101101111011110011101011010100111111111111111111111010001110001101010010100001100001000100111101111010111111101010001110000101010011110011101011011100000000000000000001001111011110101101111011111111111011111111
-857267180572725250,20,lattice,1011111111011111011111111111111111111111001111101101010000000001011011010100000000011110110101000000000001100001000000000000001000000000000000111111110111110111000001101001000000000000011011010100000010111111111111111111000000100001000000000011111011011101011100000110100101000000001111101101111101110011111011010101000010111111110111111111001111101101010101010011111011010101011100111110110101010001
4229788594589407965,20,lattice,1111111111111111111101111111101111111011001001111000010000100011111110000100001000101111100001000010000001010000010000000000011110000100001000000001000000000000000001011000010000000011111111111111111100111111101111111011001111111001010100100011111110011101101100000001000001000000001111111001111110110010111110000101001000111111100101011011001111111011111111110000000100000000001000111111100101010011
-7720451393564612748,20,lattice,1011111111111011001111111111111110110011001101111100000100100001010011000001000000111111110000010010000001000000000100000001011011000001000000010101110000010000000001001000000100000000010011000001000000111111111000110010001111111111001100110011111111101011001111111111111111111111001111111100001100100000000000000001000011111111111110111011111111111111101111110001011011000001001000111111111000110011
4726457972899930717,20,lattice,1100010100000100000001000000000000000000011001000000000000001111111111111111111111101101000001000000010001000000000000001110111110001111011101000101000001000000111011011000110000001110111111101111111111101111101011111111111011111111111111111110110100001100000001000100000001000000111011011000111000111110110110001111001111101111100011111111111011011000111101111110110110001100001111101101100011000001
1362366965646461958,20,lattice,1000000100000000000111000001001010000001111000010010100010111111000100101000101111111101111110001011111101010011100010111111011111111000111100000001000000000000111101011011100010111111010111111000101110000001001010000001111100010011100010111000000100001000000111111111111111111111111101111111101111111111011111111001111111000001001010001011111101011111100011111100000100101000001100000001000000000001
-3299985714001763403,20,lattice,1110010100000000000001000000000000000000011001000000000000001111111111011111110111101111110111111101010001000000000000001110011101011111110101100101000000000000111001111101111111011110010101000111100111101111111111111101111001010101111110011110010101001111100111100101000001111001111001010000001110011110010100000001100111100101000000001000111001010101111111011111111111111111111111100101000000001001
3517277952727458988,20,lattice,1000000000000000000011111111110011111111101111100100010010011001111000000100000110001000000000000000100011000000000000011000111000000000000110111111010001001001101111111100010010011001111001000100000111111111111111111111111111111101111111111011111111001100100110001110000001000001101111111100111110011011111111001101100110011110010001001001101111111100111111011011111111001111111110001000000000000001
-1587105128641011941,20,lattice,1100000111000000100001000001010000000000111001011101011111011111111111111111111111101111111101111101110001011100001111011100011111000111110100000001000000000000010000011100000000000000000101000000000011100111111101111101110001011101011111011110111111111111111111000101110001111101110000011100001110011100000111000001100100000001000000001000110000011100001111011110010111010111111111000001110000001001
-3361746579853707914,20,lattice,1000000000000000000011010011101010011011111111111011111111111001000010001000000011011111101111011011110101111010100110111001001010001000000010010011100010011011100000001000100000001111111111111111111110010011101010011011110101111011110110111000000000001000000011010111101011011011110101111011111111111001001010001001100110010010100010001000110101111011110111111001001010001001101110010010100010001001
1064419184163247873,20,lattice,1111001100100011100101000000000000000000011000110010000110010101001100100001100101111011001000111001111111111110101111010100001000000001100101000011001000011001011110111010001110011111101111100011110101000010001000011001111111111111101111111111101111101011110111111111111111111111011100110010001110010100000000000001000001000000000000011001011100110010001111011111111111101011111101000000000000010001
-2289128078681997740,20,lattice,1011111111011111101111111111110111111111001000011001100010100011000110011000101000111111110111111011001101111101111110110011001111011110101100000001000100001010000000011001000010100011000111011100101011111111111111111111000000000001000010100000000110011000101000110001100111001010001100011101111010100011001111011111101100000000000000001000101111111101111111110000000000000000101000110001110111001011
8342508235431308427,20,lattice,1000000001000001000111001000011110111101111010000111101111011111111101111011111110001000010010010001111011000111101111011110111001111011110111101111011110111111111111111111111111110000000001000000000010001000011010010001100010000111100100011000000001001001000111111111011111111111100010000100101100010000000001000001000110001000011110111001100010000111101111011110110001111011111100000000010000000001
-2032624264310089256,20,lattice,1101101001111111110101010010010000001001111111100111111111110001000000000000100001011010011111111101010111100111111111010000001000000000100011111111011111111111111111111111111111110001001001000000100001010010011111111101000100100101000010000101001001011101100101010010010101001001010100100101011110010101001001010101100100000000000000001000010100100101110111010101111001111111111100010010010000001001
-6652619791394028200,20,lattice,1111111111111101011101100100000000010001001000000000000000010111010000000001000101111100011101010101001001000000000000010111111001110101010101111111111111010101011111101111110101010111010001000001000101110100011101010101011101000101010101010111111001111101010101110100010001010101111111111111111111110010000000000001000111111111111111011111011001000000000101010111111111111101011100000000000000000001
-1319359936233070964,20,lattice,1111111110100011110101000000000000010000011111111010000101000101111110000001010001001000000000010000010011110000000100000100101000000001000001001011000000010000010011111000000100001111111111101011111101001111101000010100111111111111101111111111111110101011110111111111111111111111011111111010001101010000000000000001000001111111101000111101010011111000000101001111111110101011111101001111100000010101
-258683341985700340,20,lattice,1111111111111110111001000100000000000000011101000000011000000101010000000000000001111111101111101110000001000000000000000111011110111110011001110101101011100100011101001010111000000111111111111110111001110100001001100000011101011011111001100111010000101110000000000100000001000000010101000000001000001111111111111111111001110111101111101110011101000010111001000111010110101110011011111111111111111111
6322167496093579880,20,lattice,1000000000000000000011111111111111111111101000000000000000001011100000000010000010101000000000100000101111110101001101011011101101010010010110111001010100100101101111111111111111011011100001010010000110111111011100110101101110000001001000001011111101111111110110111111010101110101101000000000001000001011101101010011010110111111011101111101101110000101001001011011111111111111111110111000000000100001
850711256196822948,20,lattice,1000000001000100010011111011111111111110101000000100010001001011101111111111111010001000010001010100111111111111111111111010101011001111011010101011110011110110101010001100110101000000000001000000000010101011111111110110101010111101111101101010000001001101010000000000010001000000101010001100111101101000000001000101010010101011111111111110000000000100010001001010100011001101011010111011111111111111
-6208108559037730133,20,lattice,1101111111110101001101011011111101010001011111111111010100110001000000000000000000011000100000000000010111111111010100010001101111000001000100011001110000010001000100001000000000000001100011000000000000011011111000010001000110111111000100010111111111111101001100011011111101010001111111111111011100110001100011000001000111111111111111111011111111111111111111110101111111110101001100011000110000000001
74406776532305057,20,lattice,1000000000001000000011000000000010000000111011111100101101111111111111111011111111001000000010000000100001000000100000001100111000001000011111001111110010110111110011101100101101111100110001001000010011101111111010110111111011111111101111110000000000001000000011111111111111111111110011000100101001111100111001001011011111101111111010111111110011000000100001001100110000001000011011001100000010000111
6799061286784225925,20,lattice,1111111111111111111101010100101010100101011111101111111111110001000010001010000101011110111111111111000101001010101000010101011010101010110101010111111111111111000000001000000000000101011011111010110100010000101010100001010101101011101011010000000010001010000101010110111111111101000000001000001000010101011011111011110101010100101010101101000101001010101001010101011011111111111100000000100000000001
8942252091914719861,20,lattice,1000100000000000000011111100101111010100101010000000000000001011110010111101010000001000000000000000101011000001110101001111111111111101011111111101111111010111101011001011110101001011110011111101010010101000001111010100101010000001000000001010100000011100010010101000000101000100111111011111111101111010100000011101010011111111111111111111101010000000000001001111110011111101011011111100111111010111
-2739323807546334982,20,lattice,1001000000000010000011111110001010101110101100000000001010000001000000000010000010111110000010101000101101100000101010001011001000000010100011111111011010101110111111111111111111111111111001101010111010111110001010101110111111110111111111101011001000001010100011111111011011101110000000000000001000001111111101101111111010010000000000101000101111100000101011001011111000001010101011111111011011111111
9101496760582168597,20,lattice,1011011111111111111111111111111111111111001100111101011001010001001111010110010000111111111111111111001101111111111001010000001000010000000000000011110100100100000000101001000001000000001011010000010000110011111111100101000000000001000000000011001111011110010100000011110101100100000000101001001001000011011111111111010100110111111111111101000000100001000001000011011111111111111100010011110101100101
6738457723607584410,20,lattice,1101111010110110111001000000000000000000111111101111111111110101011000110100111001011110101101101110010001000000000000100100001000000000001011111111111111111111010101101011010011101101111011111110111001000110001001000110010001100011010001101101111010111110111001000110000001000110010101101011011011101101111011111111111101000110001101001110010001000000000001100100000000000000001011011110111111101111
-8634978033770907277,20,lattice,1111111110111111101101111111101111111011001010001010100000100011100110101000101000001000001000000000001111011010100010110011111110101000101100101001101010000010000010001010000000101111111111111111101100000000001000000000001111111011111110110000100010101000001000111101101011001011001111111010111010110011111110101111101100101001101010001010111111111111111111110000100000100000001000111001101010001011
-5069099119313436961,20,lattice,1111111111111111111101100100100101010100001001001001010101000111111111110111011001101100100101010110000001000000010000000110111110110101011001101101101101010110000001001001010001000110111111110111011001101100101101010110000001000001010000000111111111111111111100000000000001000000011011111011011101100000010010010101010001111111111101111110000001000001010001000000010010010101011001111111111101111111
-5876599799137222360,20,lattice,1010100100001000001011101001000010000010001000000000000000001111111100011101001100101000000010000000111011110001110100111110101100011100001000101001000010000000111111111001110100111111111111011101001111111111111111110011111010010001100000100010000000001000000011101001000111000010111111111101111100111110101100011101001011111111111111111111111111111111111101110010100100001000001011101011000111010011
-7006558204101762849,20,lattice,1000001000000001100011010010000001111010111100101101111110111001001000000001101011111010110111111011111111111111111111110000001000000001100011111011111111111111110100101101111110101101001001011111101011111010111111111011100100100001111110101001001000001111101010010010000001111010100100100000001110100000000000000001000000000000000000011000111110101111111111111000001000000001101011010010110111111011
8144423938725192978,20,lattice,1000001100110101100011101111101101011001101010111011010110001111111110111101110110001011101101011000101011111011010110000000001000110000000000000011001100000000100000111011010110001111111111111101111100000000001000000000000000000011000000001110111110111101100100000011001101000000111111111111111111110000001100110101100000000011001101001000111011111011110111011111111110111101111110101111101101011001
-948238659131174562,20,lattice,1001010011010000000011011110110100000001111111111111110101110001010000010000000010011100110100000000000001000001000000001001011011010000000011011111111110010011000101001101000000000001010001010000000011011110111100010001000000000001000000001101111011111001001111011111111111010011111111111111111111111101111011010001000111111111111111011111110111111111100101111101111011010001001110011110110100000001
4971975311317002884,20,lattice,1011100111110110000111111011111101111101001000000000010000000011000000100100000100101000001001000001101111111111011111011011101111110111110100101001001001000001001110011111011000010011100101100100000100100000001001000001001110010111011000011111111111111111111100000000000001000000001110010110011000011011100111110111000110111001111101101101001110011111011001011011111111110111111100100000000001000001
-7844594693747638711,20,lattice,1110000010000001000001100000000000010000001000000000000000001111111010010001110111101000100000010000111011001001000101011110111010010001110111111111100100011101011000001000000100001111111111111111111111111111101110011101111010001001000100011111111110011001110111111111101111011111111111111011111111110010000000000001000011101100100100011101111010001000000101011111111110111001111111101000100000010001
8973050133431891472,20,lattice,1001000010000101000011011100100001110010111111001010111100110001000010000100000010011000100001010000100111001000010100101111111011101111011111111111111011110111000000001000010000001111110011101111011111011100101011110011111111101111111101111101110010001111001100000000000001000000000100001000011100000001000010000101000011111111111111111111111111001010111101111001100010000101001011011100100001110011
-7080821355587609851,20,lattice,1001011100001100001011011111000011000010111111111111111110110001000000001000000010011111000011000010000101010000110000100001011100001100001000010001000011000000110111111000110000101101111111111101101111011111101111011011110111111001110110110000000000001000000000010000000011000000110111111111111110111101111110001101101011011111100011001010111111111111111111110001000100001100001011011111100011011011
8859043547629867696,20,lattice,1010011110010001110111110111111110011111001000000000000010001011011110011001110111111111111110011111001001000000000010000010011000010000100000100111000100001000001001111001000111011010011111011001110110110111111110011111001001000001000010001010011110011001110111111111111111011111111111111111111111110010011000010001100000000000000000001000001001110001000111011011011111011001111100100110000100001001
-615809259539349938,20,lattice,1100101101101111010001001011011011110100111011111111111101111101111111111111011100001000001000000000110011111111111101110000101100100000000000001001001000000000110010111110111101000000101101100000000000000000001000000000110010111111111101100000101101101000000000001011011011010100000010110110111101000000101101101001000011111111111111111111000010110110100101000100101101101111011011001011111111110111
7435983857599540773,20,lattice,1000101000100110000011111010101111110010101010100010011000001011101000111110001000001000001001000000111111101111111100100000101000100110000011111111111111110110101110101011111000101111101011111111001000000000001000000000101010100011011000101010101000111110001000000000001001000000000010000010011000001011101010111111001011111111111111111111111111101111111101101010101000100110001011111111111111110111
2100402190102892064,20,lattice,1101110100010011010001001001000100000000111111111111011101010101110100010000010000001001000000000000010011010001000000001101111101110011010000000001000000000000110111111111011101011101110101110011010011011101001100110100000010010001000000001111111111111111010111011101011101110100010111010001001001000101110100010001010011111111111111111101010011010001000001001111111111111111111111011111011101110101
4464241843460437589,20,lattice,1010110000010100011011101101100101010110001011000001010001101111110110111111011000001100000001000100000001000000010000001111111111111111111010101101000101000110101011011001010001101110110111111111011011101101101101010110000011000001010001101110110110111111011000000000000001000000111011011011011101101010110110010101011011111101111111111110000000000000010001000000110000000100011011111111111111111111
4519105909161840983,20,lattice,1100000000000000000001000000000000000000111010001110001111111111100111100011111111001000100000000100111111011110011111111111111111110111111111101001111000111111110000001000000000001100000011000000010011001000111000111101111111011111011111111111111111111111111111111001111001111111110010001100001011001100100010000001010011001000100000001100110000001000000001001100100011100011111111001000110000111101
-6169953325741140678,20,lattice,1111100111010011011001001000100100110000011010011001001101000111100110010011011000001000000000000000111111011101001111101111111111110111111101001001100100110000000010001001001100000111100111010011011011111101111100111110000010000001001000001111111111111111111111111101111101111110000010000000001000000000100000010011000011111001110100111110010010011001001101000110100110010011011011111101111101111111
1480710716419862722,20,lattice,1111001100111010000001010011001110100000011100110011101000000001000000000000000011111011001110100000111111111111101111110001001000000000000000010011001110100000111100111011101000001111001111111010000000010010001010000000000100100011100000000001001000001000000011111111111111111111000100100011101000001111101111111011001011111011111110111011111110111111101111111111101111111010001011111011111110110011
-4931064748698245517,20,lattice,1000000000000000000011100101010000000100101001010100000001001111010101000000010011111101110111101101100001000100000001001111111111111110110110000101010000000100111101011100000001001000000001000000000011110101111111101101111001010101000001001111010111011100010111110101010101000100111101011101111011011111111111111111111111110101110111001101100000000100000001001111010111011100111111110101110101000101
7990307910803437930,20,lattice,1010000100000000000011100111111111101110001000000000000000001111111111111111111011101111111111101110101001111111100001001010001111010000000000100001000000000000101000011001000000001010000111010000000010100001001100000100101000010001000000001010001111111000010010100111111111100100101001111111101001001110011111111111111010100111111111101100101000010001000001001010011111111110111011111111111111111111
9053621142159737891,20,lattice,1000000010001000010011010011110111011110101100111101110111101001000110011101110011011011110111011111111111111101110111111001001111011101111010000001100010010100000000001000000000001001000111011101111011111111111111111111100000011001110101000000000010001000010010000001100011010100111111111101111111111000000010001001010010000001100111011100000000001000000001001001000110011101111011010011110111011111
-4376862992559365176,20,lattice,1110010111111110101101000100010001100010011001010100011000101111111111111111101111101111111111111011000001000000010000001110011111111111101100000001000001100010011001011111111010110000010001000110001001100101011111101011011001010101111000110110010101001110001000000000000001000000000000000000011000101110010111111111101101100101010111101011111111111111111111110000000000000100001001100101010011100011
1417196164265085638,20,lattice,1111111111111101101101110001110110001010001100000001000000000001000000010000000001111111111111011011011101011101100010110111011111111101101100110001000100001010001100011101000010100011000101010000101001110101111110001011000000000001000000000011000101011000101001110101111111011011111111111111111110110111010111111001101100110000000100001000111111111111111111110011000000010000101001110001110110001011
-433421191158712349,20,lattice,1111111111111111111101001000101000100101001010001010000000010111111111100110111100001000101000000000011011011110011001010110111111100110111100001001101000100000000000001000000000000110100111100010010100000000101000000000011111111111011011110111111111111111111101101001111001100101000010001010001000000111111111110111111101101101111001101111000010001010001001000110100111100110011100001000101000000001
4346195816107386982,20,lattice,1001111101011110111011011111111111111111111111111111111111110001111101010110111000001011010100001010000011110101011011100000001000010000000000000011000100000000100111111111111111110000001101010000000010011111011111111111000000000001000000000000111101011110111000001011010101001110000010110101011011101001111101011111111000000011010100001010000010110101000011100000001101010000001010011111010111111111
-2503955455020626811,20,lattice,1011111001111111011111111111011111110111001011000111011101110011111001110111011100001100010101110111000001000101001101110010111001110111011110111111011111110111111111111111111111110000000001010011000000001100011101110111000000000001001100000011111001111111011100000100010101110111000000000000001100000000000000000001000011111111011111111111000000000101001101110000000000010011001000000000010100110011
-4285462723676796364,20,lattice,1000000000000001000011011111111111111011111111111111111110111001111111111111101110001111110111111011100001100001000110001000001000010001000010000011000100011000100001111101110110111000011101011001101010001111111111111011100000000001000100001000011000011001101010000111010111011010100001111101111110110000000000000001000010000010000100011000111111111111111111111000011000010001101010000111010111011011
-2442408687684613708,20,lattice,1011110011111110010011111111111111110100001000000000000000000011110011110110010000101100001001100100001001000010000000001011111011111110010010111101111111100100001011001010011001000010110011100110010000100000001000000000001011001111011001000011110011111110010000100100001001100100001001000010001001001011111011111111010011111111111111111101001000000010000001001111111111111111111111111111111111110101
943330168745602070,20,lattice,1000001000000010000011111110100110101000101000101001001010001011101010010010100010101010100100101000101111101001101010000000001000000000000011111111100110101001100000101001001010001111111111011010100111111111111111111001000000100001001010001011101010011010100011111111110111101001000000100000001000001111111111011111100100000010000000101000111111111111111111011111111111111111111111111110100110101001
-539094058218156239,20,lattice,1000000000000000000011000000001000000000111111111111111111111101000100100000000011011111101000010110110101010010000000001101011100100001010011000001001000000000110101111010000101001101111111100111011110000000001000000000110111111011111101111101111110101111011111011111101001010110110111111010011101111101010100100001000011011111111111111111110101010010000101001101011110100001011011011111101001010111
-6168481676711802795,20,lattice,1000100101000110000011111111111111111111101010010100011000001011110101001110000000001001000000000000101011010100011000001011111101001110000000000001000000000000101011011100111000000000100101000010000010111111111111110110101111111101111001101010110101001110000000001001010001100000000010010000001000001011111111001111011010111111111111111110101111011100111001001011111111001110011010111111111111111111
-4473095683543130900,20,lattice,1111111111111111111001001011010101011000011010110111010110000111111111111111100000001000010001001000011011110111010110000000101001010100100000001011010101001000011011111111110110000000000001000100000000001011011101011000000010000101010010000110111101111101100000000000000001000000011011111111111110000000101101010101100000000000010001001000011111111111111111000111111111111111111011111111111111111111
1462831825449269956,20,lattice,1111111111111101111101100100001100010000001000000001000100000111110011111101111101101100001100011101001001000001000100000111111111111101111101111101111111011111011011001011000111010110110011111001111100100100001100010000000000000001000100000110110010111001110101101100111111011111111111111111111111110000000000000001000001100100001100011100011001000011000101000110110010110001111101100100001100010001
8649332898431995239,20,lattice,1000000000000000000011000000001101000000101000000011010000001111010010111100000111111101101111000111111001001011110000011111111111111111111111110101101111000001111000001011010000001111110111111100111110000000001100000000100000000001000000001110000010111100000110000000001101000000111111011111111011111111110111111111111111111101101111001111111101001011110001011111010010111100011110100000001101000001
4791893508910187707,20,lattice,1000000000000100000011111000111011101011101010000110010010001011100011100110101110001000001001000000111111001110111110111111111011101111101111111111111111111111101010001110010010011000100001100100100010000000001001000000111111101111111110111011100011101110101100000000000001000000101010001110011010011111100011101111101110001000001001001000111111101111111111111010100011100110101110101000011001001001
5120431620878463553,20,lattice,1111111111101111111101111110110010011011001000000000000100010011111011001001101100101100100000011011001001000000000100010010111010000001101101111111110010011011001001001000000100010010111011001001101101111111111010011011111111111111111111110010111010001001101101111111111011111111011111111110101110110000000000000001000100100100100000011011011111111110101111110010010010000001001100000000000000000001
2660020182751149008,20,lattice,1001001111111100010111110011111111110111101100111111110001010001000101000100000011111111111111111111101101111111110101010001001111111100010100000001010000000000000100011111110001010000000001000000000000010001011101000100000000010101010000000001000101111100010100000001010001000000101100111111111101011011001111111101010111110111111111111111000000010101010001001011001111111111011100010001011101000101
-512122505082253698,20,lattice,1111111111111111111101110110101101001010001100000011000010000001000000010000000001111110111101001111001101101011000010100011001000110000100001111111111101101111001100101011000010000111011011110100101100010000001100000000000000000001000000000111111111111111111100110110101101001010011111101111011011110111111111110111111100010000001100001000011101101111010011110011001010110000101001110110101101001011
6061994291670568378,20,lattice,1111010000010100000101010000000000000000011100000000000000000001000000000000000011111111111111111111011101000000000000001111011111111110100111110101001101100001111101011111111000011111010101111110000101110100001101000001011101000001010000001111010000111110000101110000000001000000111101000011011000011111010111111111100111110101111111101001111101111111111011011111011111111111111101110100000101000001
-5220303280382169177,20,lattice,1111011111001101000101100010000000000001001000100000000000010111011000000000000101111111111111011001011001100000000000010000001000000000000001110111110011010001011101101100110100010111011001001101000101110111111111010001011101111101110100010111011000001101000101110110000001010001111111111111111111110111011000000001000101110111111111011001111111111111110111110111111111111101101100000010000000000001
-5497473775889839279,20,lattice,1111111111111111111101111011111010111111001010100000101000000011101000101010000100001000000000100000011111111110111111110000101000000010000000111011111010111111001010101010101001010011101011101011010100101010001010100001011111111111111111110000101000001010000001111011111011111111000000000000001000000011101010101011010100111010111010111101001010100000101001000011101011101011111100101010000010100001
4254530574973685435,20,lattice,1111010101111011010101000101000100000000011001010001000000000111010101111011000111111101111110111111000001010000000000001111011111111011111100000001000000000000111101011111101111110110010101011001000001100101011110010001000000010001000000000110010100011001000011111111111111111111011001010111101100010110010100010001000011110101011110111111011101010111101101011111010101111011011101100101010110010001
-7069916806645241646,20,lattice,1001011111011011000011111111111111111111101111111111111101110001001111001010000010011111111110110010000101111100101000000000001001000000000000000011010010100000000000111100101000000000000001000000000010010111111110110000000101111101101000000000001001001010000010011111111111110010000000100100001000000001011111011011000010111111111111111111100111111111111101101001011111111011001010011111111111110111
-439277077644382001,20,lattice,1010101010100000000111111111101110111001001000001000000000011011111110100001000100001000100000000001101011111010000100010010101010000000000110101011101000000001000000001000000000001111111111111011100100101010101000000001101111111011101110011011111110101001000111111111111111111011101111111010101110011010101010100001000110111111101000011001111111111111111111111111111110111011101100000000100000000001
3071126935398706033,20,lattice,1111111110011010111101001111100100100011011111111001101011110101111110011010111100001000000000000000000011000000000000000000111110000000000000001101100000000000000011001000000000001111111111111010111111111111101110101111000011111001000000110100111110011010111111111111111111111111000011111001001000111111111111111011111101001111100100101111010011111001001001110000111110000000001100001111100000000001
-8988250454192916920,20,lattice,1000101111110111111111111011111101111111101010111111011111111011101111110111111100001011111101110110111111111111111111110000001000000000000000000011111101100110000000101011011001000000001011110110010000000010001001000100000000100011011001001111101111111111111100000010000001000100000000100000011001000000001111110111011000001011111101111110000000100000000001000000001011110110011000000011111101110111
-3995991050515346361,20,lattice,1010111100001100111111111111110111011111001010110000110001011011111111011101111100001011000001000101001011110000110001110000001000000100010000000011000001000100101011111101110111111010111101001101111111111111111111111111101011110101110111110000101100001100010100000000000001000000111111111101111111111010111100001101111100101111000011001111000000000000010001000010101100001100011100000011000001000101
1435502812174262594,20,lattice,1000000000000000000011110111011110001111101001110111100011111011011101111000111111111111011110101111100001000000000000001000011001111000101010000111011110001010111111111111111111111000010001101000100010000100001010001000100001000111100010001000010000001000000011111111011111111111111101110111101011111111111101111011111110000100000000001000100001110111100011101000010001111000101010000111011110001111
2422216492838838988,20,lattice,1111011110010101001101000000000000000000011100101000000000110101000010000000001011111111111111011011010101001000000000100101001010000000001001110111100101010011010000001000000000101111011111111101101111110111101111011011011101101001000000111111011110011101101101110110100101010011111111111111111111110111011010010001001111110111100101011011111111111111110111110100000000000000001001010010100000000011
7933498123571745723,20,lattice,1000001110110010001111111111111111111111101000111011001000111011111111110110001110101011101100100011101001111011001000110000001110010010001000000001100100100010000000001001001000101010101111110010001100000011101100100010000000000001001000101011111111111111011110101111111101100011000000000000001000101011111111110111001110111111111111111111101111111111011101110000000000000000001000000001100100100011
-6066130145860589836,20,lattice,1011101001000000000011111111110111111001001000000000000000000011001001000000000000111010010000000000101111100101001000000010001001000000000010111111110111111001101111101101111110010010000001000000000011111111111111111001101110100101000000001011111001011110100010111110010101101000101110100101001000001011111001010111100110111110010100101000111111111111111111111111111111111111101110111110010101101001
7348971723507652500,20,lattice,1011111111011110011111111111110111111111001111111101111001110001101011001000011100001010000000000000000111111100100001110000001000000000000000011011110010000111000010101000000000110000101011001000001111111111111111111111000111111101100001110000101010001000001100011111110111100111000111111101101001111011111111011111011110111111110111111111000010101100100001110000101000000000001000000010000000000001
4185851091973485109,20,lattice,1000001010000100000011010011101001000000111111111111111110011001001110000100000011011011101001010000110111111010110110000000001000000100000010000011100001000000000000101000010000001101101111101101100010010011101001000000110111111111111110011101101110101101100000000000000001000000110111111110111110001101001110100101000011011011101001011000111111111111111111111111111111111111101111011111111011111001
-3528452119050871484,20,lattice,1010000110101001000011100001101010010000001000010000000000001111001110101111111111111011111111111111111111111111111111111110001110101111111100000001000000000000000000011000000000001111001111101111111100100001101010000000111100111111111111110010000110001000000011100001101011010000111000011010111100000010000110101001000011100001101011111111111000011010111101001110000110101111011011100001101011110111
8092891949938624253,20,lattice,1111011011101110011101110010011011100010001000000000010000000011001001001110000011111110111011100111001101100110111000100010001000000110000011111111111011100111011101101110111001110010001001000110000000110010011011100010111111111111111101110010001001001110000000000000000001000000001000000000011000001111111111101111011111111111111111111111011101100110111001100011001001001110001001110110011011100111
-3637120324201679445,20,lattice,1011110011111010011111111110111111100111001101000011000000100001010000000000001000111100001100000010000001000000000000001011111011111110011111111111111111100111001111001111101001110011110001111010011100010100001000000010000101000011000000100011110000111000001010111100111111100111001111000011101000101111111111111111111111111111111111101111001111000011101001110000010000000000001000111100001100000011
-1696563885157060948,20,lattice,1010100101010010100011111101011111111000001000000101001000001011100101010010100000101000010100100000101111010101111110001111111111111111111100101001010100101000111111011111111110000000000001000010000010111101011111111000000000000001001000001010100101011010100010111001010111111000000000000000001000001011100101011011100000101000010100101000111111011111111111111111110111111111101011111101111111111011
-641202266728254273,20,lattice,1000111111111111000011101111111111111000101011111111111100001111111111111111101100001010100110000000000011101011100000000000001000000000000000001111111111100000000000101001100000000000111011111000000000001010101110000000000000100001000000000000001000011000000000001110111111100000000011101111101000000000111111111111000010101111111111111000111111111111111111111110111111111111101111101111111111111001
8473122281391397575,20,lattice,1110011100000001000101100101000000000001001000000000000000000111011100000001000111111111110110110011001001000000000000000110011100000000000100100101000000000000111101111101101100111111011101010011001111111111111111111111011101110001000100011111011101011011001111111111110111110011111101110001001100110110011100000001000111111111110111111111111111111101111101110111011100010001001100100101000000000001
7370377241854812270,20,lattice,1011001010000001001011110010100000010010001000000000000100100011001000000001001011111010100111011010111111101111110111110010001000000001001011111111111111011111001100101000000100101111101011111101111011111010101111011110101100101001000100101111001010011001001011110010100111011010111111111111111111110000000000000001001011110010100110011010111100101001110111100000000000000000001011111010111111011111
7712622572977415159,20,lattice,1001000000000000001001010000000000000011111111011001011100110001000000000000001011011101000000100011110101000000000000111111111111010111011111010101000000100011110111011000001000111111110111010111001111111111111111111111110111011001001100111111111111011111011111011101100101110011110101000000001000111101110110000011001111111111110111111111111111011101011101110000000000000000001000010000000000000011
-1161708412808810395,20,lattice,1011111110010110011111111111101101100111001110111001001000110001001000010000000000011010100100000011001111111001001000110000001000000000000000011011100100000011000100101001000000001111111111110111111110111111101101100111000000100001000000001111111111111111111100111111100101100111000110111001001000111111111110110111011111111111101101111111001111111001001001110001001000010000001000010010100100000011
3509786525962630278,20,lattice,1111011111111101111101110111111111011111001000101011000100000011001010111101110011111111111111011111001101111011110111000000001000000000000000110011101111011100000000101001000100000011001111111101110000000010101100010000000000100001000100000010001010111001000000100010101111011100111111111111111111110000001000000001000000100010101110011000001000101011100111000011011111111101111000110111111111011111
-5335615310384754895,20,lattice,1010001000000010000011101010000000100000001000000000000000001111101101001010111010101010000000100000111111111110101011110010001000000000000011101011010000101000111110111100101011111110101001000010000011111011111010101111111111111111101011111110101101001010100011111111111111101111001000100000001000001111111111111111111110101010000000101000111010110100001011001110101101001010111011111011010010101111
9185494277010730376,20,lattice,1011111010001001110111111111110010111101001111001000100011010001000010000000000000011000100000001000000111001000000010000011111010001001110110111111100010011101000000001000000000001011111111001001110111111111111110111101111111111101101111010001110010001000100011111111111111111101101111111100101111010011110010001001110100000000100000001000000111001000100011001111111111111111111100011100100010001101
271047175159604212,20,lattice,1001000010000100001011110010111101110011101100001111011000110001000000000000001011111111111111111011101101101111111100111011001011110110001111110111111111110011000100001000010000101001000011110110001110010000101001100010100100001001011000101011001011111111001100010000000001000010100100001000011000101011001011110111001111110111111111111011111111111111111111110000000000000000001010010000101101100011
7220143884906194316,20,lattice,1000100110000010100011011011100000111000111110111000101110001001100110000010100000001000000000000000111111111011101110011000101110000010100000001001100000101000000010001000000010001111101111111011100111111011101110111001111110111001101110011101101110001011100011111111111111111101000010001000001010001001101110000011100000001000000000001000111111111111101111011111111111111111111111111011100010111001
-8228312622750094640,20,lattice,1000000000000000000011111110111111111111101100000000010001001001000000000000000010111010110101011101101111101101010111011011001000010100010011111111111111111111101100101101010111001011001001010101010010111110111111111111101100000001010001001011111011011101110110010000000001000000101111101101111111111011001000010101010010110010010101011100100100000000010001001011001011010101111010110010110101011101
8004404813584425996,20,lattice,1000000100000000000011001011110010010100111010111101110101011111111111111111111110001011010000010000111011111111110111011000001101000001000000000001000000000000100010111100000100000000000101000000000011101011111111010101110010111101110101001000101111001001010011001011110011010100111011111111111111011000000101000001000011101011111111011101100010111100000101001110111111111111111111001011110111010101
-6325493145189954269,20,lattice,1101101101001100000101001000000001000000111111111111111111110101101001000100000000001000000000000000010111110100110000010100101000000100000001011011010011000001110111111110110100010100101001000100000011011011011011000001110111111111110100110101101001001100000100001000000001000000110111111110111100111101111101101101000111011111111111111011110111111111111111111101111111101101001101011010010001000001
1530791523708625148,20,lattice,1110011100001000000001000000000000000000011000100000000000001111011111111010111111111111111110101111011001100000000000000100001000000000000001100111000010000000111001111111101011111110011101101000000011100111001010000000111001110111101011100110001000001000000011111111111111111111111001110110101010101111011111111011111111100111011010001010111001110110100011101110011101101000001011100111011110101111
-1375516980508669284,20,lattice,1100110000010111111101000000000001000000111111111111111111111101110010011111111100001100000001000000000001000000010000001100111010011111111111011101100111111111110011001001111111111101111111111111111111011101101111111111010011000001011111111100110000011111111100000000000001000000010011000000011101000100010000000101010001001100000001111101010001000000010001000100110000000111111101001100000001110101
-5406311002319333920,20,lattice,1000000100001100001111111111100111110111101011010000111101111011111110001111011110001101000011010011100001010000110000111010111100001111011100000001000010000000101011111000111101111111111111011111011111111111111111111111101111111001111101110000000000001000000000000001000011000011100011010000111101111000010100001101001111111111110111111111100011010000110101110000000100001000001000000001000010000011
6061166982488850231,20,lattice,1111111111011100001101000000000000000000011110001000100000000101000000000000000001011000100000000000011111001001110000010111111010011100000101111111110111000001010100001000000000000111111011011100000111111111111111111111011110001001100000000101100010001000000001111000100111000001011111111101111000110111111111011111001111111111110111111011111111111101111111110111111111011100001101111000100110000001
767246606871244004,20,lattice,1111111111111111111101111111111111111111001100010111111111100001000100000000100000111111011111111110001101010111111111100011011101111111111000000001000000001000001101011111111111100001000101010111111000010001011101111110000100010001001011000001000101111111111000010001000101101100000100010000001011000001000100010111110000000000000000001000000000010000000011000001000100010111111000111111111111111111
-3829603491158747283,20,lattice,1111010111101011111101110101111010110111001000000010001100000011010011101011001111111101111010111111000001000010001100001111111111101011111100110101111010110011001001001110101100110010010001101011000000000000001000000000111111111111101111110000010000101011000011111111111111111111000000000010001100000000000000100001000000110101111010111111001101011110101101110010010001101011001000100100011010110011
3749358735081285903,20,lattice,1011111001000111001111111110010101110011001000000000010000000011000000000100000000111000000001110001001101000000010100000011111000000111000111111111011111111011111111111111111111110011111001000111000100111110011101110011001111100101011100111111111001111111101100000000000001000000001100000000011100010011000000000101000011111110011101111011111111110111111111110011111001000111001100110000000001010001
1854345931902264976,20,lattice,1101111111111111111101011111000101111111111111111111111111110001010000000000000000011100000000000000000001000000000000000001111000000000000000011111000000001000010111111011111111110101111111111111111101011111001101111111000111110001011111110101111100111111111100011111000001001000000111110000011111000001111100000101100000011110000000001000000111110000010111000001111100000111111100011111000001111101
-4500715326447511070,20,lattice,1010011100001100000011111111011011110110001000000000000000001011011101101110011010111111011011100110001001010000110000000010011100001100000000100001000000000000111111111110111101111010011101101100000010100111001011000000111111111111111111110010000100001100000000100001000001000000101001110110111001101011111101101111011011111111011011111111101001110110110001001010011101101100011011111111011011110111
-6600813970271910784,20,lattice,1001011010010110001011010110100101101011111111111101111111110001000000000000000010011110100101101011000101000000011000000001011000010110000011011111100111111011000101101001011000101101111111011111111111111111111111111111000101000001011000001101011010011111101100010000000001100000000100000000001000001101011010010111101110010110100101101010110111111001111111110001011000010110001010010110100101101011
-9121520203522507602,20,lattice,1100000000000000000001000000000000000000111010100000101111101111111101111011111111001000000000000000111011110111101111111100101000001000000011101011000010111110111111111111101111111110101001001011111011101011011010111111111010110111101111111100100000001000000011111111111111111111110010100000101001001100101000001011010011001010000010111110110010100000100001001100101000001011011011101011010010111111
8586941652372392455,20,lattice,1110010000010100000001000100000000000000011001000001000000001111010000010110000111111110010101101101000001000000000000001111011000010110010111111111111101111111111111101111011111111111010001010110110111111110011101101101010001000001000000001111111111111111111101100100000101000000111001000001011000001111111001110111110111110100000101101101111101000001011001011111111001110111111111100100000101100001
6273110171520349155,20,lattice,1100001001010010110101000010010100101101111011101101011111111101111011010011111111001010010100101101110011100101001011010000001000010000000111101111110101111111110011101101001111110000001001010000000111111111111111111111000000000001000000011110111111011111111111001110110101111111000000100101001011011100111001010011110100000010010100001001000000100101000011011100111001010011111100000000000000000001
737268750231496372,20,lattice,1000000000000001011011000000000000010110111111000100001111101001010000000001011011011100000000110110100001000000000101101111111111011111111111111101010011111110111111011101111111111101110001000011111011111111111111111111111111010101111111111111110001001111111011111100010001111110110101000000001101100000000000000001000011011100000000111110000000000000000101100000000000000001001011111101010011111111
-8528374472139262788,20,lattice,1100100011110101001001001000111001010010111010001111010100101111110011110101101000001000101001010010111011001111010100101111111111111101101111111101111101011011000000001000000000000000100011100101001000000000101001010010010010001111010100101111110111111101101100000000100001010000111111111111111111110000000010000001000011101100111101011010111111111111110111110000000010000101001011101000111101010011
-7006208847209608077,20,lattice,1000000100010000000111000001000101100001111111011001011101011101100100010110000111001001000101100001110111010001011000011111111111010111011100000001000000000000110111011001011001011111110111010111010111111111111111111111000000010001000000011111111111011111111110000001000101000001100000010001011000011101110110010111010111111111110101111111110111010001011001011111110111010111011100000001000000000001
6653889096697089172,20,lattice,1111011010011110010001110000000011100000001000000000000000000011000000000000000001111110100111100100011101101000111000000111001010001110000011111111110111100100001100001000111000001111111011011110010011111111111111110101011101101001111001000011000000001000000000110000000011000000001100000000111000001111111111011111010011111111111111111101011100101000111001001111111111111111111111111110110111100101
-2848492772617343579,20,lattice,1011001111010101111111110111110101111111001100111101010111110001001101010000110111111111111111111111001101111101010111110000001101010000000100000001000000000000000100111101000111010000000101010000000111110111111101111111000000010001000000001111011111111111111100010011110101011111101101111101011111110001001101010001110100000011010100001101000000110101000001010001001111010001111100000001000000000001
-6904788789262049036,20,lattice,1000000000000000000011000000100000000000111000001000001000001111010110010111111111111101111101111111111001011001011101111111111111110111111111100001100001110111100000001000000000001111010111010111111111110101111101111111111000011001011101111111111111111111111111100000100001100110110000001000001000001110000010000111011011100101100101111111110000001000000001001110000010000010011011100000100001110111
8171436842568185539,20,lattice,1100000000000000000001000000000000000000111001000000000000001111111001111001110011101110011110000100110001000000000000001110011001110000010011111111011110011100111111111111111111101110010001010000000011100100011100000100111001000001000000001110011001111000010011111110011111011100111111110111101111001110111001111001010011101110011110011100111001000101000001001111111101111111111011111111111111111111
4300965661602703264,20,lattice,1101000001001000010001000000010010000100111111001110111101100101000001001000010011011000111011000100110111001110110001001111111011101111011011111111111111111111110100001110110001000000000001000000000011010000011011000100111111101111111101100000000001001000010001010000010011000100110111001110111001001101110011101101010011111110111011111110000000000100000001001101110011101101011011111110111111111111
5073727757573531733,20,lattice,1000111110000000000111011111111011000111111111111110111011111001111110000000000100001000000000000001000011111000000000010000001000000000000100000011000000000001000010111000000000011000111111000000000110011111111011000011111111111111111111111001111111001100001110011111100001000001100111111110111001111111111111101111111111011111111011101111100111111110110001111001111111000100001100000000000000000001
-2600103104017911944,20,lattice,1111111111110111111101100000000000000000001000000000000000000111000000000000000001111111101101011101011101111011000101000111001110100000010001100001000000000000011100011000000001000111111111110111111101110001101000000100011100011011000001001111111111111111111101110111101101011100011111111011011111010111001110110001010001110111101100011100011100010000000001000111111110110111111101110111101101011101
4402704003760016257,20,lattice,1111111111111111111101111011111111111011001110111101100110000001101000001000000000001000000010000000011111111111111110110000101000001000000000011011010010000000000110111101100100000001101001001000000000111011111110011011000110110101100000000000000000001000000000111011111111111011001110111111101110110001101101001001000000011011110110011000011110111111111111110001101111011001101000111011110110011011
5609917758026293220,20,lattice,1111111111101111111101000000000000000000011000000100000000000111111111001111110001101000110011010100011011101100110101000110001011001101010001101111110011110100011000001100010101000100000001000000000001111111111011111100111111111111111111110110000011001101010001100000010001010000011011101100111101000110000001000001000001101111110011111100011000000100000101000111111111101111111101111111110011111101
5298569974591238629,20,lattice,1100001010010000000001000000100000000000111111101111110001011101111011011000000011001010100110000000110001101001000000000100001010010000000011111111111111110101000000001000000000001100111011011000000011011110111111000100010000001001000000001100001010011000000011011110110111000100111111101111111101011101111011111101010111111110111111001101110011101101100001001111111111111111111111011110111111000101
3417505795082348753,20,lattice,1100100010100000010001000000000000000000111111011011111111011101110010111001010001001000101000000000010011001010000001001111111110111111110111011101101111010100010000001000000000001111111111111111110101000000101000000000110011001011100101001100110010101001010011001100101111010100110111011011111111010100110010100001010011011101101111011101010010001010000001001111111111111111111111011101101111010101
-7036917660365506649,20,lattice,1111101101111110110101111001010011101101001110010100111011010001000001000100000000011001010001000001111111111111111111110111101101011110110100010001010001000000111110111111111111010000000001000000000001111011011111101101011110010101111011010001100101001100100100000000010001000000000110010100111010011111101101111111110100010001010001001001000110010100111011011111101111111111111100010001010001000001
-8373164757214215731,20,lattice,1010110001011011011011101110010110110110001001000000000101101111111111111011111100101100000000010110000001000000000001001010111001011011011011101111111110111111101011101101101101100010110001011011011011101110111110111110001001000001000101100010110000001001011011111111111111111111001011000001101101100000010000000001011011101110110110111110000000000000000001000000010000000000011011101110111110111111
-6782039635900290082,20,lattice,1000001000000000000011001010100000001000111111101111111111011101101011111111110110001010000000000000110111101111111111010000001000000000000011111111111111111101100010101000000010001100101011000010100011001010111001101000110010101101011010001100101011101110100011001010110001101000110010101000001010001100101011110111100010001010000000001000110010101111011111001111111111111111111111001010111111111101
6536943112121840803,20,lattice,1000000000000000000011001000000000010000111010101000000100101111111010000001001010001000000000010000111011101000000100101100101010000001000011111111100000010010110010001000000100001111111111000011101011111111111100111111111111111101001111101111111111111011111111111111111111111111111111111000001100101000000000000001000011111111100000111010111111111100001111101100101010000001001011111111110000111111
-6877073249870457855,20,lattice,1111111101111111111101011000000000000000011110010101011010110001100000000000000000001000000000000000011111110111011011110111101101010110111101011001010101101010111111111111111111110101100001000000000001111011011101101111010110000101010000000111111101111110111101011000000001000000010110000101011010100111111101111111111101011000010101001010011110010101011011110101100001010100001001011001010101101011
-7958866169716509390,20,lattice,1111010000010010000001000100000100000000011101000001000000000101010000010000000011111111010101100000000001000000000000001111011101010010000011110101000100100000111111111101011000111111010001010010000011111111111101100011000001000001000000001111111111111111111111110111010101100000011101000001001000001111111111110111101111111111111101101011111111111111011001111111111101010110001111111111010101100001
4359312239692312938,20,lattice,1111111111111110011101011101110100000100011111011101001001000001010011010000000000011100110100000100000001001101000000000111111111010010010000011101110100000100000000001000000000000000000011000000000001111111111101100101000000001101000000000111111111111110010101111111110101100101010111011101001001001111111111111111011111111111111111111111000101001101000001000111111111111110011101011101110100100101
-7549693899840927891,20,lattice,1100011100000100110001000110000001001100111001110000011011001111011100000110110011111111000011101100000001000000000000000000011000000100110001000111000001001100111111111100111011001111111101001110110011111111111111111100111111111101111111001110011100001110110000000100000001000000110001110000011011001111111111001111110000000100000001001000000001000000010001001111111111111111111111111111110111111101
5934670467981357097,20,lattice,1011111110011111010011111111100111110100001111101001011101000001111010010101010000001010100101010100000011101001010101000000001000000000000000111111100111110100000000101001000100001111111111011111011111111111111111111111000000100001000000000011111010011111010000000010100101010000000111101001011101000000001000010001000011111111110111111111000000101001000101001111111110011111011011111111100111110111
6643371679321553880,20,lattice,1010111110111111101011111111111111111010001000000000000000101011111111111111101000101101000100000010001001010000000000100010111110011101001000100001000000000010001011011001100000101010111111111111101000101111101111111010001001010001000000100010010100011000001000101101000101000010001011111001111100100010110110011101001000101111100111111010111111111111111111100000000000000000001011111111111111111111
-4684904435972952595,20,lattice,1000100001110000001111111110011111110111101011100111011001111011111001111110011100001000000000000000000011000101000000101000111001110000001111111111011111110111111111111111111111110000100001000000000000001000011100000010000010000101000000001010111001111110011110001000011101000011100011100111011001111010111001111111011111111111011111111111100011100111010001110000100001010000001000001000010100000011
-4032961708326543819,20,lattice,1110111111101101011101100000010010000100001000000000100000001111111111101101011101101111010011010111011001000100100101010110011001001001010101100111010011010111011011111110110101110010000001001000000001101111011011010111111111111111111111110000000000001000000001100110010011010111111111111110111111110110000001001001010011111111111011011111001000000000100001000110011001001001011101100000010010010101
5140721816663081385,20,lattice,1111111111111001011001000000010000010000011011000100100100000111110001001001011001001100010010010000010001000100000100000111111111101001011001101101010010010110011011011100100101100000000001000000000001111101111010010110011111111111100101100100010001001001000011111111111111010111111111111111111111110000000001000001000011111111111110011111011011000100100101000110110001001001011011111111111110010111
8741942500671816845,20,lattice,1111011100100100110001110100000001001100001000000000000000000011000000000000000011111111011111111111001101000000000011000111011000000100110001110111001001001100111111111111111111111111011101100100110001110110001001001100111101110111111111111111011101101101110000110100000001001100111101110110111111001111011101100101110000110000000000001000001100000000000011001111011101101111111111110111011011111101
-7674209190768678547,20,lattice,1000010000000001001011101110000000010110101001000000000101101111111000110011011010101110000000010110000001000000000000001010011000000001011011111111001100111111111111111011001111111111111111110111111110101110001000010110111011100001000101101111111111111111111111111111101101111111111011100000001101100000010000000001000011111110001100111110100001000000000101100000010000000001001011111110001100111111
-3948361865016226252,20,lattice,1111011111111110110101110001001011000001001100010010000000000001000100100000000011111111111111111111011101010010110000010111011100101100000100000001000000000000011101111010110000010111011111101100110100000001001000000000011101111111110011010011000100101100000000010001001001000000011101111111111011011111011111111111110101110111101011001101011101111010110001011111011111111110111100110001001011000001
474107746493624930,20,lattice,1000000101010001001111011101111111111011111111011111111111111001010111011101001110011101110111010011000001010101000100111111111111111111111100000001010100000001100001011101100100110000000001000000000010011101111111010011000000000101000000001000010101011001001110000101110111010011100111011111111110110000000101010001000110011101111111011011110111011111111111110000000101010001001100000000010100000001
-377088000353799401,20,lattice,1101111111011111111001000100000010100100111111111101111111110101111011011111111001001100000010110110000001000000001000000100111001001011011001011111110111111110010011101100101101100100110001001011011011111111111111111111010011101101101101100000010000001010000001001110110111110110000000000000001000000100010000001011010001001110110111111110000001000000101001000100010000001011011001011111110111111111
6534269627997593312,20,lattice,1000000000000000000011000000000000010000111010000000000100001111110000101011010011001000000000010000111011000000101101001111111100111011010011111101001110110100111111111011101101001111111111111011010011101100001010110100111111000011101101001110100000001001000011111111111111110101111010000000101101001000000000000001000011111111111111111111111010000000100101001111111111111111011111111111101110110101
-650349258373129005,20,lattice,1000000101101010100111111011011111111101101000010110101010011011001101111010110110111011011111101101111111111111111111111010001101111010110100000001000010000001101110111111111111110000000101101010100100000001001010000001101000010111101011010000000000001000000110110011011111101101000000010010101000011011101101111111110100000001001010101001101000010110101011011011101101111111111100000000000000000001
-954688260958765696,20,lattice,1111010001111110110001000000000000000000011101000111111011000101000000000100010011111100011111101100010101000010111001001111111111111111111111111101011111101101111111011111111011010101010001101110110001010000001001000100010101000111111011000101000000101110010001000000000001000100010100000010011001001111110111111111111101010100001011101100010000000000000001001111110111111110111111111100011111101101
4116538271058131131,20,lattice,1000000000000000000011011010111000111101111110111110111111111001001011000011100110011010111000111101111111111111111111111000001011000000000111011011111001111101100000001000000000001000000011000000000010010010111000111101110110111111111111111101101011101011110111011010111001111101100000101100001010011000001011000011100110000010110000001001100100101100001111011101101111101111111110000000100000000001
1431515267326632261,20,lattice,1111010001111010100101100100011110001000001001000001100000000111010001111000100011111100011110101001000001000001100000001111111011111011110111111111111111111101111111001111101111010010010001111000000000100100001110000000000000000001100000000000000000001000000011111110111111111101011101000111101010001111110001111011100100100100011110001000111101000111101011011111111111111111111101110100011110101001
5911234350711555483,20,lattice,1111100110111111111001111001101110011110001110010011000111000001000000010000110000001001000100001100111111111011111111100111101110111101111000000001000100001100001110011011100111101111111111111111111100011001001100011100000000000001000000000011100100111001110001111001101111011110011110011011111111100001100100010001110000000000000100001100000000000001000001000011100100111001111011111111101111111111
-860914427060830674,20,lattice,1111111100111111110101111001000111011001001110010001110100010001000000000100000000011000000011010000011111110011111111010111101100011101100100010001000011010000111111111011111111011111111111111111111101111011001111011101000110010001110100010001000000001100000000000000000001000000011110110011111111010001000000001101000000111001000111011001011110110001110111011111111110111111111100011001000011010001
508783413384195818,20,lattice,1000000000000000100011111101010001111000101010000100000110001011110001000001100010001000010000001000101011000100000110001011111101000111100010111101010000011000111111111110111111111000000001000000100011111111011011111110111111111111111111111111110101001111100010111101010001011000101111010100011110001000000001000001100000000000000000001000111111110100111111101111111101001111101011111111011011111111
-1027525031158045329,20,lattice,1111111111111111111101111111011111111101001110110011111111000001101100111110110000001010001100000000001111110011111111000000001000100000000000001011001100101000011111111111111111110011111101111111110000000000001000000000000000100011000000000000101100111010110000001011001111101100000000100011001000000001101100111111110000001010001100001000000010110011001011000111111101111111111100111111011111111101
-5366066874475139003,20,lattice,1111111111111111111101000001000000001100011000011000100011100111000110001001111001111001100010011110011111011100100111110111111111101011111100000001000000001100010000011000100011100111100111001001111101111101111010011111011111111111111111110100000100001000110001111111111011111111011111011110101111110110000110001001111000000000000000001100000000000000000001000100000100001000111001111001100010011111
7899542328011166962,20,lattice,1000000000000000100011001000101000101001111010001010101010011111110010101011111100001000000000001000111011001010101010111111111111111111111111111101101111111111000010001000000010001111110111111111111110001000101000101001111111001011111111111100100010101010100111111100101011111111100010001000001010011110110010101011101100000000000000001000111010001010101011011100100010101010101100001000100000001001
-4305738369137816552,20,lattice,1110101111111110111001101010110111001000001010101101110010001111101111111110111000001010010011001000111111111111111111110000001000001100100001101011111111101100000010101101110010000000001001001100100001101010111111101000000010100101110010000000000000001100100000000000000001000000011010101101111010001111101111111111111100000000000001001000011010101111111011000110101111111110111011111011111111101111
9001757197302466959,20,lattice,1000001000100001000011111111111011111111101011101110110111111011111011101101111110001110001000010001100001100010000100010000001000000000000010111111111011111111100001101010000100011000111011100001000100000010001000000000111111111111111111111000111011101101000110001110111001010001101111101110111111110000001000100001000010001110111000011001100011101110110111011000111011101101111110000010001000010001
2658371782165166903,20,lattice,1000010000100001001011001111111110111011111111111111101110111101111111111011101110001111111110011011000001000010000100001000011011100001001010000111111010011010000001001010000100101000010011100001001000000000001000010000100001101111100110101000011011101001001011111111111111111011100011111111101110110000000000000001000010000110111010011010111111111111111111110000010000100001001010000111111110011011
1464479175070165898,20,lattice,1000000000101000000011010000001010001000111100000010101010001001000000101000000011111111111111111111111101000010101111001111011100101011110111110101001010111101111101111011101111011111011111111011110100000000001000000000111101110011101111010000000000101000000011110111101111111111110100000010101010001111000000101011100010010000001010001000111100000010101111001111011110111011111111110100001010111101
-3930194039679982942,20,lattice,1101111010101000101001001010100010001010111111101010101010100101101010001000101000001010100000001010010111101010100010100000001010000000101011111111101111111110000000001000000010101111111111111111111001011010101010001010111111101011101110100000001010001000101011111110101111111110110111101010101010101111111010101011101000000000000000001010111111101011101111100000000000000000001011111111111111111111
-6350505557898076355,20,lattice,1110111110111000100001000100000000000000011011101010100000001111111111111111101101001110101000000000000001000000000000000100011010000000000001101111101110000000010001001000000000001110111111111000100001000110101000000000010011101011100000000100111010101000000011101111111111101000111011111111101010001110111111111111101101101111101110001000111111111111111111111110111111111110101011101111111111101011
1729691569374943413,20,lattice,1111010111111111110001000000101000000000011001011010111111000111010111111111110011111101111111111100010001011010011010001111111111111111111100000001101000001000000000001010000000000110010111101111110000000000001000000000011001011111111111000100010110101110100000000001101001001000000000011010011010000100010110101111110000000000101000001000010001011010111011001111110111111111111111111101111111111101
3465368408976438050,20,lattice,1001101100101000111011011011001010001110111110110010100011100001101000101000011000001010000010000010111111110010110011100000001000000000001000011011001010000110111111111111111111111111111101101111111000001010001010000010111111110111111111100000001000001000001011111011001011001110111110110010111011101111111100101111111000011011001010001110000010100010100001100000000000000000001011111111011111111111
3298374894948602490,20,lattice,1000100001010000110111001101110100101101111111111101101111111101111111010010111100001000000000000000100011011101000011011100111111010010110110001001010100001101100010011101000011010000100001010000010111111111111111111111000010000001000000001101111111011011111111111111110111111111100011011101001011011101111111010011111100001000010100001101000010000001000001011100110111010010111100001000000100000001
3603653298762094259,20,lattice,1011101011001011000111111110110011111001001110001000100000000001000000000000000000011000100010000000101111101100111110010011101010001000000111111111111111111111000100001000100000000011101011001000000111111110111011111101111111101111111111010001000000001000000010111010110011110001001110101100101000010011101011001011000110111010110010111001101111101100111111011111111011111111111100111000100010000001
-7267919755271310531,20,lattice,1110010110100000011001000000100000000000011001011010000000001111011110101010111011111111111011101111010001001000000000001110011110100000111001000101100000000000000000001000000000001111011111101010111101000101101000000000111111111111111111110110010110101000001011110111111011101111111001011010101011101111111111101111111111100101101000001110011001011010000001000110010110100000001011110111101010101111
-6920933914979070658,20,lattice,1010000000000000000011101011100010110110001000000000000000001011101110001011011010101010000000010000111111111111111111110010001000000000000010101011000000110000101010111000101100101111101111111111111111111011101010110110111110111011111111111010101100001011001011111011101011110110101000000000001000001010001000000001000011111011101011111110101010111000101101101010101100000011001011111011101011111111
-3166736202639113178,20,lattice,1101110110110111100001011101101101010000111111011011011110000001110010110101000000001100100101000000000001000000000000001101111110110111100000011101101101010000000001001000000000001111111111111111111100001100101101000000000001000001000000001111111110111111101000000100100101000000010111011011011100000000110010110101000001011101101101111000111111111011111111101111111110110111101011111111101111111111
-2121637103730691789,20,lattice,1100010110000000000101000000000000000000111001011000100000011111010111001100100111101101110011001001010001011000000000011111111111011111101101000001000000000000010000011000000000011110010111001000000111111111111111111011111111011101111110111100010110001000000111100101110011001001111111011100111010011111010111001101100111100101110010001001111111111111111111111111110111001111101101000001000000000001
406130968536262831,20,lattice,1111110101101101011101111101011011010111001111010110110100000001000001101100000000011000011011010000000111010110110100001111111111111111111100011001011011010000111111011111111111110000000001000000000000000000011010000000111111010111110101110000000001001000000000000000011011000000111111010111111111110001000001101101000011111101011111011111000100000110110101000011110101101101011100111101011011010101
5260339314798498297,20,lattice,1001001001000000111111010010010001101111111100100101011011110001000000000000000011111110111111101111110101100111011011110001001000000000000011111111111111101111111101101111111011110001001001000000000011010010011101101111110100100101011011111111011001111110111110010010010001001111100100100100011011111111111111111111111100010010010000001100000100100100000001000001001001000000011000010010010000001111
8891836782019549168,20,lattice,1011001110100101000111111111111001010111001100101010010100010001001000100101000110111011101001010001101111111110010101110000001000000000000100110011101001010001000100101010010100010011001111100101000100000010001001010001111111111111010101111111111111111111011100000010000001000001111111111111011101110000001000000101000111111111111111111111101110111110010101111011001111100101001100000000000000000001
-6434804070861235819,20,lattice,1101111010100001111101010000000000010000111111101010000111110001000000000000000001011000101000011101010111001010000111010101111010100001110111111111101111111111010100001000000100001111111111111111111101010000101000011101111111101011000111111111111010111111111111111110101101111111111111101011001111110001000000000001000001010000100000011101010100000000000101000101111010100001111101010000000000010101
2091706622798601558,20,lattice,1010100111100000110001101001111000001100001000000000000000001111111111110111110000101001111000001100111011011110011111001110111111110111110000100001111000001000001000001110000010000010000001100000000000100000001000000000111010011111001111001111111111111111110011101001111001111100111010011110001011001110100111100011110000100000011000001000001000011110000011001111111111111111111011111111111111111111
7682876498865494076,20,lattice,1100000001100000100101000000000000000000111110011110000110111101000101100001100111011001011000011011111111111110000110111111101111100001101101000001011000001001110110011110000110110100000001000000000001000000001000000000111111111111000110111111111111111001101111111111111111011011111111111111111110111100000101100001100101000000011000001001111111111111111111111101000101100001101101000000001000000001
-6124245557377779311,20,lattice,1101011111011000110001010011110010001000111111111101100011000001000001001000100011011111110110001100010101111101100011000001001001001000100000010011010010001000000100111100100010000000000001001000100011111111111111111111010100111101100010000000000000001000000011111111110111001100111111111101111011011111111111011111110100000000000010001000010100111100100011001111111111011111111111111111110111001101
3134542846702018487,20,lattice,1110111101111000110001001000010000001000011011100111100010001111111101111010110000001000000000000000010011100110000010000100101001100000100001101111011110001000111111111111101111100000100001000000000001001000011000001000010011100111100010000100101001101000100011111111111111111111111011110111101011001111111101111011110000001000010000001000011011110111100011000110111101111000111011111111111110111111
3958566171865277530,20,lattice,1010100000000000000011111111111111111001001000000000000000001011100101000000000000101000000000000000101111110100000000001011101101000000000010101001010000000000101111111111010110011010100001000000000010111111011001000000101111110111010000001011111111111101100110111111010001000000101111111111111110011011111101110101100110111111011101001001111111111111111111011111111111111111111110111111011101000001
1089114473625358016,20,lattice,1000000000000000000011101101001101101111101011000011011001101111110110110110111110001100001101100110100001000011011001101111111111110111111110101101001101100110111011011011011011111111110111110111111110000000001000000000100000000011000000101111111111111111111110000000001101100110100000000011001000101111110110110111111110101101001101101111100000000011001001101000000000100000001010101101001101100111
-4259270225614589748,20,lattice,1000000000000000000111000000000010001001111001111110111010111111111111101110111111101111111011101011110001111110111010011100001000001000100111000011111011101001110000101010110010011100001011101100100111000010001010001001111111111111111011111000000000001000100111000010001011001001110000101110111010011111111111111111111110000000000000001001111011111110111011111100011111101110101100000000000000000001
-7060693604204828033,20,lattice,1111111111111111111101111011011011101111001100100100110000000001001001001000000000111011010011000000011111111110111011110000001000000000000000110011010011000000011110111110111011110000001001000000000000111011011011001011011110111111111011110000001001001000000000000010000001000000001110110110111010110111101101101111111100111011010011001011001110110110111011110011101101001100001000110010010011000001
-3596701937162803332,20,lattice,1000000000000000000011010100100100101010111111111111111111111001000000010000001011011111111111111111100101000001001010101101011010010010101011010111100101101110100101001001001010101101011111011110111011010111101101101110100000000001000000101101011010011110101011010110100101101010100100000001001010101101011111111111111010000000000000001000110101101001011011101000000000000000001011010111111111111111
-4975422259058570456,20,lattice,1000100000001000000111011100100110011001111111011101101111110001000000001000000100001000000010000001100111001001100110011111111111111111111111011101100110011001100110001001100010011101110111011011111111111101111110111111100110000001100000010000000000001000000011111101111111111111110111011001101110111001100010011001100110011000000110001001110111011001101111111101110110011001101100000000000010000001
6430737676259027227,20,lattice,1101011111100010010001000000000000000000111101111111001011100101011111000000010011111111111100101110010001110100000001000100001101000000000001000001010000000000010001111100000001000100000001000000000001010111111000100100110101111111001001001111111111111111111111111111111101101110010101111100001001001111111111110111111011010111111100101100010000110100000001001101011111110010111011111111111101111111
-3942787467684911312,20,lattice,1000000000010000000011010000000100010001111101111001110100011001000000010000000011111111101111110001110101000001000100011101011010011101000111010111100111010001110101001001110100011111111111111111110111010100101111010001000000000001000000001101000000011001000111010000000111010001111101111011111100011001000000010001000011111111101111111001111111111011111111011111111111111111111110010000000100010001
689101977784774009,20,lattice,1000000000000000000011110000011110000000101100000011100000001001000000000000000011111100011110000010111101000111100000001111001001111000000011111111111111011111111111101111100000101011000001111000000010010000001000000000100100000011100000001001000000001000000011111110111111001110111111111111111111111111111011111101111011111110111110001010111111101111100011101111010001111000001011111110111111011111
-4262000204174718399,20,lattice,1010000000000010000011100000100000101000001000000000000000001111100111011111101111101001110000101001111111011111111111111111111111111111111111100001110000101000101000001000001010001110000011000010100011111001111111111011111010011101001110111110100111011011101111101001110111111011001000000000001000001110100111000011101110100000000000101000111110011111111111111110100111000010101111100001110000101001
5167561086047517091,20,lattice,1000000000000000000011000000000000000000111111011010100110011101010010000001000011011100100010010001110001000000000000001111111111101001110111011101101010010001100000001000000000001111110111101001100111011100101010010001111111011111100111011101010010001001000011111111111111011101111111111111111111011000000010000001000011010100100010011001111111011110100111011111111111111111111111010100100010010001
-4762618815963644962,20,lattice,1100110111111001101101001001111100011010111111111111111110111101111111111111101100001000000000000010000011011101000010101100111111111111101100001001110100001010000010001000000000100000100011000000001000001000111100001010000010001101000000100100100111111001101111001101111111111011110011011111101110110000100011110001101000001000110100001010111111111111111111110000000000000000001001001001111100011011
-8746425822860730942,20,lattice,1001001000001100001111111111111111111011101110110111110110110001001000001100001110011011011111000011100111110111110110110000001000000100001010010011000011000011101111111111111110111001001101001100001110010011011011000011100100110111110000110000001000001100001100000000000001000000101111110111111110111001101101111101001110011011011111011011111111111111111111110000000000000100001000000010000001000011
3187070725625597310,20,lattice,1111001010111011110101000000000000100000011000000001001000000101001000010010000011111010101110111101111111111111111111110100001000010010000011111011101111111111011100101011101101011111101111111111111101110010001110110101010000000001001000000101001000011010000011110010101111111101000000000000001000000111001000011011010001110010101110111101011100100001101001001111101010111111111101110010000110110101
5894894113226271654,20,lattice,1000000001001000000011101000111111110010101010000110100000001111111111111111011110001000011010000000111011011111111100101110111111111111011011101001111111110010101010001111110100100000000001000000000010000000011010000000101010000111100100100000000001001000000010101000011011010010101010000111101100101010100001101001000011111111111111111111111010011111111101101010100001101001001011101111111111110111
1316258357806077870,20,lattice,1100110100001011101101001101000010110011111011110110101111111111111111111111111100001000000000010000000011010000000100101100111101101011111100001001000000010010111011111110101111111100110101001011101111001101011010111111111011111111101111110000110100001001001011001111011011111111000011010000101100100000000000000001000000001101000010111010110011010100101111110000100000000001001000001101000010110011
-3876361047150525478,20,lattice,1001111001100001110111111111111111111111101111100110000111010001000000000000000000011000010000010000000111000110000111000001111001100001110010111111011000011101101111111111000111010001000001000001000000011000011000011100101111100111000111011011111111111001111110111111111111111111101111111111101111110001000000000001000000011000010000011000000110000100000111001011111111110001111100011110011000011101
1772635460428185494,20,lattice,1100010111000100000101000000000000000000111111111110011001011101010111000100010111001101111001000101010001001100010000011101011111000100010101000101110001000001010000001000000000000100000011000000000111000101111001000101111111111111111101111111111111101111011101000000110001000001110111111110011001011101111111100111011111111111111111111111110001011100010001011101111111100110011101000000100000000001
-2831436153642355920,20,lattice,1011100000000010000011111111100001100000001100000000000000000001000000000000000000011000000000000000101111101000001000001011101000000010000010111111100000100000101110101000001000001111111111111111011111111111101111110010111111111001011000001111111110011111000010111111100001100000001110000000001000001111111110010111000011111111111111111111111111111011111101101111111110010111001011111111101111110111
5729445120724711365,20,lattice,1000001000000000010011000010000000000101111011111101011001011111111111011110010111001111110100000101110001110000000001010000001000000000010011000011000000000101110001111101000001011100011101010000010111111111111111111101110001110001000001011110111111011110010111000111110101100101110001111101001001011110111111011111010111111111110111111101000000000000000001001111111111111111111110000010000000000101
-8345288821930221022,20,lattice,1110111010101111011101001110101011110111011011101010111101111111111010101111111100001100100001110111000001000000000000000000111010100111011111111111101111111111000001001000011101011111111111111111111100001100101001110111111111101011111111110000111010101111011100000100000001110000000001000000001100000000010000000001000001101110101011111111000001000000011101000000010000000111011100000100000001110101
2002303260482340463,20,lattice,1011100110101111101011111111111011111111001010000010110100100011100110101111001000001000001010000000101111011010111110101011111111101111111100101001001011010010001010011010110100101011110111101111101000000000001000000000111111111111111111110000000000101000000000001000001011010000001010000010111100100000100000101001000000111001101011111010101111011110111111110000100000101001001010111101111011111011
-8031882102776186276,20,lattice,1000000001001000000011010111110011101001111101111100111010011001011001001010100111111111110011101011100001100100100010001000001001001000100010010111110011101001100101101100101010010000000001000000000011111111111011111111111111111111111111110000000001001000000010010110110011101001100001100100101010001111111111001111101110000000010010001000111111111100111111111111011111001110101110000110010010101001
-6815724938621765815,20,lattice,1100001110111010101101000011100000000001111011111011111110111101111110111111101111001111101111111011110001111011101010110000001000000000000100000011000000000001000000111000000000011111111111111111101101000011101000101001010000111011101010110100001110101010101111000111101111101011010000111000001010011100011110111111101101000011100000001001111111111111111111110100001110000010101100000000000000000001
-7474215648379496982,20,lattice,1010011100101000111011100111101010001110001001110010100001001111111111101101111011101111101011011110000001010010000000000000011100100000010000000001000000000000101001111010100011101110111111101101111000000001001000000000111011111111110111100000011100101000010011100111101011001110111011111111111111101110011110101101111000000111001010001110000000010010000001000000011100101000011011111111111111111111
4483144118200286082,20,lattice,1011000000010111101011111111111111111111001000000000000000000011000000000000000000111000000101111010101111111011111110111011101000011111101010111011000111111011101110111001111110111011111111111111101110111011001111111011001000000001000000001011100000011111101000110000000101101010001100000000001000000011000000010111101000110000000100101000101111111111111111110011000000010010101010111010000111111011
-3330644856597274927,20,lattice,1001101010101111001111011011101011110011111111111111111111110001001000000000000000011010000000100001110111111010111100110000001000000000000010011011101011110011000110101010101000111101111111111111101100011010001010100011110111111011111100110001101000001010000100011010101011110011000100100000001000010001101010101011001111011111101111111011110111111111111111110001101000001010001100000010000000000001
6077042572449194289,20,lattice,1000000000000101010011000000000001010100111101111010010101101101011110100101010011111111111111111110110001001000010101001100011110000101010011000101100001010100110000001000010101001111011111100101111011000111101001010100111101111111111111101111011111101111111000000000000001010100111101111110011111100000000000000001010011010111101001011110000000000000000001001101011110100101011011111111111111111111
-1244823034156887803,20,lattice,1110100010011010001001000000000100000000011000000001000000001111111010011011011001101000100110100000111011001001101100101110111010011011001011111111100110110110011000001001000000001111111111111011011011111111101110110110000000000001000000000110000000011010000011111111100111110110011000000001001000001110100010011011001011111111101111111110111011101001101101100110100010011010001011111111111111111111
7356964187784264303,20,lattice,1100011001100110111001000000001001000000111111101110111011110101011001100110111111011110111011101111000001000010010000000100011001100100101011111111111011111111110101101110011011110100010001100100101000000000001001000000111111111111111111111101011011101110111100000000000001000000010001100110011011101111111011101111111101000100001001001010010001100110010011100100010000100100001001000110011001101111
-2579296552922824434,20,lattice,1010000000101100000011111111111111111111001000000000000000001011000001111101100010111111111111011101101001000111110111001011011011111101110110110111111111011101101101001111110111011010000001101100000000100000001000000000101000000111110110000010000000101100000000100000001001000000101101101111111111011010000001101101000010100000011011001000101000000111110111001011111111111111111110110100011111011101
469496563146329771,20,lattice,1000010010000001000011000100100000010010101001001000000100101111110111010101101011101100100000010010000001000000000000001111111111010101101011101101100000010010000001001000000000001110110111010101001011111111111101011010111011011001000100101111111111111111111111101101100001010010111111111111011111100000010010000001000011101101110101011010111111111111010111101000010010000001001011111111111101011011
1736586743572130410,20,lattice,1000000001000000000011110111111110111110001000000100000000001011001001000010000011111111111111111111101101111101101111001010001001000010000010110011110010110000101100101100001000000000000001000000000010110111111110111110101100111101101100001011001011001011000011110111111111111110101000000100001000001011001011000011000010110011110110111100101100111101101101001011011111011011111010110111111110111111
-8219796661086489451,20,lattice,1000000000000000000011000110000000010000111111111111111111011101111011111111110111001110010101011101100001100000000100001000001000000001000011011111111111111101110011101101010111011100011001000101000111001110111101111101110001100101010100011100111011111111110111000110000001010000110011101101011111011000000000000001000011000110000001011001110001100101010111011111111111111111111111000110000001010001
4215996298848607684,20,lattice,1111000011110100101101100000111101001000001000001111010010000111000011110100100011111100111111001011111101001111110010111111111011111100101111111111111111111011000000001111010010000000000001100100000000000000001001000000000000000111010000001111000011111100101100000000000001000000111111101111111110111111010011111101101100000000011101001000111111111111111111110110000011110100101001100000111101001011
4182776062166959304,20,lattice,1000110110111011100011111101111110111111101111011011101110001001110110111011100000001001000010100000000001010000100000001111111111111111111100000001000010000000000010011010101000001011110111111011100100001001001010100000000011011011101000000000000000001000000011111101111111111111000000010000101000000000110110111011000000001101101110111000101111011111101111011011110111111011111110111101101110111001
3141482061973228735,20,lattice,1011001001000010001011111011011011101110001000000000000000100011000000000000001010111010010000100010111111110110111011100011001000000000001010111011010010100010111111111110111011100011001001000000001010111011011010100010111111110111111011101011001001001010001010111011011011101010001100100100001000101111111111111111111010111011011010101010101110110110111011100000000000000000001011111111111111111111
-3349491457831912729,20,lattice,1010010011001011000011100100110110110000001000000100001100001011010011011011000111111111110110111111001001000100001100001111011111011011111111110101110110110101001001001100001100000000000001000000000011111111111111111111101001001101101100000010010001001011000011110111110111111111000000000100001000000000000001000011000011110101110110111101111101001101101101011111010111011011011110100100110110110001
-7059188574933907573,20,lattice,1000000000010000010111111010000110000111101110000001000001111001100000010000011110001000000100000101111111111101110101111011101000011000011111111011000110000111111110111001100001111111101111011000011111111111111111011111000000000001000000011011100000011000011110111000000111000111111111111111111111111111101111011101011111111011110110001111000000000001000001011000100000010000011100000000000000000001
677809363765526512,20,lattice,1000110110000011101111001101100001111011111011011001011110111111110111011111101100001000000000011000000011011000001110111111111111011111101100001001100000111011000010001000001110001110110111010111101111111111111111111011100011011001011110111110110111011111101110001101100001111011000010000000001110000000000000000001100000000000000000001000111111111111111111110000100010000011101100001000000000111001
-3919066495947063119,20,lattice,1001101100001010000011111111101010101110101111111000101000100001101100001000000000001000000000000000100111110000101000000000101000000000000000001011000010000000100111111000101000001011111111101010111010111111101010100010111111111111101111110000101000001000000011111111111111111111000010110000101000001011111111101011111010111111101010101110101111111010101001101001111110001010001011111111111010111111
-1420882275878812911,20,lattice,1011110111101110110111111101111011111101001111011010011001010001110110100010000100001101101000100000000001000000001000001111111111101111111100000101000000100000000001011000001000000001110111100110110100000101101000100000111111111111111111110011110111101110110100000101101001100000000000000000001000001011110111101111110100011101101001101101000111011010011001011111110111101111111100001101101000100001
4764080194715668080,20,lattice,1101111100001010110001001000000000000000111111110111111111010101101000000000110000001000000000000000010111100000000011000100101000000000100001011011000000001100111111111111111111111101111101101011110001011111001010101100110111110111111111010101111100001010110011011111011011111100010111110000001011001101111100101011110001001000000000001000010010100000000011001111111101111111111111011111011011111101
-7139240830952147520,20,lattice,1111110011111111111001111000011111110010001100000111001100100001000001000011000000111000011101110010011111001111111111100111101111111111111001111001111111111110011110001111111111100000000001000000000000010000011000110000000100000111001100000011100001111111001000110000011101110010000000000100001000000000000001000001000001111000011111111010011110000111111101100001000001100011001011111111111111111111
5444164189023186321,20,lattice,1100011000111111111001000110001111111110011001100011111111101111011000111111111011111110001111111111000001000000000000000000011000000000000011111111001111111111111111111111111111111111111101111111111100000110001110110010000001100001001100100000011000011011001000000110000111110010000001100000001100100000011000000001001000000110001111111110000001100011111101100000011000000000001011110110001111111111
1575412008541759790,20,lattice,1011111101111011001111111111011110111011001111100111101000000001010001111010000000011110011110100000000001000100000000000001011001111010000000111111011110110010111111111111111111110000000001000000000000000100011000100000000000000101001000000000010001101010000011111111011111111111000000000100001000000011111001111011000010111111011110111011111111110111101111110011111001111011001000111111011110110011
-3277986681795554260,20,lattice,1110001000000000000001000010000000000000011000100000000000001111001100001110000011111011000011100000111111110010111000000000001000000000000011100011000011000000111111111111111110111111111101101110000011111011001011100000111111110111111000000110001000001000000011100010000001000000111000110000111000001111111101111111100111111111011011101000111111111111111111111111111101111111101111111111011011101001
-3663014881593336590,20,lattice,1000001101001000000011000011010010000000111000110100100011001111001101011000110011111011110111111111111111111111111111110000001000001000000000000011000010000000111100111101100011000000001101001000000011111011111111111111111000110101100011000000000000001000000011110011110111101101111100110101101011001111001111011111111111000011010010001000100000110100100001001111001111011110111111110011110110001101
-2886841369511220972,20,lattice,1100000010000000000001000000100000000000111011111100110101111111111111111111111111001010100001000000110011101100010001001100001010000000000011001111110011010111000000001000000000001100001011000100000011101111111011010111111011111111111111111100111011001101011011000010100001000000111011111110111111111100111011000101010011101111110011011111110010101100010001001100111011000101011011001110110001010101
-508924070946010387,20,lattice,1000000000101000011111110100111110111111101000000011101101111011010010111011111111111111111110111111101001001011101101111111011111111011111111110101111110111111101000001011101101111011010011111011111100000000001000000111100000000011101101110000000000101000011111111111111111111111000000000010001001111000000000101011011110100100101110111111000000000000000001100000000000000000001000000000000000000111
5870020197769254898,20,lattice,1000000000000000000011101001101101101010101010000001010010101111111111111111101110001000000000000000111011111111111110111110101110111111101110101001001101101010101010001001011010101110101111111111101110101000001101101010100010000001010010001110100110111110101110001000000001000000101010000001011010101110100110111111101110001000000001001000111111111111111111111000100000010100101011101001101101101011
-7258447315925461707,20,lattice,1111010011010010010001100000000100000000001000000000000000000111000000010000000011111100110100100100011101001101001001001111111011110110110011111111111111101100011000001001000000000111000011010000000011111100111100100100001000000001000000001111111011111110110011111100111101101100011000000001001000001111111111111111111011111100111100101100011100001101000001001111111111111110111011111111111111111111
-7588469508097048772,20,lattice,1111111111111110101101000000000000000001011000010000101000110111011111011010001101111111110110100011011001111101101000110100001100000010000101000001000000000001011000111001101000110110001111011010001101111111111110100011011000110001101000110100000100001010000101111111111111101011010000010000001000011111111111111111111101111111111110101011111111111111111011110100000100000010001100000000000000000001
-2108399181935056427,20,lattice,1100100000000000000001001000000000000000111111011111010111100101100000000000000000001000000000000000110111001101000110001111111111111111111011011101110100011000110110001001000010001101100001010000100011011101111100011010110110000001000000001111110111111111111011011101111101011110110111011111011111101101100011010001100011011000000100001000110111011111000111101101110011010001101011111111111111111111
-7993278799427722808,20,lattice,1101000111000011100001010000110000011000111101011111011111000001000000000000000011011101111101111100110101011111001111001111111111111111111001010001110000011000000100001000000000000001000011000001000001010001111000111000110100011101001110001111110111111111111011010101111101111100010100011100001110000001000010000001000000010000110000011000110100011111001111001101000111110011111011111111111111111111
-8285569474412046008,20,lattice,1101000100110110011001000000001101000110111110110011011001100101000100110110011011011011001101100110111111111111111011101101001100110110011000000001001100000000111110111111111011101111101101111110011000000000001100000000000000000001000000001111101100111110011000000000001101000110000000010011011001101111111111111111111011111011011111101110000000000011000001100000000000010000001011111111111111111111
-6179062295275567497,20,lattice,1111101011001000110101110000010000000100001100000100000001000001000001000000010001111010010010001101111111101101100011010111001001001000110111111111110110001101011110101100100011010000000001000000000011111111111110001101111110101101100011010111000001001000110011111010110111001101111111111111101011011111111111111111111101110000010000001100000000000100000001001111111111111100111101110000010000001101
3428718535070319737,20,lattice,1100010000000000000001000000000000000000111001000000000000001111111111111111111111101111011111110111010001000000000000001110011101111011011111100101011110110110111001111111111101111110010001000000000011100100011110110110111001000101000001101110010001001000010011100111011111110111111001000101101101101110010001010001011011101111111111111111111001000100000001001110010001000000011011100101011110110111
8917036882217185295,20,lattice,1001001000001000000011111111001111111101001101100000100000000001001000000000000010111111001111110101000101100000100000000000001000000000000010110111000010100100111111111011111111011111111111111111110110110111001010110100101101110011111101010001001000001000000010110111001011110100001101100000101000001011011100001011010010111111001111111101101101100000101001001111111111111111111110110111001011110101
-4146914216303898005,20,lattice,1000000000000000000011010010000000000001101100100000000000011001000000000000000011111111111111111111111101100000010001011000001000000000000011110111000011101101111101111111111111111111011101111110110111110111001111101101111101110001111011011111011000001110010110010010000001000001111101100000011001011111011100111111110111110110000001101101110100100000000001011111011101111111111110010010000000000001
-9208648007782204469,20,lattice,1111100100010110011101011000000101100111011110000001011001110001100000010010011000001000000000000010111111011011111001111111111110111111011101111001000101100111111110011001011001111111111111111111011101011000001101100111000000000001000000101111100110111110011100001000000101100110000010000001001000101111110110111111011111111111111111111111000010000001001001100000000000000000001000011000000101100111
6973943013208430656,20,lattice,1000000101000000100011000101010000001000111111011101110111001101010111011001100011001101110110011000100001010100000010001111111111011101110000000001000000000000110001011101000010000000000101000000100011111111111111111111110001010101000010001100010111011000100011011101110111011100111111111101111111111100010111011001100000000001000000001000110111011101100111001111111111011101111111111101110111011101
-8386095711512565126,20,lattice,1111111111111111111101110101011011000001001100010110110000010001000000100000000101111101011111100001001101010110110000010111011101111110010100010001011011000001011101111111111001010001000001101100000100000000001000000000011101010111111000010001000000101000000100010000001011000001011101010110111000010111111111111111110101111111111111101101011101010111111001010111111111111111111100000000001000000001
7767812427486280759,20,lattice,1011000000011000000111111111111111111111001000000000100000000011000000011000000010111101111111111111101101000111101100011011111111111111111110110101111110110111101100001111100100011011000001111000000110110000001110000001001000000001100000000000000000001000000010110101111111111111101100000111101100011011000001111001000110110101111110111111101100001111101101111011000011111011001100100000000110000001
2127998119339838988,20,lattice,1000001010110011010111011010101100110101111110101011001101011001001010110011010110011010101100110101110111101011001101010000001010110011000111111111101110111101000000001011001100011111111111111011110100000000001000000000000000000011000000001111111010111011110111111111111111111111000000000011001100010000000000110001000111111110101100111101000000001011001101011111111111111011111100000000001100000001
-3506607014902629415,20,lattice,1000000010011010011011110111111111111111101101011001101101101001010110011011011011111111111111111111100001001001101001101011011111111111011100000001100110100110000000001001100001101011010111011011011010110101111111110111000000000001000000000000000000011000001010010101100111110110000000001001101001101000010110011011011010110111111111111111000000000001100001100000000000010000001010110101100111110111
-3947468700233747030,20,lattice,1100111111001010011001000000000000000000111111111110111111111101111111101110111001001000000000000000010011010100100001100100111101001010011001001001010010000110010011111100101001100100100001001000010011001111111010100110111111111111111111110100100000001000000011001111111011100110010011010100101001101101111111101111111011001111111011101110010010000000100001000100100001001000011011011111111011111111
-6472087033802342497,20,lattice,1010000011011001010011101111111111110110001000001100100000001111111111111111111110101011111111110110101001011111110101001010001111111101010010100001110110010100000000001100000000000000000001000000000010100000111110010100001000001101100100000000000011001000000010100001111111010100101000111111111101000010000011001001000011101111111111111110001000001101100101001010001111111111011011101111111111111111
6077306100208869460,20,lattice,1000001111000010111011111111111111111110101111111110111111101001011111000010111010011111111011101110100001111100001011100000001000000000010000000011000000000100000000111100001011100000001101000000110010010111111011101110100111111111111111101001011111001010111010010111110011101110000000110100001011001001111111101111111000000011000000001100000000000000000001000000001101000000111011111111111111111111
2676059832988849538,20,lattice,1010000000000000000011100000000000000000001000000000000000001111111000000011100111101000000000010000111011100000001110011110101000000011100111111111011011111111111111111111111111111110101001000011100111111110011000111001111111110111111111111111111001101011100111111110011011111111111010000000001110011110000000000001000011101000000000011001111111100110101111011111111001101011111111101000000000010001
-309333842294382272,20,lattice,1110110000111100110101001100000000000000011011000000100000000111110100111100100100001000000000000000000011000000000000001111111111111111111101101101001111001001111111011011110111111111110101111111111101101100001010001001011011000011110010010100110000001000000001101100001011001001111111010011111111011111110100111101110101101100000010001000011011000011110011011111110100111101111101101100000010001001
3046028716801087270,20,lattice,1010101010110010001011111011101101101110001000000000000000001011101010110010001000101010101100100010111111111011011011110010001000100000000010111011101100100010001000101010000000001111111111110111111100100000001000000000001000100011000000001111111111111111111110111011101101100110001000100010001000001111111110110111111110111011101101101110101110111011001001100010001000110010001011111011101101101111
-2650199041882490607,20,lattice,1101100101011100101101000000000001000000111110010101110010110101000000000100000001011001010001000010010111010101110010111111111101011101111101010001010001000000111111111101111111110101000001000100000011111111111111111111010110010101110000110101100101001100001100000000000001000000111111110101111111111111110101011101101101011001010111001011111111010101110111110101000101000100001001010001010001000011
8201253449501656676,20,lattice,1101111111111111111101000010111000000100111111111111111111110101101111100000110000001010111000001100010111111110010011100000001010000000000000001011111000001100000000001000000000000000001011000000000000000010111000000100010110111111010011100101111111111111111101011011111001001110010111111111011111110101101111110101111000000010111000001100000000101100000001000101101111100000111001011111111101011111
-1540077543546005814,20,lattice,1110011000111001111001000000000000000000011001000011100110101111111000111001111011101110001110011110010001000011100110100110011000111001101011111111001111011110111111111011110111101111111101111101111101000000001000010010010000000011000100100100000000111001001011111110001111011110111111111111111111110100000000000001001001000000001110011010011001100011100111100100000000000000001011111110001110011111
7952742254907638873,20,lattice,1101101000011100110101000010000111001001111111111111111111110001000000011100100100011000000111001001110111111111111111110000001000011100100111011011001111001101110110111111111111111101101101111100110111011010001111001101000000000001000000000000000000011000000100000000000111001001110110110111111011111101101101111111111100000000000110001001000110100001110011011101101101111100111100000000000100000001
7812098045564711746,20,lattice,1011010100010010001011111111110111101011001000000000000000000011010000010010001000111101000100100010001001000000000000001011111111011110101100110101000100100010101111011101001010111011110101010010101011111111111111111111001000000001000000001011110111011010101110111101110111101011001001000001001000101111111111011111101110111101000100101010111111111101111111110010010000010000001010111101010100101011
8909581975433769351,20,lattice,1101101100000001110001011000000000011100111111111111111111110001000000000000000000011000000000011000110111110000000111000001101000000001100001011011000000011100110111111111011111111101111101110111111111011111001000111100110111110011011111011101111111111111111111011111001001111101010110110000001111000001000000000001000000010000000000011000000110000000000111001101111100110111111111011111001000111101
-2615522727271571014,20,lattice,1000010000000000100011000101000000111111111011111010001111111111111110100011111111001111101000111111000001000000000010001100011100000011111110000101000000011100110001111010001111111110111111100011111111000101001000111111111111111111001111111111111111111111111111111111101001111111100001010000001111101000010000000001110000000000000000001000100001000000000011001000010100000001111010000101000000111111
-2409893137814376670,20,lattice,1000000000000010100011011000011111101000111111010111111010001001100000111110100010001000001110101000110111000111111010001111111111111111110111011101011111101000111111011111111111011001100001111110100010000000001100101000100000000001001010001000000000111010100010001000001111101000000000000000001000001101110101111111100000000000000000101000111111010111111011001111111111111111111111111101011111111101
9148408255224551746,20,lattice,1010110111111011011111101111111111111111001011001111100101111111111111111111111100001100000110010010000001000000000100001010111111111111111100101101111110010111000011001101100100100000110001011001001000001100111110010011000001000001100100000000000000001001000010101101111111111111001011011111101101110000000000000001000010101101111110111111000011001111100101110000010000011001001000001100010110010011
6385082968031202574,20,lattice,1101101001000001010001010000010000010100111111110100010111010001000000000001010001011000010000010100110111100100000111000101101001000001010011011011010000011100111111111111011111110001000001000001010011111111011101111111111111110101011111111111111111111111111111011111010001011100111111110100011111010000000000000001000011011010010000011100000000000000000101001111111101000101111111011111010001011101
-8187709957105199009,20,lattice,1001100011010000101011011100110101011011111111011101011110110001100010010000101000001000100100000000100111001101010010111111111111010111101111011101110101111011000000001001000000000001100011010000101011111111111101111111000000000001000000001111111111111111111110011000110101001010110111001101011110111001110011010101101100001000100100001010111111111101011111110000100010010000001010011000110101001011
2275390196239289794,20,lattice,1101100011100010000001011000101000100000111110101111111010010001000000000000000000011000101000100000111111111111111011111101101011110010000111111011111111101001000100001010000000000101100011100010000000010000001000000000110110001111001000001101101011111010100111011010111111101001000100001010001000001111111111111111111111011010111100101001111110111111111011111111101111111110101111011000111100100001
-1988119840914478058,20,lattice,1110111111111110010101101111101110100100001010011011101001001111111111111111110100001001000000100000001011011011101001000010101110111010010000000001000000000000000010011010001000000110111111111110010100000001001000100000000010011011101001000000100110101010010001101111101111100101000000010000001000000110111111111111010101101111111111111101000010011010001001001111111111111111111100101001101110100101
-783152806749852583,20,lattice,1111111111110111111101000000000000000000011110000100000000000101000000000000000001011000000000000000011111000100000000010111111001000000000101111111111101110111011111101100000000110101100001000000000001111110111000010011011111101111011101111111111111111111111101111110111001110111011111101110001101110111111011000001001101111111111101111111011111101110000101110111111001000000001101111000010000000001
-286038095836610408,20,lattice,1000000000000000000011011001011011101110111111111111111111111001000000101000001010001000001010000110100111000110111011101101111101101110111010011001011011101110110111111111111111111001100001101110011010000000001000000000110111110111111011111000000000101000001010011000001011100110100010000010101001101101111101111111111110011000011011101110100000000010100001101000000000000000001011011111011011101111
-8115230922431710443,20,lattice,1100010100001000001001000101000010000010111101011111111011101101010111111010111011111101111111101110000001010000100000101111111111111110111000000001000010000010110001011111101011101100010101001000001011000101011110101110110001010101101010100000000000001000001011000101011111101110110001010100101010101111111111111111111011000101010010001010110001010101101011100000000000000000001011111111111111111111
-5270976751477960476,20,lattice,1101111101111111111001010000011000010100111111111111111111110001000000000001000001011110011001110110010101000110000101000101011001100001010001011111011001110110110111111111111111110001000001100001000000010000001000010000010111110111111111100101111101101111111001010110011001010100010101100110001101000000000000000001000001011111011001111110000100000110000101000101011001100011011011011111011111111111
4682080106750740106,20,lattice,1000010000000001100011001101000001011000111011010100010111101111111101101111111010001101000001011000000001000000000100001110111101000101111010000101000000011000111011111100111111101100110101000101100011101111011011111110111111111111111111101100110101001101111010000100000001011000111011110100111111100000000000000001000000000100000000011000110011010100010111101100110101000101101011111111111111111111
-8460934993859941740,20,lattice,1010000001000001000011111101110111111111001000000000000100001011010001010101000010111101110111111111000001000000000100001111111111011111111110110101010101010000101101011101010100000010000001000001000011111111111111111111101001000101010100001011010111011111111010100000010001010000101101011101011111100000000000000001000010110101110101011110101101011101010101001011010111010101011010110101110111111111
2116589096764269171,20,lattice,1000100100000110110111001001000001111111111010010100111111111111100101101111111100001001000001101101111111011111111111111111111111111111111100000001000000101001111110011111111111111100100101000111111111101001011011111111111110010111111111111000100100001111111100000001000001101101000000000000001000011000100100000111110100000000000000101001000000010000001011011000100100000111111100000000000000000001
2022642184064621085,20,lattice,1000000110000100111111011101111101001111111111111111010011111001000111000100111110011101111101001111100001011100010011111101111111110100111100000001100001001111000000001000000000011000000111000100111110000101111001001111100101011111010011111111111111111100111100000000100001001101111111111111111111111111111111111101111100000000100000001001000000001000000011010000000010000000101100000000000000000001
1720130200995007174,20,lattice,1011111101111101001011111111011111010010001111000100010000100001000000000000000000011000000000000000000111000000000000000011111101001100001000011101000011000010111111111111111110100001110001000000000000111111011111010010001111110101110100100001110000001100001000011100000001000010111111110111111100100011111101001101001011111111011111111010111111110111110101100001110000000000001011111111111111111111
5959140216416581712,20,lattice,1010000110101000111101100001100010001111001000010000100001011111110110101110111111101101101011101111101001011010101011111111111110111110111100000001000010000000001000011000100011011111111111111111111100100001001010001101111111011011111011110000000000001000000011100101101011101111101000011010101011111111111110111111111100100001000010001101000000010000100001000010000110001000111100000001000010000101
-454425467578258432,20,lattice,1101111111111111111101000000100000001000111111111111111111110101001010000100100101011010100011001001010111111111111111110100001010000100100101011011100011001011000000001000000010000101101111001110101101011011111111111011010110111101111110110101001010001100100101000000100001001001010110111000111010110101101111001111101100000000000000001000010110111100111111110101101010001100101100000000100000001001
1868607875797772567,20,lattice,1000000000000000000011100000000000000000101000000000000000001111011011100111111111111110111011111111111001001110010010111110011011100111111111111111111011111111111000001010010010011110000011100100100111100000001000000000111111111111111111111111011011101111111111100000001001001001111000001010011010111110010011100111111111100000001000001000111001001110011011111110000010100100101111100000001000001001
-3076045373308037292,20,lattice,1110000000010000000001000000000000000000011000000000000000001111000000010000000011111000010100011001111111100101011111011111101001010111110111111111110111111111111111101101111111011111000001010000100111111111111111111111011000000001000000001111111001011111110111111000010101011101111110000101011111011111000001010001100111110000000100001000111110000101000111011111111001011111111111110000000100001001
4459643041403482585,20,lattice,1010000110000000000011100001100000010000001000010000000000001111101111101001001011101011101010010010111111111110110101111110001110000001000000000001000000000000001000011000000000001110101111101001001011100011101010010000111111111111111111111110001110001001000011111011111011010010111111111110111111110010000110000001000011111111111011011111111110111110110101111110001110101001001011100011101010010011
4233265076120310362,20,lattice,1010000010100010001011101101111010100011001000000010000000001111110111101010001110101101111010100011101001011110101000111111111111101011111110100001111000100011001000001010001000101010000011100010001100000000001000000000111111111111101111111010000111101010001111111111111111111111001000000010001000101111110111101011001111111101111010111111111111011110101001110010000000100000001010100000101000100011
-4153390979681926246,20,lattice,1111111011001111111101010010100001101001011100101000011010110001000000000000000101111010100001101011011111101100111110110001001000000000000111111111111111111111000100101000000000010111101011001110101111111110111011111111111111101111111111110111101010001110101100010010100001000001000100101000011000010111101011001111101100010010100001101001011111101100111111110101001010000110101100000000000000000001
-8663791083090827175,20,lattice,1111000110111010101001010001100110000010011100011011100010100001000110011000001011111111111111111110111101011011101010101111001111111010101000000001100100000000000000001000000000001111000111111010101000010001101110000010000000001001000000000000000010011000000011110011111111101010011100011011101010101111011111111111111001010001100110001010111101111111111011100000000110011000001011111111111111111111
1896404908258000988,20,lattice,1010010110100000000011110101101100000110001000000010000000001011010110110000011011111111111111111111000001010010000000001011011110110000011000000001001000000000001001011010000000001111011111110000011000000000001000000000101001011011000000001111011111111001011011110111111111111110111101111111101111101111011111110001011011110111111110011110101001011011000001001010010110110000011011110111111111111111
-8604030591512900124,20,lattice,1000001010000001000011001010100000010000111010101010000100001111111110101001111010001010100000010000111011101010000100000000001010000001000011101111101010011010000000001000000100001111111111101001111011001010101000010000111111111111110111101110111010101001000011111111101011011110111111111111111111110000000000000001000011101110101010011010111011101010100101001110111010100001001011111111111111011111
-8810684548229305076,20,lattice,1110011000101001010001000000000000000000011000100000100001001111111110111111111011101111001010010100011001100000100001000100001000000000010011100111001010010100111011111010100101001111111111111111111001100010001010000100111011111011100101000100001000001000010011101111101111010100111011111011111101000100001000001001010011101111101111111110010000000000000001001110111110111111011011111111111111111111
-6354603256245953528,20,lattice,1000011010011110100011011111110111101000101111111101111010001001011011011110100010011110110111101000000001101001110010000000001000011100100010011111110111101000000000101001110010001000011011011110100011011111111111101001000000000001000000000000000000011100100000000000000101001000000001101001111010001101111111111111100100000000000100001000111111111111111111111111111111111111101110010110110111101001
7089539125996637853,20,lattice,1111011010101111111101010100101001011101001101001010010111010001010000000100110111111110111011111111000001000000010011010111011010101101111111111111111111111111000101001000010011010111011011101111111100010100101001011101111111101111111111110101010010101101111100000000000001000000011101101010111111110001010010000101110100000000000001001100000000000000010001000101010010100101111100000000000001001101
-7402103536507267079,20,lattice,1110000001000001111001100000010000000000001000000000000000001111111111111111111111101000010000011110111011111111111111111110001001010001111011101011110110111110111010101101001111100010000001000000000011101011111111111110111000000101000111101110101011011011111011101010110111111110111010100101001111100010000001000001000001100000010000011010011000000100000111100010000001000001001011101011111111111111
-8351742799947537862,20,lattice,1000000001000000000011111111111111111100101000000100000000001011011111110111110010111111111111111100101001111111011111001000001001000000000010100011010000111000101000111100011110000000000001000000000010100011111001111000101000111101011110001011011111111111110010100011010001111000101000100100001000001000000001000001000010100010010000111000101000111111011111001111111111111111111011111111111111111111
-8011058498438797724,20,lattice,1000010100010000000111111111100110101101101101110001000001011001010100010000000110111111100110101101000001000001000000011001011100010000000100000101000100000001101101111001001001011111111111111111111111111111101110111111000000000001000000001011011100011010010111111111101111111111101101110001001001011011011110010011010110110111100110101101100101110001000001011111111110011011111100000000000100000001
-712666312137334256,20,lattice,1000001000000000000011000010000000001100101000100000000011001101001000000000110011111111010111111100111101100101001011000000001000000000000011110111010111111100111111111101111111001111001001010000110011111111111111111110111100100001000011001111011001011111110011110110010101101100111100100101001011001111011001010111110010000010000000001000100000100000000011001111111101011111111011111111111111111111
7181761485740016224,20,lattice,1010000000000100000011111111111001111100001000000000010000001011001000000110100010111111000001111000101101100000011010000010001000000110000010110111000001111000101111111100011110001011111101000111100010111111111001111100111111111111111111111111111111101111111000000000000001000000001000000000011000001011011000000111100000100010000001101000101111111100011111001111111111100111111011111111111011111111
-2124894845888236719,20,lattice,1110110000111011001101000000000000000000011011000010101000111111110111111011011101001100000010100010010001000000101000101111111111111111111111101101001110110011111011011011101100111110110111111011001101001100001010100010011011000011101000110100000000001000001011111101111111110111010000000000101000100110110000111011001111111101111111111111111011011111101101110100000000000000001001000100000010100011
-587837704582934223,20,lattice,1000010001000010000011000101010000110100111001010100001101011111110101101011110111101101011000110101000001000000000000001110111101111111110110000101010000110000111111111111111111110000010001000010000011100101011000110101111011010111101111011110110101101011010111101101011111111101000001000000001000001000010001000011000011101101011010111101100001000100001101001111111101111111111111000101010000110101
-6639757103487854898,20,lattice,1000001000010001000011110010010100110000101100100101001100000001001000010001000011111111110110111011111101111101001100100000001000000000000011110011110100110010111100101101001100101000001001010001000011111111111110111011000000100001000000001111011111011011001111111111111111111111100100100101001100000000001000010001000011110011110100111010111111111101101111111111001001010011001011110011110100110011
-2740436522140458760,20,lattice,1001000010000100000011111111111111111111101101011101011100000001000010000100000010111111111111111101100101011101011100001011011111011111000110010001100101010000000000001000000000001001000111010101000010110111111111111001100100001001010000001001000111011111000000000000100001000000100100011101011100001001000010010101000010110111110111111001101101111111111111011011111111111111111110110101110111110001
-9160593473672500928,20,lattice,1010100110110101111111111111111111111111001000011010010111111011111111111111111100001001101001011111101011111111111111111010101110110101111100000001000000011000000000011000000110011010101111110101111100000001101001011111001010011011010111111010101111111101111100000001000001011001101010111111111111110000000000000001000000000000000000011000000000011000010111010000000110000101111100000001000000011001
-956418152839240245,20,lattice,1111101111111110011001110010000001100110001000000000010000000011000000000100000001111011011111100110111111111111111001100011001000000110011001110011000111100110011100111111111001100111001101111110011001110011001111100110011100100001111001100111001000001110011000000000000001000000001100000000011001101111111111111111111011111011111111101110000000000000010001100000000000000100001011111111111111111111
8314145513407427734,20,lattice,1000100001101010000011111101011010110001101011000110101000001011110001101010000000001000001000000000000011000110101000001111111111101111101110101101011010100000111111011110101110110000100001100000000000000000001000000000111111111111111111110000100001101010000011111101111011111011000010000010001000001011110001101011000011111101011010111011111111111110111111111111110101101011001110111100011010110001
-6697548355334632125,20,lattice,1101000111000110011001000001110001000010111100011101111001110101000111000110011011111111111111111111110101011101111001111111011111011110011100000001100000000000000000001000000000000000000111000000000011110111111111111111110100011101111001101101000111001110011000000001110001000000010000011100011001101111011111011111111111010101110111101111010000011100010001100000000110000000001011010001110111100111
1587922194819940427,20,lattice,1000001000000000000011111111101001110101101000100000000000001001001000000000010010111111101001100101101101110010011001010000001000000000000010110011000001000101101101111010011001011111111111110111011110110011001001100101101101111011011001011111111111111111111110110010000001000100101100110000011001011011111110100111010111111111101101111111000000100000000001001111111110110111011110110010000001000101
-5889638148253361008,20,lattice,1000000010000000000011001001100000001010111010111000010010101111101110000100101010001000100000000010111111111111110110101100101110000100101010001001100000000010000000001000000000001111101111101101101011111011101001001010111110111111110110101111101110101100101011001001100001001010111110111111111110101111101110101101101010001001100000001010111111111111111111101000000010000000001011111111111111111111
6797172949925550550,20,lattice,1010101010100110010011111111111111111110001000101000010001001011101011101111011000101010100001000100101111101110111101100000001010000000010010111111111011111110000000001000000000001010101011100110010000101010101001100100101111101111111111100010101010101111010000000000100001000100001010101000011001000010101010100111010010111110111011111110000000001000000001000010101010101111011011111111111111111111
-574921914108388973,20,lattice,1100011000000010100101000000000000000000111101100010011011011101011000000010110111111110001001101101010001000000000000000100011000000010000111111111111011111111111111101010011011011111111011101111111111010110001001101101111111111111111111111111111010101111110111010110000001101101010001000000001000001111111000100111110101000100000000101001110001100000001011011111111010101111111101000100000000100001
4346577855450788761,20,lattice,1111101110110001111001000010000000000100011000100000000001000111101110110001111001101011101100011110111111111111100111100000001000000000010001100011001100010100011000111011000111001111101111111001111001100010001100010100011000100001000101001111101110111001111011111111111111011111111111111111111111110110001000000001010001100011001100011100000000000000000001000110001110110001111011111111111110011111
1332948455528903248,20,lattice,1110011111110101101101100000001001010000001000000010010100001111111111110111101111101111111101111011011001000010010100000110011111110101101101100101001001011000011001011111010110110110010101100101100100000000001000000000011001010111010110111111111111111111101100000000001001010000111001111111011110110000000000100001000001100100001001011000111111111111111111110110010101100101101101100101001001011001
-5831089734750572721,20,lattice,1000000001110100000111000100011111010011111111110111111110111101010001111101001111011111011111011011100001000111110000111101011001111101001111010111011111011011111111111111111111110000000001010000000000000000011101000001000000000001000000001000000001111100001100000000010101000000110101100111111100111000010001111101001111010100011111011011111111110111111111111000000001110100001100000000010101000001
7244726043854732462,20,lattice,1110101111100001110101000001000000001000011010111100000011001111111111100011110101001001000000001000111011111110001111010100001101000000110000000001000000000000010010111100000011000100000101000000100001101011111000011100111111111111111111111111111111101011110111111111111011111101111010111110001111010100001101000001110000000001000000001000000000010000000001001111111111101111111101101011111000011101
3121141457053056669,20,lattice,1000001000000000000001000010000000000000111000111000110000101111111111101101101111101111111011011011111001111100110100110000001000000000000011000011100010000000110000101000000000001110001111001100001011100111111011010011111111111111110110111100001010001000000011000011100011000000111111111111111111111110001111001101001011100111111011011011111111111111110111111100001110001100001011100011110011000011
5477653687308460791,20,lattice,1111100101100101100101100001011000011001001000010110000110010111000101100001100101111001011000011001111111111111110111011111101101110101100100000001000000000000111110111111010110010000000101100000000000000001001000000000111110010111010110011111101111111101110101111001011001011001111111111111111111110000000101100001000100000001011000011001111110010110010111011111101111111101111100000001011000000001
-509113155073993576,20,lattice,1011110010111010000011111100101111100100001100000001000000000001000000010000000000011000000110000000001111000011100000001111111011111110110011111111111111101110001111001011100000001111110011111110010000011000001110000000000000000001000000000001000000011000000010111100101111100000001111001011101000001111111111111111111011111100111111101100101111001011111001001111111011111110111011111111111111111111
-6710338675147693002,20,lattice,1011111000101111111111111110011011111111001111000000110110100001100000001101101000001000000000000000000011000000110110100011111000001111101011111111011111111111111111111111111111110011111001101111101100111110001011111010111111100111111111110000100000001100001000001000000001000000001111000000111110100000100000001101101000001000000011001010001111100010111111110000100000000000001000111110001011111011
-5832781138292703261,20,lattice,1101001111111110011101000010000000100100111111111111111111110101001000000010010111011111111111100111110101111111111001110000001000000010000001010011000100100101010100111111111001110101001101111010011101010011001110100111010100100001001001010101001100011010011101010011011111100111000000000000001000001101111111111111011111011111111111111111000000100000001001000101001100010010011101000010000000100101
5483332422257263411,20,lattice,1100100100000000000001001001000000000000111010010000000000001111111110011100000000001000000000000000111011110000000000001110101100000000000000001001000000000000111010111000110000001111111111011100000011111111111111111111111010110001000000001100100100001000000011101011000011000000111111111001111000001111111111011111000111111111110111111111111111111101111101011111111111011111011111111111110111100001
-6746342150989817484,20,lattice,1011001110000110100011110011101101111101001000111000011010000011001110000110100011111011111101111101111111111111011111110000001110000000100000000001100000001000000000001000000010001111001111110111110110110011101101101101101100111001011011001111111111111111111100000011100001001000000000111000011010001011001110110111110100000000000000001000101100111000011011001111101111110111111110110011100101101101
7786514381899127441,20,lattice,1010110010011101010011111111100111111111001000000000000000001011110110011111011000101100100111010100001001001001110101001011111110011111011010101101100111010110001000001001010000001111111111111111111111111111101111111111001000000001010000000010000010011100000000100000000001000000101011011001111101100010000010011101010010111111100111111110001000001001110001001010110010011101011010111111100111111111
-3378879544331289003,20,lattice,1001000001000011000011111111111111111111101100011110001110100001000000000011000010111011111000111011101111111110011111111011001111100011101010010001010000110000100100011110001100100001000001000011000010010001011000110000101111111111111111111011111111101111111110111011111001111111000000000000001100000000000000000001000010010001011000111000101110111110001111111001000101100011001010110011111000111011
-6643876994522217035,20,lattice,1100110100000000000001000000000000000000111011010000101001111111110100001010011101001100000000000000010001000000000000001111111100011111011101001101000000000000111111111101111101111111111101011111011111111111111111110111111111010001101001111100110100001000010111111101000111110111110011010000101001011111110100001011011111111111111111111111110011010000000001001100110100001010011111001101000000000101
-1778775291017457024,20,lattice,1100000000010010100001000000000100000000111111010011101011111101000100111010111111001001001110101111110111010011101011111111111110111110111111000001000110101101111111011011101011111101110101111010111111000001001110101111000000000001000000001100000000011010110011111101101111101111010000000001001010001111111111111111111101000000000100001000110000000001001011001100000000011010111011000000000110101101
-8355283012610170541,20,lattice,1100000001000000000001000000000000000000111101100111111100101101000001000000000011111110011111110010110101000100000000001101011001100000001011111111111111111111111111101111111111100100000001000000000011010100011000000000110101100111111100101101011001101110001011010110011001100010110101100110001000101101011001101111001011111110011111111010111111100111111111101101010001100000001011111110111111111111
7065379951784363305,20,lattice,1111111111111111111101111100101001100100001000000000000000000011110010000110010000101000000001100000001011000000011000000111111110111110110101111101101111101101001011001000011000000111110011111110110100111100101001100100001111001011011001000111110010111110010000100000000001000000001000000000011000000111111111111111110101111100101111101101001011001000011001000111111111111111111101111100101111100101
8705192236386242534,20,lattice,1000000001001000001011110011111011111111101000000100100000101011001001001001001011111111111111111111101101111110111111111010001001001000001010100011010010010010101100111100100100110000000001001000001010110011111010010011111100111111111111110000000000001000000010110011010011010011101100111100111100111010001001001001001010110011111010011011101100111110111111110000000000001000001010110011010010010011
-3636501070439191295,20,lattice,1111110000100000000001010100000000000000011111000000000000000001000000000000000001011100000000000000000101000000000000001111111000100100000011111111011111011110111111111111111111111111111001100101001001111100001000000000111111100111110111101111111001101101111011111100001001000000111111110111111111111111111000100101000011111110011001011110111111100110010101101111110000100100001011111110011111011111
-67870235447628834,20,lattice,1000000011000100000011111010111011111100101010101100111111001001101011001111110010001000110011111100111111111111111111111000101011001111110011111011111011111111000000001000010000000000000011000100000010111010111011111100111110111111111111111000000011001100000000000000000001000000100000001100111111001000000011001101000010000000110011011000100000001100110111001111101011101111111011111010111011111111
-6578943465084522236,20,lattice,1111011110110111010001000010000000000000011100110001000101000101001000000000000011111111101101110100011101111011001101000000001000000000000001010011000000000000011100111011001101001111111111110111010001110011001100010100010100110001000100001111111111111111010001110011000101010100011100110011001101000101001100000001000011111111111111111110010100110000000101001111111111111111011011111111111111111111
-3553467097469962901,20,lattice,1111101111110111110101000000000000000100011100100110010001010001000000000000010001111010011001000101111111111111011111110101001000000100010101111011011001000101011110111110010001010101001001000100010101010010011001000101011110111111011011011111111111111111111101010000000001000100011110111110011011010111101111110111110101111011111001001101000000000000000001001111101111110111111101010000000001000101
4964625142624725024,20,lattice,1000010100000001000011010101000011111000111111010000111110001001010100001111100011011101000011111000000001010000000100001111111101101111110000000001000000000000111111111110111111001101110101001111100011111101011011111100111111111111111111101000010100001001000010000101000011111000100001010000101100000000000100000001000010000101000010111000111111010000111111001111111111101111111011111111111111111111
1203946335052950671,20,lattice,1011110111110011011111111111111100110111001000000010000000000011100111110010011100101000001000000000001011001011000001111011111111110011011100101001111100100111001010001011000001110010100011110000011100000000001000000000001010000011000001011111111111111011111111111111111111111111001010001111001001110011110111110011011111111111111100111111001000000010000001000010100000110000011100101000001000000101
-8186737950445968244,20,lattice,1010111111111010011001111111111111110111001011010000000000000011111111111111011100001100000000000000000001000000000000000010111110000010001000001101000000000000001011011000001000100010111111100010011000101111101000100110001011111111001001100010111111111010011000101111111111110111000011010000001000000010111111111011011111111111111111111111001011011000001001100000110100000010001000101111111110100111
885930674457080518,20,lattice,1100100100111111001101000000000000000000111111111111111111111101101110111111111101001000000000000000110111111011111111111100101110111111111101001001001010100010110010011011111110111101111111111111111101001000001000000000010010010011101100100100100000101010000001001001001111110011010010000010001000000100100100101011001011001001001111111011110010011011111111110100100000100000001001001001001110110011
-5549733051068739658,20,lattice,1111110111111110111101111001011001101101001000000000001000000011100100000110100000101001000001101000011111010110111011110111111111111110111100100001000000101000011111011110111011110011100101000110100000111001011001101101011111011111111011110111100101101110110100100001000001101000000000000000001000001111111111111111111100100000000000101000001000000000001001000111100101101110111100111001010001101001
6645823670628503621,20,lattice,1101100100111100001101001000001011000000111110110011110101110101100000101100000000001000001011000000111111111011110111111101101100111101011101011001001011000001111110111011110101111111111111111111111100000000001011000000010110010011110000110000000000001000000000000000000011000000111111111011111111111101100100111101001111111011101111011111110110010011110101110101100100101100001101011000001011000001
8995035197673957440,20,lattice,1100110000000000011001000000000000000000111011000000000001101111110010000000011001001000000000000000010011000000000000101111111010010000011011111111111111000111111011001000000001101111110011010000011011111110111111000110111111001001000001101111111011011000011011111110110111000110111111111111111111111111111011111101011111111110111111011111010011000000000001100100100000000000001011111110111111000111
-80839289376626413,20,lattice,1011000010010001000011111111111111110111001000000001000000000001000000010000000010111010101100010000101111111011110101111011001010010001000010111011101111010111000100001001000000001011111111111111011110110010101100010000000000000001000000001011101010111001000110111010101111010001101110111011111101110011000000010001000011111111111111111111101110101011110101111011101010111101001110110010101100010001
9013631431312963635,20,lattice,1000010100011100000011111111011111011010101111110111110110101001111100111100000010001111001111000000000001000000000000001000011100011100000000000101000100000000111111111111110110101001111101111100100010000111001111000000000001000001000000000000010000011000000000000101000111000000111111111111111110101001111101111101100010001111001111001000111111111111111111111001111101111101101011111111111111011011
-7693811343138691051,20,lattice,1111100110111101111101101001101111011111001010000011100001110111100110111101111100001000000110000010111111011111110111111111111111111101111100101001001110001111001010001011110011110111100111111101111100001000001110000110000000000001000000000000000000011000000000101000001111001111111111111111111111110010100110111101111100101000001110001111000010000001100001100000000000011000001000001000001110000111
2126869467820431925,20,lattice,1001111101111011000111111111111111111111101111110111101110010001000001001000000000011110011110010001000101100101100100010001001001011000000000011111011110110001100111111111101110010000000001001000000000010110011110010001000100000101100000000000000000001000000010111111011111111011000111100111101100010001000001011001000110011111011110111001101111110111111111111011111101111011101100010000010110000001
-2724537085291538356,20,lattice,1110101111101010011101000000000000000000011000001000001000001111111111111011111101101001111010100001111011111110101111110110101111101010000101000001100000100000010000001000001000000110000111000010000101100001111010100001111011111111101111110110000111001010000111111111111111111111010000000000001000001110101111101011011111101011111010111111011010011110101001010110101111101010011101100001100000100001
-1519987762407060464,20,lattice,1100010110000010010101000000000000000000111111111101011101011101111110000110010111001111100001100101010001011000000001011100011110000010010101000001100000000001010000001000000000001101111111010110010111111111111111111111110111111001011001011111111111011111010111000111100001100101010001011000001001011101111111010111010111111111110111111111010000011000000001011111111111010111011101000000000000000001
2156208380153560893,20,lattice,1110100010001000011101000000000010000000011000000000100000101111100010011000011101101000000010000111111111101111111011111111101011011100011111111111111111111111011010001000100001111110100011011000011111111000111111001111111010001001100001110000000000001000000011111000110111000111111110101111111011111111111011111111111111111000110111001111011000000000100001100100000000001000001001100000000010000111
-4065478074589800413,20,lattice,1000100000000100100011001010000011001000111011110100110011101111111101001100111000001000000000000000110011100100110011000000101000000100100011001111010011001110111111111111111111111100101001001100110011111111011111001110111111110101110011101000101000001100100000001000000001001000111111110111111011111111111101011101111100001000000000001000100010100000110011001100111001001100111011111111010111001111
7602094198877095426,20,lattice,1001111101111010111111111111111111101111001111110111101001110001110101110010000100001000000100000001000011010001000000010001111101110010000100000001000100000001100111111111101011110000110101010000000100001101011100000001000000000001000000000001111101111010010110111111111111101111000011010111001000011111111111111111111100011111011110101111000111110111001001010001111101111010011100000000000100000001
6828397941414538608,20,lattice,1101111111011011111101010000000000000000111111111111101111110001000000000000000001011111110110111111010101001100000010000101011011000000110001010111110000101111010100001000000000000101000011000000100011011111111110111111010101111101001111110101011111011011111111111111111111111111010101101100001011100101011111000011111101010000100000001000010101001100000011000101010011000000111001010110110000101111
-8877684686808467880,20,lattice,1101101111011001011101000010000000000000111110111111100101110101001000000000000001011010110000000000111111111111100101110000001000000000000001010011100000000000010100101000000000000101001011000000000001011011111110010101010110111101000001010101101111011000010111111111111111111111111111111111101111110101101111011001010111111111111110011111010110111100000001010101101111010000011101011011110000000001
4660984634092509425,20,lattice,1101100101001110011001011000000011000010111111111111111101110001000000001100001000011000000011000010110111111111111101111101101111001110011101011001000011000110110110011100111001100101100101001100011011011011111011100111110110111111111001110000000000001100001000000000000001000010010110010100111001101101101111111111011111111111111111111111010110000000110001100000000000000000001011011001110011100111
-3705355795406185424,20,lattice,1101010100000000000001000000000000000000111111011001101010110101010000000000000011011101000110000011010001000000000000001101111110011010101101010101000000000000110111011001100010111111111111011010111111111111111111111111110101010001000000111101010100011000001111111111110111111111110111011001101010111111111111011011111111011101000110001011110111111001101011111101010100000000001011010101000000000011
-8616659625094096366,20,lattice,1101111000001011111101010010000000000100111111101110111111110001001000000000010001011010000000000100010111100000101101110000001000000000000011111111111111111111110111101100101111111101111001001011111111011110111011111111111111101111111111110101101000001001010011011110110011111111010110100000101101000101101000000001010001011110000010111111000000100000000001000101101000001011011101011010000010110101
-2129877949365665451,20,lattice,1000000000000000000011001010001001100100111011101011111101101101111010111111011010001010001001100100110011101011111001001000001000000110000011101111101111110110110010101010111001001110111111111111011010000010001001100100110010101011111001001100101000101110010010000000000001100000100000000000001000001100111010111111011011111111111111111110100000100000011001001100111010111110011011111111111111111111
7659956608007688410,20,lattice,1110101011111111111001101000101001010110001000000000010000101111101011111111111000101000000001000010111111101111111111110010101010100101011011111111111111111111001000001000010000100110101011100111111000101000101001010110011010101111011111100110101011101111111000000000000001000000011010101010011101100010100010000101001001101010101001111110001000000000010001100000000000000100001011111010111111111111
-20056391848935209,20,lattice,1000100000000000000011001100000110010010111111110111101111111001110000011001001000001000000000000000100011000000000000001001111000011001001011011111000110011010110111111111101111111101111101111011111111011111001110111111100011000001100000101000110000001000001011111111111111111111110111110001101111111000110000011001001010011110000110011010110111110001100111101000100000000000001011011111000110011111
4699166019156898705,20,lattice,1101001001000011001001000010010000100000111100100101001100100001001001000000000011111111110111111111111101111101111111110000001001000000000011110011110111111011111100101101001100100000000001000000000011111111111111111111110100100101001100101111001011011011001011110010110111110010000000100100001000000101001001000011000011110010110111111011111100111101111111110101001001000011001011110010110111110011
-5774234673166526483,20,lattice,1000001001001001000011001110011010110100111011110110101101001111111101101011110010001010010010010000100011100110101101000000001001001001000011001111011010110100111111111111111111110000000001000000000010001010011010110100111111110111111111110000000001001001000011111111011011111101100010100100101100000000000001000001000011101111011010111100100010100100101101001111111101101111111111111111011010111101
7305261845265469863,20,lattice,1000011100100000000111101111101111110011101011111010011000111111111111111111111110001111101001000001000001110000000000010000001100000000000100000001000000000000100001111010010000011110111111111111001100000011001000000001100011111011011100111010111110111111001110000111001001000001100011111010011000011000111110100111001111101111111111111011111011111111111101111000111110100110001100000001000000000001
7445876673065485631,20,lattice,1111101010110111101101001000000000000000011010001010000010100111101010110110101100001000000000000000111111101011011110110100101000100000001011111111111111111111010010001010000010101111111011111111111101001000001000000000011010101011001010101111101010111111101101101010101101101010011010001010001010100111101010110111101101001000001000001010111111101011011111110100100000100000001001101010101101101011
-2145901440861258495,20,lattice,1000000100000000000011010001000000000100111100010101000001011001000100000000000011111111111111010111111101010101000001011111011101110000010100000001000000000000111101111111000001011101000101000000010111110101011100000101110100010101000001011111011111111100011111110111111101000111111111111111111101111111011111111101011111111111111111111111000000010000000001001111011111110000011110010001000000000001
8442317579865363172,20,lattice,1111111111111111111101010000000000010000011101000100000100000001000000000000000001111111110001111111010101000100000100000111011001000001000001110111110001110110011101101100000100000101000001000001000001111111111001111111011111111111011111110111111111101111111101110110110001010110011101101100011101100001000000000001000001110111110001111110011101101100000101000111011011000001011001110111110001110111
-3506782400296431738,20,lattice,1111111111111111111101000000000011000001011101110100110000010101010001001100000101111111010011000001010001000100110000010101011001001100000101010111010011000001011111111100110100110100000001001100000101111111111011111111011111111111111111110000000000001100000100000000000001000000011111111100111110110111111101001101001101111111110011011011011111111100110111110101011001001100001100000000000001000001
-5276714187702983917,20,lattice,1010000000000000000011101001100001100101001000000000000000001111111111111111111110101000000000000000111011111111011111011110101110000110010110101001000001000000101010011000010001011110101111010110010111101011111101100101111010111001011001011110111111111111110100100000000001000000101010011000011001011110101111110111010111101011111101111101101010010000010001011110111111111111111110101001000001000001
-3724436658062792799,20,lattice,1011111111111111101011111111111111111111001100000010100000000001000000100000000000111000001010000010001111111110100110100011101110101000101000111001001010000010001110011010100010100011101111101001101000000000001000000000001111111111101110100001000000101000000000111111111011111010001111111110101110100011101110101001101000111001001010001010101111111111111111100001000000101000001010111111111111111111
6468505434530613767,20,lattice,1010000100010000110011101011110111011111001000010000000010001111111111111111111110101001000101001111111011111101111111111010101100011101111100000001000000001000101010111101110111111010100101011100111111101111111111111111001000010001000010001010100100011100111110100001000101001100111010111101111111111010100100011101111100000000000000001000001000010000000011001010000100010100111110100001000101001101
-8853547667720182595,20,lattice,1000000001010001000011000110110111110010101001101101111100101111011011111111101111111111111111111111100001100101001100001000001001010001000011110111111111111011100001101101001100100000000001000000000011100110111111110010000000000101000100001000011011011111001010000000010101010000100000100101001100000000000001000001000011100110111111111010111101111111111111110000000001000000001011100110111111111011
3306031426239951446,20,lattice,1010011101110110100011100111011101101001001000010001000010001111011111111111111111111111111111111111001001010001000010000010011101110110100000000001000000000000111001111111011010110010010101010100100000100101011101101000000000010001000010001110011111111110101100100101000101001000001001010101011010001110011111111111101100000001000000001000111001111111111111111110011101110110101110100111011101101001
-7905882479445141460,20,lattice,1110011111101111100101100111101010111001001001100010100110011111111111111111100101101111111011111001000001000000000000000000011000000000000100100111001010011001001001111010100110010110011111101111100100000110001010011001111001111111111110010000011000001001000101100111101011111001001001111010101110010000011000000001000100000110000000001001111111111111111111111111111111111111101100000100000000000001
-5491634453580226098,20,lattice,1010001110000111110111110011110011111111001000110000011111011011001111001111110111111111111111111111111101111100111111110000001000000000000000000011000001011101001000111000011111011010001111001111110111110111111011111111111101111111111111111010001110001111110100000010000001001100000000100000011111010000001000000101110000000010000000001000000000100000000011001010001110001111111100000010000001011101
-4588072521900343655,20,lattice,1010010100100100000011111111111011111001001000010010010000001011111111101111100110101111011011110001001001010010010000001010011100100110000000000001000000000000101011111110111110011010011101100110000000000001001001000000111111111111111111111010011101101111000100000001000001000000101001010010011000001010011101100111000010101111011011111001111111111110111111111111111111101111101110100111011001110001
7391977409236986128,20,lattice,1011010010110000100111111100111110101101001000000010000000000011010000100000000010111100101100001001001001000010000000001111111011111010110111111111111111111111001101001010000000001011110011110000100100000000001000000000001101001011000000001011110011111000100111111110111111111101101111001111101010011111111011111011110100110100101100001000101111001111101011011111111011111111111100110100101100001001
-2268127998522872103,20,lattice,1010000000000000000011111110101101111111001000000000000000001011111010110111111110101000000000100010101011000000001000101010111000000011001111111111101111111111101011101000001101111111111111111111111110101110101001110111101011101011011111111111111010111111111110101110100001110111101000000000001000001010110000000011001110101110100000111111101011000000001101111010000000000010001010101100000000100011
-9156209719053314245,20,lattice,1100000101101100111001000000010000000000011000010110110011101111011101101110111011111111111011111111111001110110111011101110001101101110111001000001010011000110111001111110111011100000000001000000000001000001011011001110111111111111111111110100000001001100001001000000010001000000111000010110111011101111011111101111111101000001010011001110010000000100110001100100000001000000001011110111111011101111
4299483601492368573,20,lattice,1111110111111011111101001000000000000000011110010110100110110101100101001001101100001000000000000000011111010110100110111111111111111111111101001001000000000000011111011110100111110100100101001001001001011001011010011011011111011111100111110100100100001000000001111101111111111111011111011111101111110100100100001001000001001001000010011000011111010110100111110100100100001001001001001001000010011001
-5631847188914345647,20,lattice,1100010000011101000101000100000011010001111101101101111110111101011000011101000111111111111111111111000001000000110000001100011000011101000111010111110111111011110101101101111110111101011001011101000111010111111111111011010001000001110100010000000000001000000000000000000011000000110101100101111100010000010000001101000111010110010111111011111101111111111111111101011001011111001100000100000011000001
3154106241748054426,20,lattice,1101101010010101001001001000100000000000111111111101010110110101101010000000000000001000000000000000110111111101010110110100101010000000000011011011100101010010000010001000000000001101101111010101101011111111111101011011010110101001000000001111111111011101101101011010100101000010111111111111111111110101101010010101001011011010100101011010111111111111010111110101101010010000001011011011110101011011
2692892467577110468,20,lattice,1110100100100100100001101000001001001000001000000000000000001111101100100101100000101000001001000000111111111111111111111110101100100101100001101001001001001000111110111111111110111111101101110101100000100000001001000000011010010011010010001111101100101101100000100000000001000000111110110111111110011110100100100101100000101000001001001000111110111111111111111111101101111111101111111011011111011001
-7794879537365980559,20,lattice,1100000100000000000001000000000000000000111000011000010101001111001111000101010011111111111101011101111101111101010111011110001111000101010001000001000000000000110000011000010101001100000111000101010011110111111101011101111000111101010101001111111111111101110111000001000001000100111111111111111111011100000100000101010011110011110101011100110000010000000001001111111111111111111111110011110101011101
-8523101428096223140,20,lattice,1011011011111101110111110111111111111111001000000000000100000011010011111101010111111111111111111111001001001001110101010010011011111101110100100101101111010101001000001000000100000010010011111101010100100100101111010101001000001001010100000010000010011101000100100000100001010000101101111111111111110000000000000001000000100100111111011101001000001001110101011011011111111101111100100000100001010001
-481213830747669445,20,lattice,1001001100000000110111010111100001001101111111111110111111010001001100000000110011011111111011111101000101110000000011010000001100000000000000000001000000000000100101111000000011011101011111000100110111010111111001001101111111111111111111011101011111101111110110010111100001001101110101111110011111011101011111000101110100000011000000001000000000110000000011001111111111111111111100010011000000001101
6360870790594365090,20,lattice,1000000000000000001011000000000000000010111100010000100001111101000000000000001011111101100010001111111101011000100011111111011110001000111111010001000000000010110100011000100001101111111111011000111111111111111110001111111111111001100011111101000100001000001011111111111111011111111111111111111111111111111111111001111111110001100010001111110100010000100001100000000000000000001011010001000010000011
4905702136509073308,20,lattice,1111111111111010111001000000111000100000001000001110001000000101000011100010000001111001111110101100011111011111101011100111111111111010111001010001111100100000000000001000001000000000000011100010000000000000001000100000010100001111001000000111000111111010110011111111111111111111000000000000001000000111111111111011111101010001111100101000011100011111001011000111100111111010111001111111111110101111
5500212268292764564,20,lattice,1001111101001111111011111111110111111111101111110100111111100001000000000111010000011111010001111110000101100100011111000001001001000111110000010111010001111100101111111101111111110001000001000111010011111111111111111111101111110101111111110001111101001111111000000000000001110000000000000000001000000000000000000011000000010000000001111100000000000000011101000001011101000111111010111111010011111111
8055568307256835165,20,lattice,1000100000000000010011001000000100000100111110110001100011011001100000010000010100001000000000000100111111111001100011111101101000011000110111011011000110001101111110111001100011011111111111011011111111111111111111111111100010000001000001001101100000011000010111111111110111111111111111111001101111111111101110011001110111011000000110001101000000000000000001001111101110011000111110001000000100000101
-8317912816235543967,20,lattice,1011011100111111101111110111111111111011001101110011011110110001011100110101101111111111111111111111000001000000000000000000011100010101001100000101000001010011101101111011111110111011011111111111101100000111001101011011000001010001010100110011011100111111101100000100000001010011000001110011011110110000010000000001000000000111000101011011101101111011111111110000010000000000001100000100000000000001
9106450065022895005,20,lattice,1001100100000100000011011001000011000000101110010000111100000001100100000000000000001001000000000000111111010110111101001111101101101111010000000001000000000000111111111110111111001111100101101111010011111001001011110100111111111111111111111001100100001100000000011001000001000000100110010000111000001001100100001111000011111111011011111100111110010000111101001111111111101111111111111111111011111101
-5157383100032922871,20,lattice,1100000001000000100001000000010000001000111000000101000010001111110001110101101111101100011101011011111001000101000010001111111001111101111111111111011111011111111111111111110111110000000001000000100011100100011100001000110000000101000010001111110001111101101111100100011101011000111111111111111111111110010001110001100000000000000000001000111111000111110111111110010001110001101011100100011101011001
-5321353951176738809,20,lattice,1100001110100001100001000010100000001000111000111010000110001111001110100001100011111011101000011000111111111010010111110000001010000000100001000011100000001000000000001000000000001111101111100101111101000011101000001000111111111111011111111111111111111111111111111011101001011100111111111010011111110100001110000001100000000000100000001000111100111010000111001111101110100101111111111011101001011101
-1924721591668158551,20,lattice,1011111111011011111111111111111110111111001100111101000110100001001111010001101000111011110100011010001111111101101110100000001110000001101000000001000000000000000000011000000110100000001111000001101000111111111110111110000000111101000110100011101111011001101011111111111111111111001110111101101110100000000100000001000000000001000000011000001111111101101111100000000100000001101000111111110110111111
6819779180921261420,20,lattice,1101111111111111111101011110101111111101111111111111111111110001100010100001110100001000101000011101000011001010000111010001111010101011110100011111111111111101000000001000000000010001111011111111110100000000101000000001000111101011101111010001110010101011110100011110101111111101000011001010001111010000000010100001010100000000101000011101000000001010000001010101111010111111111100000000000000000001
-7308373662214168513,20,lattice,1010111101000111001111111111111111111111001010110100011100110011111101000111001100001011000001110001001011110100011100110000001000000000000000000011000000010001101111111110011100110000001101000011000110111111011001110011101111111111111110111010111101001111001100000011000001110001000000110000001100010000001000000001000110111111111011111011101111111111111111110000101100000111001100000010000000000001
-4834794927838747504,20,lattice,1111111011111101111101000100000010000000011111101111100011110101110010111000100001001100000010000000000001000000100000000101111010111000100111111111111111011111010011001011100010000101111011111000111101001100001010000000010011000011100010000000000000001000000001111110111111001111111111111111111111110111111011111101111101001100001010001000010111101011100011110101111010111000101101011100101110001001
-3105831083700390613,20,lattice,1000000000000000000011111111001111101111101101110000000001111001010100000000000110111111000101100111100001010000000000011001011100000000011110000001000000000001111111111011111011111111111101111110111110111111001101100111101101110001000001111011111100011110011110110111000101100111101101110001001001111111111111111111111110111111001101101111100101010000000001011001010100000000011110000000000000000001
-2285519526557046852,20,lattice,1111111111111011111101100000110110011110001000001101000111000111011011011011111001111111110110111110011001001101100111100110011011011001111001100111110110111110000000001001000000000000000011010000000001111111111110111111000000000001000000000010000011011001111011111111111111111111011001101101101111100000000010010001000000000000100100001000000000001101000111000010000011010001111001111111110110111111
5829832149202913395,20,lattice,1010010111100111110111110101111011111101001000000000000010000011000001100000100011111111111111111111001001000110000011001111011111111111111100100101111001001101001000001110000010000000000001000000100000100000011000001000111101011111111111010011010111101111110100100100111001001101001001011110011011010010010111100111110100000000000000001000001000000110000011001111010111111111111100100100111000001101
-7880002096461710144,20,lattice,1000000000010000000111000000110110000001111110011101100100011101100111011000000111001000110110000001111111011111111101011111111111111111011111000001110110000001100000001101000000011000000001010000000111111001111111110101000000000001000000011000000011011000000111111001110111110101111110011101101100011101100111011001000111111111111111111111111110011101101101011111110111111111011100000000000000000001
2976100182729681073,20,lattice,1100000000000000000001000000000000000000111101000011000001011101000000000000000011111100011110100101110101000011000000001111111011111111010111111111111111110111111111001111111001011111010001110010010111010000001000000000110100000011000000001111010001111010010111111100011111100101110101000011001001011111110001111111010111111111111111111111110101000011000001011111111011111111011111010000001100000001
-7454603106242220103,20,lattice,1000000000000001000011000000010000010000111011011101111100111111110111011111101111001000010100010000110011011101101100011111111111111111111111001001110100110000110010001101000100001000000001000001000011111101111111111011100000000101000100001100100111011011000011001001110111110001110000000100001100000000000000000001000011001101110110111011111111011111111111111100110111011011001111001001110110110001
3907018367967825290,20,lattice,1100000001010000000101000000010000000000111001101111100111111111011111111101111111101111111111011111110001001111100110011100011011111001110111100111111111011111110000001111100100010000000001000000000011000000011100000001010000000101000000001100000001111000000111100110111111011111111111111111111111111100000001010001000111000000111110011001110001001111100111011100011011111001111101000000010100000001
8791253106993961058,20,lattice,1100010110001011100001000001100010001000111011011100111110001111110111011111100011001101100010111000010001011000100010001111111111111111111000000001000000000000000000011000000010001100110111001111100011111101111111111000110011011101111110000000000110001000100011001101100011111000000000011000101010000100010110001011100000000001000000001000111111011111111111001111110111111111101011111111111111111111
1227457275736308922,20,lattice,1110000110010100101001100001100101001010001000011000010010101111000110010101101011111111111101111110111101011001011110101111011110010111101000000001100001000000000000001000000000001111011111110111111011110111101101111010000000011001010010101111111111111111111000000000100001000000111000011001011010101110000110010101101000000001100001001000111101111011011111100000000110000100101011111111111111111111
-6042911952068627023,20,lattice,1111111110111001110101001100001010001000011111011010100111010101110110101001110100001100000000001000000001000000000000000111111110101001110101001101001010001000010011011010100010011111111111111101111100000100001000000000011111111011100111010000110000101000100001111111101011011101111111111111111111110100110110101001100100000100000000001000010011011010100111011111111110111001111101001101001010001001
2725600348077455792,20,lattice,1000000000000000000011111110111111111110101001101111000100101011111011111111011010101110111100010010100001000000000000001000011001110000000011111111111111111111100001101111000000101000010001000000000010000100011000000000100001000111000000001010111011111001011010101110111111110110101011101111101101101000011011110001001010101110111111111110100001101111000101101000010001100000001011111110111111111111
-8501203535697014433,20,lattice,1110111111101111111101100101011000000000001000010110000000001111111111111111111101101101011001000001001001010110000000000110111101101111111100000001011000000000011011111110111111110000000001000000000000000000011000000000111011111111111111110110110101101100000101100101011001000000011011010110111111110110110101101101111101101101011001001001011011010110110011010110110101100100101101100101011001000001
-626741555315323367,20,lattice,1111111101110000101001001000000000000000011010000000000000000111111101100000101000001000000000000000011011000000000000000110111001100000000001101111011000001010111111111111000010100110110001000000000001101100011000000000011111110111000010101111111111111100101111111111111101001010111111111111111010111111111111111111111101101110011000001000111111111111110011110110111001100000101011111111111101001011
5287451953806520794,20,lattice,1111111111111100111101000011001011001101011000110011110011110111111100111100111101101011001111001111011011110011110011110000001100000000010100000001000000000101011111111011110011110111111111111100111100000011001011001101010000110011110011010000001100001000010100000001000001001101111111111111111011111111111111111111111100000001000000001101000000000000000001000000001100101100111100000000000000000101
5773992327648402284,20,lattice,1010110110101001001011111101111110011110001000011000100000101011110111101001001000101101101010000010001001011010100000101111111111111111111100000001100000000000000000001000000000001010110111101001001000100001101010000010101111011111100101100000000110001000000011111101111111111111111111011111101111100010110110101001001010111101111110011110101111011110100101100000000110001000001011111101111110011111
-8182397444947698077,20,lattice,1110011110101111111101000010000001101000011001111010111111111111011110101111111111111111111011111111010001101000011010000000001000000010000001000111101001111111010000101000011010001110011111101111111101000110101001111111111111111111111111110100011110101111111100000000000001100000000000000000001000000100011010000111110100000000000001101000010000101000011011000100011010000111111101000010100001101101
-3307678368961220205,20,lattice,1100100111011001000001001001110100000000111111011101111110101101100111011111101000001000010100000000110011011101100110101111111111011111101000001001010100000000000010011101000000000000000001010000000011111111111111111110000000000001000000000100100111011000000011001001110111111010110010011101101110100100100111010001000011001001110110011010111111011101111111101100100111011001001011111111111111111111
8590491174726388081,20,lattice,1110111101110001011001101000001100000100001000000000000000001111111111110101111100101000001000000100011011110111000101100110101000110000010001101011011100010110111011111111000101100110101001110001011000100000001000000100001000000001000001001111111111111111111111101111111101010111111111111111011111110110101000110001011011101111111101011111001000000000000001000110101000110000011011101111111100010111
-4339651556325971213,20,lattice,1100110011111111111101001100101111010111111011101111111111111111111011111111111100001000100010000011000011001011110101111100111011111111111111111111111111111111000000001000100000110100110011111101011100000000101010000011000010001011110100110000000000001000001100001000101011000011010011001111111101110000100010101101001101001100111111011111000010001011110101110000000000000000001000000000000000000011
8222265842369665981,20,lattice,1011100000010010010011111000010100100100001000000000001000000011000000010010000000111000000100100000111111000111001011001111111001111111111111111111111111111111111111101111111111111011100001010010010010111000011100101100001000000001001000001111110001111011111111111100011111111111000000000000001000001111110001110011110000111000000100101100001110000001001001001111110001110011111111111100011100111101
-5605024599830488988,20,lattice,1110111111110111000001000100001001010000011001000010011100001111111111110111000001101100001001110000000001000010010100000110111111100111000001101101001001110000011011011010011100000110110111100111000000000000001001010000011011011011011100001111111111111111111100000000000001010000010001000010011100000000000000000001000011111111111101111000111111111111011111001111111111110111111111111111111101111101
-5073146334325804241,20,lattice,1000010010111001000111110111101111110011101101111011101100111001010010111001000111111111101111111111000001000011100000001001011010111001000110010101101110110001000001001011100000001111111111111111111100000000001110000000000000000001000000000000000000011000000010110111101111110011100101001011101100010000010010111001000111110111101111111011111101111011111111111001011010111011001100000000001110000001
1672732284293876648,20,lattice,1011001010101010011011110010101010100110001000001000001000000001000010001010001011111010101011110110111111111111111111110011001010001010001011111011101011110110000000001000000000001111101111111111111100110010101010100110111110111011111101100000000010001010001000110010100011100010000000001000001000001111001010101111011011111011101111111111001100101000101001100000000010000010001011111011101111110111
919979174120026622,20,lattice,1110011101110110111101100010010000100101001000100000000001001111011101110110111111111111111111111111011001100100001011010000001000000000010001100111011001101101111101111111011011110010001001000000010001100110011001101101011001110111011011011111011101111110111101100110010001101101001000100100001001011110011101110111111101100010010000101101000000000000000001000110011101110110111100100010010000000101
-3587218774991483694,20,lattice,1000000000100000000011000100001000110000111101110010001100111101011100100011001111111111001001110011100001000010001000001100011000100011000111000111001000110001111111111010111110111111111111111111111100000000001000000000111111111011111110111111111100101111001111110111001001110011100000000010001000001000010000100011000011111111001011111011111111111010111111111100011100100011001111000100001000110001
-6449646079156970923,20,lattice,1010111111100111101111101111111001111011001000000010000000001111111111100111101100101100001001100011001001000010011000010010001000100100000100101111111001110011001011101110011100110010111001100110001100000000001000000000111111111111011110111111111111101111101100100000001001000001001000000010011000010010111001100111001100101111111001111011111111111111111111110010010000100110001100100000001000000001
3472501951618866545,20,lattice,1000000000000000000011110100101111100111101101000000111001111001000000000000000011111110101111100111100101000000000000001111011010111110011111111111111111101111100101001000111001111111111011111110011110110100101111100111101101000001111001111001010000001110011110010100000001100000100101000000001000001111111111111111111111111110111111101111100101000000011001011001010000000000001010010100000001100001
-7771574867224224876,20,lattice,1011001000010010011001110010000100100110001100100001000001100001001000010000010011111110111110101111101101100001001001110000001000010000010011111111111111111111111101101111101011111111001001010010011111110110011110101111000000000001000001001111011001011010111111111110111111101111001100100001001001101111111011111111111111110110010100101111000000000000000001000001001000010000011010110010000100100111
1527162017473821792,20,lattice,1111011101010111101101110111010100011010001101110101000110100001000001000000100011111111111111111111000101000100000010100001011001000000101000010111010100001010111101111111111110110000000001000000000000110111011100011011000101100101000010101111011101011111101101110111010101111011001101110101001110110001011101010001101000000000010000001000111101111111111111110001000001000000101000110111010100011011
5441141099658620040,20,lattice,1000000000001000000011111111111111111111101111111101111111111001111111011111111110001000000010010000100011111101111111011000101000001001000010001011000011110001100010111101111100011000101101001111000110111111111111111111100010110101111100010000000000001000000010001010000011010000100010100000111100001000000000001001000010001011010011111001100010111101111101011000111111011111111110001010000011110001
-542282747811596907,20,lattice,1111100111111111111101000001000000001010011010010000000010110111100101011100101101001001000000001011111111011111111111111111111111111111111100000001000000001000011110011111111011110110100101000100101101111001011111001011011010010101010010110110100101011100101101001001000001001011011110010111111010110111100101011101101100000000000000001000011110010111111011110000000000000000101001000001000000001011
-3139049718606257480,20,lattice,1101111111010011110001010111100100111100111111111111001111000001000000010010010000011111100100111100000101110001001111000001001000010010010000010011000100111100000101111001001111000101111111010011110011011111111100111100000000000001000001001111111111111011110011111111111111111111000000000001001001000001001000010011010000010010000100111100000000000000000001001111111111111011111111111111111110111101
-8322218253822487205,20,lattice,1110100000011100101101101000000011001011001000000000000000001111100000011100101100101000000011001011111111000001110010111111101101011100101111111001000111001011111111111101111010111111100101011100101111111111111111111011011010000001110010110010000000001000100000100000000011001011111111110101111010111111111101011111101100100000000000001000111111111111111111110010000000001000101100100000000010001001
-1173281692681663353,20,lattice,1111111111111111111101000000110000001000011110111101110111110101101111010101101101001000110000001000011111111111111111110100101011010000100001001011110101011011000000001000000000000000000011000000100001111011111111011111010000001101000010000101101111011101111101001010110101011000011110111111111111110100101011010001100000000000100000001000010010101101010111110100101011010101101101001010110101011001
-200725169144649434,20,lattice,1001111011001110101111111110110011101011101111101100111010110001101010000100001100001000000000000000000111101100111010110000101010000100000011111111111111111111000010001000000000000001101011000100001111111110111111111111111111101101111011110001101011001100001100001000100001000000000110101100011000111111111011011111111100011010110011101011111111101100111011110000101010000100001100001010100001000001
7966931814737439337,20,lattice,1101111110101101001101011011001011010011111111111010111110110001100100101001001100001000001010010000010111111010110100110001101100101001001100001001001010010010010110111010110100111111111111101111101100000000001000000000111111111111111111110000000000101001000000001001001011010011010110110010111100110000000000100001000011011111101011111011111111111110111111110000100000101001001000001001001010010011
-9056748482504588932,20,lattice,1010010100010111110011100101000111111110001001010000001100001111111111111111111111101101100111111110000001000000001000001110111111111111111000000001000000100000111001011001111111101110110111111111111011101101101111111110001001010001001100001010010100011111110000100101000101110000000000000000001000000000010000000011000000100101000101111100001001010001011101000010010100010111111011101101111111111111
6689470320379744476,20,lattice,1110101101111110100001101011011001101000001000100110000010001111111101111110100000101010011001101000111011110111111010000000001000100000000000101011011001101000111111111111111011110000001001100000000000000000001000000000011010110111011010000110101101111110100000100010011001101000001000100110001010001111111111111111111100000010011000001000111111110111111011111111111101111110101111111111011111101001
-1860246951895475122,20,lattice,1000000001000000000011000000010001001010111101110110110110111101001101100101101011111111111111011011110101110110110110101100001101000100101000000001010000001010111101111111110110110000000001000000000011000011011001001010111101110111110110111101001101101101101010000000010001001010111111111111111110111100001101100101101000000000010000001000111111111111111111110000000001000000101011010111011011011011
2961683996744355781,20,lattice,1111111111111111111101011011001001101011011110111111011110110001001000000000000100011011001001101011011111111111011110110000001000000000000100010011000001100011010110111111011010110001101101100110101100010011001001100011010110110111011010110111111111111111101100010010000001100001000100100000001000010101101111110111101100010011001001101011011111111111011111110001001000000110001100000000000000000001
3235365434134868166,20,lattice,1110010111110101111101100101101100011101001001010011000011011111110111111111111111101101111111011111000001010000000000011111111111111111111100000001000000000001000001011011000011010110010111110101111100000101001000000001000001010011000010011110010111111101111101100101101101011101111011011111111111110000010110110001110100000101001000001001000001010011000011010110010110110101111100000000000000000001
2832550661149895900,20,lattice,1101000111011000110101000000100000001000111110111111111011110101000110001000110111011001111111101111111111111111111111111101101111111110111101000001100000001000000000001000000000000101000111011000110111010001111110101111010100011001100011010100000110001000100011010001111111101111110100011101101011111111101111111111111100000000100000001000010000011000100011011101000111011000111101000001100010001001
-8102480718008845733,20,lattice,1111111111111111111101011110011101101100011111111111111111100001100000100000010000001000000000000100000111100111011011000001101001110110110001011111011101101100010111111111111011000001100001110110010000001000001000000100000110000011010001000101111101111110110000011000001001000100000110000011011001000101111111111111110000011000011101101100000000000000000001000101111101111110111001011111111111111101
1399291379288947124,20,lattice,1100100100000000000001000000000000000000111110110010101010101101100100101000100001001000000000000000111111111111111111111101101100101000100001001001000000000000111110111111111111111111101101111111111111001001001010000000111110110011101011100100100100001000000011111011001111101110110110010010101010001111101100111111111001001001000000001000111110110010101011101101101100101010101011111011001111111111
3812747562637631162,20,lattice,1000101010000000000011111110111101110101101110101101001101011001101011010011000100001010100000000000101111101101001101010000001000000000000010111111111100110101000000101000000000001000101011010001000010111110111100110101100010101001000000001111111111111111110110111110111101110101100010101101001100000000001010000001000011111111111101111101100110101101001101011111111111111111111110001010110100010001
9009449005864007984,20,lattice,1111110101111111110001111101011111111100001011000001000000000011110101011111110000001000000100000000000011000001000000000111111101111111111100101101000100111000111111111111111111110010110101011011100000111101011111111100000000000001000000000010110100011011100000101101010111111100001011000001001110000010110000010001000000101100000100001000001011010101101111000111110101111111111001111101011111111101
958873684744468613,20,lattice,1001101001000010101111011010010000101011111110100100001010110001101001000010101100001010010000101011111111110111111111110000001001000010100111111011011111111111111111111111111111110000000001000000100111111010011111101011111110100101101010111101101001001010101111111010010111101011000000000000001010011111101001111111111100000000000000001001111110100101111011110000001001000010101100000000000000000001
1959669151560637360,20,lattice,1111010111011111110101100000010000100000001000000100001000000111010101011010110111111101110111111101011001000100001000001111111111111111111101100101010110101100011001011101111011010000000001000000000011111101111111111111011001000101001001000110010001001010010001100101010111101101000000000100001000000111010111011111110101100100010100101100011001000100001001000111010111011111111101100101010110101101
1311324891505256145,20,lattice,1110000000000000001001000000000000000000011000000000000000001111110110111001001111101101101110010010111001000000000000101111111111111011001111100101000000000010111001011011100100101111110111111001001111100101001010000010111001010011100000101110010000001000001011111111111111110011111111011111101100111110010100111001001011111111111111111111111111111111111101110110000000000000001011100101001110010011
5014220910538876971,20,lattice,1100111011000110101001000000010000000010111011101100011110111111111011111111111101001000110001101010010001001100010010100100101011000110101011111111111111111111010000001100000000100000000001000000000011101110111001111011111011101111011110111110111011101111101101000000110001000010010000001100011000101100111011000111101001000000110001001010111011101111011111110000000001000000001011001110110001111011
-5447377975424374360,20,lattice,1000100000100000100011001011001000001000111110110010000010001101101100100000100000001000001000001000111111111111110111111000101000100000100010001011001000001000111110111011100010001111101111111101111000000000001000000000111110110011100010001111101100101000100011111011101111011110111111111111111111111111101110111001111000000000001000001000111110111011100011001111101110111000111011111011111111011111
-3484202738602696345,20,lattice,1001110010010101111111111111101101111111101111001001010111110001000000000001000000011000100100010110000111001001010111111011111110110111111100011101100101011111000100001001000100101111111111110111111110111100101101011111000100000001000100001111111111111111111100011000100101011110101111011001011111110000000000000001000000010000100100011110000100001001000101100001000000010001001000011000100101011111
-3560049888215470839,20,lattice,1010000001010001001011101111010111011111001000000001000000001111111111111111111110101100010101010111101001000101000101101010111001011101011110101111010111011111111011111111110111110010000001010000000011101111011111011111000000000001000000001010110001011101011110100100010101010111111011111111111111110010000001010001001010101110010111011111001000000101000101100010000001010000001010100100010100010111
8861476644371326733,20,lattice,1100101010000010110001001010100000101100111010111001111111111111101110011111111100001010000000100000111111111101111111110000001000000000000011001011100000101100000010101000001011001110101111011111111111111111111111111111110010111001111011110100101010001010110011001011100011101100000000100000001000001100101110011111111100001010000000101000000010100000001011000000101000000010111011001011100011101111
-6484234898737808777,20,lattice,1001010111010001000111111111111111111101101101111101111101010001010111010000000010111111110111110101000001001000000000001001011111010011000100000001100000000000000000001000000000000000010111010000000010111111111111111101000000011001000000001001011111011011000110010111110111110101100101011101001100010001010111010001000010110111110111111101100101111101101101011111111111111111111100010101110100010001
721344541113283797,20,lattice,1000011101000000000111110111010011101011101101110100001010111001011101000010001111111111111111111011000001110100000000010000001000000000000000000011010000000000111101111110111110110000001001000000000011110111011011101011111101110111111010111011011101001010101110110111010011101011000001110100001000011111011101101111101110010111010000101011111111111111111111111000011101000010001100000011010000000001
-1615070494056175048,20,lattice,1000000000000000000011000010100000100011111011101110111100111111111111101111111111001110111001110011110001101110011100111000001000000000000011101111111011111011100000101000001000111100001011000110001111000010111001100011111111111111111111111100111011101111001111000010100001100011100000100000001000111100001011100111001111101110111011111011111011111110111111111000001000000000001110000000000000000001
-6191694465165378773,20,lattice,1111111111111111111101101100011101010100001011000111000100000111110111111101111100001100011100010000000001000011000100000111111111111101111101101101111101010100011011001111010101000000010001110001000000000000001000000000000000000011000100000110110011111101010000101100011101010100011111111111111111110000000000100001000001101101111111011111001011000111000101000110110111111101011101101101111111010101
-3575497496172384712,20,lattice,1000000000000000011011010111111111010111101101111111110111111001000000001000011010111111111111011111100101000100100001101001011011111001011110010111111111010111100101001110100001101001000001001000011010010000011010000110100101001111100001111000000000001000011010010110111111010111111111111111111111111001010011111001011110010100111110011111000000000000000001100000000000000000001010010100111010000111
-8427704348436301676,20,lattice,1000000000000000000011101111111111101101101011111000011011011111111111111111110110001011100001101101100011111000011011011000001000000110110110000011100001101101100000101000011011011010111111000110110110101111111111101101101011111101111011011010111110001110110110000000000001000000100000000000011011011010111111111111110110000000000000001000100000000000010001001111111111111111111110000000000001001101
-405615434502737495,20,lattice,1111111110111111111101010101000111111111011111111011111111110001010000011111111101011111101111111111000001000001000000000101011110111111111100010101000111111111010101011001111111111111111111111111111101010101101111111111000000000001000000000000010000011110111100000100000101101110000001000001001011100000010000010111111100000100000100001010000001000001000011100000010000010000001000000100000101101111
2781507365585890498,20,lattice,1011011100001111010011111111000011110100001101110000111101000001000000000000010000111111000011110100000001000000000001000001001000000000010000010111000000000100111111111000111101001111111111001111010011111111111011110100111111111111111101010001011100001110010000010111000001100100000101110000001001000001011100001111010011111111111111111101000000000000000001001111111111111111111111111111100011110101
285268006054980101,20,lattice,1111101111111111101001111010110111111010001000101000100010100011101011011101101000001010100010001010111111111111111110110000001000000000101000111011110111011010000000101000100010100010101011011000101001111010111111111010001010101001100010100000001000001000101000101010110111011010001010101101111110100010101011011001101000000000000000001000111111111111111111110000000000000000101011111011111111111011
6762689787556842540,20,lattice,1100110011100000000001001000001000000000111111011111101111111101110111101010101100001000001000000000010011001110000000001111111111111011111111001101111000100000010010001010000000000100100011100000000000000000001000000000110111011111101111111100110011101010101011111111111111111111110011001110001000001101110111101011101111001100111000101000110111011110101111111100110011100010101011001101111010101011
-5840797357333645252,20,lattice,1111111111111101111101010110010111011111011111111111110111110001010000000001001100011110010111011111000001000000000000010001011000000001101101011111110111011111010111101101110111110001011001011101111101011110111111011111000101100001000110110001011000001001101100010110000111011011111111111111111111110000010000000001001100010100000000011011000101100001110111110000000000000000001100000000000000000001
8734385747427356209,20,lattice,1000011000010000101011000110110100101010111011111101011110101111111111010111101010001111110100111010000001100000000010100000001000000000100010000111110100111010100001101101001010100000011001010000101011111111111101111011000001100001000010101111111111111111101111001111110101111010100001100101001010101000011011010011101000000000000000001000111111111111111111110000001000000000101011111111110101111011
-1652851142166822051,20,lattice,1111101111011111111101101000100111111000001000001000001110000111100010011111100000101000100101111000111111111101111111110111101110011111111001111001100111111110000000001000001000000111101111011111111111111111111111111111001000001001001110000010100010011111100000100000100101111000000000000000001000000000000010000011000000000000100000111000011110001001111111000111100010011111111001111011100111111111
2868130062123069259,20,lattice,1100001000000100001001000000000000000000111100100100010000101101001001000100001011111110010011010011110001100000010000100100001000000000001011111111111011011011111111101100110100111100001001000100001011111110111011010011111111111111111111111111001001001101001001000010000001000010111111111110111110111101001001000101001011111110111011011011111111111110111111110100000000000000001011110010010001000011
4282919446779684715,20,lattice,1010000110000111110111101001101101111101001000010000011100001011100110110111110110101001101101111101111111111111111111111111101111111111110100000001000000010000001000011000011101011011100111111111110110100001101001111101101000011011011111011010000110111111110100000001000001010000000000010000011100000000000000000001000000100001100001111101000000010000010101001111101111111111111100100001000001110101
4491447667832588702,20,lattice,1000100000000001000011101111110010011001101010100000000100001111111111001001100100001000000000010000101011100000000110001000101000000001000010101111110010011001101011101100000110011010111001000001100011111111111111011101111011111101100110011010111011001001100111101111110111011001111111111111111111010000000000000001000010101010000000011000111111111100100111011111111111111111111110101110010000011001
2211128976444216591,20,lattice,1000001111000011000011000111110100110011111111111111111111111101011111111011011111001111111110110111100001111101001100110000001100000001000000000001000000000000000000111000001100000000001111000011000011000111111100110011100000111101001100011100011111111011011111001111111111110111000000110000001100000000000100000001000011011111111110111111110001111111001101111000001111010011001110000011110000110001
6890312289499478247,20,lattice,1110000000000011010001100000000000110100001000000000000001001111000000110011010011111111101101111110111101000011011111101111011110110111111011110101001101111110111101011011011111101111111111110111111111100000001000110100111000000011001101001111111111111111111111110000001101110110001000000000001001000010000000000011010011110000001101111110000000000000000001001110000000000011011011111111101101111111
-4432949543422678592,20,lattice,1000000111100001001011000101111000010011111011011110010110111111110111110101111111001101111000011011100001011110000100111111111111111101111100000001000000010000000000011010000100100000000111100001001000000001001000010010111011011111010111111111110111111101111111001101111001011011111111111111111111110000000000000001000011000101111000011011111011011110010111110000000100000001001000000001111000010011
7218790660647437754,20,lattice,1000000001000000000111100100010000010001001000000100000000011111010001111101010111111100011111010101101001000100000100011111111011111101110111111111111111011101111111001111110101010000000001000000000110100100011000010001111001000101010100011110010001111101010111100100010001010001111111111111111111111010000001000001000111111100011111011101111001000111010101011111111111111101111100000000000000000001
1457108448236339163,20,lattice,1000000000000000000011100011000000000100101000000000000000001111111111111110111111101111111111100111111001110000000001001010001000000000010010000001000000000000111001111100101001011110011101000000010111100111011010000101111001111111111001011110011101001000010111100111111011100101111001110100101001011111111111111111111111100111111111101111101000000000000001001110011111111110011111100111000000000101
2578462200863692799,20,lattice,1100110110100001011101000000000000000010111011011010001101111111110110100111111101001101001000010111000001000000000000101111111111101111111101000101001000010011010011011010000101111111110111101111111101000100001000000011111111111111111111111111110110101111111111101101101001111111110011011010001101110100010000100001001111101101101000111111010001010010000101110000000000000000001001000000000000000011
5454129964315966875,20,lattice,1011110010110001001111111100111100110011001011000001000000000011110000110001001100001100000100000000000001000000000000001111111011110011001111111101111100110111001111001011000100111011110011110001001100101100001100010011000001000001000000001111111111111111111111111111111101111111101111001111001100110000110000010001000011111111111100111111111111001111001101110010110000010001001100101100000100000001
-5954968841432661881,20,lattice,1000000000000000000011110111110100111111101001000101000001111011011001010000011111111111111100111111100001000101000000111010011001010000011110110111110100110111101101101101001101111000000001010000001111110111111100111111100000000001000000001111111111111011111111111111111111111111101001100101001001111011011001010001011110110111110100111111100001000101000001111000000000010000001110000000000100000001
7172210287906936451,20,lattice,1100000000000001010001000000000000010000111101011111111101111101000100101111011111111111111111110111110101010010111101111111011111111111011111000001000010110100110101011110111101111101010101101111011111000001001011110100110000010011111101001100000000001011010011000001000011110100110000000000001101000000000000000001000011111111111111111111000000000000000101001100000100101111011111000001001011110101
-9053574477217392699,20,lattice,1111101101100111001101111011011001110011001000100000000000000011001000000000000000111010011001110011111111111111111111110000001000000000000000110011011001110011111110111110111110110011001001100101001000110010001001010000111110111111111111111111101101101111001100110010000001000000001100100110011100110011001000000101000001111011011001111011111110111110111111110011001000100101001000110010011001010011
-3228202951135956497,20,lattice,1000001000010001000011110110001100110111101100100001001100101001001000010001000011111111111101111111100101100001001100100000001000000001000010110111001100110111111101111111001111111111011101110011111110110110001100110011000000100001000100001111111111111111111111110111111101111111100100100001001100100000000000000001000011110111001100111111101101100011001101111001001000010001001010110110000100110011
1772519523389447292,20,lattice,1000000000000000000011111111110011111001101001000100110100011011111111001111100110101111110011111001100001000000110100011010011111001111000110000101000011010001101001001100110100011000010001001101000111111111111111111011111111111101111110011000000000001000000010000000000011000000100001010000111100011000000000001101000110100111110011111001111111111111111111111111111111011111101110000000000011000001
7333540375210851310,20,lattice,1000000000010000000011111001111111001101101010010011110011011011100110111100110100001000000100000000111111111111111011111000101100111100110110001001000101001000101010011011110011011011100111111100110110001001001111001101000000000001000000001000100100011100110010000000000101000000101110111111111011111111111111111111111110000000000100001000100010010001010011001011101111111100111110001001000111001101
2208186657064604663,20,lattice,1000011101110000110111001111011101101101111011110111011111111111111111111111111110001111011101001101000001000001000000000000011000010000100000000111001100001101111011111111111111110000011001110000110100000100001100001000000000000001000000001000111101111100111110000111011101001101100001110111011011011100111101110111111100000100000100001000000001100011000011011000111101110100111100000110001100001001
7239123603403020791,20,lattice,1011010001001000001011110100010010000010001000000000000000000011010001000000001011111111011011101110001001000000000000101111011001001110001011110111011011100110111111111110111011110010010001000000001011110110011011100010111111111111111011110010000000001000001011110100010011000010111101000100111000101111111111111111111111110110011011101110111101100110111001100010000000000000001011111111011011101111
-6732608304971863144,20,lattice,1100000000000101010001000000000001000000111001011110111111011111111111111111111111101101111011111101110001000000010111001110111111101111110111000101001011111100110001011110111111011100010101101111110011000100001011111100111011111111111111011100010000001111110000000000000001000000110001000000011111000100000000000101000011000000000001011100010000000000010101001110110111101111111111000101011011111101
3181231446118388297,20,lattice,1000000000000100000011111111011111101111101011000010110011101011111101111110111110001000001011000110100011000010110001101010111101111110111110101101001111001111111111111111111011111010110101111110111110000000001011000110101011000011110011101000000000001100010000000000000001000000101011000011111011101111111111111111111110001100001011001110000000000000010001001000000000000100001010101100001111001111
-1770077363122368204,20,lattice,1000100110101011010111111101111010111111101111011010101111110001100110101011010100001000000000000100100111011010101101011111111111101011111100001001100000010101000010001000000001011011110111101011111100001001101010110101111111111111111111110000100110001011010111111111111011111111000010001000001001010000100010000001010110011101101010111111000000000000000001001000100110101011011100001000000000000101
8384904137227189862,20,lattice,1001010110111111101111010101101111111011111111111011111111110001010110111111101111011111101111111011000001000011111110111001011110111111101100000101001111111011000001011011111110111111111111111111111100000000001000000000000000000011000100000000000000111101000000000000001001000000000000000011111100000000000000100001000000000000001111111010110111111011111111110000000000111111001000000000001111110011
-5766634634828345156,20,lattice,1101100001010000000101000000010100000000111110000101000001010101000001010000000000001000010100000000111111000101000001011111111111111110111111111101111110101111111111001101000001010000000001000000000011111100111100001101000000000101000000001111110011111000110111111101111111101111111111001111001011011111111111111111111111111100110100001101110110000101000001011111110011111010111101010000010100000001
-2809445830871842656,20,lattice,1000001010100011011011001110101010110110111111111111111111111101111010111011011010001010101010110110000001100000000000100000001000000000000011011111101110110110000000101000000000101101111111111111011000000010101000010010110011101011101101101000001010101011011011011111101111110110000000101010001101100000001010000001001011011111111111111110000000101010000101100000001000000000001011011111111111111111
-5379898238277888846,20,lattice,1111111111111111111101100110101010000000001000000000000000000111111111111111111101101110101010001001001001100010100000000010001000000000000001101111101010001001001001101010100000000110111111101110101100100010001000000000011011111111111111110010001000101000000001101111101011001001011011111010111010010110111111101111111101100110101010001001011011111110111011110110111110101110101100100110101010000001
-8699842046662853136,20,lattice,1110010010110110100001100000000000001000001000000000000000001111010010110111110011111100111101111100011001001011000010001111111011110111110011111111111111111111011000001011000010001111010011110111110000100000001100001000001000000001000010001111110011111111110001100100101101101000011001001011001010001110010010110111110000100000000000001000111001001011011011001111111011111111111111111110111111111101
-5456019987822199030,20,lattice,1111100011000011110101111000100000000001001110001000000000010001000000000000000100011000100000000001111111001100001111011111111111101011110111111101110010111101000000001000000000010111100011000001110111111101111010111101111111111111101111111111110011001011110111111111111111111111011110001100001111010001100010000001000101111000100000001001011110001000000111011111110111101011111100000000000000000001
-7949174938966843357,20,lattice,1000000000000000001011000110001101101010111111111111111111111101111110111110111111001111101111101110100001000000001000101000011000000010001011000111101101101110110001101011011010101101111111111111111110000110001101100010100001100001001000101100011110111110111010000110000101100010100000000000001000101101111110111111111110000110001101101010100001100011011001100000000000000000001011001111101111101111
3677639725811283670,20,lattice,1100001011100010100001000000100000001000111001101111111010001111011111111111110011111111111111111110110001101111111010000100001011000010100011100111111111101100000000001000000010000100000011000000100001000010111000101000110000101111111010001100001011101110100011000010111001101000010000001000001010001110011111111111110000000000000000001000111001101111111011001111011111111111111011111111111111111111
-4602523175890823035,20,lattice,1000000100001000000011110011101111111011101100010010100000111001000100101000001110111011101111011011111111111111111111111011001110111101101100000001000010000000101100011010100110111111101111111111111110000001001010000000101100011011110110110000000000001000000010110001101011011011101100111011111110111001000100101001001110110001001010001011111110111011111111111000000100101000001010000001001010000011
2398822146206417688,20,lattice,1000000000010000000111011111101101111111111111111111111111111001111100110111111110001101001101001011000001000001000000001000111100110110111110000001000100001001100111111011011111111101111111111111111110000101001101001011000000000001000000001101111110111111111110000101000101001001100011010011011010111000111100110111111110000000000100001001100011010011011011111000010100010100101100000000000100000001
7225732354062116260,20,lattice,1111110111111111101101010101000000000010011101010000000000100001000000000000000001111101011010111011000101000000000000001111111111111111111100010101000000000000011111011110101110110111010101000000001001110101011000001010011111011111101110110111010101101011101101111101111111111011011101010110001010100111010101100001101000010101000000001000111111011111111111110001010000000000001001110101011000011011
1271373293053271404,20,lattice,1000001100111111100011110111111111111001101100110011111110001001001100111111100011111111111111111011101101110111111110010000001100011101100000000001000110011000101101111111111110011011001101111111100100000011001111011000000000000001000000000000000000011000000000000001000111011000000000110011111110000000000000011001100000000000000110001000111111111111111111111011011111111111101110110011001111111001
-2448773043750079132,20,lattice,1111111111111111111101000000010001001000011110011110010010000101100001100100100001001000010001001000010111011110010010000111111111111111111101011001111001001000010110001110010010000000000001000100100001001000011001001000011111011111111111110111110111101111100000000000000001000000011110011110011010000111110111100111100000000000000001001000011111011110111111000111110111101111111101111101111001111001
3920483294508194861,20,lattice,1000000000000000000011000010001001001001111001110111010111111111111101111101111111101111011101011111110001100110010010011000001000000000100111000011011101001011111111111111111111111100001001100100100110000000001000000001110000100011010010011110111101111101111110000010000001001001111011110111111111111100011101110101101110000000000000001001110000110111010011111100001000110100101110000000000000000001
-4617292124892301791,20,lattice,1000000000001000001011111111111111111111101111111111111111111001111111111111111110001011000111010110100011111111110111111000001000001100001010000011000111000110100010111101110101101000101101011101011010001011111111010110100000100001110001100000000000001000001010000000000011000010100011111111111111111000001100011101011010001011111111011110100000100000110001100000000000000000001010001011110111010111
6260129414070167024,20,lattice,1000000000000000000011111111111111111111101111011111001101111001000001100000000010011000111100000010100111011111000100111001111111110001011110010001111100000011100100001110000000001000000001100000000010000000001000000000100100001111000000101001111111111111111110011101111101110111100111011111001101111001100111110001001110011101111101111111100111011111000101111001000001100000001010010000111100000011
-5397482253971984267,20,lattice,1001101001110001100111011010011100111001111111101111111110110001001001110001100100011010011100011001110111101111001110010000001001000000100111111111111111111011110110101111001110010000000001000000100100000010011100011001000000000001000010011101111011111011101111011110111111111011000100100111001110010000001001000001100100000000000000001001111111111111111111111101111011110011101100000000000000000001
-4411024668312124703,20,lattice,1011100111111111111011111111111111111111001110000011001100000001000000110010000000011000001100100000001111011111111111111011111111111111111100111001001100110000001110011111111100000011100101111111000000000000001100100000000000000001000000000011100100111111000000111001001101110000000000000001001000000001100000110011000000111001001101111000001110011111111111100011100111111111101000111001111111111111
-4194066906552497812,20,lattice,1000000000000000100011111011111111111111101110011111111111111001000110100101100010011001111111111111111111111111111111111011101111111111111110000001100001001000100000001000010010001001000111100101110010000001101001001000100100011111110111111001000111101101111110000000000001001000100100011111111111111000000110000101100000000000000000001000100000001000010011001001000111100101111110010001111001011101
-298694814569422308,20,lattice,1110000101000010000001000000000000000000011000010000000000001111101111000011000011101001010000100000111111111111111111101110101101000010000001000001000000000000111010111100001000000110000101000000000011111011111111110110111110111101101101101111101111001011011011111011110111110110011000010100001000001110101111000011000011111011110111111110111110111100001101101111101111000011001011111111111111111111
-8807786968593436209,20,lattice,1111111111111111111101011000010100111000011111010111101111110001100000000010000000001000000000000000000111000101001110000111111111111011111101011101011110111101010111011111101111110001100001010011100001011100011100111101000110000001001000000101110001011011110101111111111111111111000010000000001000000001100000010011100000011000000100101000010111000101001111010101110101111011111101011100010100111001
2674746739125647439,20,lattice,1111111111111111111101011010111011010100011110101111110101100001000010001100010000011000111011010100010111111111110101000001101011101101010001011011111011010100000000001000010000000001000011001101010000010000111011010100010110101111110101000000000010001100000000000000000001000000011111111111111111100001000010001101010001111111111111011110000000001000110001000101101011111101011001111111111111111111
3721597252065830396,20,lattice,1000001000000000000011000010000000000000111001111010110100001111111110101101100011101111101011010000110001110000100000000000001000000000000011000011000000000000110001111010100100001111111111111111111111000011001010000000111111111011110110001100001100001000000011000111101011010000111111111011111110001100001100101001000011000111101010011000111111111011111111001111111110111111101011111111101111111111
3303100663554008893,20,lattice,1011110111011100100111111101110111001011001110011101000010000001000001000000100000011001010000001000001111011101010010011111111111111101111100000001010000001000000110011101000010000000000001000000000011111101111111001111000000010101000010000011110111011100100100111001110101001000111111111111111111111111110111011101101100000000010000001000111111011101110011110011110111010100101100111001110101001001
-6488235318280529761,20,lattice,1010111001000001000011111110111101110100001000000000000000001011111011010011010000101000000000000000001011100100000100000010101000000000000011111111111111111111101011101100000101000010101001000000000010111110111101110100101011101101000101001111111011111111110110111110110101110100101011101101001101000010101001000001000011111110111101111100101011100100000101001111111011110111111111111110111101111101
6374022373340571051,20,lattice,1111001011110101100101000000000000000001011000101000010000010111001010010100000111111010111101111011111111111111011111110100001000000000000111111011111101111011010000101000010000010111001011110100000101110010101101000001011000101001010000011111111111111111111101000010000001000001011100101111011110010111001011110101000101110010111101011001111110101111011111110111001011110111101100000000000000000001
2825896941374350323,20,lattice,1110111111111110111101101110111111101110001011101110001011100111111111111110111100001000110000000000000011101110001011100000101011000010111001101111111111101111000000001000000000000000000011000000000000001010111000101110000010101111101011100000101011101010111000101110111111101110000000001100001000001111111111111111111100001000110000101000000010001100001011100000100011000010101001101110111111101111
-7618374439273778390,20,lattice,1111110111111011111101010100000100000110011111010111100011100001010000010000011001011100001100001110000001000000000001001111111111111111111101011101001110001110011111011111101011110101110101111000111001010100001100000110000001000001000001000101110000111000111001111101111111101111011111010111101011100111110111111011111101010100001100001110000000000000000001000000000000000000011001111101011110001111
9196802860236225049,20,lattice,1101111111101010100101011111111010101001001111111010001010010001000000000000000000011111101000101001000101101010000010010001001010000000100100010001100000001001000100001000000010010001111111100010100100010010101000001001111111111111111111110001111111101010100111111111111011101001000101111010001010011111111111101111100100010000000000001001111111111110111111111111111111101110101100010000000000000001
2254617076950569123,20,lattice,1111101011111110111101110010111111101111001100001100010010100001000001000000000001111010111111101111111111111111111111110011001011001110101001111011111111111111000000001100000000000000000001000000000000110010111111101010001100101101111010100011000011001110101000000000110001000000001100001100011010100111101011111111111100000000110001001000001100101100111011100001000011000100001000110010110111101011
-4006084954738120093,20,lattice,1100110100000010000001000000000000000000111111011001101010011101110100000010100001001000000000000000010011000000000000001111111110011111100101001101000000100000110111011000001010001111111111111111110111111111101111111101110111011001001010001101110110011010100011011101100001101001010010000000001000001111110110011111100111001101000000101000111111111001111111011111111111111111111111011101100000101001
-828840444312679103,20,lattice,1010100011010110110111101000110101101101001000000000010001011111101111011110110100101000000001000101111111111101111011111110101011011110110111101011110111101101001010001101011011010010100001010100010111111111111111101111001000000001010001011110100011011110110100000000000001000101001010000101011001011111111111111111111100101000010101001101000000000000000001001111101111011110111100000000000000000101
-8629546849490159300,20,lattice,1111111111111111111101010100001000000010011111000111100111110001010000000000000001011100011110001110000001000000000000000111111011111111111101111111111111111111011111001111100111110101010001111000111000010100001000000010010101000011100011100101010000101000101001111100111111111111011111001111101111110101010000111001111001010100001000001010010101000010100011100001010000000000001001011100011110011111
1226654739486415195,20,lattice,1111111111111111111101000110001000101001011011100010001111010111111111111111111101001110001000101101000001100000000000000000001000000000000001101111111111111101011011101111111111010110111001111011110100000110001000101001011011100011101111010110111000101011110101101110011111111101000001100000001000000100011000100011110100000110000000101001010001100010001011010110111111111111111100000110000000100001
6433817450684887477,20,lattice,1011101100111111100111111011101111111011001110110011111110010001100000001110000000001000000000000000111111111011111110110001101000111111100100011011001111111001101110111011111110011111111111111111101100011000001011100000000110000011111100000000100000001000000000001000000011000000000010000000101000000001100000101111000000011000001111111000111111111111111111111011101110111111101100011000001111111001
6409019873451616120,20,lattice,1111111111111111111101000100110100000010011101011101000000110101010111010000001001111111111101011011000001000000000000000111011111010101101101000101110100000010000001001101000000100000010001000000001001110111111101011011000001000101000000100111111111111101101101110101110101000011011111111111111111110111010111010101101101110101110101001011011111111111110111110000010000000000001001010101110100000011
-4567869500665579375,20,lattice,1001001000001010001011111010000110101010101100100000101000100001001000001010000010011010000010100010111111100101101010110000001000000000000011111011010110101010111111101101101010111111101001011010101011111111111111101111101110100001101010100000001000001000000011111111010111101011000000100000101000001111111111111111111110011010000010101010111111111101111011110001001000001010001011111010010110101011
3875553330045416552,20,lattice,1010001000010010011011110011011100111110001000000000000000001011001100010010011010111111111101111110101101110011001101100010001000000000010010100011000100100110101101111111011111101011001101110011111010110011001100100110001000100001000001001111111111111111111110110111011101111110001000100001001001101011001100110011011010110011001100111110001000000000000001000010001000010000011010111111111101111111
577582575145758911,20,lattice,1100010001111110100001000100011111101000011001000111111010011111010001111110101111111101111111101111000001000010001000001111111111111110111111110101111111101111111101001111111011110000010001110110000000000000001000000000000001000011011000000000010001111110000000000100001001100000000000000010001000001111111111111111111100000100011101101000111101000111111011111110010001111110101101000100011111101001
-6097386268430441985,20,lattice,1100001011111010111101000000010010101110011000101101101011110111001011011010111111111010111111111111111111111111111111110000001011001010111011111011111111111111000000001100000011000000000001000000010001000010111110101111010000101101101011110000000001001010111001110010111111111111000000000100001001100111001011111011111100000000010000001100000000000000000001000000000001000000011001000010110010101111
1171070649188516721,20,lattice,1111111110111110111101110010101111001000001100000000000010000001000000000000100001111111101111101111011101111011111010100011001000000000100001110011101111101010001100101010110010001111111111111110111100110010001011001000001100101011110010000011001000001000100000110010000001001000001100101011111010001111111111111111111100000000000000001000001100101011110011000111001010111100101001110111101111101011
1085408385717868248,20,lattice,1110111011101111111101000000001000010000011000000110000110100111111011101111111101101100111011011110011001000110000111100110111011101101111111111111111111111111011001001110110111100100000001100001001000000000001000010000011111101111111111110110000001101001111001100100011011011110011011101110111111110000000000000001000001000000001000011010011000000110000111100100000000100001001001101100111011011111
-1135156953221027495,20,lattice,1001001001011110111011010110010111101110111111100101111011100001001001011110111011011110010111101110000101100101111011100000001001011110110011111111111111111110111111101111111111100000000001010110000011111110011111111110000000000001010000000000000001011110010000000000000001000000000000000001011000001111111001011111111000000000000101101000000000000101011001000000001001011110111011111111111111111111
-1131754187263567990,20,lattice,1000000010001010001011110000101010101010101100001010101000100001000010001010001010111000101010100010111111101010111010101111101010101110101011111111101011101010000000001000000000001111111111101111111100010000101010100010111111111111111111110000000010001000000011110000101011101010000000001000101000001111101010101111101010110000101010101010111111111010111111110000000010001010001011111110101011101011
7059492368253078495,20,lattice,1010010000000000010011100100000001010100001001000000000001001111010000000111011011111111010011111110000001000000000001001111011101000111111011110101000001110110111111111101111111101111010101000111111011111111011111111110111111110101111111101111011101001111111000100100000001000100111001000000011101101010010000000101010011110101000001111110000000000000000001001110010000000101011011111111111111111111
-7217238770079829127,20,lattice,1100100010001000110101000000000000001000111111111111111111111101111011111101111101001000000010001100110011101101110011111100101010001000110111011111111111111111010010001000100011011100101011001100110111001010111011001111110010101101110011110100000000001000100011001010100011001101110011101111111111111100111011111101111100000000000000001000010000000000100011001100101011001100111101001000000010001101
-5996833578214348727,20,lattice,1101101111010100111001000000100000000000111110111101110011100101100110000000010001001000100000000000111111111111110011100101101110000000010001001001100000000100000000001000000000000101101111010100010011111011111111001110010110111001010001000101101110001100010001011011100001000100111110111111111011101111111111111111111001011011100101001100010010001000000001000101101111010100111011111111111111111111
-4739141986113895556,20,lattice,1111111101011111111101101111010111110111001011000000111101110111111101011111011100001100000011100111000001000000111000110010111100001111011100000001000011100011011011111101111111110010111101001111011111111111111111111111001011110101111101110000000000001000001000000000000001000010000000000000111000100000110000001111011101101111010111111111000001000000111001110000000000000000001000000000000011100011
7953040639378717939,20,lattice,1001110111110000011111111101111100000111101111011111000001110001010010100000000000011100111100000010000001000000000000000001111011110000011100011101111100000111000001001000000000000001010011110000001000000100101000000000000101001011000000101111110111111000011111111101111111001111111111111111111011111111111111111111111110111101111100001111000111001111000001100001010010100000001000011100111100000111
-4324400967439178546,20,lattice,1011001111111111001111110011111111111011001100111111111100110001001111011101001111111111111111111111111101111111111110110000001110000000000100000001100000000001000000001000000000000000001111000000000100010011111111110011000000111101110000010000001111001000000100000011110001000001000100111101111100110000001111011101001110110011111111111011111100111111111111110000001111011100001100000000100000000001
7714750957681729517,20,lattice,1111111111111111111101000000000100000000011011101111001111010101111011110011110101001010001100110100010011101111001111010100001000010010000001111111111111111101010010101011001111000100101011110011110101000010001100110100000000000001000000000101111011111011110101011110111101111101010000000001001000000100001000010011010001000010001100111100010000100001001001000111111111111111111101001010001100110101
-6351046873145044115,20,lattice,1110000001101010000101000000000000000000011000000110101000011111000001101010111111111110111111111111111101101111111111111111001001101010111111111111111111111111111100101110111011110100000001000000000101000000011000100001111100101111111111110100000001101010000111110010011011101111010000000100001000011111001011101111111111100000011010101001111000000110101011111110000001101010101101000000000000000001
8868989725423609393,20,lattice,1110011101000010010001000100010000100000011001000100001001001111011111010011110011111111111111111100000001000000000000000110011101000010010001100101010000100100111001111100001001000000010001000000000011110111111111111100111001111101001011001111011111011111110011110111110101111100000001000100001000001110011111000011110011100111110000101100010001000100001001001111111111111111111111111111111111111101
1729384672122336209,20,lattice,1111111100111111111101000010000000000000011111100011111111110101001000110111111001011110001111111111010001100011001111100000001000000000000001111111001111111111111111111111111111110111111001111111111101000010001000000100010000100011001111100100001000111111111001000010001101111110010000100010001001000100001000100011111001000010001000001100010000100000000001000100001000100010111001010110001111111111
-4242967608774602132,20,lattice,1111111111111111111101101111101011011110001011111010010110100111111111111101111000001111101001011010000001111000010000100000001000000100000000000001000001000000000000111000010000100110111111111101111000000111101001000010011011111011110111100010111110101101101000000000000001000000011111111111111111100000011110100101101000000111101001001010001011111010110111100000000100000100001001111111111111111111
5520863446527473512,20,lattice,1111101000000011101101111010000000111011001110000000001010110001000000000010000000001000000000100000111111100011111110110011101000000011101111111011001111111111111111101011111111111111111111111111111111111010001111111011111110100001111110111111101000001011101111111010000001111011000000000000001000000011100000000011101100011000000000101011111110100011111111110001100000000010001100011000000000100001
-2682924099231449124,20,lattice,1000010000001001000011000100000010010000111011100011101111001111111000111011110011001110001110110100000001000000000100001100011000011001010011111111011110111110111111111111111111111111111001111011111011000100001010010100110001000001100101000000010000001001000011111111011111111110110001000001101101000000000000000001000011001110001110111100110001000000100101001111111000111011111011111110001110111101
-7794883848545192919,20,lattice,1000000000001100111111000100101111001111001000000000100010111111110010111100111111101100101111001111100001001000110011111111111011111110111111111111111111111111100000001000110011111110110011111100111110000100101111001111100001001001110011110000000000001000101000000000000011001111111111001011111011111111111011111111111100000000000000001010000000000000100011110000000000000000001000000000000010001011
-626503602010043941,20,lattice,1001100110010010001011111111111111101111101111011001001001110001100110000000001000001000100000000000100111011001001001101011111111011010111100000001100000000000000000001000000000001011110111011010111110111111111110101111000110011001000000101011110110011010011110111111111111101111000000001000001000001111111111111111111110111101100110101111100110011001001001100000100110000000001010011001100100100011
-5615745158500482226,20,lattice,1010011111000000000011100111110111101100001001111100000000001111111111111111110111101111110111101100000001011100000000000000011111000000000000000001100000000000000000001000000000000000000111000000000011101111111111101100101001111101111011001010011111001000000010100111110011001100101001111100101000001110011111011111110010100111110010001000101001111100100011001111111111111111111111101111111111111101
-1055909550914664041,20,lattice,1110101011001110011001100000010011100110001000000100000000001111111011111110111101101000110011100110111011101111111011100110101011001110011011111111111111101111011000001100111001100000000001000000000011101010111111101110111010101101111011100010000001001010011000100000010011100110000000000100001000001111111111111111111101101000110011101110001000000100000001000010000001000010011011101110111111101111
-6412691069972980137,20,lattice,1010111101100111111101101111011001111111001001000110000001001111111101111111111100101110011000111101000001000000000000000010011001100001010100101111011001111111111111111111111111110000010001000000000000000100001000000000001011100111011111110010111001101111111100101110011001111111001001100110001101010010010001100001010000100110011000111101000001000100000001000010111001100011111100100100011000000101
-8825501083885764374,20,lattice,1011011011111110011111110111111111111111001100100100001000010001000000000000000011111111111111111111001101101110111001110001001000000010000010110111111111111111001100101110111001110001001001000010000100110010011000100101001101101111111001110011001001101010010100110010011011100111000100000000001000001011011011111111011110110110111111111111001100100100001001010011001001101010011100010010000000100001
5839593934263243785,20,lattice,1000100000001100000011111011111111101011101110111011111010111001100100111110101000001000000011000000111111111111111111111001101100111110101010001001000011000000100110111011111010101011101111111110101110001001001111101010100010010001111010100000000000001000000000000000000011000000100010010000111010001111101111111111111110001001000011001000100110111011111011110000100000001100001010011011101111101011
521488753731684081,20,lattice,1110111001111111011101000000000100000000011001100101001100011111111001111111011101001110010100110001000001000001000100000100011000010001000101101111011111110111111111111111111111110100011001010011000101101110011100110101000000000001000000000110111001111111011101100110010101110101010001100001001100010000000000010001000011101110011111111111011001100101001101010110111001110011011101000100000100010001
4890904942754726222,20,lattice,1111101011111111011101011000101110110111011110001011101101110001100010110011011100001000101000010001111111111111111111110111101011111011011111111011111111110111000000001010000000010111100011111011011100000000001000000001000010001011001101010000100010111011011101111000111111110111000000000010001000010000000010100001000111111011111111111111000000000010001001010000100010110011011100000000000000000001
-7472941369829535978,20,lattice,1111111111111111111101111111111111111111001000000100001000000011001011001010000000111011111011111001001101111110111110010000001001000010000000110011111010111001001000101100001000000000000001000010000000110010111010110001001101111111111111010010001011001010000000110011111011111001000000000000001000000000001001000011000000110010111010111001001101111110111111010011111111111111111100110010110010100001
-2237048506631107631,20,lattice,1111110111111011111101101100100000010001001011000000000100000111110111100011111100001000000000000000000011000000000100000110111011100001110101101101111000011101001011001000000100000110110011100001010101101100101000010101011111011111101111110111110111101011111111111111111111111111011011011110001111010000100000000001000001101100111000011101011011001000000101010110110111100011111100101100100000010001
-6247467594125976428,20,lattice,1000000000000000000011000000000000000000111010111111011111111111111111110111111111001010111100111111111011111111011111111100001000000000100011000011111100111101110000101110000011001100001001100000110011000010001000001100110000101111000011011111111111111111111111001010111101111111110000101111001111011100001011100001110011000000000000001000110000100000000011001100001011110011111111000010001000001101
-5422291485013471567,20,lattice,1111010001111011000101110100011100110001001100000011001100000001000000010011000011111100111110110111001101000011001100011111111111111111011111111101111111110111111101001111101101110011000001110011000100000000001100110000000000000001001000000111010001111011000111111100111111110111000000000000001000000000000000010011000011111111111111111111011101000111101101011111010001111011001100110000001100110001
-7579112184398186184,20,lattice,1111111111111111111101001011101111100111011111111011111101110101111110111111011100001010000000000000010011111011111101110000001000000000000000001011100100000011000000101000000000010111111111111111011100001011101101100111000010101001000000010000101110111110011100001011100101000011000010111001001000110100101110111111011101011111101111111111000010111001001001110000101010010000001100000010000000000001
2705226302600591979,20,lattice,1000000001000000000011000111010000000001111111111111111111111101011101100100100111011111111111111111100001000100000000001000011101000000000010000101010000000000110101111110110011010000000001000000000011000111011000001001110101111111110011011101011101101100110111000111011001001001110101111111111011011101011111111111111111000111010000001001110101110110010011011101011111111100111110000111010000000001
-7759258686143089832,20,lattice,1011011111111001011111110111111110010111001101011111100101110001000100000000001111111111111111111111000101010110100100110011011111111001011100000001000000000011000101011111100101110001000101001000001100010001011010000011000101010111100101110000000100001000001111110111111111011111111101111111111111110001000101101001001100110111111110011111000101010110100101110000000000000000001000000000000000000011
6844315726308056202,20,lattice,1000100000000000001011001000000000001010111010001000000110101111100010000111101000001000000000000000111111001001011111111111111010010111111111111111100111111111100010001000000000101111111111011111111111111111111111111111111110001001011111111111111010011111111111101000100001111010111010001000001110101100100000000001101010001000000000001010111010001000011111110000100000000000001011101000100001111011
-3538070783953290566,20,lattice,1000000010000001100011101101110110111100101010011000100110001011110111111011110010001000100000011000101011011000100110001011111111111011110010001001100010011000000000001000000010001010110111001011110010101101111110111100101011011101101111001000100010001001100011111111111111111100101011011000101111000000000010000001100000000000000000001000101011011000100111001111111111111111111111111111111111111101
-4903099383215701151,20,lattice,1100000000000100000001000000000000000000111001111101111001011111111111011111011111101111110111100101110001111001011000011100001010010100000111000011100101100001110000001000010000001100011111011110000111111111111111111111110000001001010000011100011110011110000101000000000001000000110000001000011000001110111111011111011111111111110111111111110001111001111001011110111111011110011111000000000001000001
1633867938199076953,20,lattice,1111111111111111111101000001100100100000011010011001001010000111100110110111111101001001100100101000011011011011011111110111101110110111111100000001000100100000000000011001001000000111111111110111111101101001101100101000000000000001001000000111111111111111111101101001101101111111000000000000001000000110100110110011110001000001100100101000011010011011001011000110100110110010111001101001101100111111
-3767000430452188433,20,lattice,1101011011110000000001010110001100000000011101100111010000010001000000000000000011111111111111111111000101100011000000000001001000000000000001110111111101001101010101101111000000000101011001110000000000010010001100000000000100100001000000000111011111111101110101010110011101000000111101111111111111110111011111110101110101110110111101001101011101100111010001010111011111110101111101010110011101000001
1843076643425898400,20,lattice,1000101101111010000011001011011110100000001010110111101000001111111101111010010000001001011110100000111011110111101001000000101101111010000000000001011110100000111111111111101011010000000001100010000000000000001000100000000000000111101000000000000001101010000011111111111111111111000000000000001000001111111111111011110111111111011110101101111010110111101001001111111111111011111111111111011110100101
3759298253821549395,20,lattice,1101011111011101111101010110100101010111111101111101111111110001000000000000000111111111111111111111000101100000000000010001001000000000000101010111100111010111000101101000000000010101011111011101011111110111111111111111000101101001010101110001011010001000010100010110100001010101110101111101111111110001011010000001000101010111100111011111000101101000000001010001011010000101011100000000000000000001
-7321704628275377450,20,lattice,1000000000000010010011001011011111101111111010111111111111111111111111111111111110001000000000100100111011111111111111111000101000000010010010001011000111101100110010111111111011111000101101011110110010001011011111101110100010100001111011001000100000001010010010001010000001101100000000000000001001001100101111111111111110001010000000101100000000000000000001001000101101011110111010001011011111101111
-7773711454032500539,20,lattice,1000010000000000000011111111111111111110101011111010011000101001011000000000000010001110001000000010000001000000000000001000011000000000000010001111001000000010100011111010000000101011111111100110001010000110001000000000101111111111111010101011111111101110001010001111101001000010100011111010011000101011111111111111111010111111111001101010101111111111111011101000011000100000001011111111111111111111
-372013515462472542,20,lattice,1111110111010111011101011101110101000101001111011001010001010001000110010100010100011001100101000101000111011001010001010111111111010111011100000001000101000101000000001000010001010001110111010100010111111111111101111111000000000001010001011111111111111111111100000000000001000001001111011101011001010111110111010111010111111111110101111111000000000000010001010111110111010111011100000000000000000001
768193818884058641,20,lattice,1100000001110101110101000000001000010000111000010111011111011111001101110111110111001001011101111101110011010111011111011110001101110111110111000001011101111101111111111111111111110100000001100101010100000000001000010000010000000111010111011110110101111111110101000000001001010000110000000111011111010000000000000001000001000000011001011101010000000010010101001111111101111111111101000000001001010101
-6142598160714724797,20,lattice,1110000000111010111101100000001110101010001000000011101010001111111101111110111111101101011111101111111001010011101011111110111101111110111111100001001110101111111111111111111111111110010101111110111100000000001000101000000000000011101010000000000000101010100011100101001111101111000000000000001000001111111101111111111100000000000000101000011000000011101011110000000000101010101001100000001110101011
892592430071629737,20,lattice,1010100010000001100101101000101000011011001010001000000100011111110110100001101100001000000000000000111011011010000110111111111110100001101111101001101000011011000010001000000100011111111111110111111100101000101000011001111111111011000110111111111111111111111111111111101101111011111111111011001110110000100000000001000000101000100000011001111111111011011111110010100010100001101100001000000000010001
2015006902446719739,20,lattice,1110110110001010011001101101000010100110001001010000000000101111111111111110111100001101000000000000000001000000000000000110111110101010011000000101000000000000011011011000101001101110111111111010011101101101001010100110011011111011101001100010110100001000011011101111111111101111001011010000101001101111111111111111111111101111111110101111001011010000000001100000010100000000001011101111101110100111
7843716674042895482,20,lattice,1111000001110100100101110000011101001001001000000000000000010011000000000000000111111101111101111011111101000111010010011111111111111111111111110101111101111011111101001111010010110011000001000100000100110000011101000001001100000101010000011111110111111111111100110000000001000001111101001111011010111111010011110111101100110000010101001001111101011111011111111111010001110100101100000000000000000001
-3039654840989457552,20,lattice,1000011111010100110111000111111111001101111001111111110011011111111111111111111111101111111111001111000001111101010011010000001111010100110100000001000001000001000000011101010010010000000101000100000110000111111111001101000000010101010000011000011111011100110100000000000001000001111011111111111111111110111111111101111100000001010101001001000000011101010011011110011111111100111100000000000000000001
-5660558939526615220,20,lattice,1110011010001100011001000010000010000000001000100000100000001111111111111111011011101110100011010110011001101000110001000000001000000000000011101111110111010110011000101000110001001110111011001101011011101110111111110110111011101101110101100000001000001000000001100010000011000100111011101101111101101110011010001101011011111111111111111111011000100000100001000110011010001100011011111111111111110111
-7856791140063963523,20,lattice,1000000000100101011111001111111111111111111111111111111111111101111111111111111110001100111111011111100001001111110101111000111111111111111110001101111111011111000000001011010101111000000011111101011100000000001000010000000000000011000101111000000000101101011100000000001001010111100011011111111111110000000000000001000010000100111111011111000000000010000101110000000000100001001100000000001000010001
2267685737924675316,20,lattice,1111001111001010011101010011100010000100011100111100101001000001000110000000010011111111111010111111111101111110101001110000001100000000010000000001000000000000000000011000000001000101001111001010010011110011111010100111111111111111101111110001000110001000010011111111111111111111010100111000101001001111011111101011111111110011111010101111000000010000000001000111001111001010011101110011110010100101
-2166761447567127603,20,lattice,1000000000110000010011110101111101111111101001010111000111111011010111110111111111111111111111111111100001000111000111101111011111110111111110000101011100011111101001011111001111111000000001110001111000000000001100000000000000000001000000001111011111111111111110100101111101111111100000000111001111101000000000110001010010000000001100011110000000000001000001001000000000110000011010000000011100011111
6538381154779327011,20,lattice,1010001011100010100111100010111100101001001000000000000000001111111011110110101111101010111101101001111011101111011010110010001000000010000011111111111101101011001000101110001010010010001001000010100000100010011000101000101000101111001010011111111111111111111111100010111101101001001000000000001000001111111111110111111100100010000000101000111111111111011011111110001011110110101100100010011000101001
-4386099886447010756,20,lattice,1111111111111011101101111111111110110011001101110111101000110001000001111000001000111111011110110011000101110111100000110001001101111000001100010001011110000010001111111111101100110000000001111000001000000000001000000000000000000011000000100000000000111000001011111111111111111111000101110111101000110001011101111011001101111111111110111011111111111111101111110000000000100000001000010001011110000011
4655277321623523857,20,lattice,1111111110111111101101101000100010011001001010001000100110010111100110101111101100001000100010011001011111111011111110110110101110001111101101101001100011011011000000001000100000011111111111111111111101101001101011111011011010111001111110110000000000001000000001101000100011011011011010011000111110110000000010001001100100000000100010001001111111111011111111110000100010001001101100000000000010000001
-2428813186957172314,20,lattice,1111111111101111111101100000000000000000001000000000000000000111000000000000000001111011000001010010011111111110111110110111001000000000000001110011000000000000011110111000010100100111101111000101001001111011111011111011111111111111111111110111101111001111101001110011000001000010011110111100011100100111001100000101001001111011100001011010011111111110111111110111001100000000001001110011000001010011
-55887216109540631,20,lattice,1110000011011101110101000000100101000101011000001001110101011111111111111111111111101111111111111111111001011111110111011110011111111101111111100001111111011101000000001000000000010110000011011101110101100000101111011101000000001001010001010100000010011100010100000000100001000001111001111111111111110100000010011101010101100000100111011101000000001000010001011110000011011101111100000000000000000001
5535078508634582334,20,lattice,1111111110111111111101110101001111100111001100010011001001110001000100110010010101111101101111101111001101010011001001110111011110111111111100000001000100000001011101011011111001111111111111111111111100000000001100000001000000000001000000010011010100111010011100110101001111100111000000010001001000010111010110111111111101110101101111101111000000010011000001010001000100110010011100000000000000000001
-4185437174573337408,20,lattice,1000000000000110000001000000000001100000111111111111111111111101111110001110001111001100000001100000100001000000011000001100111110001110001111001101100011100010110011001000011000001101111111001110101111011111111111111111110111111101111011111100110000001110000000000000000001100000000000000000001000001101111111011111111111011111100011101011110111111100111011111100110010001110001011001101100011100011
2825343710880923999,20,lattice,1000000000010110000011111111111111111111101000100001011000001011111111111111111110101010011101100100101011100111111001000000001000010110000010101111111111111111101011101111111001001010001001010110010010100010011101100100000000000001011000001010101001111110010000000000000001100000000000000000001000001010111011111111111010101110111111101110101000100001011001001010111011111110011010101110111111111111
-1905952163276978973,20,lattice,1111111110111110111101000000000100000000011000000001000000000111011010011000011101111110101110000111011001101001100000010110001010011000000101111111101110101111011000001001100000001111111111111111111101110110101110000111000000000001000000000110000000011000000001111111101111101111011111101011101001111111111110111111111101111110101110101111011000000001100001010110011010011000001101100000000110000001
8384711235095291754,20,lattice,1111011110011111111101100000000010000000001000000000100000000111001000001000010101111111100110011111011101100000100001110110001000001000000001110111100010000111011101101000100001111111111111111111111111111111101111111111011101111001100111110000000000001000000001110111100011101111011101111000101011110111011110001001111101110111100010001111011000100000100001010110001000001000011101100010000010000001
-5642238712570229888,20,lattice,1100011000101100000001000000000010000000111001101010110100011101011110101100000111111111101111010001010001000010110000000100011000101100000011000111101011000001110001101010110000011111111111111101111101000000001011000000110101111011110000010000000000001000000001000000000011000000111111111111111111111100011010101101000111111111101111011111111111111011110101011111111110111101011111000110001011000001
-2806629985651942945,20,lattice,1000000000000000000011000010000100000000111000110001000000011111111111011111111111101111110111110101111001110001100000011000001000000000000011000011000100000001111001111101111000011110001101011000000111111111111111111111100000100001000000001110001100011000000111100111010111000001111001110101111000011110011111011111000111101111110111111111111001110101111001011110111111011111011110000010000100000001
-3161252223294031988,20,lattice,1000000111010011110111100111111111111101001000011101001111011111111111111111111111101111111111111101101001111111111111010000001111010011110100000001110000101101000000001000000000000000000011000010100110100011111110111101000000011101001111011010001111011011110110100011110111111101000000001000001000000000000011000011100100000000100000101001000000001100001011011010001111011111111100000000100000100001
6877853774771455578,20,lattice,1001111000011110101111011110000111101011111111100001111010110001000000011000000100011110000110101011000101000001100000110001011000011000101111011111100111101011100111101001111010111101111111011111101111011111101111111011000000000001000000000000000000011000000000011110000111101011000101100001101010111101111110011111101100010100000110001011111111111111111111110000000000010000001000000000000110000001
-3344576866574258927,20,lattice,1111001000110101001001000010000100000000011100100011000000100101001000110000001011111111111111111011111101110111110100100000001000000000000011110011011101010010111101111111110100101111001001110101001001000010001100000010000000100001000000001111001001111101001001000010001101000010111101111111111100100111001000110001001011110111111111111011111111111111111111110000001000010000001011110111111111010011
-4186331293431456624,20,lattice,1001000000000001000111010001001000010101111100011010100101010001000000000000000011011001101010010101111111111010100101011111101110101001010110010001000000010101110100011010000101011111111111111011110110010000001000010101111100011011101101011101000110101001010111111111111111111101111100011010101101010001000000000001000111111111101110111101100100000000000101011111111111111111111100010000000000000001
1876473442178575129,20,lattice,1011101010000101101011111011101001111010001000000000010100000011101000000101001000101000000001010000111111111110111111100010001000000101000010111011101001111010001110101000010100101111101111100111111010111010101001111010111111111111111111111111101111101111111000000000000001000000001110101000011100100000000000000101000000111010100001011010111110111010011111100010001000000101001011111111111011111111
3207210141858741064,20,lattice,1011000000000000100011111110011010111100001000000000000010000011000000000000100000001000000000001000101111000110101110001011111001101011110011111111011110111101111111111111101111011011100001100011100010111000001000011000111111100111101111011011100001101011100011111111111111111111101110000010001110000011000000000001100000000000000000001000101111000110101111001111111111111011111111111110011010111101
-4080878640277181619,20,lattice,1010110101111101001101101111011111111011001010010100100000111111111101111111111100001000010000000000001011010101100000110010111101011100001100001001010010000011111111111111111111110000000001000000000000101101011111000011000010010101100000110000100001001000000000101101010111000011001011110111111100110010110101111101001100101111011111111011011011110111111111110000100001001000001100001000010010000001
-9167387952674945442,20,lattice,1101010101001011100001010100010010001000111111010101101111010001000000001000000011011101010010111100000101000100100010001111111101011011110101010101010010111000111111111111111111110000000001001000100011111111011111111101110111010101101111010000000000001000000011111111010111111101010101000100101110000000000001001001100000000000000010001000010101010100101111001111111101011111111101010101010010111101
1497262291269509767,20,lattice,1100100101001000010001000001000010000000111011111101110111011111111111111111111100001000000010000000110011111101110111011100101111011001110100000001000010000000110010011100100001000100100101001000000011101111111111011101110010011101100001010000000000001000000011001011110111011101110011111101111111111100100111001001010111001001110110011101000000010000100001001100111111011101111111001001110010000101
2874420975239401041,20,lattice,1100101110001011011001001011100010100110111011111000101111111111111110001011111100001000100000000000010011111000101111110000101010000010000000001011100010100110000000001000000000001111111111111111111111111111101010111111111111111011101111110000101010001010001011111111101111111111000010001000001000000100101110001011011001001011100010111110000010101000101001100000101010000010001000001010100010100011
4625721451532848812,20,lattice,1010010000100001000011101111101011111111001001000000000000001111111111111111111110101110101000111100000001000000000000001010011010100001100010101111101011111101101001001010000110001110111111111111111100100100001000010000111011111011111111111010111010101011110110101110101011111101101001101010001110000010010000000001000010100100001000011000101001101010001111001010111110101111111110101110101000111101
5941587617494819230,20,lattice,1000001100100010001111111111111111101011101111111111111000111001001100100010001110011111011110100011100101110011001000110000001000000000001000000011000000000010100111111111111000111001011101110010001100000011001000000011000000100001000000101001011101111010001110011111011111100011000000110010001000111111111111111111101110011111111111101011111111111111111111110000000000000000001000000011000000000011
-1760128594579991188,20,lattice,1111011101111111101101010011001110100011001100110011101000110001001100111010001111111111111111111011011101110111111100110000001000001010000000000011001010100010111101111111111110110111001101111010001100000010001010100000000000110011101000100000000000001000000001110011011111100011000000000000101000000111001101111111001101110011011111101011111111111111111111110000001000101010001000000010001010100001
5332168166756038035,20,lattice,1110000111101110010001100000100010100000001000001000100000001111001111101111110011111111111011111111111001111110111111001110001111101110010001100001110011100000000000001000100000000110000011001110000001100001111011100100111111111111111111110000000000001000000001100000100011100000001000001000101000001110001111101111010011100011111011111100011000011100111001001110011111101111111011100111111011111101
-6173933185224323283,20,lattice,1111111111111111111101000010000010010001011001100000110110110111111111111111101101101111110111111011010001100000100110010000001000001000000001100111010011011011011001111101111110110110011001001101101101101111111111111011011001110101110110110000000000001000000001000110000011011011011001110101111110110000001000001001000001000010000010011001011011111111111111110100011000001001101100000010000010010001
-3928303268769219290,20,lattice,1110001010001001001101100010100000010011001000101000000100111111111111011001101111101111110110011011111001101000100110110000001010000000001101100011100010010011000000001000000000011110011111001001101111101111111110111011111001111101100110110110001010001001001111111111111111111111111011111101101110110000001010000001001111100010100010011011111011111101101111110000000010000000001100000000000000000001
7720106412615858029,20,lattice,1011100111111111100011111101111111111111001110011111011100000001000000100101000000011000101001010000001111011111111101001111111111111111111100011001111001010000000000001000010000000001100011100101000000000000001001000000000110011111010100000011100111111111000000000000000001000000000110011111011100000000000000000101000000111001111111111000001110011111111101001011100111111111101010111101111111111111
7067991562731241308,20,lattice,1111111111010111111001101111110100111110001000000000000000000011011111010011111000101111110100111110001001101001000101000010001010010000000000100111100100010100001000001000000000000010011111010011111011111111111101111111001000001001000000001111111111111111111100110111110101111110001001111001001101100010001010010001000000100111100100111110001000101001000101000010011110010001011011111111110101111111
4180156474516978321,20,lattice,1000100001000001000011111000010001110101101010000100000100001011100001000111010100001000010000010000111111111111111111111011101101000111111110111001010001110111111110111101011111110000000001000001000011111011111111111111111110110101011111111111101111011111111110001000010001110101000010000100001101000000000000000001000010111001010001111111000010000100000101001011100001000111011110001000010000110101
-8868593191629886190,20,lattice,1000001000000010011111101010000000100111101010100000001001111011101001011111111110001010000000100111101111101111111111110000001000000000000011111111111111111111101110101111111111111010101001001010011110111010011111111111101010100101101111111010101000001010011110101010010111111111000000100000001001101010101000001011011110101010010010111111000000100000000001100000001000000000001000000010000000100111
936789565673711565,20,lattice,1000001001010110011111111111111111111111101001100101011001111011011001011110111110111111010111111111100001100101011001110000001000000000010010110111010111111111101111111101111111110000001001000000010010111111111111111111000000100101010001011010011001011110111100000010010001000101000000100101011001111011011001011111111110000110010101101111000000000000000001000000001001010100011100000010000000000101
8638888118416567145,20,lattice,1000010000100010000011010110011101100011111111100111111100111001011001110010001011011110011111110011000001000000000000001000011001110010001011010111011111110111111111111111111101111000010001110010000000000100001000000000100001000011001000001001011001111110001110010110011101100010000001000010001000001101011001111111001111111111111111111111110101100111111101111000010001110010001010010110011101100011
-7663803101281201910,20,lattice,1001101110110110011111111111111111111111101110111011111001110001101110010100011100001011000101000111101111111111111111110000001100000100001100000001000001000011000010111001010001111011101111111111111100011011101101000111000000110001010000111001101110111110011100000000000001000010000110111001011001110000101100010101011100011011100101001111000000110001010001110000000000000000001000000000000001000011
-6136765073242456266,20,lattice,1010010010010010010111110110101101110101001000000000000001001011010010110111010111111110111101110101001001000000000001001011011010110111010111111111111111110111001001001000001001011011011011110111010110100100101100100101001001001001001001011111111011111111011110100100100101100101001001000000001001001010010010110011010111111111111111111111000000000000000001001111111011110111011100100000000000000101
4283061212394981557,20,lattice,1111110111010101011101010101000101010011011111011101010100110001010000000001000001011101110101010011000001000000000000001111111111110101011100010101000001010000010101011101010100110101010101010101001111111101111101010111000101010001010100111111111111111111111100010100000001010000111111111111011111110000010000000001000011111111111101011111010111011101010101110001010100000101001100010100000001010001
-6148512032068867881,20,lattice,1101101111111101111101011011111111011111111110111111110111110001000110000001011100011011111111011111111111111111110111110001001111111101111100000001100000000111000000001000000000000001000111000001011100010001111100010111000000011001000001110001000111001001011100010001111101011111111111111111111111110000000010000001010100010001111100011111000000001000000001010000000010000000011100000000100000000001
732547975769909085,20,lattice,1010111000000000000111101110111111011111001001000000000000011011111011111111101100101100000000000001000001000000000000000010111000000000000111111111111111111111101011101100010000111010111001000000000110101110111011010011101011101111110100111010111011001100001110101110010001000011101011101111111110111010111001000101001110101110111111011011101011101110110101111010111001000000001100000100000000000001
8500016059486277349,20,lattice,1010010111100110111101100001111001101111001000000110011010111111111111111110111111101111111111101111001001011110011011111110011111101110111100100001011001101111001000011110011011110000000001100110001000000000001001100010111001111111111011111110010111101110111100000000000001100010000000000000001000101111111111111111111100000000011001101011001000000110011011110000000000000000001000000000011001100011
-4718745538988439845,20,lattice,1011000011110101101011110110111111011110001100000111010110100001000001000100101010111110111111011110101101001111010110101011011011110101101011111111111111111110001100001111010110100000000001000100101000010000011001011010000100000111010110101011011011111101111000000000000001000000111111101111111111100001000001000101101000000000000001001000101101101111010111100000000000000100001011111111111111111111
6443182966088686122,20,lattice,1111110111111111110101111101110010101000001001000000100010000011010010001010100000111100100010101000000001000000000000000111111111111111110100111101110010101000000001001000100010000011110011001010100001111101111111111001011111011101101010000000010000001000100001111101110111101000001001000000101010000111110111011111100100000100000000001000011111011111111111011111111111111111111101111101110111101001
-6616901765948344620,20,lattice,1011111101001011101111111111111111111111001011000100100010010001110001001000100100001000000000000000000011000100100010000011111101001011101100111101010010101011101111111101101110110000100001001000000010111111111111111011101111110101101110110000100000001000000010111111110111111011001111000100101010110000110001001001100100001000010010001000101111111101111111110010110001001000101100001100010010001001
-1744830258609901857,20,lattice,1000000000000000010011100110010000000101101001100100000001011111111001110111110111101110011000111101100001100100000001011000001001000000010011111111011111111101111111111111111111111000000001000000010011100110011000000101111011100111001111011110011001101010010111101110011101111101111001100110001001011110011001100011110110000010010000001100000000000000000001001111111101111111111110000010010000000101
6680992220303101126,20,lattice,1101011101111101100001010011011101011000111111110111111111100001000000000000000011011111011111111110010101110111110110000001001100110100000000010001001001000000111111111111111111110001001101110101000000010000001000000000000100010011010000000101001101111101100000010000001001000000110101110111111110000001001100110101000000010011011101011000110101110111111111001101011101111111111011111111011111111111
8473299451069804049,20,lattice,1011010111110110111111110101111111101111001101001110011011100001000000100000001011111101111111101111000101001110011011101111111111111110111100110101111101101111000100001110011010100001000001100010001000000000001000000010001101001111011011111011010111111110111100010000011001100010000000000000001000101111111111111111111100010000011001101010000100001110011011100000000000000000001000110100111001101111
8488105226434148489,20,lattice,1111110100111011101001010000000000000000011100000000001000100001000000000000000001111100000110101010011101000001001010101111111110111111111001111101000110101010111111011011101111101111110111111111111001111101001110111010011100000001001000100111010000011010101011111101101111111110010100000000001000000111110100011011101001110000000000101010111111010011101111100101000000000010001011111111111111111111
-1541174880696578241,20,lattice,1011011111111111111111110111111111111111001100010000000101100001000000000000001011111111111111111111001101010000000101100011011101001001111000010001000000000010001101111110111111100011010101000001011000110111011010111110001101110111111111100011010101001001011000110111011011111110001101110100101111100001000100000001011000110101010000011110000100010000000001100000000000000000001000110111111011111111
-7319674254564111106,20,lattice,1111111111111011111101110001110110101110001000000100101001000011000111011010111001111001110110111110011111011111101111100111111111111011111100100001110110100110001000001101101001000000000001000010000001111001111110111110001000000101101001000000000001001010010011111111111111111111000000000000001000000111000111011011111000100001110110101110000000000100001001000010000011011010011001111101111110111111
6923458986934425402,20,lattice,1101100000000010000101000000000000000001111110001010011100010101100000000000000100001000000000000001111111011111111111111111111111111111111111111001111111110111110110001010011100011111100011110111000111011000001001110001111110001011011100011111100011111111010111011000000001100001000010000000001000011101100000000111000111111001111111111111111110001111011101011111100011111111011100000000000000000001
-4198808028703503386,20,lattice,1100100100101100011101000001000000000100111111111110111111111101100110101111111101001001001000000111110111011110111111111101111111101111111100000001000000000000110010011010111011111101100111101111111101000001001000000101111111111111111111110100100100101000011101000001001001000101110010010010111011111100100110101111111111001001001011001111000000010000000001000100000100100000011101000001000000000101
-6680712561430802072,20,lattice,1111110111111101111101000000000011010101011100011011110101110101000000001101010101111101101111011111011101011011110101111111111111111111111101010001101111010111010000001000110101110111110111111101111101000000101111010111010000001001110101110000000000001001000100000000000011010101111111011111111111110000000000000001000101110101101111011111000000000000100101010000000000001001001100000000000000000001
9206089193377697743,20,lattice,1001000001000010100011111111010111111111101111010101111111110001000000000010000010011001010111111110100111010101111111101011111101011111111110010001010000101000111111111101111111110000000001000010000011111111111111111111100100010101001010001001000101011111111010010001010001101010000000000000001000001001000101010111101000010000010000101000100100010101011111101001000101000010101010011101010111111111
-8034227230159405419,20,lattice,1000100000001010000011101111111011100001101011000010111000011111111111101110001100001000000010000000100011000000101000001000111100101110000110001101001011100001101011111110111000011000110001001110000110001100001011100001111111111111111111110000000000001000000010001100000011100000000010000000101000001111111111101111001111111111111011101111111011111110111001111110111111101110001110001100000011100001
-601360620270919251,20,lattice,1111111111111111111101000100100000000011011001001000000101110111010010000001011101111101101111111111000001000000000000110111111110111111111101110101100110111111000000001000000000110111111111111111111101110101101110111111011101001001100111110110010010001001011101110101101111111111010001001000001101110100010010000001001101110100100010011111010001001000000101110000000000000000001100000000000000000001
2595948555751416369,20,lattice,1001000000010100100011111011111111101010101100001001011010000001000000010100000010111011101101101000111111111111111110111001001010010110100010110011100101101000100100001001011010001011101111110110100010110011101101101000000000000001000000001011101111111110101000000000000101000000000100000001011010001111101111111111101000010000000101001000111111111111111111111011101111110110101011111011111111101011
6889407996076305190,20,lattice,1001010010111110111011011110101111111111111111111011111111110001000000000000101000011100101111101110000101001000011011101001111010111111111111011111101111111111000100001000011010101111111111111111111100010100101111101110000100001001011011100001000010001110111000010000000001101010000000000000001000101001110010111111111100000000000000001010000100001000011011100000000000000000001000011100101111101111
-1299828507652667232,20,lattice,1010010101111110011011100101011111100110001000010101001000001111011101111111011011111111011111110110001001010111111001101110011101111110011000000001010000100000111111111111111111110000000001000000000000000001011100100000000000010101001000000010000101111110010000100001010101100000000000000100001000000010000101111111011011111111011111111111001000010111011001000010000101111110011011110111011111110111
-4024950209974588805,20,lattice,1111111101011101000101111111010111010001001111110001110100010001000100000000000000011001000000010000000111010000110100010001111100001101000100000001000000000000111111111101110100010011111101011101000111111111111111010001000111110001110100010001100100001001000000011001000011010001111111111111111101110001000100000001000011111111111111111111111111111111110101111111111111111101001100011001000010010001
7217831992162591505,20,lattice,1011111100100001100111111111011000011001001100000000000000000001000000000000000000111101000000000000001101010000000000000011111100100001100100110001000000000000111111111110001110111011111101100001100100111101001000001001111111111111111111111111111111101011101111111111011001011011101111110110001110010011110100100001100100111101000000001001111111111110011111111111111101100001101100111101000000000001
1450495228491401760,20,lattice,1000000000000000000011111111101110111111101011000010000000101011110000101010001010001100001000000010100001000010000000001011111000101010001010111111101110111111101111101011101111111111111111111011111110000000001000000000101111100011101111111010110000101010001011111111111111111111101011000010001000101011111000101011001010111110001010111110101111100010101101101000010000100000001010111110001010111111
5732884835048246883,20,lattice,1000010000000000000011000100001000000110111111111111111111111101011111111101011111011111111111010111000001000000000000001100011010111001011011000111101110010110100001001000000001101100011111111101011110000100001000000110110001001011000101101100010010111001011011000111101111010111110111111111111101111100010010100001011011011111111111111111000001000000000001001000010000000000011011000100001000000111
9219916390865461529,20,lattice,1011000010101101100011111101111111111001001100000010000110000001000000100001100010111101111111011001101101011110110110001011111111111101100110110001101011011000001100001010000110001011000111101101100000000000001000000000101101011111110110010011000010101101100000110000101001011000101111011111111110010000000000100001000000000000001000011000111111111111111111111011010111101101101010110001101011011001
-1150791196900830071,20,lattice,1000000000001101010011001000100011010100111111111110111111111101100110001111010110001000100011010100110011011000110101011101111110101111110111001001100011010100000000001000110101001101111111101111110111011101101011111101111111111111111111110000000000001000000000000000000011000100110010011000111101010000000000001101010011011101100011111101000000000000100001001100100110001101011111001001100011010101
-5063290046024678257,20,lattice,1101010000010100101001000100000101000000111111101011111011110001010000010000000011011100000101101011000001000000000000001101111000010110101111111111101111101111110111101001111011111111111111111111111111011110101111101111000001000001000000001101111000011110101100000100000101000000110101000001011010101101111010011111111101010100000101001010110111100001111011110000010000010100001011010100000101101011
-3199866330099740253,20,lattice,1011011111101101101111111111111111111111001000100000000000100011001101001100001010111111111011011111001101110100110000100000001000000000000000100011000000000010001101111110110000110010001001000000001000110111011011000011101111111111110111110010001101001000001000100011010011000010101111111111111111110011011111101101001100110111111011001011101101111110110111110000001000000000001000110111010011000011
-7376324385889792851,20,lattice,1001101101100010111011111111111111111111101110110110001011110001100000000010001000001000000000100010101111110110101011110001101101100010111000011001000000100010101111111110101011110001100101100010101000011001001000100010101111111111101011111011101101101010111110111111011011101111000000000000001000101011111111111111111100011001001000101010000110010110001011100000000000000000001010011011011000101111
272743315374155139,20,lattice,1111110101011111100101000000000111000000011100010101110000000001000000011100000001111101010111111000011101010101110000001111111111111111110100000001000011000000111111011111111111010101000101011100000011111101011111111101000000000001110000000000000000001100000000000000000001000000011100010101111000000111010101011101000001110101010111111000111111010101111111011111111111111111111101111101010111111001
-8734127737958426915,20,lattice,1101111111111111100101000001101110101000111111111111111110110101100111111011100001001001101110101000010111011111111110000101111111111111100100000001000010100000000000011011101010000100100111111011100000000001001110100000000000010001101000000000000000001010000001001001111111111000000000000000001000000100100110111011100000000001001110101000111111111111111111110101111111111111101101011101111111111001
-6671474852736544243,20,lattice,1111100111100011111101011001111000110111011110011110001101110001100111100011011100001001111000100110111111011110001111111111111111111111111100000001000000000000000000011100001000100000000101000010000000000001111000100010111110011111011111111111110111111111111111111001111001111111000000010000001000000000100111100011011000011001111000111111000000011110001001100000000101000010001000000001111000100111
7953491503856613564,20,lattice,1100111110111000001001000000000000000000111111111111111111111101111110111101001101001000001000000000010011101010100000000100001000100000000001001111101010000010010010001010000000001101111111111101111101000000001000000000010011111011100000100100101000101000000001001111101111000010110111111111111111110100111110111101001011011111101111011011110111111011110101110100111010101000001011001111101111010011
7945658948980565143,20,lattice,1010111010101100110111111110101111011101001010000010010010011011111010111101110100001000000000000000001011001010010010010010111010101100100111111111111111111111001010001010010010011111111011111101110100001000001000000001101011101011110111010010110010101100100100001000000001000000111111101111111111011010111010101101110100001000001001001001001011101010110011011111111011111111111100001000000000000001
-8237913842439793193,20,lattice,1111101011000011111001111010110000101100001000001000000001000011001011000010010000101010100000100100111111111111011111110010001010000000010011111011110000111111000000001000000000000010001011000010010001111010111000101100111110111111011111111111111111111111111111111011110001111111001000101000001001000111101011000011110000101010110000101100000000001000000001000111101011000011111011111010110000111111
7139181776075936225,20,lattice,1001101101111011011101011011011110110111111111111111111111110001101100011000000000001010000010000000100111110111101101110000001000000000000000001011000110000000010110111111101101110001101101011000000000011011011110110100000010100001100000000000001000001000000011011111111111110111000110110101101001000001101101011001010011011111111111111111000110110101100001000001101101111011011100011011010110100101
-1686333529990783394,20,lattice,1010000100000000100011111011110100111000001000010000000010001011000100000000100010111001110000001000111111111101001110001011101111000000100000000001000000001000101100011000000010001011000111000000100011111111111111111111101110111101001110001111111111011111111110111011110101111000101110011100001010001011101111000001100000000000000000001000111111111101011111111111111111010111101011111111110101111011
-5943024140959064192,20,lattice,1001101111001111111011111011110011111111101110111100111111110001000000000000000000011011110011010110111111111110111111110001001111001101011000010001110011010110000100001000010000000001000011001100011011111011111011111111111111111111111111110001000010001100011000010000000001000000000100111100111101100001000011001101011000010011110011111110000100001000010001000001000010000100011010011011110011111111
5325843166270090342,20,lattice,1101111110100010101101000101100000100010111111111111111111110101111110100010101100001001100000000000000001011000000000000000011110000000001000000001100000000000000000001000000000001101111111110011101100001111101000101011110111111011001010111101111111111111101111011111111101111011000001011000001000101101111110110011101100001111100000101010110111111111001111110000010110000000001000001111100000101011
-213838440193455077,20,lattice,1100111011111111111101001000100010101001111011101111111111111111111111111111111100001000000010000000010011001101111110010100111011111111111111101111111111111111000010001000100000010100100011011111100101001000111111111101010010001001101010010000000000001000000001001000100011111001000010001000101010010100100010001011100100001000100010001001010010001101111111010100110011111111111100001000000010000001
1507870046870272957,20,lattice,1101100111101101110101000000001000001000111110011110110111010101000000100000100001011000111001011101111111111110111111011111101111101111110101011001111001011101010000001010000010000101000011100101110100000000001000001000111111111111111111010101100111101101110101010000101001011101111110011110111111010101000010100001100100000000000000001000010000001010000011011111111111111111111101000000101000001001
9006873948209209493,20,lattice,1000001000000000000011111110110011010010101011100000100000101011111000001100001010001110000000000000100001100000000000000000001000000000000011111111110011011111101111101100110100101011111001001101001011111111111111111111111111111101111111111000111000001000000010101110000011000010111111101100111100101011111000001101001011111110110011011111111111101100110101101000111000001000001011111110110011010111
4126677300253503701,20,lattice,1000100000000000000011111100110101111100101111000100011111001001100001000101110000001000000000000000100011000100010111001111111011010111110011111111110101111100101111001101011111001000100001000000100011111111111101111100101111000101011111001111111111111111111110001000000001001000100011000100011111001000100001000101100010001000000000001000100010000100010111001111111111110111111111111111111101111101
-5234180213381667394,20,lattice,1111111111100001101101101001101000000011001010000000000000110111101110100000001100001000000000000001011111111110000110110110101110100000001100101001000000000011001010011010000000110111101111100000001100001000001000000011111111111111100110111111111111101001101111111111111111111011111111111110101110110111101110100001001101111011111000011011111111111111111111110000100000000000001100000000000000000001
-2686053474587867214,20,lattice,1000101100000000000011111111110100111110101010110000000000001011101101000001110000001011000000000000101111110100000111000000001000000000000000000011000000000000101111111101001111101010101101000001100011111111111111111111101111110101000111101111111111011111111011111111110101111110101111110101001111101010101100000001000010101011000000011000101010110100000111001011111101000001111010111111110100111111
1902593751398830502,20,lattice,1011011001101111111111110110011011111111001000000000000000010011000000000000000110111111011011111111001101100110111011110011001000101100000110110111011011111111111111111111111111110011001001101100101100110000001010000001101111110111111111110011000000001000000100110000001011000001001100100110111010110011001001101111111100110010001011001011001100100110111011110011001000101100001100000000000000000001
58342183048058793,20,lattice,1100001100010010101101000011000100101011111000110001001010111111111111111111111111001011000100101011111011110011011010110000001000010010100000000011000100101010111011111011011010111110111111111110101111101011001100101011000000000001001010001110001100011110101111100011000101101011000000000000001000001110111111111111111100000000000000101000111011111111111011110000000000010010101000000011000100101011
5382542150355035414,20,lattice,1110001010111101001101100000000111010011001000000001110100111111111111111111111111101010101111010011111011111011111111110000001000011101001101100001100111110011011000001001110100111110111111111111111101100010101111010011000000000001000000000000000000011101001100000000000101010010011000001001111100110000000000010001001011100011101111111011111010111011111111110000000000010000001000000000000101010011
-7200824286095250534,20,lattice,1010110100101101101101001001001010010011001011010010110100111111111111111111111100001001001000010011000011010010100100111010111100101101101100000001001000000001111011111111111110111110111101101101101100000000001000000001111011110111110110110000100100101001001100001101001011010011111011110111111110110000000000100001001100001101001011011011111011111111111111110000000000100000001100000000000000000001
2998188063764330370,20,lattice,1000000100010000000011101011010111111111101010010101010001101111111101111111111110001001000100000100111011110101111111111010101101010100011100000001000000000000111111111111111111111000100101010000010010101011011111111111000000010001000000001010101101011111111110001001010101000110101010110101011001111010101101010101011110101011010101011111100000010001000001001000100101010000011010101001010101000111
-1286655071117355370,20,lattice,1111101110100110101101000001100001001010011110011010011010110101100110100100101101001001100001001010111111111011011011110111101110100110101100000001100000000000000000001000000000001111101111110110111101001001101001001010111110111011011011111111111110111110111100000001100001001000010110011010011010111111111111111111111100000001100000001000011110111010011011110000000110000100101001001001100001001011
-9179863345080953458,20,lattice,1110001111001011010001100001110010110000001000010100101100001111001111101011110011111011111010111100111111111111111111000110001111001011010000000001010000010000001000011100101100000000000001000001000001100011111010110100111110111111111111000000000101001001000011110011111011111100000000010100001100000000000000000001000011100011110010111100001000011100101101001111111111111111111111111111111111111101
-3937136474361192011,20,lattice,1111111111111111110101101111111011101101001000010000111000000111111111111111110100101101000011100001000001010000111000000010111110101110110100000001000011100000001011011000111011010010111111101110110100101101101011101101011011111111111111010000000000001000000000000000000011100000000000000000101000000110111111101111110100101101000011101001001011010000111011011111111111111111111100100001000011100001
-8975518344097498685,20,lattice,1111010110111101111101010101001110010100011101011011110111000001000000000000010011111101111111011111000101000010000101001111111111111101111100010101001110010100010101011011110111001111010111111101111100010000001000010100000101000011100101000001010000101001010001010101001111010100111111111111111111110001000000000001010001010101001111011100000000000000000001000111010110111101111101110101101111011101
-2079894105240397545,20,lattice,1010001110001001001011110011110111010110001000101000100000101011001111011101011010101011110111010110111111111111111111110000001000001000000000100011100010000010000000101000100000001010001111011101011011111011111111010110101000111001110101100000000000001000000010100011100011010110111110111111111101110010001110001001001011111011111111011111001000101000100001100000001000001000001011111011111111010111
3312470987209851117,20,lattice,1111111111111111111101101110110011101111001000000000001000000111111011001111111100101010110001101001001011101100111010110010001000000010000101101111111011101111001000101100011010010010001001000010000101101110111011101111011111111111111111110010101011001110100100100010010001100001000000000000001000000110111011001111111100100010010001101001001010101100111011110010101011001110101100100000000000100001
-3582288071679712922,20,lattice,1000001000001000010011000110110011010110111001111100110101101111011111001101111011111111110111111111100001101100110101100000001000001000010011000111110011010110100000101000110001101000001001001000010011111111111111111111111101111101110111110000000000001000010010000010000011000110111101111101111111111000001011001101011011100111110011011110000000000000000001001000001000001000011011000110110011010111
8359387262481022704,20,lattice,1111111101111111111101111100000110110011001000000000001100010001000000000010000100111100000010110011001101000000101100110111111101011011011101111101000110110111111111111111111111110111110101011011011101111111011110110111001111000001101100110011000000001011001101111111011111111111000000000000001000010000000000000011000101111111011110111111011111000001101101110010000000000011001100000000000000000001
1263375256470090106,20,lattice,1100000011101001110101000000110010011101111111111111111111111101111111111101110111001111111011011101110001011110110111011100011111101101110111000001111010011101000000001000000100010000000001001001100101000000111010011101110011111111110111010000000000001001000101000000111011011101110111111111111111010000000000000001000100000000000000011001000000001100100111011101111111111111111100000000000000000001
-4547952397346529731,20,lattice,1111111011101111111101000000000000000000011001000010010010010111110000100110100101101100001001101001010001000010010010000111111011100111100111111111111111111111011111001110011110010111110001100110100101000000001001001000111111101111111111110111111011101111111101000000000001000000010001000010011010010111110001100111100101000000000001001000011111101110011111110111111011100111101101000100001001001001
5253965476252923021,20,lattice,1011101100110011111111111111111111111111001110110011001111110001101100110011101100001011001000111011101111111111111111110000001000000000000000000011001000111011101110111011011111111011101111110111111100000010001000000000000010110011001110111011101111111111111110111011001101111111000000100010001000000000001000100011100000000010001000101000000010110010001111110000001000100011101000000010001000111011
-632537849542078847,20,lattice,1111111111111110111101100011100011100010001000000000000000000111101111011110111101101011110111101111011011111101111011110010001100001110001000100001000000000000001000011000111000100110001111001110001001111011111111101111011000111101111001100010000000001000000000100001000001000000001000010000011000001111111111111111111101100011110111101110011000111000111001100010000100001110001001100011110111100111
-4748588221839413723,20,lattice,1111111101110000000101100000000000000000001000000000000000000111000000100000000001111011001000000001011111110111000000010110001000000000000001100011001000000000111111111111000001110111101101110000000101100000001000000000011110110011000000011111111111111100011111111111111101000111111111111111111001111111111111111101011111111111111111111111111111110111000001111111111101110000001101110011001000000001
-782318419097690456,20,lattice,1001011000000001000111110110000001111001101101100000010100010001000000000000000111111110010001111011000101100000000100010001001000000001000111111111111011111111111111101110111111111111011001000111101111111110011001111111111111111111111111111111111001101111111110010110000001010001100101100000011100010001000000000001000110110110000001111001111111100100011111111111011000000111101100000000000000000001
-4070420885256498460,20,lattice,1100111101101111010001001100010011000100111011110110111101001111111111111111111100001100010011000100000001000000000000000000111001001100010001001101011011100100111011111110111101000000010001001100000000001100011011000100111011111111111101010000010000001000000000000100000001000000010011000100111001000100111101101111010011101111111111111101000001000000000001001110111111111111111111101111111011110101
-914496090375533299,20,lattice,1110111111111010111101100001101110100111001000000011000000011111111111111010111101101111111110100111011001011111101001110110001111111010011100100001101110100101001000001011000000010110000111111010011100000000001000000000000000000011000000010010000010111010000111111111111111101111001000001011001000011111111111111111111101101111111110101111001000001011101001010010000110111010011100000000001000000001
2652876666072721488,20,lattice,1001000000000100000011010100100001100000111101101100111111010001000000000000000011111110111011111101100101000000010000001101011011001110110111111111111011111101000100001000011000001101010011000110010011110110111011111101111111111111111111111101010011001110010000010000000001000000000100000000011000001101011011001111110111010100110011101100110101001000011001001111111111101111111111010100110011101101
-1442747691936654889,20,lattice,1000101101101011111111001011011010111111111010111110111111111111111111111111111100001000000000000000111011111110111111110000101000101010100000001011001010101000110010111110111111110000101101101010101000001000001010100000111010111111111111110000100000001010000011001011011011111111000010000000001000000000101101101011111100001000000010101000000010110110101011110000101100101010101000001011011010101011
-3783153308889131338,20,lattice,1111111111111101111101010110001001010010001111101010010100100001010000000100000000011110001001000010000001000000000000000001011000100100001001111111101011010110000101101010010100100111111111101101111000010100001001000010011111111111110111110111111010101101011000000100000001000000111111111111111111110001011000100101001001111110101011011110011111101010010101100001010000000100001001111111111011011111
9036413417499184088,20,lattice,1110000111111110011101000000000000000001011000010111010001110111101111111110011101101001111111100111111111111111111111110110101111111110011101000001000100000011011000011111111001110100000001010000001101000001001100000011010000000001000000010110000101111100011101000001011101000011011000010111111001111111101111111111111111111011111111101111010000010111010001110100000000010000001100000000000000000001
4550438477037186965,20,lattice,1111011000100001111101100110001000011101001001100010000101010011011000100001110111111111111111111111000001000010000101000000011000100001010011110111001000011111111101111010010111111111011111101111111100000000001000000000111101111111111111111111011110101101111111110111001001011111111101111010011111110000000000100001000000100110001000011101000000000010000101000111011000100001111100000000001000000001
5798230592075724989,20,lattice,1001100110110100000101010001100100000000111111111111111111110001000110010000000000011001100100000000110111111011010110111101101110110101100100000001100000000000000000001000000000001101111111111111111100011001101101000001000000011001000000001101111110111111111100011001100101000001110111111011011110111101100110110101100111011001101101001001110110111011010111011101101110110101101100000001100100000001
-2962679987144759934,20,lattice,1111000011000010010001000000100000100100011100001100001001000101000010000010010011111111111111111101111101111100011011011111001011000110010111110011110001100101000000001000001001000101000011000010010011110011111001100101111101111101011011011111011111011110110111110000110001100101000000000000001000001111011111111111110111110011110001101101000000000000001001001111111111111111111111110000110000100101
197517560293694871,20,lattice,1111101101110111111101100001000000101111001000000000000000100111101101110111111100101000000000001110111111111111111111110110001101000110111100100001000000101111011010111111011111110010000001000010111101100011011001101111011000110111011011111111101101111111111101100001010001101111001000000000001011100110101101110111111100100000000000001110001000000000000001100000000000000000001000100000000000101111
-1947335740949714078,20,lattice,1000011011111111101001000110111111111010011001101111111110101111011011111111101011111110111111111010000001001101100110000000011011111111101011111111111111111111000000001001000000000000000011010001000000000000111110011000000000000001000000000000000011011001100000000100110111111010000000001101001110000000000010010001000000000000110100011000011001101111111111100000010011011011101011111110111111111011
2305791454458459517,20,lattice,1111111111111011001101010011111110110001011101111111101100110001000111111011000001111111111110110011010101111111101100010001001111111011000000000001001000000000000000011011100000000000000101111000000000000000001000000000000000010011100000000000000100101000000011111111111111111011000000010111101100000000000101111001000001111111111110111011111111111111111111110101011111111011001100010011111110110001
7935241772204138720,20,lattice,1001011000111011111011111111001110111111101111110011101111110001011000110011101010011110001110111110000001000000000010000000011000000010100010011111001110111111111111111111111111111111111101111011111100000110001000101000000001100001001110000001011000111011101011111111011111111111000001000000001010000000011000000011100000000000000000001000000101100011101111100000011000100011101010011110001110111111
-5117740021747516644,20,lattice,1000000000000100000011111111101111111111101000000010010000001011001010110100101010111011101101001010101111111011011010101010001000110100101010110011101101001010101000101011010010101111111111111111111110000000001001000000101000000011010000001011111110111111111000000000000001000000101110111011011010101011111110110111111010100000001101001010101111111011011011101010000000100100001010111111101101111111
-6882425234648742080,20,lattice,1000101111010110101011111111111111111111101010111101111010111011111111111111111100001011100000001000101011111111111111110000001110000000000000000001100000000000000000001000000000000000101111000000100010101011111111101011000010111101000010001000101111011110101000001011110101001000000010111101011010001000101111011111101100000011100000001000101010111101111111110000101111010110101010001011110111101011
-4566789003357380417,20,lattice,1111011111111111111101010100111001100011011101001111011000110001000010100100000111111111111111111111000101001110011000110111011011110110001101110111111111111111000000001000000000010001000011100110001100000000101001000001010101001111011000110111011011111111011100000000100001000001000000001000011000010111011011110111011101110110111101101111011101101111011001110001000010100110001100000000000000000001
-5120900444887609038,20,lattice,1111111111111101111101010000000000000010011100101111000000100001000000000000001001111010111100001010011111101111110011110101001011010000001001111111111111001111010100001001000000100101000001010000001001010010111100000010010100000001000000100111101011111100111101110010111101000010111111111111111111110111111111111101111101110010111100001010011110101111010011100000000000000000001001111010111101001111
-4235242961286990383,20,lattice,1010001000000000000001100010100000010000001000000000000000001111111111100001100111101010101000011000111011111110000110010010001000000000000011100011101000011000001000001000000100000110001011000001000011100010101000010000111011111111011111011111111111111111111111101111111001011001111011111110011111010010000000000001000011100010101000011000111011111110010111011111111111110111111111100011101000011001
-6615900684836238726,20,lattice,1000000000000000000011000000000001100000111000111111111001111111101111111110011111101011111111100111111011111111111001111100001000000110000011000011000001100000110000111100111001101100001101000110001011000011111111100111110000110101111001101100001101001110011010000000000001000000100000000000011000001111111111111111111111111011111111101111110000110100011001101100001100000110001011000011010111100111
-3373442516300453945,20,lattice,1110101101101111111101101011011011101100001000100110111010001111111101101111111100001010010001101000111011110110111111110000001000000000000000001011011011101100111111111110111111110000001001000110100000000010011011101000111111111111111111110000001001001110100000000010000001101000000000100000001010000110101101101111111000000010000000001000000010100110111011000110101101101110111001101011011011111111
8566094948762474855,20,lattice,1001110010011001011011111111111111110111101111111001100101100001000000000000000000011100000110010010000101000001100100101001111010011001011010011111100110010110000111001001100100101011111111111111011110111111101110010111000100000001000000100001000000011000001010111111101111110111101111111011101101110001000000000001001011111111111111111111000111001001100101100001000000000000001010111111100110010111
9053565238985824444,20,lattice,1000000000011000100011111111111111111111101111111111100111111001110111111001111110001000010110011000100011000101100110001001111111111001111110001101111110011111100011001111100111111000000001011001100010001100011110011110000000000001100010000000000000001000000010111111111111011111101111111111111111111000000000011001100000000000000010001000100011000101100111101000110001011001101010001100011110011111
-3465702766374218968,20,lattice,1000010010000100000011001101111111111111111111111111111111111101111111111111111100001000000001000000000001000000010000001100111111111111111100000101100001000000000001001000010000001000110111011111101110001101101111111111100011011001111110111000110110001110101000000000000001000000100001011000011000001000110110000111101110001101100001101000100011011000011111111000110110000110101010001101100001101001
-2749406865518274656,20,lattice,1100001010010000111101000000100100001001111000101011100011111111101111111001111111101011101110011111111011111111100111110000001010010000100111100011101110001111000000001001000010011110101111111001111111000010101100001111000000000001000000000100001010011000111111111111111111111111111111111111101111111110001110111001111100000000000100001000000000101001000011010100001010010000111100000000000100001001
8326009874375447090,20,lattice,1000100101000100100011001101110011011101111011011110110111111111111111111111111100001001000000000000100011011100010011001110111111101101111100000001000000000000100010011100010011000000100101000000000011001101111011011111111011111111110111111000110111001100110000001001010001000000111011111111111111111000110111001101110000001001010001001000100010010100010011001100110111001101111110001101110011011101
4378681555263365377,20,lattice,1010011001010000010011110111010110110110001001100101000001001011011101011010010011111111110111111111000001100000000001000000001000000000000010100111010100000100111101111101101101100000011001000000010011111111111111111111000001100101000001001010011101011000010011110111110111110110101001110101101001001010011101010001010011110111110111111111000000100000000001001011011101011010011011110111110111110111
-2779524308200317521,20,lattice,1010000000010000000011111111111111111111001000000000000000001011000010011100000110111110111111010011001001000001000000001011011011111100001110110111111111010011101000001001100000001011000011111100001110110000101111000011001000000001000000001010000000011000000010100000100111000000101101111111111100111011011011111101001110110111111111111011101111101111110101111011000010011100001110100000100111000001
7247546226857461029,20,lattice,1111101111110111111101001010111001001111011110101111011111110001101011100100111100001010000000001000111111111111111111110000001000000000100000001011111001001111000010101100010011010000101001000000100000001010111001001101010110101111011011111111101111111111111100001010010001001001010110101110011011110101101011110111111100000000000000001000000010100100000011010000101011100100111100001010010000001001
-5658735070299268287,20,lattice,1111101111111011101001000011100000000000011010111111101010100101101111111010101001001011100000000000111111111111101110100000001100000000000000000001000000000000000000111000000000000100101111000000000001001011111000000010010010111101000000000100101111111010101011111111111111111011010010111101001010000110101111111011101001001011110100001000111111111111111111110100001110000000001011111111111110111011
3445002233466691759,20,lattice,1010011001011101010111100110010111011111001000000101000000001111011011011101111111111111110111111111001001000101110100000010011001011101000011110111110111111111101001101101110111010000000001000000000011111111111111111111000000000101000000000010000001011000000000100000010111000000111101101101111111110010000001011101000010100110010111011101001001100101110101001010011001011101111100100110010111010101
-738017413503196242,20,lattice,1000000010010000000011110010100110000001101000001001100000001011000010011000000011111111110111111001111101101101101110011011001010011000000011110111110110111001000000001001000000001111001011011001100111110111111110111001000000000001000000001000000010011000000011110111110111111001111100101101101110011011001010011001100110110010100110001001111111111111111111111111111111111111101110110010100110000001
2525812633095194425,20,lattice,1001001010000000110111010010100000001101001101101000000011010001000010000000110011111111111000111101000101101000000011000001001010000000110011110111110000111101000000001000000000001011011011000010110111110111111000111101111111111111111111111111011111001011110111110111110011111111101101101000001011011011011011000011110100000000100000001100000000001000000001001111011111001011111100010010100000001101
-6571837446183856727,20,lattice,1100011000000000000001000110000000000000111001100001000110001111111000010011110111101110000100011000000001000000000000000000011000000000000011101111100100111101111011101001001111011111111111111111111111111111101101111111110001100001000010001111111110011111111111111111100101111111111011100001001110011100011000000001100011000110000000001000111011100001001111011110111010010011111111101110000100011001
-5178967683917887669,20,lattice,1011010111111110111111110101111111111111001101011111111011110001010110100000101110111101111111111111000001000000000000001111111111111111111100000101000000000000000001011010000010100001010111110000101100000101001000001010000101011011000010110001010111111000101100010101111111001011000101011111111011111011010111111111111100000101000000001000000101011011000011110000010100000000001000000101101000001011
-3326286811996358005,20,lattice,1111111110111111111101000010001110000001011111111011111111110101111110111111111101001010001111000101010011100011111001010000001000011000000101001111101111100111010011101011111001111111111111111111111100000010001110000001000000000001100000010000000000001000000000000010001111000001010010100011111001010100111010111111011101001111101111101111010000100011110001010100111000111110011100000000000010000001
-241896215716646253,20,lattice,1000000000000000000011000100000000000010111101101111100000101101011010101000001011111110111110000010100001000000000000001100011000101000001011111111111111111111110001101010100000101101011011111000001011000100001010000010110001100011100000101100010000001000001011111110111111110110111111101111101000101111111011111011011011111110111111111111111111101111101001101000010000000000001011111110111111110111
1393231910164916328,20,lattice,1010000001101001000011110001011010011000001000000010000000001011000001101001100011111101011111111001111101010110100110001111111111111111100110110001011010011000111111011111111110010010000001101001000000000000001000000000111101010111101110000010000000101001000011110101011111111000101100000110101110000010000000100001000010100000011010011000111111111111111111111111111111111111101111110101011111111001
6885790073207647616,20,lattice,1111000010000001100001110000100000011000001100001000000100000001000000000001000011111110110111011111111101101101110111111111001011001101101111111111110111111111000000001000000100001111000011001101101111111111111111111111111100101101110111111111000010001001100011110000100011011011111100001100111110110000000000000001000000110000100000011000111100101100110111111111000010001001101011110000100010011001
8880005045475028058,20,lattice,1111110011111111011101010100100100100010011111001111111101110001000010010000001001011100110101100011000101001001001000101111111111111111111101111101111111110111000000001001000000000101010011010010001001011100111101100011000000000001000000000101110011111110011101010100100101100010000100001001001000100101110011111111011111111101111111111111010111001111011001110000000010010000001001010100110101100011
-4388942420007645969,20,lattice,1110110101110000110101101101010000000001001010010100000000010111110101110000110100001000000000000001001011010100000000011111111111111101111100000001000000000001111111011111110011110000100101000000000100101001011000000001011011010111000011010111110101111000110111111101011111001101111111111111111111111111110101111101111101101101010000001001011011010110000011011111110101111100111100000000000000000001
-1461471221784618619,20,lattice,1000101000010000100011001111011100001110111011110111000111101111111101111001111000001000000000001000100011100001000011000000101000010000100010001111010100001110111111111111100111101000101001010000110010001111011100001110000010000001000010001110111101111001111011111111111111111111111111111111101111101100111101110001111000000000000000001000100010100001000011001000111001010000111011111111111110111111
5536358217334532361,20,lattice,1000010010110010010111000111101100100101111111111111011111111101011110110010010111011111111101111111000001000000000000001000011010110010010110000111101100100101000001001000001000001101011111110010010100000100101100100101000001001001001000001111111111111111111111010111111101100101000001000000001000001101011111110111111111010111111101101101000001001000001001001101011111110110111100000100100100100101
-8664540943970252109,20,lattice,1000000000000000000011111000010011111101101110000100111111011001100000000111110110001000000001000000111111000100111111011111111111111111111111111101010011111101111111011101111111111001100001001111110111111101111111111111111110000101111111011000100000001110000010000000000001000000100010000000011000001000100000000111100010001000000001001000100010000000011111011111110001001111111110000000000001000001
7228194202285099106,20,lattice,1111111111111011111101111110100010101011001111101000101010010001111010001010100100001100000010000000000001000000100000000000011000001000000001111111100010101011000011101000100010010111111111111011101101111110101010101011001111101001101010010000000000001000000011111111111111111111000011101000101010010011111010011011100100001100000010001000011111111111101111110011111010001010101100001100000010001001
2573990145309789058,20,lattice,1110111110111110001001001100000000000010011011110000000000101111111110111110001000001100000000000010000001000000000000100100111000000000001001001111000000000010011011111001000000101111111111111111111101101111101110100010011011110001000000100110111110011010001001101111101111100010011011111001001000101111111110111111111111111111101111101010111011111011111001100000000000000000001011111111101111101111
5638307145464448082,20,lattice,1000000000000000000111111111111111111111101111001110111011111001100011100010011110001000101000100111100111001110111011111011111111111111111110111101111011101111100000001010000000111000100011100010011110000000001000000001101111011111111111111000100010101010011110001000111011101111100000001010001000111011110111101111111110001000101010101111100000001010001001111000000000100000001100000000000000000001
-4690135685607341319,20,lattice,1011110110101010010011111111111110111111001000000000000000000011010000000000010000111100001010100100001001000000000001001011111111111010111100111101101010100100001111001010101001001011110111101010010000110100001010100100101111011111101011100010010000001010010011111111111111111111001001000000001001001011110111101011010010111101111010101110001000000000000001001011110111101010011010111101111110101111
1188003777249824560,20,lattice,1111111111111111111101011101101101011010011111011111110110100001000000000000100000011000001101001000000111000011010010000101111110110101101000011101101101011010000111001011010110100001110111110101101000010000001101001000000100000001000010000001110111111101101000010000000001001000000111011111111110100001000000110101100000000000000000001000000111011111111111100001110000110101101001111111111111011011
-8793013524162088467,20,lattice,1000100111000000011111101001111010000111101010011110000001111111111111111111111100001001100000000100111011011110100001111110111111111111011100000001000000000100000000011000000001000000100111000000010010001001111000000111111011011111100101111010100111101000011111101101111111010111111011011111111101111110100111101001011111101111111111111111000000000000000001000000100111000000011000001001110000000111
-1475925598307753290,20,lattice,1110111111111001001001101011010000010000001000000000000000001111111111111111001100101000000000010000011011110111000100100010101101000001000000100001000000000000011010111111100100100010000101000000000001101011011100010010011010110101000100000110101101111001001011101111111111110011111011111111101100110010000000000001000011111111111111111011111111111111111111110110101101010001001011101111111110010011
8329540183501350403,20,lattice,1010111011111110101001000010011101101010001011100111111010100011111001111110101000001010011101101010000011100111111010100000001001110100101011101111111111101010000011101111111010100000000001110100101000000000001001000000000000000011010010000000101001111110101000000000000001000000000000100111011010101111111111111111111100000000001001001000111011111111111011100000000000110100101011111111111111101011
6787475742558066978,20,lattice,1000000000000000001011111111111111111111101001111010101101101011011110111011011010111111111111111111100001101010101101101000001010000010011010000111101010110110100000001000000000101011011111111111111110000010101010110110100000101001101101101000001010001011011010110111101111110110100000000000001000101000001010000011011010110111101110111110100000000000001001100000000000000000001010110111101111110111
-7665488755050034109,20,lattice,1011111010110110011001111110101001000000001110101010010000000001001010000100000000001010101001000000001111101010010000000000001000000000000011111111111111111111000000101000000000001111111011110110011000000010101001000000001111101011010000101111111011111110011000000010100001000000001111101011011001101111111011111111111111111110111111101110001111101011010001100011111010100100001000111110101101100111
1581797607486858350,20,lattice,1101011100111110001101010101000000100011011101110011111001110001010000000000001111111111011111101111000001000000000000110101011100011010001100010101000000100011110101111011111000111111011101111110111101010111001111100011010101010001101000110101010100001010001101010111000111100011000101000000001000111111111111111111111111110111001111101111010101110011111001110000000000000000001100000000000000000001
1923138474070295349,20,lattice,1001001100010001011011111011011101110111101110110001000101100001000100010001001010011011000100010110111111111111111101110001001100010001011000000001000000010000111110111111111101111011101101010011011110111011011100110111000000010001000100101111101101111111011110111011010101110111101110110001001101100000000000000001000011111111111111111111000100010001000101100000000100000001001010010011000100010111
-4120818244988126966,20,lattice,1000001110010011000111100011100100110001101000111001001100011111011111011111011111111111110111111111111001111001001100010000001010010010000100000011100100100001000000001000001000001110011111010011000111111111111111111111000000001001001000011110011111011011010111100111110111110111000000000000001000000000001110010011000111110111110111111111111001111101001101011110011111010011011100000000100000100001
6859756725195453264,20,lattice,1001111100111011111111111111111111111111101111111111111111110001011100111010111100011111001110101111000001110001001000100000001000000000001000000001000000000010100111111011101111111001111111111111111100000111001110101111000000100001001000100000011100011010011010011111101111111111000000100000001000100001111100111011111100000111000100101011000001110001001001100000000000000000001000000111000100100011
-5472337679684739183,20,lattice,1011010010000101001111111111111011111011001001000000000000000011010010000101001110111101100001010011000001000000000000001011111111100111101110110101100001010011001001001000000000001011010111100101001110110101101001010011111111111111111111111011010110001101101100100100100001010000101111011110011100110010010010000001000010110101100001011011111111111110111111110010010010000101001100100100100001010001
6956500114191170157,20,lattice,1101100000100000101001001000001000000000111110000010000010100101100000100000001000001000000000000000111111000110011010111111101001100110101111111111111111111111111111101111111111111111100001100110101100001000001000000000111111000111011111111111111001111111111111111000001001101011111110000010001010101111110001100111101101001000001000001010111111000110011111110100100000100000001001001000001000000011
3091054447452746465,20,lattice,1010000000010000000011101000000100000000001000000001000000001111110111110110101100101000000100000000111011011101000010101111111111111111111111101001100100000000111010001001000000001110100111010000100011101000101100000000000000000001000000001111110111111110101111101001101101001000111011011101001010101111110111111111101111101001100100001000111111011111111111111110100110010000101011101001110100001001
-2797997420824188629,20,lattice,1101100010110101011001011000100101000000111111111111010111110001100010010100000000001000100101000000110111001011010101111101111111110101011111011101111101010111000000001001010000001101100011110101011101011000101101000110000000000001000000001111111111111111111100000000000101000000111111111111011111110101100010110101011011011111111101011111010110001001010001000101100010010100011011011000101101010111
-5336120746882792601,20,lattice,1110001001101000111101000000000010001101011000000000100011111111111011101000111111101110111010001111111001100110100011110110001001101000111111111111111111101111111001101110100011110110000001101000111101000000001010001101111111101111101011110000000000001000000011111110111011101111111111101110101011111111111111111111111100000000000010001001000000000000100001010100000000001000111100000000000010000001
4798901292967621130,20,lattice,1101111001000111001101000010010000000000111111111100011100110101001001000110000101011110010001100011010101100100011000110000001000000000000011011111010001110011110111111100011100110000001001000000000001010110011001100011111111111111111111111111111111001111001101000010010001000001000000100100001000000101111001000111001101011110011001111011010111100100011001110101001001000110001100000010010000000001
-8632553401736245250,20,lattice,1000100110100100001101001011101001000011111110111010010110111101101110100101101100001000000000000010111111111010111110110000101100100100001100001001000001000011000010011010010000111111111111101111101100001001001001000011111111111111111110111111101110101101101100001000000001000010111110111010111110111100101110100101101100001011001001001011111111111111111111110000000000000000001000001000000001000011
239675805287483545,20,lattice,1011000110001001011111111101111011110111001000000000000000000011000100000001010010111001100010010111101111011000101101111111111111111111011100100001000000000000001100011000000101001011110111101111011110111101101011110111111111011111111101110011000110001001010010111101100011110111001100011000001101110010000100000001000011111111111111111111001000010000000101000011000110000001011100110001100000010101
3912016293339587030,20,lattice,1110101111011101111101101011010101011111001010110100000111111111111111111111111100001001000000001100111011111111111111110000101101000000111000000001000000001100011010111101010111110000100101000000111011101011111111111111001010110101010111110110101111011101111100101011010001011111111010111101111111110000101101000001111100000000000000001000000000000000000011000000100100000000111000001001010000001111
-1012604917838167265,20,lattice,1000000100000000000011011111111010101100111111111110101011001001111111001010110010001111100000101000100001111000001000001000001110000010000000000001000000000000100000011000000000001000111111001010100010011111111010101100111111111111101011001000111110001010100011111111111111101100100000011000001000001111111111111111110010000011100000101000100011111100101011001111111111111111111111111111111111111101
8872429998404008206,20,lattice,1111010000011101100001110100000111011000001101000000100100000001000000000000000011111111111111111011000101000000100000000011011000011101100011110111011111011011111101111111111110111111011001111101101001110100001111011000001101000001110100000001000000001000000000010100000011010000111101110111111110110001010000001001000000110100000111011000111111111111111111111111011000011101101011110110011111011011
5757126744903843861,20,lattice,1000000000101100000011111111011111111111101001100010111101111011011001111111111110111110011111111111100001000010110000001000011000101111011110111111011111111111111111111111111111111010011001111111111100000000001001000000101001100011111101110000000000101100000000000000000001000000100001000010111100111000010000101101000010100110001111111111100001000010110101111000010000101101001010000100001011010011
2602958769448661245,20,lattice,1000001100010000100011001111001110001001111011111111101111111111111111111111111110001111001110001001100001110001000010000000001000010000000000000001000100000000110011111011100010011100111111111011111110000011001100001000000000000001000000001000011100111000100111101111111111111111110011111011101010111100111110111011111100000011000100001000110011111011101011111000011100010000101110000111000100001001
-3454081387791805341,20,lattice,1100010000001000000001000000000010000000111001100101111010001111111101111110101011001110010111101000010001000000100000001100011001011000000011101111011111101010111111111111111111110100010001001000000011101110011111101010010001000101100000000000000000001000000011000110010111101000010001000100101000001111111101111111101011000110010110001000111111110111111111111110111001011110101011111111011111111011
4689648192942699926,20,lattice,1000101111111101110111001011111111011101111111111111111111111101101111111101111100001010110001011001110111111111111111110000001011000101100100000011111001011101000000001000000110010000000011000101100100000010111001011001000000111111010111010000101111111101110100000000100001011001110110111111111111110000000000000001000100000000000000011001000000101100010111011000101111111101111100000000000000000001
-4814452328190328623,20,lattice,1001110000100100001111011111111111111011111111111111111111110001110000100100001100001000001001000001000001000000010000011001111011110110001110011111111101111011100111001010010000111001110011100100001100000000001001000001100111001011010000111001111111111111101100000000000001000000100111001111011000111001111011110111001110011110111101111011110111111111111111110000110000100100001100000000000001000001
-1539962882789458746,20,lattice,1001100000000011001011111101101110111011101111010001101100100001100000000001001000001000000000010010100111000000101100101111111111111011101110011101000110110010101111011011101110101111110111111011101110111101001110111010100111000001101100100000100000001001001011111111111111111011000010000000001100100000000000000001000010111101000110111010111111111111111111110000000000000001001010111101101110111011
5813529208688092846,20,lattice,1111111111111111111101100100100100000011001001000000000000010111010110010000001101111101100100000011000001000000000000000111111111011111111101100101100100000011001001001001000000110111110111011100011101111111111111111111001001000001000000110111010110011000001101111101100111000011011111011101111111110111110111011101111101111101110111001111011111011001110001110010010000000000001100000100000000000001
23472927232080296,20,lattice,1000000010100110000011100010111001101010101000001010011000001111001011100111101111111111111101111111111001111110011111111010001010100110000011100011111001111011000000001010010000001010001011100110001000000000001001000000111101111111011111111111111111111111111100000000000001000000000000001010011000001110001011100111101110000000101001101000111000111110011111111000000010100110001011100010111001101011
5853219875997500500,20,lattice,1101110101011100010001011001010011000000111111111101111111110001100000000000000000001000000000000000010111010101110000001101111111011111111100011001000001000000010111011101111001000001100101000100000011111111111111111111000110010101110000000001100101001100000000011000000001000000010111010101111001001101110111011111011011011101110111111111010111010101110001001101110101011100011011011101110111110111
472791457837140975,20,lattice,1111110000010000010001010000000000000000001111000000000001000001000000000000000000011100000000000000000101000000000000001111111111110110111111111101111101100101111111001011001001001111110001110110010011111100001100000100010111000001000000001111111111111111111111111100001101100100111111000011001001001111111111110111111111111101111101101111000111000000000001001111110111110110011111111100101100100101
8354110081717387627,20,lattice,1001000000010000000111010000000100100001111100000101101100010001000000000000000011111111111111110111111101001101111100011111001011011111011111110011111111110111111100001101111100011001000001010001000111110010111111110111000100000001000000011101000000011010000111110000010111110001000100000000001000011001000000010001000111111111111111111111111100001101111101111111000011011111001100010000000000000001
7930822552300050535,20,lattice,1000011011001011101001000100110010111110111111111111111111111101111111101111111111001110111010111111000001001100101110100000011011001011101011001111111011111111000000001000001000100000000011001011101011000110111010111110110111111111111111110000000010001010101011001110111011111111000000000000001000000000000010000011101000000000100000101010000001001100101111100000000000000010001011000110111010111111
-2324243148704416637,20,lattice,1011110100110111011011111111111111111110001100000001000000000001000000010000000000111001000100000000001111010011001001101011111100110111011000110001000100000000101111111111011101101011111101110111011000111001001100100110000000000001000000001011111111111111011000111101001101110110001100010001001000000011110100110011011010111111111111111110001110010001001001100011100100010010001011111111111111111111
8484273520015210885,20,lattice,1111111011111111011101000000001000000100011010100011101001100111111011111111011100001000001000000100011011101111111101110100101000100000010011111111111111111111011010101011111101110110101011111111011100000000001000000100010010100011100001000100101000101000010001001010001111100100010010100011101001000110101000111111011111111110111111111111000000000000000001000100101000111010011001101010001111100111
-4098570870904720101,20,lattice,1001000100100100000011010011001001111011111111111111111111110001000000000000000011011011001001111011110111110010011110111001001100100110101100010001000000000000110111111110111110111101111101101111101100010001001001000000110111111111111111111101001100101111101100010001000001000000100100010010011000011001001100100111101100010001001001001000110111111110111111111001000100100110101110010001001001000001
916513890864098310,20,lattice,1100000000010000011001000000000100000110111111111111111111111101100010111101011000001000000100000110110011001011110101101101111011111111111011011001101111010110010010001011000101101101110011111111111000001000001100000110000000000001000000001100100010111001011011001000101111010110110111001011111101100100100000110001011011011100101111111110000000000001000001000000000000010000011011011110111111111111
3531572120271352328,20,lattice,1010101111011111101111111111111111111111001010001001110110110011111111011111111100001000000110000010001011111101111110110000101010011101101100101011110111111011000010001001110100100010101011011111101100111111111111111111000000000001000000000000000000011000001000001000000111000010000010000001111100100000100000011101001000001000100111011010001011111101111111110000000000010000001000001000100111011011
-4832016389740219446,20,lattice,1111011111111111111101000010101100001011001000101011000010110111001010110000101111111111111111111111011101101011000011110000001000100000100101110111101100001111000000101010000010110111011111110110111100000000001000000001000000101011000010110111011111111111111101110111101101101111000000101011001011110111011111110111111100000000001000001001000000101011000011110000001000100000101100000000000000000001
4473967458731842980,20,lattice,1001000000000010100011110000101001101101101100000000011010000001000000000000000011111000101011101111111111101110111111111111101010101111111111111111111011111111101100001000011010001111101011101111111110010000001001101000111111111111111111111111000010101110111110010000000001101000000100000000001000001111000010101111111100010000000000101000101100001000011011001111000010100110111110110000100001101101
2837673266194927280,20,lattice,1110101110100000000001000000001000000000011000001010000000001111111111111111111101101000101000000000111011111010100011010110101010100000000001101011101000000000010000001010000000001110111111111111111100000000001000000000111011111011111111111110101110101000100011101111101011111101111010111010001000001110101110101001110101101011101000001000111010111010100011011110111110101111111111101011101010001001
7340725385953669479,20,lattice,1110100111001100101101000000000001000000011000000000010000111111100111011101101101101000100001000011111111111101110110111111101111011101101101101001100011001011011000001000010000110110100111001100101111111011111111011111111010011101110110110110100010001100101100000000000001000000111111111111111111111110100111001101101101100000000001001011111110111101110111110100000000000100001101000000000001000001
8138847428257374788,20,lattice,1111011111101111110101000001100001101000011000011010011010000111000111101111110101111111111011111101011101111110111111010111001111101111110100000001100001101000000000001000000000000110000111101110100101000001101001101000111111111111111111110000000010001100000000000000100001000000000000001000011010000110000111101111100100000000100001001000011000011110111111011111011111101111111100000000100011101001
1530419155729023560,20,lattice,1111111111111111111101111101000011111110001011000000111111100001100000000100110000001000000000000000000011000000010011100011111100001111111000111101000011111110011111011000111111100111111111111111111101111111101111111111011111111001111111100000110000001111111000001000000001001000000011000000011011100000110000000111111000001000000000001000000010000000010011000000100000000100111001111111100111111111
-6778751950009191431,20,lattice,1111111011111111011101110110000000100010001101100000001000100001000000000000000001111110100000100010000101000000001000100001001000000000000011111111111111111111011101101000001000100111111011001010011001111110111010100111011111101111101101110111111010001010011001111110111111110111000100000000001000000111111011101011011101111110111110111111011111101000001001100001000000000000001001111110110010100111
-5398742011175361074,20,lattice,1000010101010100111111011111111101001111111111111111111111111001111111110100111110001111111101001111000001010001000010101000011111110100111100000001000000000000100001011111010011110000010101010000111110000101011101001111000000010001000000101001111111111111111100000101010101001111100001011111011011111001111111110101111100000001000100001010000001010001000011100000000100000000001000000101000100001111
-3883743934202512551,20,lattice,1010001000000100000011100110011001100010001000000000000000001111111001111111111111101110011001100110101001100110011000100010001000000000000011111111111111111111111011101111111111111010001001000100000010100010011001000000111011100111011011101110111001111111111100100010000001000000101000100110011000101110111001100111111011101110011001101110111001100110011001101010001001100100001010100010011001100011
2209605456798603511,20,lattice,1111110111111111110101100101000001000100001001000000010000000111110111011101110101101101100001000101000001000000000000001111111111111111110100100101000001000100011001011000010001010110110111000100110101111101111111111101011011011101010011010110110111011101110100000100000001000000011111011101111111010110110111010101110101101101100001001101001001000000010001001111111111111111111101100101000001000101
-2066516476449792850,20,lattice,1111111111111111111101001000000001000000011111110011111111100101100000100100000000001000000000000000010111010010111101100101111100111111111001011001001011100000011111111011111111100111111111111111111001001000001001000000010111010011111111100101100000101110000000001000000001000000010010000010011000000101100100101111001001011101001011111110010110010010111101100101100100101110001001111111111111111111
-3922266551207045438,20,lattice,1001111111110100111011111111111111011111101111111111010011110001011111100100101000011111111101001010000001011000000000100000011111100100101000000001100000000010000000001000000000100000010111000100101000000101111001001010000101111111010010101011111111111101111100000101100001000010111111111111111111111011111111110101111100000101100001001010000111111111010011100000000000000000001000010111111101001011
-7929524414889685593,20,lattice,1010000001010010000011111011111111111011001000000101001000001011100101010011000110101000010100100000111111111111111110111011101111111111101110101001010100110001101110011101111100110000000001010000000010111001111111110011000000000001000000001011100101011111001110111001010101110011000000000101001000001010100001010011000010111001111111111011111111111111111111111010100001010011001110101000010100110001
-8939270629685341525,20,lattice,1111111111111111111101111111101111110110001000001000100101100011011110001011011000111111101110110110001001011000101101100010011110001011011000100001100010010110000000001000100000000111111111111111011000110111101010110110001101111011101101100000000000001000000000111111101111110110001000001000101101100000000010001001010001111111111111111110000000001000100001000000000010001001011001111111111111111111
3346914694648484830,20,lattice,1111010111111000011101010000110100000010011101011111100001110001000010000000001011111101111110010111010101001101000001111111111111111101111101010101111110000111000000001000000000000001000011000000001001010100111100000111000100001101000000100101010011111000011111111101111111010111111111111111111111111111010111111001011101110101111110001111010100001101000001110000000010000000001001010000110100000011
-71952621814846723,20,lattice,1000010100001000000001100101000011000000001001010000110000001111111111011111100111101111100011101000000001000000000000001110011100001110100000000101000000000000111001111000111010001110111111011110100011111111111111111001111011111001111010000000010100001000000000000101000011000000101001010000111000001110111110011111100101100101000011001000111111111111111111111111111111111111101111101111100111101001
5894940482414722978,20,lattice,1011011101101011001111110111111010110111001000000100000000100011000001000000001011111111111110110111000001000110000000100011001001000000001000110111011010110011001101111110101100110000000001000000001000000000011000000010111101111111101101110011011001101011001111111111111111111111001100100110001000100011011001100011001111111111111110111111001101110110101101110000000000000000001000110010011000100011
895490952878231593,20,lattice,1101111111111101101101000001111110011011111111111111111111110101111111111101101100001000110100010001010011011111110110110100111111111101101100000001110100011001000000001100000000000000000001000000000000000001111110011001000000001101000000010000000111011001100101001001111111011011110111111111111111110000000011010001000100000000010000001000110111111111110111110000000111111001101100000000110000000001
-8636421049950416882,20,lattice,1100111111101101101101001111011000011011111111111110110110111101111111101101101100001111000000010011000001100000000100000000001000000000000000000111000000010010010011111110110110110000111101100001101100001111001000010011111111111111111110110100111101101101101100001111011001011011111111111110111110110000001000000001000000001111001000011011111111111111111111110000011000000001001000000111000000010011
-3999983013714477430,20,lattice,1000000000101111110001000000001011111100001000000010101111001111011111111111111011111111111111111110111001011010111111101110011110111111111011100001101011111110001000001010111111001110011111111111111000000000001000111100111001011011111111100000000000101011110000000000001011111100000000000000001101000000000000000001010000000000000000111100000000000000000001000000000000101111111011111111111111111111
-5657213862073690874,20,lattice,1111111111101111111101011110101001111111011111111110011111110001001000000010000100011010000000111011000111100010011111110000001000000010000000011011101001111111000110101010011111110101111111100111111100011010001001111111111111111111111111110111111111101111111100011010000001111011000000000000001000000001001000000011101100010010000000101001000110100000011111110000001000000010001100000010000000100001
4468693040375431155,20,lattice,1011000101010100000111110001010101000001001100010100010000010001000101000100000111111001010101000001111111010101010000111111111101111111111100000001000001000001111111111111111111110000000101000100000100110001011101000001001100010101010000011111110101111111011100000000000001000001111110010111011001011111100101110111011111111101011111111111111110010111010001011111100101010100001100000000000000000001
-860655028756834747,20,lattice,1101011110101001010101010111101010010101111111111110110111010001000000000000000011011111101011010101000101111000100000000001001010001000000000010001100010000000000100001000100000001101111111101101010100010111101010010101111111111111111111010001000000001000000011010111101011010101111111111110111111010001011110001001010011010111101010011101000101111000100001001111111111111111111100010111100010010101
6868235761013117408,20,lattice,1111110110110111011101001100001000010100011111001011010101000101110000100001010000001100000000010100000001000000000000001111111111110111111101111101101101110110010111001010000101001111110111110111111100001100001000010100010111000011000101001111111111111111111101011100101001010100011111001011011101000000010000000001010001111101101101111111000001000000000001000101110010100101011001111101101101110111
-6548004975750746518,20,lattice,1000000010000000000011100000101001010110101000001010010001101111111111111111111111101000101001011110111011111110111111111110101010100101111011101011111011111110000000001000000000001110101011101111111010000000101001000110111011111111111111111110101010101101111010000000100001000010111010101010111111101010000010100101011011100000101001011110100000001000010001101000000010000000001011101011111011111111
5843273060365546047,20,lattice,1011100000000011101111111111111111111111001110000000000100100001100000000001001000001000000000000000101111011101101111111011111111011011111110111001110100111011101110001101001110111011100001010011101110111101111110111111001110000001001110111011100111011011101110111111111111111111001110000000001110110000100000000001000000011000000000011010101110001101001111110000100000000001001000111000000000010011
2060968812253916190,20,lattice,1111111001100000100001110100010000001000001101000100000010000001000000000000000001111100010000001000000101000000000000000111111001000000100011111111011100001000111111111111111111100001010001000000000001111110011000001000111111100111000010001111111101111100111011111111011101001000111111110111111011101111111101111111111000010100010000001000111111110111010011001111111101110100111011111111111111111111
7001770277470825504,20,lattice,1011111111111110111111111111111111111111001000000000001000000011111101111110011100101111011111100101001001010111101001000010011101111110010000100001010000100000001011111111111001110000000001000010000000100001011010100000001000010111101001000010000101001010000000100101011111100100000000000000001000000011111101111111011100111111111111101111001000010110101001000010111101111110011100100111011111100101
-803580533649765501,20,lattice,1011000101000010000011111101010011100100001100010100001000000001000000000010000010111101010001100100101101010100001000001111111101011110010000000001000000100000111111111111111001010001000001000010000011111111011111100100111111010101111001001011110101001110010010110101010001100000000000000000001000001111111111111111110111111111111111101101101101010100011001001111111111111111111111111101010111100101
-1449196421003819451,20,lattice,1100001101000101100101000000000000000000111001111100010110011101111111111111100111001111110001011001110001110100010110010100001000000000100001000001010001011001110001111100010110010100000001000100100111000111111101011001110001111101010110011100011111111101100101000000000001001000110001111111111110010100000001000101100101000000000000001000111111111111111111011111111111111111111101000000000001001001
-2465638327951727361,20,lattice,1001110101001010111011011101010010101110111111010100101011100001010000000000000000011100000000000000000001000000000000001001111101001011111000011101010010101110111111111101101111100001010001001010011011111111111111111111100111010101101111100001010000001010001011111111110111111111000101000000001000101001110101001011111000011100010010101110000101000000001001100001010000000000001011111111110110111111
-7848986079018357575,20,lattice,1111101111101101101101111001100000011000001010011000000110000001100110000001000000001001100000010000111111111111110110110111101110101101100100000001100000000000000000001000000000000111101111101101101100001001101000010000111110111111110110110111100110101001100001111001101011011000111111111111111110110000000110000001000000001001100000011000111111111111111111110111100110101001101001111001101011011001
4587665388020394556,20,lattice,1111010111111111111101110101111111111111001001011000010100110011010110000101001111111111111111111111000001000000000100001111011111111111111100000101100001010011000001001000000100100011010111100101001100110101101001010011001101011011010100110011010111111111111100000100100001010011001101011011011100110000000000000001000000110101101101011011001101011111011111110000010000000001001000000100100000010011
7273195907346874833,20,lattice,1000010000010000100011010100000100101110111101100001011011101001010000010000101011111111110111101111000001000000000000001101011000010010111011110111000101101110111101111101111011101111011101010110111011111111111111101111000001000001000010001111011100011110111011010110000101101110100101000001001011101111111111111111111100000100000000001000100101000001000011100000010000000000001011110111110111101111
-5280456200144892436,20,lattice,1111111111111111110101000010000000000001011111111111111011010001010000000000000101011110000000100001000001000000000000010000001000000000000101011111111111101001010111101000101000010101111011001110000101011110111111101001010111101101111000010101111000001010000101011110100011100001010101100000001000010111111111111111110101011110110111101001010111111111111011011111111111111111111100000000000000000001
130347869877820933,20,lattice,1000000100000000000011111111111011010101101000010100010000011011111111101101010110101111111001010101101001010100010001011010011101000100010100000001000000000000101001111100010001011000000101000000000110100101011001000101111111111111110101011010111111101101010100000001000001000001111111111111111111011010011101000101010111111111111111011101101000010100010001011111111111111111111100000001000000000001
-6609515176676090620,20,lattice,1110101010011101001001100010000011010000001000000000000100000111001000011101010001101010000111010010111111111011111111110010001000000001000001100011000111010100011010101001110100101111111111111111111101101010101111010010011000100001110100000010000000001001000000100010000001010000011010101011111100100000000000000001000001101011101111111110011000100001110101000110001000011101001011101010100111010011
-1396129277161274570,20,lattice,1111011000111011011101000010000000000000011100100011101101010101001000100011010111111110111110111111010101100011101101010000001000000000000011111111111110111111111101101011101111111111011011111011111101000010001000000000010100100011001101010101001000111011010111111111111111111111010000100010001001010100001000100011010101010010001110111101010000100010000001010111001000111011011101000010001000000001
2619094919174855159,20,lattice,1000000000000001100011000111101100011001111111111111111111111101111111111111101111001111101100011011100001111010000110011000001100100001100000000001000000011000100000111010000110011100011111110001101110000001001000011000100001111011000110011100011111111111101111000111101101011011110001111011011110110000000000000001000000000000000000011000110111111111111111111100011110110001101110000011001000011001
1714584495194407193,20,lattice,1001111111111011111111011111111110111111111111111111101111110001001000110010101100001111001100101011000001100011001010110000001000000010000000000111001100101011000011111011101111110000111111111011111100000010001100101010000000100001001000000000111100111011111111111111111111111111000000000000001000000000011100110011101100000010000100101000000011110011001111110000001000010010101000000010001100101011
-4118826305995342461,20,lattice,1000010000000000000011010101000111111100111101111011111111101001010100011010000011111111101111111110000001000000000000001101011110011111111010000101000000000000110101011001111111001111111111111111111011010101101111111100100001010001001000001000010100011010000010010101000111101100100001010000001000001001010100011111110010000101000100101000100001010001001011001101010110011111111011111111111111111111
-2453939091064684893,20,lattice,1111111111111111111101110111111101111111001100100101011101110001001001010111011101111111111111111111001101110111011111110000001001010011001000110011010101110111000000101101011100110000000001000011001000000010011101110111000000000101001100100111011111111111111100000010010101110011000000000000001000000000000000000011000000110011010101111111000000100101011101110000000000000011001000000010010100110011
-9072967550475001731,20,lattice,1001010010100100001011011110111101100010111111101111011000100001010010000100001010011110111101100010000001001000010000101001011011100100001011111111111111110010000000001000010000101001010011100100001000000000101001000010100101101111011000101001011011101100001000000000000001000010100101001110011000101111111011110111001011111111111111111010111111111111111111110000000000000000001011111111111111111011
9067670368204305011,20,lattice,1100000001010000000001000000000000000000111111111111001000011101111111110010000111001010010100000000110011111101001000011100001001010000000011001011010100000000110010111101000000010100000001000000000011001111111100100001010000000101000000001111111111111111111111111111111101101111110010111101001000011100101101010001000111011111111100101001111111111111001001011111111111110010111111001011010100000001
5854119973992565369,20,lattice,1000000000000000000011001110111111101111111111111111111111111101111111111111111110001100010100100100100001000100000001001000111001010010010011001111111111111111100011101101101011111000000001000000010010001110111111101111100001000101000001001000111001011010010010001110110111101111100001000100001001001100111011111111111110001110010110101100100000000000000001001000111001011010111010001110010110101111
3585671148652871869,20,lattice,1100111111111011111101001001111110101011111111111111111111110101101111111011111100001001111100101011010011111111101111110100101111111010101100000001100100101000000000001001001010000000000111010010101100000001111100101011000000000001001010000000100111111010101111011111111111111111000000000000001000000100101111111011111100000000000000101000010010111111101011110000000010010010101000000000100100101011
6336779133971767252,20,lattice,1111111111011111111101010111100001011111011101111000010111110001010000000000010001111111100111011111000001000000000000000001011000000101011100010111100001010111000101101000010101110111111111011111111111111111111111111111011101111001110111110111011110001101111100010100000001010111011111111001111111110001010000000001010000010111100001011111000001000000000001000001010000000001011000010100000000010101
6607591960663330168,20,lattice,1001100000000000000011111010010000010100101110100000000000000001100000000000000000001000000000000000111111110111000101101001101000000000000011111011011000010100111111111111111111101001100001000000000011111010011000010100111110100111000101001111101101111001111011111011011111111110111110100111001101001011101000000001000011111011011100011110100110000100000001001111101101110001011011111111111111111111
5626637193460793209,20,lattice,1011110111111111100111111101111111111011001000001000001000000011010110111011000100111101111110111001001001011011101100011111111111111111111100100001100110100000000000001000001000000011010111111011100100100001101110100000001000001001101000000010000010001010000000111101111111111001000000000000001000000010000110011011000000100001101110111001111111011111111111111011110111111111101100100001101110110001
1224513207219391133,20,lattice,1000101000010000100011001111010100101110111111110111111111111001111101010010111000001010000000000000000011100001000000000000001000000000000010001111010100101110111111111111111111111000111001010010111011011111011101101111000010100001000000001101111101111111111110011111010101101110100011100001001010101101111101110111111100001010000100001000100011100001001011100000001000000000001011011111010101101111
6608331665940215874,20,lattice,1001001010011111000111111110101111110001001100101001111100010001000000000100000000111110101111110001001101101011111100010001001010000110000111111111111111110101000100001000010000011111111011111111000100010010101111110001000100001001011000010001000010011110000100000000000001000000000100001000011000010001001010011111000111111111111111111111111111101111111101011111111111111111011100010000000001000001
8967675856429279134,20,lattice,1000000000000010000011000001100001111001111110011000011111011101100110000111110111001001100001111101111111111111011111111111101111100111111110000001100001100000100000001000011000001101100111000111111111111001101001111101111110111111011111111111111111111111111100000000000001100000000000000000001000001000000010000111100110000000100001101001110000011000011111011101100110000111111110000000100001100001
-708348629241721767,20,lattice,1111111101011100010001010000010001000100001000000000010001000001000000000100010001111111010111000100011101000100010001000111011001001100010001010001010001000100111111111101110001000001000001000100010011111111111111111110011101000101010001000001000001001100010000000000000001000000111111111101111001101111111111011111111011111111110111001110000000000000010001001111111111011100011011111111111111111111
6929107589085374924,20,lattice,1111111011011011010101011100110110010001001110001000000100000001100000000001000000001000000000000000000111001101000100010111111011011011010111111111111110110111000110001000000100000001100001000001000111111110111110110101000110001001000100000001110011011001000111111111111111111111010111001101101100010000100000000001000011111111111110111111010111001101101101011111111011011011011100001000000000000001
6268776285656763935,20,lattice,1110010101101101001101100100011011010011001001000110110000111111011101101111101111111111111111111111000001000000110000111110011101101111101101100101011011010011111101111111111110110000010001001100001100000100011011000011111101110111111110110000000000001100001100000000000001000010111001010110111110110010010001101101001111100101011011011011111101111111111111110000000000000000001000000000000001000011
-4501189914500941128,20,lattice,1000000000000100010011000101100101000110111101111011110011110001000000000100010011111111111111111111100001011001010001101101011110111100111100000001100101000100000000001001010001001111011111111101111111010101101111000110000000000001010001001101010110011100011000000000000001000100111101111111111111111101011110111101111111010101101111001111000000000000000001001000000010010100011011010101101111000111
-8175496863962584460,20,lattice,1000110000110010010111011111001110100111111111111111101111111001111100111010011100001000000000000000000011000000000000000000111000110010010110001111001110100111110111111111101101111101111101111010011100001100001000000000000011000011001001010000111000111010011111111111111111111111000011000000001000001101111101111011011111011111011110111111000011000010000001000000111000110010011100001100001000000101
-3482358131771657265,20,lattice,1000000100000000010101001001000001000101011011010101110001111111110111111111111100001001000000000101010011010000010001011111111111111111111100000001000000000101111011011101110001110100100101001100010111101101111111000111010011010101110001110000100100001100010100001001000001000101111011011111111001111110110111111111111111101101111111001111000000000000000001000100110101001100011100000000000000000101
-2165700508703687902,20,lattice,1100000000101000100001000000001000000000111011110111101111101111111111111011111111001001001010101100110011010010101111001100111101101011110011000001001010001000111011111111101111111100110101101011110000000000001000000000110011110111101111100100000000101000000011111111111111111111000000000010001000001100100100101011110000000000001000001000000000000010001001001100111101101011111011101111011110111111
2642862658094174286,20,lattice,1101100100000010000001011001000000100000111111011111111111110001000000000010000000011001000000100000110111010000011101111111111111111111111100000001000000100000110111011111111111111101110101101111111111011101001001110111110111010111111111111101110100001111111111011001000001110111000000000000001000001101100100000011011111011101000001111111110110010000001001001101100100000010011011011001000000100111
-6954081574114298000,20,lattice,1111111111001101111101111111110011011111001001001000000000000011111011000001100100101110110000011001000001001000000000000010011011000001100100111111110001011001000000001000000000000000010011000000000011111111111011011111111111111111111111110011111111001101101100101110110001011001011111111100111111110000010011000001000000100100110000011001001111111100010111110011111111000101101100100100110000010001
3721426513817162076,20,lattice,1111111100001010101101010100000010000001011101000000100000010001000000001000000101111101000010101001000001000000100000010111111100001010100101110101000010101001011111111000101011111111111111111011111101111111001010101011111111110001101010110000000000001000000111111111111111111111011101000000101010010111111110101011111101110100000010001001011111110000101011110111111100001010101100000000000000000001
-1011399860343638687,20,lattice,1111111111111111111101010000110101011111011111101111011111110001000011010100011101011100111101111111000101001111010111110101111011110111111101111111111111111111000000001000000000100000000011010100001000010000111101011111000000001001000000100111111011111111111100000000100001000010010100001111011111110001000011010101111100000000100001001010000000001101010001100000000000000000001000000000110101000111
6624159013379187731,20,lattice,1110111011111011100101001100111010101001001011101111101010011111111011111011100100001100010000100000000001000000000000000000111011111010100111111111111110111011000011001100101000000000010001000000000000001100111010100000000011001111101010010000110001001010000011111111111111111011000001000100001000000000110011111011100100001100111010101000111111111111111111111110111011111011101100001100111010101001
-7500774080836641430,20,lattice,1011000001100100110011111100011011101110001000000010010010000011000001100100110010111100011011101110101101000110111011101111111011101111111011111111111111111111111111001110111111100010000001100100110000000000001001000000101111000111111011101011000001101110111000000000000001000000101100000110011011101111110001101111111000000000001001001000001000000010010011000011000001100100111011111110111011111111
-1834255741819392561,20,lattice,1001010100001100011101010101000011000111111101010001110101110001000100000000000011111111001111011111000101010000110001111111011100111101111100000001000000000000111101111111110111111111010101011101011111010101001111010111110101010001110101110001000100001000010000010001000011000100111111111111111111111001010100001101011111110101001111011111000100010000000001000001000100001100011000010001000011000111
8870790656091862891,20,lattice,1000000000000001110011100011011000111101001000000010000111011111001101100011110111101011011000111101111111111111111111111010001000100001110110100011011000111101111110111111101111111010001001100011110100000000001000011100111110110111101111111111101101101011111111111011111111111111101000100010001111010000000000000001110000000000000000001100000000000000000001001111101101100011111100000000001000011101
8543577854401038818,20,lattice,1000001100001001000011001011110011111100111111111111111111111101111111101111110010001011000011111100110011111110111111000000001100001000000000000001000010000000100010111100111111001000001101001001000011001011111011111100110111111111111111000000000000001000000010000011000011111100000000110000101111000000001100001001000000000011000010011000000000110000100111001101111111111111111011011111111111111111
973620106974561887,20,lattice,1000000000100000000011000000001010000000111000000010100000001001000000100000000011111011011011111111111111111111111111111000001000100000000011110011011011110011111110111110111111111110001001101110000000000000001000000000111110110111111111111000000000101000000011100010001011000000111000100010111000001111001001101111001011110011011011111011111100110110111111111110001000101100001011110010011011110011
-3604574574637638343,20,lattice,1100001000001000000101000010000010000001111111111001110110110101001000001000000111011111100111011011110101101001110110010000001000001000000111010111100111011001110000101000100000011111111111011101101111010111101111011001110100101001110110010000000000001000000100000010000011000001111111111101111110111100001010001001000111000010100010011001111111111111111111111101011110011101101100000000000000000001
-1762673841921449830,20,lattice,1111101100101101010101100001001000010101001000000000000000000111000100100101010101111011001011010101111111111110110101110111001100100101010100100001000000000101111110111110110101111111101101101101010100100000001000000000111111111111110101110111001100101101010100100001000001000101111111111111111111110010000100100001010111111111111111011111001000000000000001011111101101101101011100100000000000000001
2624765604238148058,20,lattice,1000010010100101000011101111111111111111101011111011110110101111111111111111111110001111101111011010000001000010000000000000011010111101100010000111101111011000000001001010010100001010111111111101101000000000001000000000000001000011010100000000010010111101000000000100001001010000100011111011111110100000010000100001000000000100101111011000100011111011111111100000010010111101001010101111111111111111
-461639786288230949,20,lattice,1101011000101000010001000110001000000100111111100011111101000101011000100000010001011110001010000100000001000000000000000000011000000000000011111111001111110110111111111111111111111111111101111111111100000100001000000000010111100011110101000101011000101000010001011110001011010100110111100011111101000101111000101001010011111111001111111111000001100010000001001111111000111111011011111111001111110111
8989143298237798627,20,lattice,1100011111010011111101000110000100100101111001111101101111111111111111011111111111101111110110111111000001000000000000000000011000010010000001000111010100111111010001111101001111110100011001010011011111111111111111111111000001000001001000001100011111011011111111100111110111111111000001000000001000000100011000010011010101000110010100111111000001100001001001000100011000010011011100000110000100100101
-8475273189230195120,20,lattice,1000000000000000000011101000010011100010101010000100101000101111111011111111111110001000000000000000111011100100111101101110101001001111001011111111111111111111111011101110111101101000000001000000000011101110011011110110111011101111111111111000100001001000001010101000010011100010100010000100101000101110100001001111001011101110111011111111100010000100101001101000100000000000001011101000010011110011
1576964739738731172,20,lattice,1010001101111011011011100011111110110111001000110110101101101111111111111111111111101011111110111111111011111111101111110000001100001001011000000001000000010110101000111111101101110000001101101001011000000000001000000110000000110111101101100000000100001001011011101111111111111111000000110110101101100000000000000001011011100011111110111111000000000000000001000000000000000000011010100011011110110111
-2722831505950251529,20,lattice,1001000100110110010111010001001111100101111111111111111111110001000100000000000010011101001111100101000101010011011001010001011100110110010100000001000000000000110111011011111101111101110111111111011100000001001100000000000000010001000000001001000100111110010100010001001101100101000100010011001001011101110100111111011110011101001111101101000100010000000001001001110100111110011100010001001100000101
1549887865685065282,20,lattice,1111000001011111000101000000000000000000011100000001000100010101000000010001000011111111111111111111111101111111111111111111001101111111111111110001010111111101111100111111111111110111000001010111000111110000011111110001010000000001000000000111000001011111000101110000000101010001010100000001001100000100000000000001000011110000010111111001111100000101111111011111000001011111101101010000000100010001
-5243001158260210309,20,lattice,1111111111111111111101110111111111111111001100001111100111000001000011111001110000111000111110011100001101001111100111000011011011111011111100110111111111111111000000001111100111000000000001100000000000000000001000000000000000000011000000000000000001101000000000110110111111111111001101001111101111100000000001101001000000000000011110011000000000000110000001000011010011111001111000110100111110111111
5020050194711316121,20,lattice,1000000000000000000011111111100110111111101111110001001110111001011000000000100010011110000100001000100001000000000000001000011000000000000010011111000100011000101111111001001110111111111111011111111111111111111111111111100101100001000010001011111100011011101111111111100111111111100111110001001110111001111000010001100010000110000000001000101111110001101111111001111100010001101110010110000100001001
-1905027090954581942,20,lattice,1110000000100000000001000000000000000000011000000010000000001111000001101011010011111001011110111100111111011111111111111111111111111111111111110001011110111100111110011111111111110100000001000010000001000000001000000000111100000111101101000110000000101011000011111001011111111100010000000000001000000100000000100011000011110000011110111100111000000110101101001111100101111111111111111001011111111101
7204633499135338403,20,lattice,1000000100100000000011111111111111111111101110011011011110111001100100100111001110001001001000000000101111011011011110111011111110110111101100000001000000000000100110011010011100111011111111110111101100000001001000000000100110011011011110111001100110111111101110000001001001010000100010010010011100011000000100100001000010011001101001111011101111111011111111111000100100100111001110001001001001010001
695730234591199841,20,lattice,1000000001000110001011101011010011110110101010110100011100101111111101111111011010001001010001110010111011110101111101101000101101000111001010000001010001100010111111111111111111110000000001000110001011101011011111110110111010110101111101101010101101001111001000000000000001000000000000000000011000101000000101000111001011111111011111111111101010110100111101100000000000000100001011111111011111110111
7222876605348097643,20,lattice,1001001001001010000111010011011010100001111100110110111101110001001000001010000111111011011011110111111111111111111111110000001000000010000010010011010010100001111110111111111111110001001001001010000110010011011010100001111110110111111101110000001000001010000110010011010011100001000000000000001000001101001101101011000111110011011011111111110100110110101101111101001101101011001100000010000000100001
8319348446287644053,20,lattice,1111111111111111111101111000000000000010001010000000000000100001100000000000001000001000000000000000011111011001011111110111111110010111111101111001100101100110011110001001011000100111111111111111111101111001101101101111011110000001001000100111111110111111111101111000000101100010011110000000001000100111100110010111111101111001100101101111011110001001011001100000100000000000001001111001100101100111
-6415155406501472376,20,lattice,1110111111010111111101000000000000000000011000000000000000001111111111111111111101101111000000110111011001010000000000000110011100000000000001100001000000000000011001111000011011110110111111010111111111101111111101111111011011111001011111111110111111111111111101100111000001101111011001110000001000000110011100000011011101100111000000101111011001110000001001110110011100000010001101000000000000000001
61973575246939193,20,lattice,1111100010111000011001101000101110000110001000000000000000000111100010111000011000101000101110000110111111011111110101101111111111111101011011111001111111000110001000001010100000001111100011111100011000100000001010000000001000001011100000100010000000001000000011111000101111000110111110011111111101101111100111111101011011111101111111111110001000001011100001100010000010101000001011111111111111111111
-4105694288679815896,20,lattice,1111011011101011111101100110111010111011001001101110101110100111011011101011101111111110111010111111000001001000000010100000011011101011101011111111111111111111000000001000000000000000010011101010101000000100101000001010111111101111101111110000010010101000101011111110111111111111000001001010101010100000010011101011101000000000100000001000001001101110101111110000000010000000101000100110111010111011
-9201763367501100044,20,lattice,1000000000000100000011110111111111111111101101111111111101111001000000000100000011111111111111111111100101000000010000001001011000000101000010010101001001010000100101111111111100101001011101111101001010010100001001000000100101110011110100101001011100101101001000000000000001000000100101110010111100101001010000000101000010110111111111111111100101111111111101101001011100100101001010010111111111110011
7348029418137947174,20,lattice,1111100111111111111001000000000000111100011010011011111111100111100111111111111001001000001110111100111111111111111111111111101111111111111101001001101111111100010010001011101111000100100011111011110000000000001000111100000000000001000001000000000000111011110001001000101111111100000000000000001011000000000000000011110000000000000000001100000000000000000001000100100000111011111000000000001110111101
-8531609254403895654,20,lattice,1000000010000100010011100001100111000100001000000000010000001111110110011110111011101101100111101110111001011001110001001111111111111110111110100001100111000100000000001000010000001110110111011110111111111101111111101111100000001001010001000010000000001100000000000000000001000000111000011001111011001111111111111111111110100001100111001100000000001000010001001110010110011110111010100001100111001101
3616794699661273198,20,lattice,1111111011111101110101000110000010000000011111101110110111000101111011101101100001001110010010001000000001100000000000000000001000000000000011111111111111011101010011101100100110000100011001001000000001001110111010011000011111101111110111000000011000001000000001001110111011011000111111111111111111110100011000001001000000000110000010001000010111101110110111000111111011111101111101111110111111011101
4362471784386542498,20,lattice,1110111001010101110001000000000001001000011011000101010110001111111001010101110001001000010001011000010011000100010110000110111001010101100011111111011101011100111111111111011111000100000001000101100011111110011101011100010011000101010110001111111111111111110000000000000001001000111111110111011111000100000000000101100000000000000000001000010011000100010111001111111111111111111011111111111111111111
-1366470907695307688,20,lattice,1111111011111010001101100100001000100001001000000010000000000111110001110010001100101100001000000000001001000010000000000111111001111010001111111111111111111111011111001111101000110010000001100000000000000000001000000000011001000011001000010111110001111010001111111110111111101011001001000010001000011111111011111111101111111110111110101011111111101111111111110110010001110010001100100100001000000001
2358203478724889756,20,lattice,1011111011111011111111111111111111111111001111101111101111110001000010100001011100001000111000010111000011101110000111110000101011100001111110111111111110111111000000001010000101110000000011100001011100000000001000000000000011101111000111110001101011101011111110111111111111111111000110001110001111110000000000100001000000001000111000011111000000000010000001000000000000100000011000000000001000000111
-1438419938384669588,20,lattice,1000010000000000000011000100000001000000111011010110011000011101110101100110000111001101011001100001000001000000000000001101111101100110000111000101001001000001111111111111111111011100010101100100000100000100001001000000110111110111011100011101111101111111000100000100000001000000110001010010011000011101111101100111000111111111011111111001111111110111111111011111111111111111111100000100001001000001
-8657413990669771435,20,lattice,1010010000000100110011110101001011101110001001000000010011001011010000001100111011111101101111111110000001000000010000001111111111111111111010100101000011001110101001001000110011101111110111111111111010100101001011101110111101011011111111101010010000001100111000000000000001000000101001000000011011101111010110101111111000000100000001001100000000000000010001001010010000000100111011111111111111111111
8321332957595078771,20,lattice,1010000111111111010011111111111111111111001000000001001000001011101111111111010010101011111111110100101111111111111111111010001111111111010000100001000100100000001000011111101001000010000101011010010000100001011110100100000000000001000000000010000100011010010000100001111111100100000000000001001000000010000111111111010010100001111111111101001000010001001001001010101111111111011110100001111111110101
-6261734429354043758,20,lattice,1001000111000000011111111111111111111111001100011100010001110001000011000000011010111111111111111111101101011110011101111011011111100111011100010001110000000111000000001000000001100000000011000000011010110001111001100111101101011111011101111011011111111111111100010001110001000111101100011100011001111011000111000111011110110111111101111111000000000000000001000000000000000000011000010000110000000111
1650997081700328379,20,lattice,1000000001000001000011111111111111111111101000110100001101101011111111111111011110101011010000110110101011110100011101101000001001000001000010000011010000010000101011111101011101110000000001000001000010101111111111110111101011110101011101101010111111011111011110100011010001110110100000110100001101000000000000000001000010111111111111111111100000110100000101001000001101000001011010101111010101110111
-641535520529148771,20,lattice,1001000010100001100111110100111001111101101101001110011111010001000000000000000011111110111101111111100101001110000110011111011011100111110111111111111111111111000100001000000000000001000011100001100100010000101000001001111101101111011111011111111011111111111100010000111001011001100101001110011110010001000010100001100100010000100000001001000100001110010111011111011011110111111100010000100000000001
-4209550897071159287,20,lattice,1001111010011011010111111111111111111111101111111111111111110001101010011011010100001010100100110101000111101001101101010000001010000011010100011011100110110101000000001000000001001001111111111111111100011110101111110101000000101001001101010000101010011011010100011110100111110101000000000000001001010000000010000011010100011110101111111101000000000000000001000001111110111111111100000000000000000101
2260317992943240860,20,lattice,1001110010100001000011111111111111110111101111111010011101110001110000000000000000001000000000000000000011000000000000000001111010100001000010011111101001010110000111001010000100001011111111101111011100011100001000000000101111111011111101111011111110101111011100011110101001010000100111111010011101100001110000100001000011111111111111111111100111101010010101101001111010100001001010011111101001110111
-4716833237377757278,20,lattice,1111111111111111111101000000100000000000011111011011111110110101010010100011100001001100101010111000010001001000000010000111111111111111111101001101101010111001000000001000000000000111110111111111101101000100101000001000010011011011111110110100010010101011100001001100101011111001010001001010001110000100010010100001100001000000100000001000011111011011111111110100110010101111101101001100101010111001
1532968291831893628,20,lattice,1000101000011001101111001011000110011011111011110001111110111111111101011111111100001010000100010010110011110001110110110000001000000001001010001011000110011011111111111111111111111110111101011111111111101111001111111111000000100001000100100000101000011001001010001011000111011011110011110001111110110000000000000001001000001010000110011011111011110001111111110000000000000000001000001010000110010011
5191791758317377478,20,lattice,1000000000000000000011111111111111111111101000000010000000001011110110111101111110101100101110001101101001000010100001001010111010111101111110101101101111011111101001001011100011011010111011111111111110000000001000000000101001000011100011011010000000101000010010100100001111011101101011001011101011011010010000101001110110100100001010001101101000000010000001001010110010111101111110100000001000000101
-7107692809653074736,20,lattice,1111001001011001110101010000000100000000011100000101000110000001000000000000000011111010111110011101111111101111100111010111001001010001100011111111111111011111111100101111100111010101000001010000000001110010011100011101000100000001000000000111001001011001110101110010011101011101111111111111111111110101000001010001000001010000010100011000011100100101000111011111111011111101111101110010010100011001
-7739078047103902339,20,lattice,1000000000000100000011011101110111011111111111011101110111111001000000001101111110011000000011011111100001000000110111111001011111001101111110010001100011011111100100001000110111111001010111001101111110010111111011011111100101011101110111111000000000001101111100000000000001000000111111111111111111111000000000000101000010000000000001011000100000000000010101011000000000000101011110000000000001010001
53186696979454434,20,lattice,1000000000000000000011011111111111111111111111111111111111111001000101100001110010011111111101111110100101010110000111001001011101100001110010000001010000010100100101111111000111001000000001000000000010000001011000010100100101110111000111001001111111111111111010010101011001111110100101010110001111101000000000000001000010000001011000011100100000000000000101001000000101000001011010011111111111111111
-5550248860235229386,20,lattice,1100111001001100101101000000000010000011111111111110111010111101111011001100101101001110010011001011010001100100110010110000001000001000000011001111010011001011110011101100110010110000001001001000101111001110111011001011110011101101110010110000000000001000000001000010010011001011110011111110111010111111111111111111101100000010000010001000111111111111111111110000000000001000001100000000000010000001
-4463889851147747857,20,lattice,1000000011111111101101011000111111111011101000011111111110110001000011111111101100011000111111111011111111011111111110111111111111111111101110000001111111111011000000001100011000000000000001000010000000000000111111111011000000001101111110110000000011001110001000000000010001100000000000000000001000000000000011001111001000000000110011111011111111111111111111110000000011000110001000000000110011110011
-6001776085879371112,20,lattice,1101001110011101111001010011100111011110011100111001110111100001001110000101111011111111100111011111111101111001110111110000001000000001001000000011000001011110000000111000010111101111111111011101111111110111101111011111000100111001010111100001001110001101111000000010000001011110111111111111111111110000000000000001001000000010000000011110000000100000000101100000000000000000001001110011100111011111
5938269535100429330,20,lattice,1110100110111100001101000000000000000000011010011011110000111111111111111111011101001001001110000010111011111111111100111110101111111111001101000001000100000010010010011011100000111110100111111100001101000001001100000010010000000001000000100100000000001000001001001001001111000011111010011111111100111110100111111101001111111111111111111111111011111111111101110100000000000000001001001001001110000011
-7209216970926626493,20,lattice,1111101111101111011001000000000000000000011010011110100101100111100111101001011001001000000000000000111111111110111111100111101111101011011001001001110000010110010010001000000000000100100011000000011001001000101000000110111111111111111111110100100111001001011001111001111011010110011010011110101101100100100010000001011011111011111011111110010010001000000001000100100010000000011001111001111011010111
7696971506253347027,20,lattice,1111111111001111000101111111110001000001001011111100010000010011111111000100000100001100000000000000000001000000000000000000111000000000000000001111100000000001000011001000000000010000111111000000000111111111111111110101111111111101111100010111111111001101000100001111110001000001011111111100111100010111111111000101000111111111111111111111111111111100111101011111111111011111001100001100000000000001
-5907106273333748800,20,lattice,1000000000100000010011111111111111111111101000011010010011001011010111100101110010111111111111111111101001011110010111001011011111110111111110000001101000000100100000001010000001001000000111100100110000000000001000000000101101011111011111011011011111111111111110000001101001001100101101011110011111001000000110100001110010000001101000001100000000000010000001001011010111110111111110110101111001111101
5299559445097420057,20,lattice,1011111111010111110111111111110111111101001000010000000100000011101101010111110100101011010100010100001001010100000100000000001000000001000000000001000000010000001111111101011111010010000101000001000011111111111111111111001000110101000100000011111111011111110100101011010101010100001010110101011101010000000000000001000000101011010101011101001000110101000101001111111111011111111100101011010101010101
4295160581541651259,20,lattice,1010001101010111111111110011110101111111001000000000000000010011001101010111111111111011110101111111111111111111011111110010001100010101110100100001000000010101101100111101011111110010001101010101110111111011111101111111001000010001010111011111111111111111111100100001000001010101001000110101011111110010000000000001000100100000000000001101001000000000000001010010001100010101111100000000000000000001
4246799178016568098,20,lattice,1111001110110011110001100011101100111100001000101001000111000111001110110011110011111011111111111111111111111111111111110000001000010001110000100011100100011100000000101001000111001111001111110111110100000000001100011000000000000001000110001111001111111111111111110011101101111101001000101011001111000000000000000001000000000000000000011000000000000001000111001111001111110111111111110011101100111101
-6317700027264403539,20,lattice,1000000000001000000011000111101111001100111111111111111111111101011110111100110011011111111111111100100001010000100000001000011110101100110010000001000010000000100001011010110011001100011111111100110010000101001011001100100001111011110011000000000000001000000010000001000011000000110101111111111011001101011111111111110010000101000011001100100001010000110001001101111111111111111011011111111111111111
-6641197861980546398,20,lattice,1000001000000000000111011011110001000011111110111110011000111001101010000100001110001010000000000001111111111111111111110000001000000000000110000011100001000001000000101000000000011000001111000100000111011011111001100011111110111111111111111111101111101111111110000010100001000001110110111100011000111111101111100111101111011011111001101011111110111110011111111000101010000100001100000000000000000001
-1853284369176547293,20,lattice,1110011110110010111101000000001000000000011000111011001011010111011110110010110111111111111111101111011001111011001011010100001010110010110001000011101100101101010000001010001011000110011111110010111100000000001000000000010000000011001011000110011111111010111101110111111111101111000000000010001000001111111111111111111101000000001000101100010000000010001001000110011110110010111101000010101100101101
-1770280768876563346,20,lattice,1000100100000000000011001001000000000000001011010000000000000011110100000000000000001001000000000000000011010000000000001111111110000100001100000001000000000000111111011000010000111111111111000100001111111111111011111111111111111111111111111111111111001100001111111101000001000001111111111100111100111111111111000101001111111111110011111011111111111100111111111111110100000100001111111101000000000001
-6003428496046917176,20,lattice,1111111101111111111101111111010110111011001011110100100110110001100101000000101000001000000000001000000011110100000110100000101101000001101000001001010000001010111111111111111111110000000001000000100001111111011110111111001011110101100110110000111101001001101101111111010111111111001111110101101110110000100101000001101000000000000000001000011111110101101111110000100000000000101000001111010000011011
-8016049440071594413,20,lattice,1001001100010001001011111011000100110011101110110001001100110001000000000000000010011011000100110011101111110101001101110001001100010000000000010001000000000000101111111101001111111011101101010011011111111111111110111111000100010001000000001011111111011011111111111111111111111111100100110001001100110001001100010001001010010011000100011010101110110001001101110001001100010000001010010011000100010011
6743197678247873956,20,lattice,1111111111111111111101111010000101001001001110100001010010010001000000000000000000011010000100000000011111110011010010010001001000000000000001111011001101001001011111111111111111110111111101110100101101111010001101001001000100100001000000000111111101111110111100011010000101000000011111110111011011110111111101110101101100011010000101001001011111110011010011110111111100110100101100011010000101000001
-2965516922982951074,20,lattice,1111111111101111111101111111110011110111001001110000000000000011011111001111011100111111110011110111000001010000000000000000011100000000000000000001000000000000001001111000010000000010011111001101001000110111111011110111111111111111111111110010011110001100001000100111000001000000001001111100111100100010011110000101001001111111111011111111001001111000110001110010011110000100001000100111100011000011
-4016931480726599232,20,lattice,1000010010010000000011000100100100000000111001011001011000011111111111010110101111101101110101101011000001001000000000001110111111010110101111000101100101000000000000001000000000001110010111010110001111111111111111111111000000001001000000001111111111011110101111000100100101000000110001011001011000001111111111010111111111100101100101101001111111111101011011111110010110010110001111000101100101100001
-1602992171317032219,20,lattice,1000000000000000001111011100101101001111111111111011111111111001000000100000011110011000001000001111100111000010000011111101111010111110111111011111101111101111100111001010000011111111111111111111111110000000001000000011100111001011010011111101110010111100111110011100001001001111110111001011111011111101111110111111111110010000001000001111100000000010000001110000000000000000001000000000000000000011
3274898814987978183,20,lattice,1111111111111111111101010101000000001001011111110101111111010001000000000000000001011101000101111001000101010000000000000101111100010111100100010001000000000000011111111101111111010101110101010111100101111111011111111111010101010001011010010101110101011111110101010101000001001001000100000000001000000101010100010111100100010101000000001000010111010101011111010111111101011111111100010001000000000001
-2122715342332904151,20,lattice,1011010000111011001011111110101110111010001101000011101100100001010000011011000010111100001110110010000001000000100100001011111010111011001011111111111111111110001101001011101100101111111011111111101000010100001110110010000001000001100100000000000000001000000010111110101111110010000001000001101100000000000000001001000010111110101110111010111111101111111111100001010000011011001011111111111111111111
5675600181430393841,20,lattice,1110001001001110010101000000000000000000011000100000000000011111001001011110110111111111111111111111111101100101111011010100001000000000000111110111010111101101111101111101111011110100001001000100010111110111111111111111111000100101111011010100001001001110010101000010000001000001010000100100011001011111011111011111111111100010010011101101010000100000010001011111011101011110111101000000000000000001
4089180948411838206,20,lattice,1001111111110111101111011111111111111011111111111111111110110001100100000001001000001000000000010000000111110110011100100001101100100011001000001001000000010010000111111111011110110001101101100111001000011001001000110010000111110111011110111001111111111111101100011011001001110010000110010000001100100000000000000001000000011111011001111010111111111111111111110000100000000001001000011111011001111011
-7052292171105399575,20,lattice,1010111111111111111111111111111111111111001011111010010111111011111111111111111100001001100001011100000011011000010111010000111110000101110100000001100001011100000000001000000101000000111111000101110100001111101001011111001011111111011111110010111110101101111100000000000001010000001011111010011111110000000000000001000000000000000001011000000000000000000101000000111110000101111100001001100001011101
-5971178870606347282,20,lattice,1111000111010110100101000000000000000000011000000000001010000111000000010010100111111011110111111111111111111101111111111111001111011110111101110001010101101001011100011101011010010111000001010010100111111111111111111111011000000001001010000111000111011110100101110000010101101001010000000000001010001111001111011111111101000000000000001000111100011101111011111111000111011110101101100000000100101001
8904901968172753449,20,lattice,1101101011001010010101011000100000100001111111111111111111110001100000000010000000001000000000000000110111111100101011010001101011000010000111011011110010101101000010001000000000000001100011000010000111011010111010101101110111111101111111110001101011001010000111011111110011101101000010000000001000001101111111001111110111011010110010101101010110101100101001011101111111001110111100011000100000100001
-1318111426504566852,20,lattice,1000000001111001010111111000111111110111101000000111100101011011000011111001010110111000111111110111111111111111111111111111101011111111111111111011111111111111101000001111100101010000000001101001010100000000001010010101000000000001100001000000000000001000010010110000111111010101101100001111111101110000000000001001010010110000111111011111000000000000000001001011000011111101011100000000000010010101
-3223508928388205249,20,lattice,1000000010000000100011000100100010101100111111111111111111111101111111111111111111001101110111111101000001001000000010001100111111011111110111000101110110101101000000001000000000001100010011011010110011001111111111111101110001001001101011001000010010001010110011000101110111101101100001001000001011001100010111011111110100000000100000001000100000001000000011001100111111111111111111000100110110101101
2009411376090408542,20,lattice,1110101111101101101101000000110000000000011000001100100100001111111111111111111101101000110010010000111011111111111111110110101111001001001101101001110010010000000000001100000000000000000001000000000001101011111010010011111010111111111111110100000011001000000001101011111011010011111010111110111111110100000011001001000001101011111010011011111010111110110111110110100111001001001101101001110010010001
2511359591782904993,20,lattice,1100110011010101111101000000010100000000111111111111011111111101110011010111111100001000010000000000010011001101000011111100111011110111111111011101111101111111010010001101000011110000000001000000000011001100111101111111000000000101000000001111111111111111111101001100110101011111110011001101011111110100110011010001111101001000010100001111010010000101000001000100100001010000011100001000010000000001
-1747546188099196829,20,lattice,1010100111001111111011111111111111111111001000010100100000101011100111001111111000101001010010000010101111111111111111110010101111001111111000000001000000000000001010011100100111100000000101000000000010111011111011111111101110111111111111110000000101001000000000101001010011011110001010011100111111100010100101001001001000101001010010011110001010010100100001100000000101001000001000101001010010010011
-6229391744847910635,20,lattice,1010000011100000010011111101111111011110001000001000000000001011010011100000010010111101111101011110001001001110000001001111111111111111111110110101111101001100000000001000000000000000000011000000000000100000111000000100101101001111010011001011110111111101111010110100111001001100111111011111111111101011010111110101111010110100111000001100000000001100000001001011010111110100111011111101111111111111
-7031204085414813402,20,lattice,1100001000000000100001000010000000001000111011110111011111001111111101111111111111001010000000001000110011100001000110000000001000000000000011001111011101111100111111111111111111111100111001010111110011001110001100011000110010100001000010001110111101111111110011001110000101011000110011100001011110001100101000010001100000000010000000001000110011100001011111001110111101111111111011101111011111111111
8065676666155056655,20,lattice,1111101100101100110101000000000001001100011010010010110011000001000000000100110001001001000011001100111111110011110011110110101100101100110001000001000011001100111111111011111111111111111111111111111101001001001011001100111110110011110011010100000000001100110000000000000001000000111110110011111011111111111100111101111100000000000001001100000000000000010001001111101100111100111101111011001011001101
1923964506344284545,20,lattice,1111110101111111111101111101011111111111001000000000000000000011000000100000110000111101011011101110001101000010011011001111111111111111111100110101001011101110111111011111111111110011010001100110110000100000001000001100001111010111111111110011010000101110111000100000001001001100001000000000001000000011010000100111111000100000000000001000001000000000000011000011010000100110111000111101011011101111
3591065041455546766,20,lattice,1111011000111010000001110110001110100000001001000011000000000011010000110000000011111110011111101111000001000010000000000011011000111010000011111111011111101111111111111111111011111111011001111110111100000000001000000000000001000011000000000010010000111010000001110110001111100101000001000011001000001111111111111111111111110110001111101111001101100011101001000111011000111110011101110110001110100001
-1327145509538814641,20,lattice,1100010000010110001001000100000101100010111111101001111110111101111010011110101101001100000101100010000001000000011000101100111010011110001111111111111111111111110011001001111000111111111011111111111111111110101111111011000001000001011000101100110000011110001100000000000001100010000000000000001000101100110010011111001111001110100111101011111111101011111111110000000000000000001001001100000101100011
-5738390334660665390,20,lattice,1011001001011101000011111110111111011011001000100101100000000001001001011001000010111110010111010000101101100101110100000000001000000000000010111111111111011011101111101101110110110000001001001000000010111110111111011011000000100101100000000000001000001000000000010010010111010000111111111111111110110000001000001001000010111110010111011010111111111111111111111011001001011101001010111110010111011011
-1216003888861958057,20,lattice,1100110111111010001101001100001100000001111011111111111110111111111111111111101100001100000100000001000001000001000000011100111111111111001101001101101110100001010011001011001000010100110111111010000100000000001000000001000000000001000000010100110000111000000111001101111111110011010011000011001000011100110111111011001101001101111110101011111111111111111111110100110111111010001100000000000000000001
-4677277640623836858,20,lattice,1100000000011011000001000000000110100000111111010111101100111101100000011011000011001000000110110000110111010111101100011111111111111111001111011001010110110000110111011111101100111101100001011011000011011001011110110000000000000001101000000000000000001010000011011101111111110011000000000000001000000100000000011011000011111111111111111011111111111111111111111101110101111011001111011000010110110001
-8504212521557634467,20,lattice,1000001000000000001011011010000010100010111111111111111111111001001000000000001010011010000010000010100111100000100000110000001000000000000011011111000010100011110111111000101000111101111111101010001110010010001010000011110111111111101001111001001000001000001011011111111111100111100110100000101000101101111111111111111111011111111111101111110111111110101001110000001000000000001010010010000010000011
-4515669512111277172,20,lattice,1001010011101111000111010100111011110001111111111111111110110001000000000001000011011100111011110011000101000000000100001101111111101111001111011101111011110011000101001110111100010001010001000001000000010100011001110001110111111111111110110001010001101111000100010100010001110000000101000100001100000000000000000001000011011111111011111011111111111111111111111101010011101111001100010100010001110001
802991402474171019,20,lattice,1011011000100000100011111111111110001010001001000000000000000001010000000000000010111111111110001010000001000000000000000011011000100000000010110111111110001010001101101010000000001011011011111000100000100100001000000000001101100011000010001011011010111000100011111111111111011111111111111111111111111111111111111001111100110110001000001000111111111111100011110011011000100000101010111111111110001011
-6621930506497938427,20,lattice,1111111111111111111101000000000000000100011101000000000001000101000000000000010001111111001011111110010101000000000001000111011000000000110001110111001001001100011111111010111111100111111111111111111001110110001000001100011111111011111111100111011100101100110001110110001001001100011101110010111111000111011100101101110001110100000000001100000000000000000001000111011100101111111001111111101111111111
4724180242761508014,20,lattice,1111001111101110111101110011111011001110001100000000110010000001000000001000000011111111111111101111111101111110111011110011001110101100111000110001000011001000001100011000110010000011001111101100111000110001101011001110011100111111111011110000000000001000000000010000000011000000011100111110111011111111111111111111111100010000000011001000001100010000110011000011000110001100111001110011111011001111
-4533482537353938929,20,lattice,1011010010000111010011111101101001111101001001001000011101000011010010000111010010111100100001110100000001001000011101001111111111111111111110111101101001110100000000001000011101001111110111111111111110111100101001110100101111011011011101001111110110101111110100000000000001100000000000000000001000000000000000000111010010111101101001111100000000000000011001001111110110111111111110111101101001111101
-8672900043318418209,20,lattice,1111011010111011111001110010101110111110001000000000000101000011001010001011111011111111111111111111011101101011101111100010001010000011111011110111101111111110001000001000000111001111011011111111111100110010101010111110001100101011101111100010001010001011111011110110101111111110001000001000001111100000000000000001000000000000000000011100000000000000000101000010000010000001111011110110101111111111
1218762993983130,20,lattice,1101011111010111001101010000000001000000111101111101111111110001000000000000000011111111110111111111010101011100010000000101011111000110001001010001110001000000010100001000010000000001000001000000000011111111111111111111010101011101010000000101011111011111111100010000000001000000010101011100011000100101011111010111001101010111110101101111010101111101011001110101010111000100001001010111110101100011
-6187666331601643157,20,lattice,1001100110101110100011111111111111111111101110111010111111010001100110101110100000001000000000001000100111111010111011111001101110101110100000001001001000001000000010011010111010001011111111111111111100001000001000001000101110111011111111010000100100101010100000001001001011101000000010010010001010001001101110101111110100000000000000001000100110111010111011001001101110101110101010011011101011101101
4332013254762664616,20,lattice,1111111011011101011101100000000000000000001000000000000000000111000000000000010001111000000000000110011111100100000101110111101001000001011111111111111111111111011111101101110101110111100001000001011011111110111111010111011111100101000101110111111001011001011101111110010101010111111111101111111111110111100000000001011011111110111111011111011000000000000001000111000000000000011001111000000000000111
-2982438399661223897,20,lattice,1111011011011111111101000110100111111110011101101001111111100101011010011111111011111111111111111111000001101000111011000000001000000000010011110111111111111111000000101000000011000111011011011111111111110110111111111111000001101001111011000000001010001100110000000010100001001100000000101000111011000000011010011111111000000010000000001100000000000000000001000000011010011110111001110110100111111111
4697427579871113413,20,lattice,1000011110111111111011110111111111111110101001111011111111101001011110111111111011111111111111111111000001000010010101100000011110110101111000000001101001010110000000001010010101101010011111111111111000000000001000000000000000011011010101100000011110111101111000000000001001010000000001111011011111100000000000100001000000000001101101011110000000000010010101000000000000100101011011110111111111111111
7191331092569061391,20,lattice,1111111111111111111101101010111001110111001010100100001101010111111111111111111100001000010000000001011011101110111111110000101001000011010101101111111111111111000010101100001101010000000001000000000100001000011000010101011011101111111111110110101011101111111100001010110001110101000010000100001101010000100001000001010101101010111001111111000010000100000001010010101001100011011100000000000000000001
-8258807517468030818,20,lattice,1101001110010011010101000011100100000001111111111101011111010101001110010010010111011111110101111101110101111001011111010000001010000000000100000011100100000001000000001000000000001101011111010111110111111111111111111101000000101001000000011101011110011111110111010011100101110101010000111001001000010101001110010011010111010011100100111101010000111001001001011111111111111111111100000000100000000001
-592209871214505924,20,lattice,1000000010000001000011000101101100110001111101011011001100011101010110110011000111111111111111111111100001001000000100011111011111110011101100000001100000010000000000001000000000001111010111110011000100000000101100010000000000001001000100001111011111111011111111110111111101111111100001001000001100010000000010000001000011110101111100111001111101111111001111111111010111110011101110000000100000010001
3955800661509843985,20,lattice,1110111101111111010001000000001000000000011010000010100000000111111101111111010001001000001010000000011011100011101000000110101000101000000001101111011111110100111111111111111111110110100001111010000000000000001000000000011010000011101000000100000000101000000001101110011111110100011010000010101000000110111000111011010011101111011111111111011011100011101001001110111101111111011101101111011111110101
1710977023349291206,20,lattice,1001011100001011001011111111111111110111101101111000101100100001000000000001000010111111110011110110000001000000000100000001011100001001000000000101000000010000100101111000101100101011011111001011011010110111111010110110101111111111111101110000010100001001000010110111110011110110000101110000101100000000000000000001000011111111111111111111100101111000101101100000010100001001001010111111110011110111
5905864514042379095,20,lattice,1011000000100000100111111101111111011001001100000000000000000001000000000000000010111001111111011001101101011111110110011111111111111101100110110001111111011001101100001110000110010011000001000000100100110000001000000001101100001111010110011011000011101001100110110000111001011001111111111111111111010011000001000001100100110000000000001001111111111111110111011111111111111111111100110000000000000001
280112321875556663,20,lattice,1110011111111000111001100110001110001010001000000000000000000111011111111000101011111111111111011111001001000010000010000010011000100000100001100111001110001010011001111111100010100110011101111000101000100000001000001000001001100011100010000010010000101000100001110111111111001110111111111111111111111111011111111101111000100000000000001000011001111111100011100010010000101000101011100111111110001111
-6921412995879430818,20,lattice,1111111110111111111101001000000000100100011110111011111101110101100000000010010000001000000000000100011111111011111111110101101010000010010001011001100000100100010110001000001001001111111111111111111101011011101100100100010110111001001001000101101110111110010101011011101101100100000010000000001001000101101110111111011101011011101111111111000000000000000001000101101110110110011101011011101101100101
3068797968917300725,20,lattice,1011011111110110011111111111111111111111001000000010000001010011011111110000010110111111111111110111001001001111000001010010011011110000010100100111111100000101001000001111000001010010000001100000010100000000001000000101001000000111000001011011011111111111011100110111111101000101001101111111011001111011011111110111011100110111111101001111000000000000000001010011011111110100011100000000000000000001
6666600658508769654,20,lattice,1100011110111111111001000000100110000010111111111111111111111101111110111111111101001111101111111111010001011001110101100100011110011101011000000001100110000010000000001000000000000100111111111111111101000111101111011110000000001001000000000000000010011000000000000001100111000110010001111011111111100100000110011001001001000111100111011110000000011001100001100000000010011000001001000111100111011111
-1195794975258762683,20,lattice,1111010001111011111101010100001100011011011101000111101111110001010000100001101111111110111111111111000001000000000010111111011011111111111111111111111111111111111101001111101111110101010001110011111100000100001000011011000001000011000110110101010001111011111101010100011111111111010101000011001111110000010000000001101100000000000000001001010101000011000111110000000000000000101100000000000000000001
4967337342009346726,20,lattice,1101110101111111110101000000000000000000111111010111111111010101110101011111110101001000000100000001010011000001001001011111111111111111111101001101000101101101111111011111111111010100110101011110110101001101011111111101010000000001000000000100110100011110110101001100000101100101010010000001001001010100110101011111110101001100000101101101010000000001000001001111110111111111111101000000000100000001
6438902716840694742,20,lattice,1111010010111111011001000000100011110110011000001000111101100001010010001111011011111101111111111111000001001000111101101111111111111111111111110101111111110111000000001000010100000110000011001111011001110100101111110110011000001001111101100000000010001101000000000000000001000000000000001000111100000000000000000101000011110101111111111111000000001000111101000000000010001111011011110100111111110111
3392203429945769894,20,lattice,1011111001110011100111111110111100111001001010000100000000000011110001000010100000001000010000000000001011000100000010000011111001100010100100111101011100111001101111101111001110010000000001000000000000111100011000101001001111000111001110011111111111111011100110111110011101111001001011000100001010000010110001000011100000001000010000001000111111111111111111011111111111111111111100111100010000101001
-4777837577973763414,20,lattice,1000000000000000000011000000011101000000111010001111011101101111100011110111111011001000111101110110111111111111111111111111101011110111111011111011111101111111110000001111011101101000000001000100000010000000011101000000100000000101010000001111101111111111111110000000000001000000110000000111011101101000000001010101000011101000111101111110110000000111010001101100000001110100001011111010111101111111
-2969139938151406155,20,lattice,1111111110110111111101111111101001111111001000000000000000000011111010100111110100101000100000000000001011101010011100010010101010100111000100111111101001111101001000001000000000001111111111110111111100101000101001110001001111111011011111011111111111111111111100101000100001100001001010001000001000010010100010000111000100101110101001111001001011101010011111010011111110100111111100101000100000000001
-411022745932305872,20,lattice,1011011101111100010011111111011111110111001001010100110000000011010101101100010010111111011111100111000001000000000000000011011101111100010000000101010010000000111111111111111111110000010001001000000000100101011011000100001101010111110001000000010000001000000000000100010011000000101101110111111001001011111101111111011110111111011111101111001001010100110001001011011101111110011110110111011111100101
-8828638620282795374,20,lattice,1001000110000000000101010001100000000000001100011000000000010001000100000000000011111011100000011001111111111111111111111111001110000001100100000001000000000000000100011000000000001111101111100011100111110011101000011001111110111111101111111111101111101011110111111011111011111101111100111010001110011111000110000001100111110001100000001001111110111110001111011111101111100011111100010001100000000001
-6116597202538452593,20,lattice,1001000000010000100011010100000100011000111101001011010110110001000000010000100011011101101101011010100101000001000110001101111111110111101111010101001101011000110101001011010110101101010101110101100011010100001100011000000000000001000000001111111111111111101111010100001101011000110111011111011110100001000000010001100000000000000100001000111111111111111111111101010000110101101011010100101101011011
8892332069346428670,20,lattice,1011100111111010111101011011111110101111001110011111101011110001100110100010011100001000001000000001111111111111111111110000101110100010011100001001001000000001000010011010001001110001100111111010111100000000001000000001000110011011001011110001100110111010111111111011111111111111000010010010001001011111101111111011111100011001101000101111000010010010000001010000100100100000011100000000000000000001
-4726106005898952415,20,lattice,1111010000111101111101000000001011011000011100000011110111110101000000101101100011111101111111011111010101000011110111111111111111111111111111110101001111011111111101011011110111111111010111111101111100000000001000000000010100000011110111100000000000101000000000000000001011000000111111011111111111110000000000101101000000000000001011011000000000000010110101000101000000101101111001010000001111011111
-9021007425049664879,20,lattice,1100100000001000011001000000000000000110111010000000100101101111101111111101111101001000000000000110111111111111111111111110101000001001011000000001000010000110111010111010110111111110101111101101111111001001001010010110111010111111110111110000000000001000011011101011001011011110111110111111111111111100100000001001011011101011001010011110000000000000000001000000000000000000011011101011001010011111
8799426369326075853,20,lattice,1111011111111101101101010000010000000000011101001111010010110001000000000000000001111111111111011011010101001110000010010111011111110101101101110101111101001011000100001000000000000001000001000000000001010000011000000000010101001111000010010111011111111101101101010100111101001011111111111111111111110111010011110101101101010000111000001001111111111111110111110101010011110000101101010000111000000001
-2274485263176690275,20,lattice,1000000010000001000011110001110111011111101000011000010100000001000010000000000011111001111111011111101101011100110101101111111111111111111110000001100001010000000000001000000000001010000111000101000011110001111111011111101100011101110111101011000111001101011000000000100001010000111111011111111111110000000010000001000010110001110011011110101100011000010101001011000111000101011010110001110111011111
51069103513134376,20,lattice,1000000000000000000011000000001000000000111010110110000110001101101101100001100011001001011000000000111111111111110111111100101101100000000010000001001000000000111110111111010111111000000101100000000010000000001000000000111110110111000111001111101111111101111111111011011101011101111111111111111111111100101101100001100011001011011000001000111010110110000111001111101101110101111111111011011100011101
7703916285556428666,20,lattice,1010110111001011111011101101110110111111001000000000000101001111110111111011111100101100000000010110001001000000000101001111111111111111111100101101000000010110001011011100100101100010110101000001011011101101111110111111101011011101101111110010110101001001011011111101111111111111001011011100101111100000000000000001000000101101110010011110000000000000000101000010010000000001011010101101110010111111
5119321401873604525,20,lattice,1000000000000000101011111111111111111111101111100101011110101001110001010011101010001100010100111010100001000001001110101001111001010111101010111111011111111111100111101101011110101000010001010011101010111110011111111011100000000001000010101001110001011111101010011100010101111010100000000001001110101000000000010001101000000000000000001000101111100111111111110000000000000000101010011110010111111011
1481414727085398309,20,lattice,1101011000100101011001010100000000000000011101100010010101100001010000000000000011111110101101110110000001000000000000000001011000000000010011111111111111111111110101101010010101101111111011111111111001010100001000000000111101101011010101101111111010111111111000010100000001000000111101101011011101100101011000100101011011110110101101111110000101000000000001000101011000100000011011111110111111111111
3674467326543340125,20,lattice,1111111111111111111101001010100010000100011111111111110001100101101011011100010000001010100000000100010111101101110001000000001000000000000001011111110111000100000000101000000001000100101011011100010001011111111111000110010010101001100001000000101010001000010001001010100111000100011111111111111011110111111111111111111101111111111111001110000000100000000001000101111111011100011001011111110111000111
5344393960512217310,20,lattice,1110011101111110011101100011011111000111001000010111100001111111011101111110011111111111011111111111011001110111110001110010001101111100011100000001000000000101111111111111111111110000000001000000000100000001011110000111000000000101000001010000000001011000011100100001011111000111011001110111111001111111011101111111011111100111011111101111000000000000000001010000000000000000001100000000000000000001
-3506395772240500401,20,lattice,1000010100000011001011000101001001110010111001010010011100101111010111110111001011111101111101110110000001010000000000101111111111111111111000000001000000000010111001011010011100101110010111100111001000000001001000110010111001011011011100101111110111111111111010000101001001110010000000000000001000100000000100000011001011111101111101111110111101011111011101100000000000000000001011111111111111111111
3060257833954692944,20,lattice,1110111111110111111101101011011101111111001000100000011111001111111111110111111100101010000001111100011011111111011111110000001000000000000000101011010001111111011010111111011111110000001001000011110100101011011101111111001010110101011111111111111111111111111100000010000001111100000000100000001000000000001000000001010000000010000000111100000000100000000001000010101001000111111100000010000000111101
-5737241609046039012,20,lattice,1111111111111110111001001101011010000110011011010110100001100111110101101000011000001100011000000010000001000110000000100111111101111010111000001101011000000010010011011110100001100000000001100000001000000000001000000000011111010111100001100000110101101000001001111111111111101110011111010110101001100100110101101001011001111101011110101110000011010110100001100000000000100000001011111111111111111111
-8871990898352305106,20,lattice,1000010000000000001011000100000000100010111011111101011011101111111111010110111010001100000001100110000001000000000000101100111000000110011011001111110101101110110011101000011001101100111011010110111011111111111111111111110011100001011001101111111111011110111010000100000001100110100001000000001000101110111111010111111011001110100101101110100001000000001001100000000000000000001011111111110111111111
-1814729672528144711,20,lattice,1101101100110111001001001000000000110010111110110111011101110101101100110011001000001000000000110010111111110111011101110100101100110011001001001001001000110010111111111111011101111101101101110111001001001000001000110010010010010011001100101111111111111111111101011011001101110010000000000000001000000000000000000011000011111111111101111111010010110011001101100000000000000011001011011011011101110011
6806255640309689989,20,lattice,1110111110111111110001101111101111111000001000000000000000000011111010111111100100101010100100000000001011101001000000000010001010010000000000101111101111111000001000001000000000001111111111111111110100101110101111111000001000000001000000000010111010011101100000101010100101010000001011101001111110000010101010010001000000101110100101011000011011111011111111001111111111111111111100101110101111111001
3282631657634196703,20,lattice,1110111111101111111101101110111011110110001011101110111101101111111111101111111100001100100001000010000001001000010000100000011010101110011000001101101011110110000000001000010000100000111011101111011000000100101011100110111111111111111111110000000010001100001000000000000001000000000001001000111001100000110010101111011001101111111011111110000000001000110001100000000000000100001001101111111011111111
2485586276131000452,20,lattice,1101101111011010111101010000000000101111011110111101101011110001000000000000001001011011110110101111111111111111101011110101001000010010111101010001000000101111010100001001101011110101001011011010111111111011111110101111010100000001001011110101000000011010111111111111111111111111000100000000001000111111111111111011111100010000000000101011000100000000001011110000000000000000001000010000000000000011
583280565062318064,20,lattice,1111001111110110111001000000000000000000011100000000011000000101000000000000000011111011111101101110111111111111111111110111001011100110111001110011111101101110011100001000011000000111000011100110000001110000101001100000011100101111011011101111101111111110111001010000000001100000010100000000001000001111001111110111111001110000111001101110011100001110011001000101000000000000001011111011111111111111
6591189372387950917,20,lattice,1111111000101011110001101100001010100000001000000000000000000111110000101010000000101100001000000000001001000010000000000111111000101011110011111111111010111100001011001010101110001111111011101011110000100000001000000000111111111111101111010010110000101010000011111111111011111101001011000010001000000010110000101011000000101100001010111000011111000010101001001111111111111111111111111111111010111101
7302963808850198815,20,lattice,1110011111111111101101100101111111111011001000000101000100000111010111111111101101111101111111111011001001011111111110100110011111111111101100100001111111010010001000001101000100000000000001000001000000000000001000010000000000000101000100000010000011111101001000100000111101010010001000011111111110100000000000000001000000100001111111011010111111111111111111110010000011110001001000100000111111010011
-5158805424873441682,20,lattice,1001110001100111101011011100011001111010111111110111111111110001110001100111101000001100011000010010000001000100000100001101111001111111101111011111011111111011111111111111111111110000000001000001000000000000011000010000110111000111011110101101110001111111101000001100011001111010000011000110001110100000000000000001000000000000011000011010110111110111111111110000000001100001001011011100011111111011
3623501747551529551,20,lattice,1001010000100111000011010100001001110000111111000011011101010001000000000010000011011100001101110100000101000000001000001111111000110111110111111101001101111101111111111111111111111111110001110111110100010100001001100000110101000011011101001111111100111111111100010100000001100000000000000000001000000000000000000011000011111100001101111101110101000010011101001111111000110111111111011100001101110101
2665518909684618561,20,lattice,1111011010101110100101100000101000000000001000000000000000000111000010101100100001111110101011101001011101101010111010010111001010101100100011111111111111111111001000001000000000001111011011111110100100100000101000000000111101101011111010010110000010101000000001100000101011001000001000001000001000001111111011111111110101100000101010001000111111101111111011011111111011111111111101100000101010101001
7402902005219934606,20,lattice,1000001010010110110101101010101101111111001010101011011111111111101110110111111100001010100101100101001011101011011111110000001000010110010001101011101101111111000000101001011001011111111111111111111100001010101101111111000000000001000001001111111110111111111100000000000101100100000000000001001001000000001010010111110100000010100101101101000000000000000001000000101010010110011100000010000101100101
-8484660830669603097,20,lattice,1000000000000000100011101101101110001111101001001011000011001111110110111001111110101100101100001100100001001011000011001111111111111111111110100101101100001100100000001011000010001111110111111001111110000000001100001000100000000001000010001010110010111000111011111101111111111111111111011111101111111010110010110001111000000000000000001000100000001011000011001010110010110000111010101101101110001111
5008496736697573074,20,lattice,1101010000000000000001000000000000000000111111000000100010100101010000000000000011011100000000001010010001000000000000001111111000001000101011111111101011101011111111101010101010111111111111101111111111111110001010001011111111111111111111111101110000001000101011111110101011101011111111100010101010111111111110101111111111010100000000001010111111000000100011101101010000000000001011111110000010001011
-6073427751348036660,20,lattice,1111110101001111111101000001000000000000011111010100101111010101110100001001110001001001000010001000010011010000100111001111111101001111111100000001000000000000111111111100111111110101110101001001110011111111111011111111111111111111111111110100000100001000000001011101010011011100010011010000101111000100100100001001100001000001000010001000010010010000100111000111110101001111111101011101010010011101
6382669242391440287,20,lattice,1110111011111111111101000100010001101000011001001110011010000111011011111110111101101110111111101111000001000000000000000110011011111110111111111111111111111111010001001110011010000000010001000100000001000100011001101000011001001111111011110100010011101110100100000100000001000000000001000100011000000000010001000111000000000100000001001000011001001110111011110100010011101110101101000100111001101001
-2089200111576693715,20,lattice,1001001000010100000011011011010111000001111111111111111111110001000000010100000010011010000101000000110111110101110011010001001000010100000010011011000101000001110111111101110011011001101101011100000111011111011111001101000000000001010000001001001000011100000100000000000001000000110111111111111011111101111111011101110110011011010111001001110110110101110001011101111111111100111110010010000101000001
483101977568196030,20,lattice,1000000000000000000011000001000100000000111000010001000010001111110101111100110111101001010111001100111001010101110011001111111111111111111110000001000100000000111011011111110011011110000101011100110011101101011111001101100000000001000000001110000100011000110011100001000111001100111111011111111011011111110111111111110111000001000100001000111000010001000011001111110111111111111111101101010111001101
5106653514494944642,20,lattice,1000000000000000010011111111111111111110101010001001000001001011101011010010011010001000100000000100101111101111101101101010101011010010010010111111111111111110100000001000000001001010100011010000010010111010111110110110100010001001000001001011101011011010011010111010110111100110100010001000001001001011101011011011011010111010111111111110000000000000000001001010101011010010011011111111111111111111
2248409786504956183,20,lattice,1001111111111011001011111111111110111110101111111111101111100001111001101011001000001100000000000000000001000000000000000000111001100010001000011111111110110010000111101110101100100000110001100010000000001100001000100000000111101111101100100000110001101010001011111111111111111110000011000000001000000000111001101011001000011110111110111010000111111111101101100000110001100010001011111111111111111111
-2552918521446539411,20,lattice,1110001000000000000001100010000000000000001000000000000000001111001000000010000011111010000000100000111111100000001000000010001000000000000011111111000000100000111111111001011011111111111101011110111111111111101101101111111111110001001000001111111100011110111111111111000101100000111000100000001000001111111111111111111111111111000100101000111111110001011011001111111100010110111011111111000101101111
7565379460682038251,20,lattice,1000001010000000100011011111111111011000111111111111110111001001011111111101100010011111111111011000100001101001000010000000001000000000100010000111100101001000000000101000000010001000001011010000100010000111111111011000100000101001000010001000011111011100100010000110100101001000111111111111111111111000011111011101100000000000000000001000110111111111110111001111111111111101111011111111111111011101
-4939665858669939196,20,lattice,1111011111101011010101110110110010110101001000000000000000000011000011000010010011111111111111110101001101001100001001000011011011001011010000110111110010110101001000001000001001000010000001000010000000110000111010100100111101111111101101010011000011001010010011110111111111110101001000000000001000000011010011001011010011111111111111111111001000000000001001001111011111111111011100110110110010110101
5706788768298032831,20,lattice,1011100100100100110011111001001001001100001100000000000000000001000000000000000000111001001001001000001101010010000000001111111111111111110100110001001000000000101110011011011111001011100101100100110000010000001000000000101110010011010011001111110111111111110100110001001001001000101110010011011011001011100100110111110000010000000000001000001110010010010011001111111111111111111111111101111101111101
-1778289389883317962,20,lattice,1100000000000000000001000000000000000000111101000111000000001101000001010000000011111111011100111000010001000101000000001111011001110010000011110111011100111000111111111111101111100100000001000000000011010000011100000000010000000101000000001111111101111011111011111111111111111111111101000111001000001111010001110001100011110100011100001000111101000111001001001111111101110011111011111111111110111111
-7190751070392237141,20,lattice,1011111111111110101011111111111111111010001111111111101010100001011001011010000000011110110110101010000001100001001000000000001000000010000000000111010110100000000001101101101000100000011001011010000000010111011110100000000000100001001000000000011000011010000000111111111111101010000000000000001000001011111111111111101000010110110110101010111111111111111111110000011000011010001000111111111110101011
-9142681243621571531,20,lattice,1000000000000010000001000000000000100000111010010001001100001111110100010011010110001000000000100000111011010001001101001111111111110011110110001001000000100000111111011111001101011110110101010011010011111101011100110101100010010001001000001111111111111111111111111101111101110101000000000000001000001000100100010011000011111101111100111101100010010000001001001111111111110011111111101101000100110101
8538048965178111858,20,lattice,1110100010000000010101001000000000000000001010000000000001011111111011110110110100001000000000000000111011001000010011011110111010000100110111101111111001111101010010001000000000001110111011100110110111101110101001101101111011101111011011011111111111111111110111101000100001000101111010001000011001011110111011100111110111101000100001001101000010000000000001011111111111111111111100001000000000000001
-6142108968806808026,20,lattice,1000000110001000010011101001100010000100101000011000100001001111101110011011011110101001100010000100111011111001101001011010101110001000010000000001100000000000000000001000000000001111111111111111111111111111101111111111000000011001100001000000000110001000010011101111100111111111111010011001101001001010000110001001010011101111100110111111000000011000000001001110101110011011011111101011100110100101
6332839361767567156,20,lattice,1000000000010000000011111110101110111111101110101001101100110001000000011001000010001010100110010011101111101001101100110000001010011001000010111111100110110011000000001001100100001111111111111011111110111110101110111011000000000001000000000000000000011001000011111111111111111111100010101001101100110000000000010001000010111110100110111011101111101011101111111000001010011001001100000010100110010001
945061874176050781,20,lattice,1110011111111111111101100000100101111011001000001000010000001111111111111111111111101111111111111111011001001111011111110110011011111111111101100101111101111111000000001000000000000010000011000111101101100000111101111111001000001001011110110110010011111111111100000000100001000000001000001000011110110010000010000101101000100000100001001010011000001101011111110010000010000100001000100000100001011011
2738855042850006911,20,lattice,1111111111111111111101100001110010110110001000011100101101100111101111011111111101101001110110111110011111111101111111110110101111011111111100000001000000100000000000011100101101100000000101000010000001111111111111111111011000011101101111100000000101001010000001101001110111111110000000000000001000000000000101000011001001100001110010111110000000010100001101100000000101000010001000100001110010110111
3937807049867209118,20,lattice,1000000000000010000011111111001101101011101000000000011010011011111100110110100110001000000001101001101011000001011010011010111000010110100110101111001101101001111111111111111111111011111101110111101110101110001101101001100010000001011010011011111100111111101110000000000001101001000000000000001000001011111100110111101110000000000000101000111111110011011011111011111100110110101110000000000000100001
8085029126572562072,20,lattice,1001111000011101101111111111111111111111101111101111110110110001000000000101000000011010000011011001000111100001110110010001001000000101000010111111111111011011100111101111110110111001111001111101101110011110001111011011000100100001110110010001001000001101100100000000000001010000101111101111111110110000000000000001000000010010000001011001101111111111111111110001101000001101101100010000000001010001
-1210452479057423431,20,lattice,1100011000100100011001000000000001000000111101111011011111111101011000100100011011111111111111111111010001000000010000000100011000100100010011010111001001000110110101111011010101111101011111110101011101000100001001000100110101110011010101101111011110111111111100000000000001000000110101111011011101111100011000100101011011010111101101111111010001000000010001000100011000100100011011010111001001000111
-5141213512867428373,20,lattice,1110100010000000000001000000000000000000011010001000000000001111101111101101100101001000100000000000111111111111111111111110101011001000000011101011111011000001010000001000000000001110100011001000000011101010111011000000111110111111111111110110100010001000000011101010110011000000111110111110111110011110101111101101000111101011111011001001111110111110111111111111101111101101101111101010110011000001
6915219225440818330,20,lattice,1011111011000101011111111111111111011111001100000100010101100001000000000000001000111110110001010111001101100100010101100001001000000101001010111111110101011111001101101100010101100001000001000101001010111110111101011111101111101101010101111011111111011101111100010000000001010010111111111111111111110001000000000001001010111110110101011111000100000100010101100000000000000000001000110110110001010111
4401629332202478504,20,lattice,1111110011101011111101010000000000000100011100000000000001000001000000000000010001011000000000000100011101000000000001001111111111111111111111111101111011111111011101001000000001000111000001000000010001110100011000100100111111011111111111110111110011101010110001111100111011111111011100000100001001000111110011101011110001111100011000101100000000000000000001000111110011101011111001111100111010111111
-7901583165580345129,20,lattice,1101101110111110011101011011101111100111111110111111111101110001000110110010000100011001101100100001111111111111111111110001101110111110011100000001100100000000000000001001000000000001101111111110011100000001101100100000000000000001000000000001100110111010000100011001101111100011000000001001001000000101101110111111011101011011101111101111000110011011111001110001100110111010001100000001100100000001
6127381345885631525,20,lattice,1000010111110101000111001101111101111111111111111111111111111101111111111111111110001101111101110101000001000000000100001100111111110111111100000101110101010001000001001101010100010000010001010001000000000101111101010001000001000001000100001100111111111111111100000100010101010000100001011111011100010000000000000001000010000101111101111101100001011111011101011000110111110111111100000100010101010001
1795660152732673374,20,lattice,1000001000001100000111101111110111010111101000110000110101011111111111011111011110101011010111010111101001110100110101110000001000001000000000000011000011010001101001111101110101111000001101001101010111111111111111111111101000110101110101110000000000001000000000000010000011000000111011111101111101110000001000001101000011111111110111111111100000110000110101011010001101001101011100000010000011000001
4902605122587135524,20,lattice,1100000000000010000001000000000000100000111011110010011101101111111101110111111011001011000001110010110011110010011101101100001000000110001011000011000001100010111111111111011111101110111101100111111011001011001001110010111011110111011111101111111111111111111111000000000001100010000000000000001000001100001100000111001011101111001001111110110010110010011101100100000000000010001011111111111101111111
-3896155291628333790,20,lattice,1000010000000000000011011111011011111111111111110111111111111001010000000000000010011100011010110011000001000000000000001001111101101111111110011101011010110111111111111111111111111001010001101011001110010100001000000010100101000111101101111001010000101011001110011101011011111111100101000010001100101001010000100001001010011101011010111111100101000110101101111001010000000000001010010100001000000011
-275127671486385655,20,lattice,1101011001101001010101010100011010000001111111100111100101110001000000100000000011011110011010010111000101000110100000010001011001101000000111111111011110111111111111111111101111110001000001100000000100000000001000000000110101100111100101010001000001101000000111111111111111111111111111100111101111110101011001101001000111111110011110011111010101100110100101011101011001101001011100010000001000000001
4277348731838036060,20,lattice,1000000000010000000011100111101110110110101001111001101100001111111111111111111111101111111110110110100001011001100100001000001000010001000010000001000100010000100000011001000100001110011111111011011010100111101110110000000000000001000000001000000110011001000011101111111111110110100001111001101100001000000000010001000011101111111111111110100001111001101101101000011110011011001011101111111111110111
4349199009227681438,20,lattice,1110101010001001010101100010100000010000001000100000000000001111101111101111010100101010100000000000111011111100111111010000001000000000000001101011100010010001001000101000000000001110101011001001010111101011111011110101111111111111111111110110101010001001000011101011110011010101111010111100111101010010001010000001000011101011110011111101011010101000100101011110111111101111111101101010100010010001
-9187645287951179140,20,lattice,1010001000000000000011111111111111111111001000000000000000001011111111111100001010101110101110000010001001100000100000000010001000000000000010101111111110000010001001101000100000001010111011111000001000100110101010000000001001101001100000000010000000001000000010100110101111000010101111111111111000101011111111111101001010111111111111101011101111111111111101111010011010111000001010111111111111100011
8510023213965485004,20,lattice,1111100111000110111101000000000000100000011010011100011010010111100111000110100101001000100000101000111111111110111111111111101111000111111101000001100000101000010000001000001010000100100111000110100111111011111001111111111111111111111111111111100111001111111101001000100001101000000000000000001000001111100111000111111101000000000000101000011110011100011011010111100111000110101101001001100001101001
-6433756113841374393,20,lattice,1001100111100100110101011001111001001111011110011110010011110001100100100000110100001000001000001100011111011111010011111111111111110111111100001001001000001101000110011010010011010001100111100100110100000000001000001000000110011111010011111111111111111111111100011001001001001101111111011111011011111111110111110111111100000000000000001000000000000010000011000001100111100100111100001000001000001101
-7621781429173136670,20,lattice,1110011001101111010101000000000000000001011001100100100000011111011001101111010111111110011011110101010001000000000000010100011001000000000111110111011011110101111111111111111111110100010001000000000101100110011011110101111111110111111111110100011001001000000101100110010011110101011001100100101101010110011001001001010111111110011011111101010001100100000001011110011001101111011100000000000000000001
904174038468614216,20,lattice,1000100000010000010011111001100110101110101110011001001011101001100100010010011000001000000000000000111111111111101111111111101111011010111010001001000100100110100110011001001011101111100111011010111011111011111110101110000010000001000000001011100110011010111011111111111111111111100010000001001001001111101111111011111110011001000100101110000010000001000001001000100000010010011011111001110110101111
-661387809642960167,20,lattice,1001011101001010100001010111010010101000111101111110111111100001010100001000000011111111111011111111000001000000000000000001011100001000100000000101000010000000110101111100101111100001011101001000100011010111111010111110111111111111111111110000010000001000000011010111111011111110000101110100101010001001011101001011100000010101000010001000110101110100101111001101011101001011111011010111110010111111
-8047610811365250514,20,lattice,1100110110011111000001000000100101010000111011111101111100011101111111011111000101001101100111010000010001011001010100001100111110011111000001000001100101010000000000001001000000001100111111011111000011111111111111111111000000000001000000000100010110011101000000000000100101010000010011011001111100000000000000010001000011111111110111111111111011111101111101011111111111011111011111001111110111110001
7272165137996098526,20,lattice,1000010000111000011011100101101110000110001001000010100001101111111111111111111111101111111110101110000001000000100001001110011111111010011010000101001110000110101001011011100001101010010111111000011000000100001010000100000001000011100001100000000000001000000011101111111111111111100001000011101001101110111111111011111111100111111110101110000000000000100001000000010000101000011010100101101110000111
-6449333761358818352,20,lattice,1111001011011011010001000000000000000000011000000000100001000111000000011000010011111111111111110101111101101111111101000111001011011001010011110111111111110100011000001001100001000111000011011001010001110010111110110100011000000001100001000100000000001000000011110010110111110100011100101101101101000110000010011001010011111111111111111111010000000000100001001111111111111111011111110111111111110101
-6052823729220927197,20,lattice,1011011000110100001111111111011111111111001001100010000000000011011000110100000010111110001111000111000001000000000000000000011000100000000010111111001111110111111111111111111111111011111101111111011100000100001000000000001001100011010000001011011000111100011100100110001001000000101111100011111001111011111000111111011110111111011111111111101101100011010001110010011000100000001000110110001101000001
3214557157989857744,20,lattice,1111111111111111111101011110101101001010011111101011110010100001001010110100001000001010000100000010000111101011010010100000001000010000001001111111101111101010000000101001000000100111111111111110111100000010101100000010000000000001000000000101111010111100101000000010100101000010011111101011111010100111111110111111111100010010101101001010011111111011111011100000000000010000001001111111101111101111
7079122957268402119,20,lattice,1100010101011011010001000001000100010000111011010101101111001111111101011111110101001001010110111100010001010101101101001110111101011011110000000001000000000000111111111101111111110100000101011001010011111111111111111111000000010001000100000100000100011001000011101111010111111101010000010101101101000000000100000001000001000001010110111100010000010001100101001111111101011111111111101111010110111101
4176014721967150074,20,lattice,1111111111111111111101111110111110111011001010000100000000000011100001000000000000001000000000000000001111101110101010100011101011101010101000111111111010111111001110001110101010100000100001000000000000111000011000100010001111101111101110110011100001101010101001111111111111111111000010000100001000000011111011101011101000111000011000101010001110001110101011100011100001000010001000111110111010111011
-6885520431938647585,20,lattice,1000000000000000010011000000000000000100111000110100010001101111001101111101011011111011011111010110111111111111111111111100001001000100011011000011010001000110111110111111110101101100000001000000011011100011011011010110111000110111110101101110001101001101011011000000000001000110111110111111111101101110001101000101011011111011111111111110000000000000000001001100000000000000011011111011111111111111
-759278938545273425,20,lattice,1000000000000000000011001010000001000000111110111100010100011101101111000101000110001000000000000000111111111100010100011000101000000000000011001011010001000000110010101000010000001100101001000100000011001011111001010001111111111111110101011111111111101101010110001010000001000000111111111110111101011100101111000101000111111111111111111101110110111100010101011111111111111111111111001011110001000001
-1437082395739727260,20,lattice,1010101010000100101011111111111101101111001010001000010010000011101010000100101000001000000000000000001111101000010010100010101010000100100010101011100001001010000010001000000000001010101111010100111010111011111101001110101010111001010011101011111111111110111100001000100001001000101110111111011011101111111111111111111100001000100000001000101010111000010011100010101010000100101010111111111101101111
-8651244171188625457,20,lattice,1000011101010011000011111111011111111011101101110101001100101001011101010011001010111111010100110010000001100000001000000000001000000010000000000111010000100000111111111111111110110000000001000010000010010111011100110010000001110101001000001011111101111111001110111111010101110010000000000000001000000000011101010011000010111111011111111011111111111111111111111000011101010011001010111111010101110011
3492838555492024934,20,lattice,1111111011111111111101010010000000000000011111101111111111110001000000000000000001011110111111111111010101101111111110100001001000000000000011111111111111111111010100101100000000000101001001000000000001010010111011111010010100101111111110100101001011001000000001010010110011101010010100101100101000100101001011001111101001010010110010001010010101101111111111100101001011001000001001010110111111111111
-1646941874294633684,20,lattice,1011011001111001111111111111111111111111001000000000000000000011001000111001001110111111111111011111001101100011100100110010001000001000001000110111011110011111001101111111110111110011011001111001111100100010001010010010001000100011100100100010000000001000001000110111011111011111101111111111111111110010001000001001001000110110001110011011001101100011100111110010000000000000001000100010001110010011
-6126788016306299857,20,lattice,1111111111101111111101010100000010010000011111000110111100100001010000001001000001011100011010010010000001000000100100000111111011101111001101111111111011110011010111001110111100110101010001101001001000000000001010010000111111111111111111110000000000001001000001011100011011010010010111000110111100100000000000000001000001111111111011111111011111111110111101110101010000001001001001011100011011110011
-4456832116194180660,20,lattice,1000100000000001000011001100000100010000111011110001000110001111111110110111111100001000000000000000100011000000000100001100111100010001000011001101000100010000111011111011011111111111111111111111111111101111001101111111000010000001000100001111111110111111111111101111000101011101111011110001011111010000100000000001000011001111000100011000111011110001000111001110111100010111111111101111000100011101
-3395948650420452261,20,lattice,1011111011111111111111111111111111111111001000001001001000100011100010111111011100101000101100100011001111001111111101110011111011111111011110111111111111111111000000001000000000000011100011111111011100100000101100100010000000001001000000000010100010111111011100101000101101110111000000001001001000000010100010110011011100101000101101111111001000001011001001110000000010010010001000100000101100100011
-2760064272213093552,20,lattice,1100000000000000000001000000000000000000111000000000000000001111101100001000110111101001000010001101111111110100100111011110001000001000010111100001000010000101111111111111111111111111101101001000110111111111011111111111111111110101111111111110000000001000010111111011000011001101111111110100101111111111101101001001110111000000000000001001111000000000000001011111111101001001111111000000000000000001
3918438555168450026,20,lattice,1000000000000000100111000110100000001001101001101000000010011111111111111111110111101110100000101001100001000000000010011000011000000000100111101111111111101001100001101000000010011110111011101110100111101110101000101001111011101111111010011110111010001010100111101110101011101001100001101000001010011110111111111111110100000000000000001000111011111111111011011111111111111111111100000000000000001001
-1201601953348124330,20,lattice,1010011001110100100001100110011101001000001000000000000000001111111111111100111111101111111111001101001001000011010010000010001000000000100001100111011101001000101001101111010010000010011001110100100000100000001000001000001000000001000010000110011001111100100000100000001101001000111111111111111011111111111111111111111100100000000000001000111001101111110011001110111111111100111111100111111111001101
748697079718777694,20,lattice,1001100011100001000011111110111111111111101110001110001100000001000000000000000000011000100000000000101111101111001110011011101011110011100011111111111111111111000100001000000000000001100011000000000000010000101000000000101110001111001100001011101011111011100010111010111111111010000110001110001100000001100011100001000010111000111100111000101111101111001111011011100011110011101010111000111000110001
6017282699680753246,20,lattice,1111111111110011100001011010110000100000011111111111001110000001100000000000000000001000000000000000010111111111001010000000101000000000000001011011110000100000000010101000000000000000100001000000000001011011111000100000010110111111001010001111111111111111111101111111111101111000000010101100001000000101111111110011100001011011110000101000011111111111011111100111111111110011101011111111111101111111
-5385987985855163387,20,lattice,1000000000000000000011001000110010001111111010001100100011111111111111111111111110001000010010000110111011111110110111111110101111001100111111101001110010001111100010001100100011101000000001000000000011101001111010001111111011111111111111111000000001001000000011101000110011001111111011111110111111111110100111101001111110000000010010001110100000000100100001101000000001001000001010001000010010000111
7252823857437089116,20,lattice,1001101110000100000101011011100001000001111110111111111011110001000100000000000000011011100001000001111111111111111011110001001110000100000100000001000000000000000100011000000000000101101111001100100111011011111111001111000100011001010000010101101110001100000100010001100001000001110110111111111011111111111111111111111101011011100011001001110110111100110011111101101110001100101100010001100000000001
-2145537726101002222,20,lattice,1001111001101101000011011110011011111010111111111111111111100001111001101101000000001000011011010000000011000110110100000000111001101101000011011111011111111010110111111111111110100000000001101001000000000000001000000000110111100111111110100000000000101001000000000000011011010000100111100110111100000000000000100001000000001110011011011010110111111111111111100000111001101101001011111111111111111111
6203958727429182689,20,lattice,1000100001001000000001001000000001001000111111111111111110111101100111111111100100001000000000000000110111111111111110111101101111111111100111001001111011111000110010001100111010000000100001000000000011001000111011111000110010011111111110000000100001001000000000001000000001000000110010000100111010001100100011001111100000001000000001001000111111111111111111111101100111111111101111001001111011111001
8536663591472137350,20,lattice,1001000000010100000011010111000101111000111111111001111111100001000000000000000011011111100111111110100101110001011110000001001000010100000010010011000101000000110101111001111111001101011101011111110111111111111111111111000100000001000000001101011100011111110000010000000101000000100100110001011000001001001100010111100010010011000101101000100101110001011111001101011100011111111011010111000111111101
3324647407715424444,20,lattice,1000000000000001100001000000000000011000011000000000000111101111111110110111111111101011100000011111111011111000000111111110001100000001111001100001000000011110111000111000000111111110111111100001111111101111101000011111111011111011010111111111111111111111111111101111100001011111111011111011011111110000000000000001000000000000000000011000010000000000000111100100000000000001101011100011000000011111
4445912266053229833,20,lattice,1000000000010000000011011100100111100111111111101001111001111001010000011110011110011100100111100111000001000001001000001001111010011110011111111111100111100111100101001001111001111001111011011110011111111111111111100111000000000001000000001000010000011110001110000100000101100010000000000001001000001111111111111111111111111111111111101111100001000001111001110000000000010010001010000100000101100011
-583858828984887563,20,lattice,1111010010101011111101110100000010001010001101000000000000000001010000000000000011111100101010111111000001000000000000001111111111111111111111111101111011111111011101001010101111101111110011101011111101110100001010111010111111011111111111110011010000001000001011110100101011111111011101000000101010100111010000001011101000110100000010001010011101000010101111100001010000000000001001110100001010111011
7587207545601882132,20,lattice,1010101001000011100111101111011000111001001010100100001110011111111111111111111100001010010000000000000001100100000100000000001000000000000000101111010000111001111011111110001111010000001001000000000010101111011000111001111011111111111111111110111101101011110111101111111011111111000000100100001100000000001001000001000000000010010000111000111011110110001111011110111111101011111100000010010000010001
2597482628541541496,20,lattice,1111000111111111111101010000110010110000011100001100101100000001000011001001000011111001111111111111111111111111111111111111101111111111111101110001111011110011000000001000100100000000000011001001000001110000111011110010011100011111111111110000000000001001000001110000110011110010000100001100101100000000000000000001000001110000111011111011011100001110111111110111000011001011001001110000111011110011
4252226791410479038,20,lattice,1111000011111101111001110000111000011110001000000000000100000011000011000001101011111110111111011110111101101111110111100111001011101101111000110001111000011110001000001100000100100010000001000001000000110000111000011110011100001111110111100111000011101101111001110000111001011110111111111111111111110000000000000001000000100000000000011010001100001100000111100010000000000001001011111111111111011111
-5377076651058258087,20,lattice,1011111101111000110011111111011110101110001011110111100001000011111101111000110000001000001010000000000011110011100000000000101100101000000000001001001010000000111111111111111011100000111101111000010000000000001010000000000010110011100000000000000000001000000011111111011111101110001111110111101011001111111111111111111100101111011110001100000011110011100001001011111101111010111011111111111111101111
4032075009767999054,20,lattice,1000010001011111000101000100010001100000111101111111111111111101011001111111011111111111111111111111000001000100000000000100011001011111001111010111011111110111110101111111111101110000000001000000000001000110011111110011000001000101011100010000010001011111000100000000010001000000000001000100011000000000000001000001000011010111111111111111110001100111111101110100010001011111001100000100010001110001
6053815510764397147,20,lattice,1110100000110100010001000000001000000100011010000011010001001111101100110111011101001000001000000100111011111011011101111110101000110101011111101011001101110111111010111011011101111111111111111111011100000000001000000000010010000011000001001111111110111111011101001000001001000100111010100011011101111110100000110101011111111111111111111111000000000010000001001110100000110100011001001000001100000101
7659050161729429401,20,lattice,1000000000100000000011111111111101111111001001000010000010001011010110100111111010101101101001111100000001000010000000001011111110100111111010100101101001111100101001001010000010001011111111100111111000000000001000000000101001011011011111101111111111111111111110100100101001111100101001001010001111001010010010100001100000000100001000001000101001001010000111001010010110100111111010111111111101111111
3763124360158015242,20,lattice,1001000000000000000011011011100001000011111111111001110100110001000000000000000010011000100000000001110111111000010000111001101010000100001110011011100001000011100100001000000000001111111111011101001111111111111111111111110111111001010100111101111110011101001100010000000001000000111111111101111110111101111110000101001111111111110111011011111111111101111111111001000010000100001110010000100000000001
-8788229719624445847,20,lattice,1111001110101011010001010011001000000100011100110010001001000001001000100000010011111111101010111100011101111010101101000000001000000000000000000011001000000000010100111010001101001111111111101111111000000010001000000000111111111111111111110111001110101011010011111111101011111100010100110010001001000101001100100011010011110111101010111100000000100010000001001111111110101111111011111111101011111101
-480220897178263596,20,lattice,1110001111100010110001000001100000000000011000011000000000001111111111110111111111101011111000111100111011111110001111000110001110000000000000000001000000000000000000011000000000000110001111000000000001100011111000101100111011111111001111001111111111111111111111101111111101111100011000111100001011000110001111100011110001100011110000001000011000111100000011001110111111110111111011101111111101111111
4078765157466164280,20,lattice,1111001101001100110001000000000000000000011000100000000010000111001000000000100011111111011111011101111101110101110011000100001000000000000001110011010011001000111111111111110111010111001001001100100011110111011111001100111100110101110011000111001000001100100001110010000001001000111111111111111111111111011101111101110001000010000000001000011100100000110011001111111111111101111111110011010011001101
-7697055887494671320,20,lattice,1001011111111111011111010111111111110111111101111111111111110001000000001000000111111111111111111111000101111110101000010001001111001000000100000001000010000000000100011000100000010001000111001000000100010011111010000001000101111111101001010000000000001000000000010111111111110101000100111110101000010001001111101001000110010111111111111111000101111110101001010001011111101010011100000000000010000001
7408882201661776543,20,lattice,1000000110000000000011001001100001000100111010111010011001001111111111111111010110001001100000000000111011111111111101011100101110100110010000000001000000000000000000011000000000001110101111100110010011001001101001100100111010111111011001011110101111111110010110000001100001000000110010011000011001001110101111110111010111111111111111111111100010011000000001001111111111111111011111101011111001100101
523572727611622,20,lattice,1110001110000010100101100011100000001001001000010000000010000011001110000000100111111011111010101011111101111110101010110000001110000000100000000001000000000000000000011000000010001110001111000010100111100011101000101001111111111111111111111111001111101010101111110111111011101011001000111000001010011111011111101111101100000001000000001000111111111110111111111110001111100010101100100011100000001001
3257583579358908352,20,lattice,1111100110011111011001000000100000000100011010001000110001100111100110001111011001001000100011000110011011011000111101101111111110111111111101101001100011110110000000001000000000001111111111111111111101111101101111110110011110011001111101100100000010001000010000000000100001000000011010001000111101100110100010001101011011111101101111111111000000001000000001000100000010001100011011111101101111110111
3793180867076594244,20,lattice,1000000000101000000011100111111011101110101001000110110010001011011111101111111011111111111111111111100001000110110000001010011001101100110010000001011011000000100001001110110000001000000001101000000000000000001000000000111101111111111111110000000000101000000010000000011011000000101001111110111011001010011111101111111010000100011011001000101001000110110011001010011111101110111011110111111011111111
628108182786804141,20,lattice,1001010100101110011101010101011011101111111101010110111111110001010100001010010011111101011111111111000001010000100000001111111111111111111100000001000000000000111111011111111111110001010101101110010100010101001010100100111101010111111111110000000100001000000000010101001011100100000001010000101001001101010101101111111100010101011011101101000001010000100001000001010100101110011100010101001011100101
-9166696299153092674,20,lattice,1111100110110110110101000000000000000100011100000000000011000001000000000000010001111000000000001100111111011011011111011111111110110111110101111001101101101101011100001000000011001111111111110111110101111000101101101101011110001001001011011111111111111111110101111000100101101101011110001000001011010111100110110111110100010000000000001100000000000000000001001111111111111111111101111000100000001101
-74248408490890410,20,lattice,1110010010110100000001100000101001000000001000001010010000001111010010111101000111111110101111011101001001001010010000001111011010111101100111110111101111011001000000001000000000001111011111111101100100000000101000000000011000001011010000001110010010111100000100000000101001000000111101001011111100011110010010111101000111110100101111011001111101101011110111011111111111111111111111100100101101000001
-70283323495264271,20,lattice,1000000000000001000011011110101111111110111111101011111111101001111000001111111010001100000011110000100001000000100100001000111000001111000011011111101111111110100111101001111111101111111111111111111010011110001011111110100011100001111110100000000000001001000010000100000011010000100001000000111100000000000000000001000010001110000011111000100011100000111111001000111000001111101011111111111111111111
3029678712152744218,20,lattice,1110001110011001100001000010100000001000011000101000100110001111101111111001111111101011110110011000111011111111100111110000001010000000100001100011100110011000000000001000000010001110001111011001100011101011111110011110011000101001100110000100001010001000100011111111111111111111111110111111101111110100001010001001100000000000000000001000111010111101100111101110101111011001101011101011111110011111
321516998601763608,20,lattice,1000101111010001101001001011100000000000011010111101000110101111111111011111111100001010000000000000100011111101000110100000001000000000000000001011100000000000000010101000000000000000101011000000000011111111111111111111000010111101000000001110111111011111111101101011110101011110111011111101011111100000101111010001101000001010110000001000000010111101000011100000101111010000101011101111110101111111
-6328493825771934697,20,lattice,1000010000000000000011101101010110011100101011010101100111001111110101011001110010001100000010000000000001000000000000001111111101111001111110000101000010000000111111111111111111111000110101011000110011111101011110011100100011010001100001001000010000001000000011111101011111011111111111110111101111111000110101011001110010001101000110001100100011010000100001001010110101011001111011111101011110011111
-8662280902664958950,20,lattice,1000000000010000000011000001000100000000111001010001000010101111111111011111101011101111000101101010100001010001000000001110011100010110101010000001000100000000111011111101011110101110111101010111101011111111111111111010000000000001000000001110111111011111101011100101000101001010110001010001001010101110010100010101101011000101000100001010111111111111111111101100010100010000001011111111111111111111
6139458075193965008,20,lattice,1010100000000000000011101001000000000101001000000000000000001111111100110000010100101000000000000000111011010010000001011110111100100000010100101001000000000000111111111011111101011111111111111111110110101000001000000001111011110011000001011111111100111000010111111111001111010101111111110011101101011111111100111001010111111111001110111101101010000000000001011111111111111111111110101000000000000001
-448396051442997299,20,lattice,1000000000000000000011010001011010110011111110110110111101111001000001100011001111011001011011110011111111110110111101111101101101101111011110010001011000110011110100011110101100111000000001100011001010000000001000000000111111111111111111111000000000101011001011010001011011110011100000000010001100101000000000100001001011111111111011111111110110010110111101111000000000100000001010000000011000110011
-7639749477292574642,20,lattice,1100100100000000000001001001000000000000111110010010000100100101100100000001000000001000000000000000111111110111110110101111101100101001001000001001000000000000111111111111111110101111101101111001001001001001001000010000111110010011100100101111100100101001001011111011011111010010111111110111111110100100100100000001000011111011011111011010111110110111110111100101100100100001001011111111111111111111
-2645756806091125341,20,lattice,1000000000000000000011010000001001000000111111111111111111111001000000100100000011011010001001100000110111111110111001001101001000100100000011010011001001000000110110101010011000001101101101101110000010000000001000000000110111111111111001001101001100101100000010000000001001000000110100100010011000001101111111101111011011011111111111111110110110111110111001001101111111101110011011011111111111111111
7008663241310788747,20,lattice,1010111100101100111111101111001011111111001000110000000000101111111100101111111100101111001011001111001001110000110011100000001000000000000000000011000000000010111111111010111111111111111111101111111100100011001011001110111111111111111111110010001100001000101000100011000011001010101011110010111011110010111100101101111100100011000000001010001000110000110011100000001000000000001000100111000011001111
-7760158899622329582,20,lattice,1010000000000100000011100110110111001110001000000000010000001111011011011100111111111110111111011111101001000000010010001010011011011100110011100111110111001111101001001101110010001010010001010100100011110110111111001111101001000001010010001010010000001100100000000000000001000000111111111111111111111111011011111101111110100000000001001000101001001101110011001010011011011100111011100110110111001111
-7538671059893753347,20,lattice,1010000110100000000011101111111111111101001000011010000000001111111111111111111110101001101001010001101011111111011111011010101110100101100100000001100000000000000000001000000000001010101111110111100100000001101000000000101010011011010100011010111111111111110110100001101001000001101010111011011110011010000110100101000110101001101001011001101010111111011111011110111111111111111110100001101000000001
5039064688432605317,20,lattice,1011001111110111011111110111111111110111001100111111011101110001000001000101000111111111111111110111101101111111111101110001001111010111011100010001110101110111000100001101010101110000000001000001000000010011111101110111000100000101010100110011001111111111011100000000010001010001000100001101011101110000000000000001000011111111111111111111000100000101010101110001000001000101001100000000000000010001
-168388754370147072,20,lattice,1000000000000000000011110010010011000101101100100100110001011001001001001100000110111110010011001101100101100100110001011000001000000000000110110011010011000101111111101101110011111000001001000000000111111111111111001111111111100101110011011000001000001000000110000010010011000001111111111111111011111111111111111111111110110010010011001101100100100100110001011111111001011100111110000000000000000001
7474503267046537735,20,lattice,1010100010100000100011101000101000001000001010000000000010001111111110111110111100001000000000000000111011001010110010111110111010111100101111101111101111001111001010001000000010001111111111111111111100101000101000001000111011001011110010111110100010101100101111101000101001001010111011111011111011111111111110111111111100001000000000001000111011101011110011110010100010100000101011101000101000001001
3586698014658108560,20,lattice,1000000000100000000011000101001001100001111001110011011100011111011100111111000111111111101111111111100001000010000000001000011100100010000010000101001000000000111101111011111100111111111111111111111100000000001000000000110001010011011000011110011100111111000110000101001001000000100001010010001000001100010100100111000111110111101111111011111101111011111111111111011100111111001110000000001000000001
-3937801225034358425,20,lattice,1110010101000111010001000000000001000000001000010000010101001111010111110111111111111101111101111111011001010100010101001111111111111111111100000001000001000000111001011111011111100110000101000101010000100001001001010100111001010111011111001111110111111111111100000000000001000000011001010100011101000000000100000101010011100101011001111100000000000000010001001110010101110111111011100101011101111111
5732808648569519826,20,lattice,1111111111101111111101101111111011111111001000000000000000000111111111101111111100101101111010011011001001011110100110110010011111101101101100100001011010010011001000011110100100110010000001100001001100100000001000010011111111111111111111110010000001101001001100100101111011011011001011011110111110110010000000000001001000100001111010011011001011111110111111110010000000000000001000100000000000010011
-3025669125813004065,20,lattice,1110000000010010101001000000000000001010011000000000001010101111011110111110111111111111101111111111111001111011111011101110001110111110101011100001101111101010111000001011001010101111111111111111111111100000001100101010011000000001001010101110000010111110101011100000101101101010010000000000001010101110001110111111101000000000000000001000111000111011111011100000000000000000101011100111101111101111
7613877753201326178,20,lattice,1001000000000000000011010100010100000101111101100101000001010001000000000000000011111111111101110111100101000001000001011001011000010000010111110111010100000101111101111101011101111001000001010000010111110111111101110111100100000001000001011111111111111111011111110110010101010101111101110101011101011001000001010001010111111111111111111111100100000000000001001111011101010111011110010000000000000101
-4992629670920909740,20,lattice,1000000000000000000011111011111100100000101110111111000000001001000000000000000010011010000000000000111111111111001000001000001000000000000010011011110100000000100110101000000000001001101011000000000010011011111100000000100110101101000000001111111111111110001111111111111101100011101110111111001000001111111111111111001111111111111111101011111111111111111111111111111111110010001011111111111100100001
7210572195700351456,20,lattice,1000001000000000000011001010101001111111111011101111111111111111111111111111111110001010101001111111110011101111111111110000001000000000000011101111111111111111100000101000001110011100101011101111111110000010101001111101110010101111111111111000001010101111111110000010100001111101100000100000001000001000001000000011100110000010000000101000100000100000001001001000001010100111111110000010000000101001
9068851406725553660,20,lattice,1000000000000000000011000101000010000100111001010100100001001111110111011010110111101101010010000100100001010000100001001110111111111110111110000001000000000100111011011101101011011000000101001000010011101101111111101111111011010101101011011000000100001000010011101101110111101111111011010100101001001111111111111111111111101101010010101100100000000000000001001110110111011010111111101101010010101101
-6988537745502922425,20,lattice,1000000010000100000111111111111111111111101100101010111100111001001010001110001110111111111111111111101101111110111100111000001010001110000110000001100011100011000000001000000000001011001111101111001110010010101011100011101101111111111101111000000010001100000100000000100001000000100000001000111000011001001010101111001110110111111011111011100100101010111101111000000010001110001100000000100001000001
-1999226349828478418,20,lattice,1110111010000011100101001100000000001001011011000000000010011111111111111111111100001000000000001000000001000000000010000110111010000011100111101111100000111001011011001000001110011110111111000111111111101111111001111111111011111111011111111110111111111111111111101111100001111001011011000000001110010110110000000001100100000000000000001000111011111000011111011110111110000111111100000100000000001001
-2109424782719240177,20,lattice,1101000000000000000001000000000000000000111111100101101110110101000000000000000001011000000000000001110111100101101110111101001001000000000011111111010111111011111111111111111110110101000001000000000011111111011111111011110110100101101100011101101001001011000111111110010111111011110110000000001100010101100000000001000111011010010110111001111111111111111111111101101001011011101101000000000000000001
-4413896842806471780,20,lattice,1100010001010100110001000100000000001100111001000111010011001111010001111110110011111111111111111111000001000000000010001111011011111110110011110111111111111110111101001111111011000100010001010000110011000100011101001100010001000001000011001110010001111100110001000100010101001100111001000111011011001111011011111111110000000000000000001000000001000000000011001111011011111111111011110111111111111111
3297271254297438913,20,lattice,1000000011010010100011111101111111111111101111001111111111111001000011011110101010001000110111101010100111001111111111101111111111111111111110111101111111111111000000001001001000000000000011010010000010010000111111111010000000000001000000000000000011011010000010000000110111101010000000000001001000001001000011011111101000000000110100101000100100001111111111100000000011011010101010011100111111111111
5857658359392385845,20,lattice,1001001111110100110011111111111111111110101110111111010011100001000010000000100010011011111101001110101111111111110111100000001111110000110000000001101000001100000000001000000010000000000011000000100000000000101000001100000000011011000011001011101111111100111000000011111101001100101111111111111111101011101111110101111000000000000000001000000000001000000011000000001111110100111011111111111111111111
-6790410446571199243,20,lattice,1000111111010111001111111111111111111111101011111111011100111001111111110111111100001000000000000000000011000000000000000000101000000000000000001111110001110011000011101000010000110000111011000111001110001111111101110011000011111101011100111010111111111111111100001010000001000000000011101000011000110000101000000001000010001111111101111111100011111111011101110000111000000100001100001010000001000001
1289708371541072937,20,lattice,1100111001010111110001001000000000000000111011100111011111001111111111111111111100001000000000000000010011000000000000000100101000010000100011101111111111111101111011101111111111000100101001010100100011001110011101111100000010000001000000001110111001111111110001001010000101001000010011100001011010000100111001010111100000001000000100001000010011100101011111001110111011111111111111101110111111111101
2508458680773064737,20,lattice,1001000000010110000111110101101101111111101101001001011010010001000000000000000110111101101101101111100101000001011000011111011110110111111110010101100101101001000100001001011000011111111111111111111110010100101101101001000100000001000000011111111110111111111100010000000101000001000100000001011000011011010110110111111110010100100101101001101101011001011011011011010110110110111100000000000000000001
3652752694361802055,20,lattice,1101110111111101111101010000111001001011111111011111111111110001000000000000000001011100111111001111010101001111110011111111111111111111111101010101111111001111000100001000000010000001000011100100100000010000001000001000010100001111010010110101000011111100111100010000101001001000110111011111111111110101110011111101111100010000000000001000010100001111010011110001000011100100101100010000111001001001
-4761652823175030394,20,lattice,1000000100001001110011111111011111111111101110010110110111011001000101101101110110001001011011011101101111010110110111011011111101111111111100000001000010010100111111111111111111111000000101101101110110000001001010011100101111010111110111010000000000001000000010000001001011011101101110010110111111010000000000001001010000000001000010011100000000000000100001001011110101111111111110000001001010011101
2674931513485684067,20,lattice,1000010000010010000011011110010101100001111111100101011000011001010000010010000000001100000100000000000001000000000000001001111001010010000011111111010111100011111111101111111001111001010001010010000011111110011111100001000001000001000000001111111001011110000110011110010101100000000001000001001000001111111111111111111111111111011111101111111111100111111001111111111001011110001110011110010101100001
5687976853448283143,20,lattice,1000000000000000000011001011010011111101111010111100111111111111111111101111111110001000000000110001110011111110111111011000101000000011000110001011000010110001110010111100111111011000101101001111000110001011011011111101111111111111111111111000101000001011000110001010000011110001100000000000001000001000000000000011000010001011010011111101100010110100111101011100101111001111111110000000000000100001
3529950460905199447,20,lattice,1111111111111111111101000001000010000000011110011000101000000101000100001000000001011001000010000000011111011010101101000111111110101011010000000001000010000000010110011000100000000111111111111011011101111001101010100100011111111011101101000000000000001000000001111111111111111111010110011000101000000111100110101011010001111111101010111100011110011000101001000111111110111011011101111101101010110101
8580759102619355537,20,lattice,1011100001011101000111111010010111010011001000000100010000000011000001010101000100111000010101010001111111100111111110111011101001011101000111111011011111110011111111111111111111110000000001000000000011111010011111110011001000000101010100000011100001011101000100000000010001000000111110100101111100110010000001000101000011111010011111111011111111100111111111111011101001011101001100100000010101010001
-199937002735868012,20,lattice,1001000000010000000011011111010111111011101111110101111110110001000000000000000010011100010111100011100101000101111000111001111101011111101110011101010111111011110111111101111110111001000001011110000011111111111111111111000100000001000000001001000000011110000000010000000101000000100100000001001000001001110001011111101110011100010111101011110111111101111111111001000001011110001110010000010111100001
-6039281571002236504,20,lattice,1111001111010001010001000000100000000000011100111101000101000101000010000000000011111011110100110100111111111111111111110101001111000001000001010001110000010000000000001000000000000101000011000000000011111011111100110111010100111101000100001111101111111011111111111011111111111111111100111101001101000101000011000001000011111011111100111111010100111101000101001111101111010011011011111011110100110111
-8799840648961922028,20,lattice,1100010010100000000001000000001000000000011001101010000000001111011111110111011111111111111101110111010001001010000000000100001010100000000011100111111101110001010000001010000000000100000011100000000000000000001000000000010000101111000000001111111111111111011111100110101001000001111001101111011000011110011011110111000111111111111111111111111001111111011101111110011111110111001111000100101000000001
342884962152549030,20,lattice,1100100001000011001001001000010000010010111111110110111111110001100001000000001000001000000000000010110011000100101110101101111101001111111111001101010011111010111111111111111111110000100001000000001011011111011011111111111111110111111111111100100001001011001011001000010011111010010010000100001100100000100001000001001011001000010010111010110011010100111111100000000000000000001011011101010011111111
-2426675546642964391,20,lattice,1000000000010000000011111010001100000010101100100011000000101001001000110000001010111010001100000010111111111011111101111000001000110000001011111011001110000111111110111011111101111111111111111111011110000000001100000000000000000001000000001111101000111000001011111011001111110111111110110011101001111111101100111011011111111111111111111111111110100011100001101000000000010000001011111010001110000111
1657770243648486432,20,lattice,1000000010100001000011010001111100110011111111111111011111111001000111110011001111011101111101111011110101011111001110111101111111110111111110000001101100110001000000001010000000001000000111110011001100000000001000000000100000001011000100001111111111111111111111010101111101111011100000001011001100000000000010100001000010010001111100111011110111011111011111111000000110110011001110000000101100010001
-6966651789209512945,20,lattice,1111111111011101110101011001100111001101011111011101110011010001000100010100110000001000000101001100010111011001110011010111111111011100110100000001000101001100000110011001110011010101110111011100110111111111111111111111000000000001010010000000100000011100110000000000000001001000111111111101111111110111111111011101110100000000000000001000000000000001010011001111111111011101111100011001000111001101
