hash,n,target,matrix_bits
-3785513846285552951,20,lattice,1010011001001101111011101111111111011111001001000000110010101111111111111111111110101110010011011110000001000000100000000010011000001100101010101111110011011111101011101100110111110010011001001100111010101111111011011111101011111101110111110000000000001000000000000100000011001010111011111111111111110010011001001101111000000100000010001010001001000000110011100000010000001000001010101110010011011111
2094650381965168039,20,lattice,1000101000110010010111111111111111101111101010100011011001011011111111111110111100001000000000000000101011110011111001010000101000010000000010101011001101100101101011111111111011111010111101111110111100001010001100100101000010000001000000001010101100111110010110001010001101100101000010100001001000001111111111111111111110101111001111101111000010100001001001001010111100111110011100001010000100100101
1209509492711513064,20,lattice,1110000000010010001101000000000000000010011000000001001000111111110100111111011111101000001111110011111011010011111101111111111100111111011111101001001111110011111111111111111111111111111101111111011111100000001101100011000000000001000000101110000000111110001111100000000101100011010000000001001000101110000000111111001111111111011111111111111010000011111101110000000000000000001001000000000100100011
6236806049028333061,20,lattice,1101111101111110111001010000010010001000111111110111111111110001000001001000100001011111010011001100000101100100100010000001001001001000100001010011010010001000111111111111111111110000000001001000000001011111011111001100010111110101110011000000000000001000000001010111010011001000010111110111111011100101111101111111111000000000010010001000010101110100110011000101111101111100111011011111011111111111
5937655978386930462,20,lattice,1100001110111000000001000001000010000000111111111111111011101101001110111000011011011111111111101110110101111011110011100100001110111000000000000001000000000000010000011000100000001101011111111100111001000001101110000000010000010001100000000000000100001000000011010011101111001110110101111111111011101111111111111111111111010011101110001110110000111011100001101100001110111000001011011111111111101111
5412041145576569933,20,lattice,1000000000100001000011111111111111011101101010100010000100001011111111110101100010001000001000010000101011101011010100001000101000100001000010101011101101010000101010101010000100001010111111110101100000000000001000010000101010101011010100001011111111111101100010101010101001010000111111111111111111010000000000000001000010101111101101011000101111111111110111011111111111111111111110111111111111011001
8362853313866100723,20,lattice,1000000000000000100011011101111101101110111111111111111111111001000000000000100010011001001101101100100111011111011011101101111111111111111110010001000000001000100110011011011011001001100111110110111010010001001100001000100100010001000010001101110111111111111110010001001101101000100100010011001010001101110111110111111000000000000000001000100100010011011011001001100110110110111011011101111101111111
-7515236836014447943,20,lattice,1111011101011111001001000000000000000000011100010000000100000101000100000001000011111111111111111111011101010000000100000111011101011101001001000001000000000000111101111111111111110111010101011101001011110111011111111111011101010001000100100111010100011101001001110101000101010010011101110101111100100100000000000001000011110111010111111111111101110101111101100111010100000001001011110111010111110111
356111663171826998,20,lattice,1101011111111101111101010101001011000101111101111111110111110001010100101100010111111111111111011111000001010000000000000101011101111101011100000001000000000000010101111111110101110101010101111101010100000101001000000000000101010011110001010000010100101100010100000101000001000000111111111111111111110101010100111101010101010111111111011111000001010010010001000101010101111101011100000101001001000101
34218500038976512,20,lattice,1100000000100001100001000000000000010000111111111111110111101101001101111101111011011111011111011110110101110111110111101100001001101101111011000011011011011110110111111111110111101100000001100001101001000000001000011000110000110111110111101100000001101101111011000000011001011110111111111111111111110000000000000001000001000000000000011000110000000110000111100100000000100001101011011111111111011111
-1662943649671824533,20,lattice,1111111111111111111101000111101100111011011111111111111111110101011110111011101101011111111111111011000001011010001110000000011110110011100100000001100000111000000000001000000000000100011111111011101100000000101000111000000001011011001110010100011110111011101101010111111111111011000000001000001010000000000010000011100000000000100000001000010111111111111111110000011110110011101100000000101000111001
-7083770588809527284,20,lattice,1001111111011111011011111111110111111110101111111101111101100001111011010011011000001110110100110110000001101100001100100000001010000011001000011111110101110110000000001000001100000000001011000011001011111111111111111111000001101101001100100001111111011111011000011110110101110110000000000000001000000000000000000011000010111111110111111110000001101101001101100000000010000011001011111111110111111111
7213205519235464438,20,lattice,1111011101110111101101010111000001011001011101110001010110110001000000000000000111111111111101111111000101000000010100010001011100000101100100010001000001010001111101111111011110110111011101010111101101110111011101111011010101110001010110111111111111111111111100010000000001000001011101110001011110110001000000000101000100010101000001011001111101111111011111110101011100000101101100000000000000000001
6251902707185784897,20,lattice,1000000010000001000111000000100000010001111000011110010100011111011111111111111111111111111111111111111001011110010100011110011111101101011111000001101000010001000000001000000100011100000111100001000111000000101000010001111001111111111111111110010111101101001111000001111001010001111001111110111111110000000000000001000111100111111011011111111001011110110101111110010111100101001100000000000000000001
7182525912749986666,20,lattice,1101011111010011101001010111110100111010111111111111111111110001000001000010000011011111110111111011000101000100001100000001011101000011100000010001010000110000000101111100001110000000000001000010000011011111111111111111000101111101001110001101011111011111101111010111110101111011000000000000001000000001000001000011000000010101010000111000110111111101111111110001011111010011101011010111110100111011
2035433266830466621,20,lattice,1111111111101101110101000000000000001000011110011010110011010101000110100000100101011001101001001001011111111110110111010111101111101100110101000001101000001001010000001000000010000111100111101100110101000000101000001001111111111111110111010101100110101100110101010001101001001001111111111111111111110111101111101101110100000000000000001000010110011010010011011111111111111101111101000000100000001001
-6299718572747694690,20,lattice,1101111011011110111101000000000000000000111111111101111111110101111011011000000001001110100110000000010001101000000000000100001010000000000011011111110111101111010000001000000000000100111011011000000011111111111111111111010001101001100000000100001010001000000001011110110111101011010111101101101000111101111111011111111101011110110110101011010111101101111011110101111011011000001101001110110110000001
-5320093486412554143,20,lattice,1010100100000001100011111111111011111110001000010000000110001011110101000001110000101001000000011000101011010100000111001011111111000001110000000001000000001000101111011100000111001010100101000001100010111111111010111110111111111111111111111011111111001001110010111111111011111110101111111100101111100000000100000001100000000000000000001000101010010100000111001011111111001001111011111111111011111111
-8730329011208844208,20,lattice,1111111111111111111101101101111111100101001000010010000000010111111111111110010100101001001000000001001011010110100000010110111111111110010100000001001000000000001011011111111001010010000101100000000100000000001000000000001011010111110000010010100101101000000100101101011011000001001011010111111001010111111111111111111101111111111111101111001011010111110001010111111111111110011100000001001000000001
5291318529845813871,20,lattice,1000110010100010010011111111111111101111101011001010001001101011110110101010011000001100101000100100000001000010001001001011111111111110011110101101101000100110000001001010001001001011110111111110011100000000001000100100101111011011111001111010110110101010011010111101101011100111000000000000001000001111111111111111111110111111111111101111000000000000001001001000110010100010011010111101101010100111
9215703656999999862,20,lattice,1100010000000111101101000100000001000011111011111111111111111111111111111111111111001100000101111011000001000000000000001100111111011111101111001101110111111011110011001001111110111100110011011111101111001111111111111011110001000001011110111100110000011111101100000100000001000000010001000000011010110100010000000111101100000100000001001011110011111111111111110000010000000100001100000100000001000001
6463500871023720850,20,lattice,1111111111111101111101110010100111011011001100101001110110000001001010001001000001111010100111011011011111111111110111110000001000000000000001111011100111011011000000101000100000000111101111011101111101111011111111011111000100101001100110000000001000001000000000010010100111011000111111111111111111110000001000001001000000010010100010011000011110111001110111110011001010011101101000110010100111011011
5150104066539794468,20,lattice,1010110010100010100111101100101101101001001001000010000000011111110010110110100100101100101000101001000001000000000000001111111010111110100111111111111111111111001001001010001010011111111011111111111100000100001000000001101011001011011010011111110010111110100110101100101001101001001001000010001010011111110010111111100100100100001000001001111111101011111111111111111010111111101100000100000000000001
-3756001813006222108,20,lattice,1000001000001000000011010010000010010110111101110001110111101001001000001000000011111111111111111111110101100000100101100000001000000000000011010111000010011110111101111111111111111111011101111111111111110111001111111110110101110001100111100000001000001000000011010111000111011110111101110001111111101001001000001001011011010110000010011110100100100000100001101001001000001000001011110111001111111111
-5622598862088356055,20,lattice,1111110110011110110101000001000100100101011100010001001011010101000100010010010101111101000111101101011101010001001011011111111110111111110100000001000000100101011111011001111011011111111111111111111111111101101111111101000000010001001001010111010100011110110101110101000101101101000000000000001001011111110110011111110101000001000100101101000000000000000001011111111110111111111100000000000000000001
-5236680239841719514,20,lattice,1111010111111111111101110101111111111111001001010110001111010011010111110111110101111101111111111111000001010000001111011111111111111111111100000001000000010100001001011110001111010000010101000011110100000101011000111101001001011111011111010010010111111111110100100101111001111101000000010000001111000000000000000001000000000001000000011100000000000000000101000011010111111111111100000001000000111101
7915618944618720428,20,lattice,1000010101000001100011111111010011111110101101010100000110101001010101000001101010111111010010011110000001010000000010001011011101000001101000000001000000001000111111111111111111100000010101000001100011111111011011111110111111110111111111101011011101001001101010111111010011111110101111110100101111100000000100000001100000000000000000001000101101110100100111101000010101000001101011111111111111111111
-6462437806305675646,20,lattice,1111111111110111111101101000010100000011001010000101000000110111110111110111101100001000010000000010011011011101011110110111111111110111111101101001010101000011011010011101010000110000000001000000001001101101111101111011000010000101000000111111111111111111111101101000010101000011011010011101011000110110100111010111001101101001110101111011011111011111011111110000000000000000001000001000010000000011
4777312241595472905,20,lattice,1111111111011101111101000001000010000110011001010001100001100111010110011101011101111111110111011111010001010001100001100110011110011101111100000001000010000110011001011001100101110111010111011101111111111111111111111111000000010001100001100000000000001000011001100101100111010111111111111101111111110110010100011001011001100101100111011111000000000000000001100000000000000000001001100101000110000111
-2757431887717337974,20,lattice,1010111111111111101011111111111111111110001001100001011000001011111111111111101000101111000101110000000001000000011000000000011000000110000000100111000101110000001011111111111110100010111101111111101000101111001101111010000001000001011000000010111100111111101000000000000001100000000000000000001000000010011000010111000000101111000101111000101111111111111111100010111100010111001011111111111111111111
-7786722651261063270,20,lattice,1111111111011111111101010100000100101100011111111101111011110001010000010010000001011101110111101110000001000000000000000101111111011110111001010101110111101110010101001101111011100101010001011110111011111111111111111111000001000001000000000101010000011110111001010100000101101110000001000001001000000111111111011111111100010100000100101100000101000001001001000101010000010010111001011111110111101111
4484582225156840724,20,lattice,1001110000101010111111111111011111101111101111000110111011110001110000101010110100001100001000101101000001000000001000001011111101111110111110111101011111101111111111111111111111111001110001101010111100000100001000100101101111000111111011110000110000101010110110011100011011101111000000000000001000001011111101111111111100000100001000101101000001000000001001000001110000101010111100000100000000100101
5632916537811262179,20,lattice,1011011100001110100111111111000011101001001000000000000000000011000000000010000010111111000011101001001101110000111010010011001100000010000100110001000000100000111111111101111111111111111101001110100111111111111111111111111111110101111010010011001100001110100100110011000001100001001000000000001000001111111101011111111100110011000001101001111111110101111011111111111101011110101100110001000000100001
8215177178804710078,20,lattice,1000101110000011010011001011100000110100111011111111111111111111111111111111111100001011100000110100110011111010001101000000001010000001010000000011100000010100000000001000000001001100111111100011010011001011101000110100110011111111111111101100111110101011010011001111111011110100000000111000001101000000000010000001010011001111111011111100000000000000000001001100111111101111111011001111111111111111
-1500004667515490826,20,lattice,1111111011011111111001101010100100000100001000001000000000000111111011010011011000101010100100000100011011101101001101100010001010010000010011111111110111111111000000001000000000000110101011010011011011111111111111111111001000001001000001000111111011011011011001111110110111111110011010101001001101100110101010010001010001111110110110111110001000001000000001000110101010010001011011111110110111111111
-4607903273157773475,20,lattice,1000011000000000000011010110000111111011111101100001111111111001011000001011100011111110000111111111000001100000000000000000001000000000000011111111100111111111111111101001111111111111111111011111111111111111111111111111100101100001111110101000011000001011000010010110000011111000100001100000001100001000011000000001000010000110000010111000110101100001111111111001011000001111101010010110000111111011
-2718174237100590680,20,lattice,1000000000000000000011110010000000001100101100000000000001001001000000000000010011111011000100001100111111111111010111111011001000000000010011110011000100001100111110111011000111001111101111110001111111111011001100001100111100100001000011001111111111111111111111111011111101011111111111111111011111111111101100110001110010110000000000001100100000000000000001001111101110110001111011111011101100011111
6857252276695399931,20,lattice,1000000000000000001011110111111111111111101101111100010101111001010111000101011111111111111111111111100001011100010101111001011111000101011110000001000000000011100000011000010000111000000111000100001110110111111011010111101101111101110101111011011111001101011110000001000001000011101101111111111101111000000111000101001110110111111111111111100000011100010101110000000000000000001010000000000000000011
5671978827805250742,20,lattice,1000010000000000000011010100110001000000111101001100010000001001010001000000000011111111111111111111000001000000000000001111011111100100000011110101111001000000100101001100000000001000010001000000000011110100111001000000111101111111111011111111011111101100101010010100110001000000111101111110111011101111011111111111111111110111111001001010111101111110110011101111011111100100001011110111111011101111
3035938669742127676,20,lattice,1111000111010001101101100001010100010011001000000101000100110111000111010001101111111011111101111111111111111111111111111111001111110001111100000001010100010011011000011101000100110000000001000000000011110001111100011011000000000101000100101111001111111111111111110011111101111111111100111111001111110000000001000001001001100001110100011011111100011111000111110000000001000000001000000000010100010011
-7903966830038221331,20,lattice,1010111001001110011111111111010111111111001000000000010000001011111101011110111100101010000011100100001001100000111001000010001000001100000010101111010011101111101111111101111111110010111001001110010011111111111111111111101011110101111011110010000000001100000000000000000001000000001000100000111001001011111101011111111110101110010011101111001000100000110001000010111001001110011000101110010011100111
-8232964733805423236,20,lattice,1001010111001011011011110111111111110111101101111110111101100001010111000010000011111111111111110111000001011000001000001001011111001011011000000001000000000000000000011000000000000000010111000010000010010111111011110110101101111111111101100001010111001011011010010111110011110110000000011000001000000001010111000011001011111111111111111111000101011100001101100001010111000010001010110111111111110111
-668846851777757701,20,lattice,1000010000000010000111000100000000100001111001000000001100011111111111110111110111101111111101111101000001000000000000011110011001100011100111100111011000111001111001111110001111011110010001000011100111100100011000111001111001111111001111011111111111111111111111100111111101111101000001000000001000011100010000000011000111100100000000111001111001110110001111011111111111110111111100000000000000000001
4469329742714098451,20,lattice,1111111111111101111101010101011110001010011101010111100110100001010101011000101001111101011110011010000001010101100010100111111111111101111100000001000000000000011111011111100111110000000101011000000000010101011110001010000000010001100000000000000100001000000001111101111111011111111111111111111111110101010101111001101000000001010110001000011111010111100111110000000101011000101001110101011110011011
-8724289906214065147,20,lattice,1100000000000000100001000000000000001000111000010001001110111111110101010011111111101101010100111111111001010101001110111111111101110011111111000001000000111011111111111111001111111110000101010011101111111101011100111111110000010001001110111111111111111011111111111111111111111111110000000000001010001100000000000011101100000000000000001000111001010101001111111100000000000010101111000000000000101001
8383739186817693169,20,lattice,1111111011111111111101110100010010101010001000000000100000100011010001001010101001111100110011101011001001000000101000100111111011111110111111111111111111111111011101001100101010110010000001001010001001111100111011101011011111001111111011110000000000001000000001110100110011101011001000000000101000100111111011111111111100100100010010101010011111001110111011110000000000001000001001110100010010101011
-2006888418940641549,20,lattice,1101111010111100010101001110101111000100111111111011111101110101111010111100010000001100000010000100000001000000000000000000111010001100010011011111101111000101000001001000100001001111111111111111011100001110101111000100000011101001110001000000010000001000000000001100100011000100110111111011111001111101111110111111011111111111111111111111000001000000100001001101111110111100011101011110101111000101
8918034673604084821,20,lattice,1000000010000000000011000000100000000000111110111110111111111101000110000000010011011011101010000100111111111110111111111101001110101000010010000001100000000000000000001000000000001101101111101011010111010001101000000100111111111111111111111101000110101000010011011011111011111111110100111010101001001101101110101011010111011011111010111101110000011000000001001101101111101011111111011011101010100101
1300244612837513632,20,lattice,1000010001100001100011010110011000011100111101110110100111011001011001100001110011111111111010111111000001000000000000001000011001100001110011010111011010011101111101111110101111010000010001100001000000000100001000010000111111111111111111111101011001101001110011111111111011111111111101110110101111010000010000000001000000000100011000011000100001000110000111001111011111101011111111010110011010011101
5513294976858057705,20,lattice,1000010010100111110011001101101101111101111111111111111111111101110110110111110110001101101101111100000001001000000000001101111110111111111110000101101101111100000000001000000000001101111111111111111100000100101001101100000001001011011111001101110110111111110100000100100001000000000001001000011000000000010010100111110000000100100001101100000001001000011001001101110110110111111110000101101101111101
3388608850870053395,20,lattice,1000000000000001000011101001110110111110101000001101101111001111110111111011111110101000110110111100111011011111101111111111111111111111111110101001110110111110100000001101100111001000000001010001010011101001111110111111100000000001000100001000000001011001110011111101111111111111100000001101101111000000000000000001000010000000010100011100100000000000000101001010100011011011111011101001110110111111
-1368253827996499021,20,lattice,1111100010101010100101010000000000001001011110000000001010010001000000000000100101011000000000101001111111011010111010111111111111101110101111111001101010101001011110001010101010011111110111101110101101111000001000101001111111111111111010110111100000101010100111111001101011101011010100000000001010011111111111111111111100000000000000001000111111111110111011111111100110101010101100000000000000001001
-7105072995496341279,20,lattice,1111010001001110111101110100000001001101001101000000010011010001000000000000000111111111111011111111000101000000000000011111011001001110111111110111011011111111111101111110111111110111010001001110111111110110011011111111111111111111111111110111010000001110111100010100000001001101011101000000011011011111011001001111111100010100000000001001000101000000000001010111010000000110111100000000000000000001
-7928297396395814763,20,lattice,1000000000000000100011111111111111111111101000101110110110011011101111111111100110101011111111111001101111111111111110011000001011000100100010100011111111011001000000001000000010001000000011000000100010000010111001011000101000101111110110011000001011101101100010000000110001001000101000111111111110011000000011000101100000000000000000001000101111111111111111011011111111111111111110000010111011011001
-8297505321986743449,20,lattice,1111110101111111111001110100010011011110001000000000000001000011000000001101011001111100010011111110001101000100110101101111111101111111111001111101011111111110111111111111111111100011000001001101011001111100011111111110011111000101111111100010000000001101011000100000000001010100011101000100111111100010000000000001010000110100010011011110000000000000000001000010000000000101011011111111111111111111
-1022763299588182936,20,lattice,1000100010111000100011001000101110011000111010111111101111111111101111111011111100001000100010000000111111111111111111111100101010111001100011001011111110111100000000001000100000001100100011111001100000001000101110000000000010001001100000000000000000001000000011111011111111111111110010101111101110000000100010111001000000001000100110001000110010101111101111001100101111111011111011001011111110111111
-3274575675685718148,20,lattice,1000010110010010110011110111111111111111101101111111001111101001011111110011111011111111111111111111000001000000000010001000011110110010110000000101000000101100000001011000001011001000011111110010111010000101101100101100000001011001001011001011011111111111111110010111111101111110000001000000001010001000011111110011111000000000000000001000000001000000001011001000011110110010111010110111111101111111
4868881510236407070,20,lattice,1111111111111011001101111111111110110011001111110010101100100001011100101010001000011111001010110010000001000000000000100000011100101010001000000101000010100010001111111011101100110011111111111011001100000100001010100010001111110011101100100000010000001000001011111111111111111111000001000000101000100001011100101011001011111111111110111011111111111111101101110000000000000000001000111111001110110011
1382692833314992571,20,lattice,1000000000001100110111001110001111111111111011101011111111111111111111111111111110001000000011001101100011000011110111011000111000111101111111101111111111111111110011101011111111111110111011111111111110001000001111011101100010000001110111010000000000001100000100000000000001000000100011100011111111111000100000001101110100000000000011001101000000000000110001011000110000111101111100000000000001000001
8821743406933304995,20,lattice,1000011000000110001011100111111001110011101001111110011100111111011111100111001111111111111101110011000001100000011000100000001000000000000010000111101001100010100001101010011000101000011111100110001110000110001001100010111001111111011100111111111111111111011100000010000001000000000000100000011000001000011111100111001111111111111111111111111001111111011101110000001000000100001010000111101001100011
-7881849010149903117,20,lattice,1110000000000000001101100000000000000011001000000000000000101111110010100001001111101100001000000011111001000000000000111111111111100101001111111101111001010011111011001010000100111111110011100001001111100100001000000011111111111111111111111111111111101111111111111100111001010011111111111110011100111110110000100001001111111111111001111011111111111110011111110000000000000000001000000000000000000011
-8805334122996392043,20,lattice,1011111111000101110011111111111011011111001010000100000000000011100111000100000000001000010000000000001111111100010100000011101111000101000000101001010001000000001010011100010000000000000001000000000010111111111011011101111111111111110111111011111111001101110100101000010001000000111111111111111111110011100111000101000000111111110001011000001111111100010111001011111111001101111110111111110001011101
-294605866385830130,20,lattice,1001001100001010000111010111000111110001111101110001111100010001000000000000000011111111000111110001100101110001111100010001001000000000000000010011000010100001111111111001111100011111111111011111000111111111111111111111100100110001111100010001001000001000000010010011000011100001000100100000101000011001001100001111000111111111110111111111111111111101111101011111111111011111011100010010000010000001
-7166281111547294205,20,lattice,1111111111110010111101000000001000100000011111111110001011110101000000100010001101011010101000101011010111101010001010110101001010100010101101011111101000101011010100001010001000110101111111100010111100000000001000000000011111111111001011111111111111111010111111111111111111101111000000000010001000001111111111111111111101010000101000101011010111111010001011110100000000100010001101000000001000100001
5394569896627984677,20,lattice,1010000000010000010011101100010110000100001000000001000001001111111101111011111110101100000100000100001001000001000001001110111101111011110011101101010110000100111111111111101111111010110001011000010011101101011110011100000000000001000001001010110000011000010011111111111111111111111011010111101111001110110101011001110011101101010110001100000000000000000001001110111101111011111011101111011110111101
9072001923340566578,20,lattice,1000110001001110100011011111011111111111111111110111111111111001110001111110110000001000000011100000000011000000111000001001111001111110110110011111011111111101111111111111111111110000110001001110000010001100011111101000100011000101111010000000000000001100000000000000000001000000000000000000111000001001111001111111110100001100010011101000100011000111111011001001111001111111111110011100011111101101
1801023679913586401,20,lattice,1100000110001101110001000001000001001000111000011000110111001111011111111111111011111111111111111111111001011101110111001110011111111111111000000001000000000000010000011000010010001110000111011101110011100101111111011100111000011001110111000100000110001100100000000001000001000000111001011111111111000100000110001101110000000001000000001000010000011000010011001110010111111111111011110111111111111111
2614588828298212747,20,lattice,1000000100000000100011111111111111111111101000010000000111001011000111000001111110111001110000011111101111011100000111111011111111100111111100000001000000000000101000011100000111001010000101000001110010111101111000011111101111111111111111111011111111101111111110111101111001111111101111011110001111111000000100000001100000000001000000001000100000010000000011001010000111000001111110100001010000011101
-2075092376398272139,20,lattice,1000000000000000000011000000000000000001111011011010001100011111110110100111000110001000000000000001110011001010001000011111111111110111100111001101101000100001110010001000000000011111110111110111000111001000101000000001111111011011011100011111111111111111101111001101101001110001110010001010001000011100110110100011000111111101111101111001111111111111111111111111111111110111101110000000000000000001
-5586277796108827120,20,lattice,1100001111101111111101000010111011111111111100111110111111111101001111101111111111111111111011111111111101111110111111110000001011101000111101000011111011111111000000001000000000000000000011101000011000000000101000000100111111111111111111110000000010101000011000000010111011111111000000101110101011110000001011101011111100000000111010001111000000001000000001000000000010100000011000000000111010000111
-5502319785503466747,20,lattice,1100010110011000001101000000000000000001111011011111111001111111110111111110011111001101111111100011010001011001100000111111111111111110011101000001100010000001010000001000000000011100010111111010001111000101101110100011010000011001100000110100000010001000000111000101111111100011110001011001101000111111111111111111111111111111111111101111110001011111111001110100000110001000001100000000000000000001
-7372683541175723537,20,lattice,1010000000000000001011101111111100110011001000000000000000101111111111110011001110101110111100100011101001000000000000101010011010110010001110101111111100110011101001001010001000111010011011110010001110100100001000000010101001001011001000111111111111111111111111111111111101111011101001000010001000101010111011110011001111111111111100111011111111111111011111110000000000000000001010100100001000100011
-3555404478451984049,20,lattice,1001111111110111101111111111111111111111101111111111111110110001000000100000000100011001011000010001000111111111011110110001101101100111101100000001001000000001000110111111011110110001000001100000000100000000001000000001000110110111011110111001111111111111101100011001011001011001000110010110011110010001000100100001000100011001011000011001101111111111111111110001100101100111101100000000000000000001
8898552779364266360,20,lattice,1011110111111111110111111111111111111111001000000000000000010011100101000011010100101001010000110101001111010100001111011011111111111111110100100001010000000101001111011100011111010010000001000000010100111101111011111101001111011111111111010011110111001111110100111101010001111101001000010100001001010010000101000011010100111001010000111101001000000000000001011011111111111111111100000000000000000001
-1983958490344717973,20,lattice,1100010010001000000001000000000000000000111111111011110110001101010010001001000011011111101111010000010001001000100000001101011010101001000011010111101010010000010000001000100000001111111111111101101111010100101010010000110101111011100100000100000000001000000011010111101111010000111111111111111110111100010010001001000011010111101111011000111111111111111111111111111110111101101111111111101111011001
-8873981509790209761,20,lattice,1101010100101101000001000000001000000000111101010010111100000101000000101000000011111101001011111100010101010010100100001111111101101111111001010001001010010000111111111110111111101111110101101111110000000000001000000000111111111111111111100100000000101000000001010101001011010000110101010010111100000100000000101001000011110101001011111100111101010010111101001111110101101111111011111111111111111111
-5431147270903081511,20,lattice,1001100101000010011111111001010000100111101110010100001001110001000101000010011000011001010000100111111111110101001111111111101101000011011100000001010000000010111111111111111111110000000001000000000011111111011100111111111110110101001101111111111101111011111111111111011111111111000000010100001001101111100101000011011111111011010000111111000000000100000001100000000001000000001000010001010000100111
4895045647687477723,20,lattice,1101111111111111101101001111111011111011111111111111111111110101111111111111101100001011010001111010000011110100011110100000001000000000000000000011000000000000000011111100011110110000001101000110001000001111111011111011010011111111111110110000111111001111101100000011000001100000000000110000001000000000001100000111101000000011000001101000110111111111111111110000001100000110001000001111010001111011
5401985061457376455,20,lattice,1001111010011110011111011110100111100111111111111111111111110001110010010110011100001100100001000011000001000000000000010001111010011110011111011111111111111111000001001000010000111101111011011111011111011110111111110111000011001001010000110001110010011110011100000100000001000011000011001001011001111101111010011111011111011110111111111111000011001001010001110000010000000000001100000000000000000001
2834484067293087182,20,lattice,1100100011010010110101001000000100101000111010011101001011011111111111111110111100001000000100000000111011011101011011111110111111010110111111001001110100101101010010001101001011010100100001010010100111101111111111101111000000000001000000001110111111011110111111101001110101101101000010000001001000001111111111111111111100001000000100101000010010000101001011011110100111010110111101001000000100101001
-7534967772049891533,20,lattice,1011111010000000011011111110101001100110001100001000000000100001000010000000001000111000100000000010001111001000000001100011111010000000011011111111111011111111000000001000000000101111111011101111111000111110101000000110111111111111111111111111111010101111011010111110101001000110101111101010011001101111111010100111011011111110101011111110001110001000000001100000000000000000001011111110111011111111
2513996985888213468,20,lattice,1001110110000010000111111111110111110111101111111100011101010001000000000000000000011101100000100001000101011000001000010001111110000010000100010001000000000001000100011000000000011001111111000011000111111111111111111111101111111101011101111011111111011111011110011111110001110101000100011000001000011001111110000011000111111111110111111111100111111100001101011011111111000111011100010000000000000001
-660310732145162247,20,lattice,1010000100011000000111111111111111111111001000010001100000011011000110111001010110111001101110010101101111111111110101111011101111111101010100000001000000000001101000011001100000011011100111111101010110100001101110000101000000000001000000010000000100011000000110111001101111010101101111111111111101111010000110111001010110111111111111111111101000011001100001011011101111111101011100000000000000000001
-1220142199386253446,20,lattice,1000010000000000000011001101001101000000111111010011111010001101110100111110100010001101000101000000000001000000000000001111111100111110100010000101000001000000111111111111111111001111111101111111110010001101001101000000100001010001010000001100110100111110100000000100000001000000110011010011011010001111111100111111110011001101001101001000111111110011111011001111111111111111111111111111111111111101
-1050932081048129357,20,lattice,1100111111111110111101000000000010000000111111111111111111111101111111111110111101001111111111101111010001100111101001100100001001111010010001000111011110100110010001111111101001100100000001101000000000000000001010000000010000000111100000000000000000001000000001000111111111100111010000000111101000001100111111111111111101000111111111101111010000000111101001000100001001111010011001000111111110100111
6734190138209610111,20,lattice,1011101111111111110111111011111111111101001000001000010001000011001110011101010000111011100111010100111111111111111111010010001110000100010000100001100001000100000000001000000000000011101111111111110100111011101111010100001000111001010101000010001110011101010000000000100001000000001110111011111101000010001110000101010000111011101111111100000000001000010001001111111111111111111100111011101111111101
-2556470349449183910,20,lattice,1110110001101000101001000100011000001010011011000110100010101111110001101000101001001100011010001010000001000000000000001111111111111111101111111101111111101010111111001111111010100000010001100000101000000100001000001010111111000111101010100100010001101000101011111100011111101010111011000110101010101111110111111111101100000100000000001010111111111111111111110000010000000000001011111101111111101011
-5815530482354908453,20,lattice,1011110000101101110111111110101011011101001100000010000101000001000000100001000000111100001000010100001101000010000101001011111000101101110111111111111111111111101111101010110111011111111011111111110100000000001000000000111111101011110111010011110000101101110100111100001001011101111111101010111111010000000000100001000000111100001000011100000100000010000101001111111010111101111100111100001000010101
5266490521862976195,20,lattice,1101001100110111000001010011001101110000111111111011111111100001000000000000000011011111101111110110110101111011011101100001001100100111000000010001000001100000110100111011011100101111111111111111111000010001001001100000000100110011011100001101011110111111011000010000000001000000000100000000011000000001000100100111000011010111101111111110110100110011011101101101001100110111001011111111111111111111
5203549237049891910,20,lattice,1110010101100001010101100100010000000100001001000100000001001111010101101101010111111101011011010101000001000100000000001111111101101101010101100101010000000100111111111110111101010000000001000000000001100101011000010101111111111111111101111110010101101001010111100101011011010101111111110110111101010110010101000001010111111111111111111111000001000100000001001111111111101111011101100100010000000101
-7402490699139201736,20,lattice,1111110111111111111101000000000000000000011111011111111111110101000000000000000001011000000000000000010111000010100011001111111111111111111101011101111111011111010111001110110011000101110001101100110001011000001010000100010111000111110011000101100000001000010001011100001011001100010111011111111111110101110011111101111101011000001010001100010110000000000001000101110011111100111001011100111111001111
-2909038743081060014,20,lattice,1101100000111000100001011000001100001000111111111111111111110001000000000000000000011000001000001000110111111111111110111101101111111111100111011001101110011000110110001011100010001101100111111001100000010000001000001000000110000011000010000101100000111000100011011001111111111000110110011111101110001101100010111001100000010000000000001000110111111111111111111101101111111111101111011001111110111001
-6460362655193713323,20,lattice,1100010001010100110101000100000001001101111001000101010011011111111111011111111111101101010101001101000001000000000000001110111111010111111111000101010101001101111011011101010111110000010001000100110111111111111111111111010001000101010011011110111111011111111100000100000001000100111011011101011111111110110101010101111100000100000000001100000001000000000001001110110101010100111100000100000001001101
7411473168781797345,20,lattice,1100000000010000000001000000000000000000111001000001000100001111111111111111011011101100011110010000110001000001000100001110111111111111010011101101011111110100111011001111111101001110010001111001000011100100001110010000010000000001000000001110010000011001000011101100011111010000111011000111111100001100000000010001000011111111111111111111111011000111111101001110110011111111011011111111111111110111
-6897804836049497650,20,lattice,1111111111111111111001000000000000000010011110110010111011100101000000000000001001011001000001101010011111110010111011100101101100000110101001010001000000000010011111111110111111100111111101101110111001011011001001101110011111111111111111100101101100101110111001010001000001101010010100010000001010100111111101101111111001010001000000001010010110110000011011100000000000000000001011111111111111111111
6006827936117913793,20,lattice,1100110011000011001101000100010000100000111111111111111111111101110111110011111101001100010000100010000001000000000000001101111111110111111111001101110100110011010011001100001100100000010001000010000011001101111100111111110011001101001100111101111111111111111111011101111101111111000001000000001000000100110001000011001011001101110100111011110011011101001111110100010001000010001001001100110000110011
7296846541151496870,20,lattice,1111011101101000001001100111000000000010001001110000000000100111011101101000001011111111111011110010000001010000000000000000011100000000001000000001000000000000111101111110101100100110011101001000001001100111011010000010111111111111111111110110011100001000001011110111111011110010111101110110101100101111011101101001001011111111111011111111111101111110111101110000010100000000001011110111111010110011
5203010556980156147,20,lattice,1001000000000000001011011011001110011010111110110011100110100001000000000000000010011010001000000010111111111011111111111001001000000000001010011011001000001010111110111011110110101111111111111111111110010010001000000010100110110011100110101001101100101000101011111011001111011010111110111011111111111001101100101001101010011010001000001010111110111011110111110001000000000000001011111011101111011011
-3250190789720387586,20,lattice,1000000000000000001011010101101110010011111111111111111111111001010110011001001111011111101110111111100001001000100100101101011110111011101110000101100110010010100000001000000000101101111111111011111110010101101110010011100001001001100100101000000010001000001011011111111111111111110101011011101110111000000010001001001011010101101110011011110101011011101111110000000000000000001010000101100110010011
6516894214763101871,20,lattice,1111000001001111000001000000010000110000011100000100111100000101000001000111000011111110111011111111111101101110111101111111001011101111010011111111111011111111111100001100111101000000000001000011000011110000111011110100111111111111111111110101000001001111000001000000010001110000000000000000001100000000000000000001000011110110111011111111111100000100111101001111001011101111011111110010111011110101
-2485939670843958019,20,lattice,1000001000111000100011111111111111111111101000100011100010001011101000111000110010101010001110001100101111111111111011010000001000001000100010111011111110001101101110101111100011011011101001111000110000000010001010001000000000100001100010000000000000001000100010111011111111001101101110111111101011011011111111111111111100000000000000001000101000100011100011001011111111111110111110111010011110001101
-5114920810329353444,20,lattice,1111011111111111111101100100110011101101001000000000000000000111010011001110110111111111111111111111001001000000000001010111011011001111110101110111111011111101001001001100101011010010010001001010110101110100111011111101011101111111111111010010010000001000010100100100110011101101001001000000101001010111010011001111110100100100000010101101001000000000000001000111011111111111111100100000000000000101
6936234419443750209,20,lattice,1010010101000000111111100101010001001111001000010000000011111111111111001110111111101111010001001111001001010100000011111010011101000100111100000001000000001010111011111100111011110000000101000000111111111111111011111111111111111111111111111110111101001100111110100101010001001111111011110100111011111111111111001111111100000000000000001000000000010000000011110000000000000000101000000000000000001011
-2223870360702293602,20,lattice,1111111111110011111101001001010100000000011110110101001010000101101101010010100000001001010100000000011111111101001010000000101101010000000000000001000000000000011110111101001010000000000101000000000001111111111100111111000000010001000000000111111111111011111111111111111111111111010010010101001000000111111111010011101001001011010100001000011111111101001111110111111111010010101001111111110100111011
6841977198578788801,20,lattice,1101000111100111101101010000110001111011111100011111011110110001000010000110101111111101111111111111111101011111011111111111111111111111111101010001111001111011000000001000001010100000000011000110101101010000111001111011110100011111011110111111010111111111111100000000100001101011000000000000001010100001000011000111101100000000000000001000111100011111011111110000000000000000101000000000100000101011
8295907962599759603,20,lattice,1000000000000000000011000110001111000101111111111111111011111101111111111110011111001110101111000111100001100011110001001000001000111100010011001111101111000111110001101011110001011100111111111110011110000000001101000000100000000001010000001000000000111100010010000000000001000000110011111011111001111111111111111111111111011111111111101111100000000011010001001100011010111100011110000110001111000101
1578387669437877399,20,lattice,1000100000000010000011111001011100110001101010000110001100001011100001100011000000001000000000000000111111011111111111111111111111111111111110111001011000110000111110011111111110111000100001100011000010001000001000110000101110010111001100001111100101111011100111111001011111111001000010000000001000001000100000000011000011111001011100111001111110011111111111111111100101111111101110111001011100110001
5093551447873241479,20,lattice,1000000000000000000011111111111111111111101010000000111000001011111111111111111110001000000000100000101011011001111111111010111111111111111110101001100111111111101010001001111010111010110111011111111110101101111111111111101010000001111000001000100000001010000010001000000011100000100000000000001000001010100010011111111110101000000111101011101010000001111011111010100000011110001110101000000111100001
2571808969248166457,20,lattice,1000000000000000000011110111111111010111101001100011110100111011011110111101011111111111111111111111100001100000000000001000001000000000000010100111001111010011101001111011110100111011011111111101011110000110001001010010100001100011110100111000011000101101001010000110000001010010111101111111111111111000011000000001000010110111111111011111101001111011110101111000011000000001001010000110001011010011
1975316452409719202,20,lattice,1101001000000011101101000010000000111010111100100100111110110101001000000011101111111111010011111011111101100100111110110000001000000011000011110111010011111011111111111110111110111101001001000111101111111111011011111011111111111111111111111101001001001111101111010010000001111011000000000000001100000000000000000001000000000010000000111010111111111110111111110000001000000011001001000010000000111011
3875503608068299419,20,lattice,1111111111111111111101010000000100000000011100001011100101000001000000000000000001111101101110010100011101001011100101000111111111111111111101110101101110010100010100001011000000000111110111111001010001010000001100000000000100000001000000000101000010111001010001111101111111010100011111011111111101000101000010110001010001111101111111111100010100000011000001000111110111111111111001111101111111111101
-3220326667883629985,20,lattice,1000010010000101010111111111101101111111101111111001010111111001010010000101010110011100100001010101000001000000000000001001111110000101111110011101100001010101000001001000010000011111111111111111111110111111101101011111100111111001010111111111111110111111111100000100000001000001101111111011011111110000010010000101000110011101100001011101000001001000010101011001110110000101111100000100000000000001
666347260793898203,20,lattice,1000000010011000001011011101111110111111111111111111111111111001110111111011111110001000100110000011100011001011100010111101111111111011111110001101111110111111000000001000100000001000110011111011111110001000101110001011000000001001100000100000000000001000000011011111111111111111100010001011101010111000110010111011111100000000100110001011100011001011101011110000000000001000001000000000100110000011
-7579653488292471268,20,lattice,1111111110111111111101000000000000000010011000110000000000100111001100000001001001111011001010011110011111110010100111100100001000000000001001000011000000000010011111111011100111111111111111111111111101110011001000010110011111110011100111110111001100101001111001111111101111111111011111111011101111110110001100000001001001110011000000011110011100110000000101100000000000000000001001111111001010011111
4004755133821261988,20,lattice,1000110110001000000111111101110010001001101011011000100000011011110111001000100100001101100010000001000001001000100000011111111111001001110100000001100010000001000000001000000000001000110111001000000111111111111110111101111111111101101111010000000010001000000011111111111111111111111111111100101111011111110111001001110110101101110010001001111111011100100011011111111111011011111100000000100010000001
7872744065043092948,20,lattice,1111111111111111111101010000000000000100011101101000110101010001000000000000000001111111111011111111010101100000010101010101001000000100010001110111111011111111010101101000010101010111011011001101111101110110111011011111011111111111111111110101011010001101010101010000000001000100011101101110111111110101000000000001010001110110100011011111000100000000000001000111011010001101011101010000000001010101
5005197265730449267,20,lattice,1111111111110101110101111011100101011100001110110001010111000001000100000100000000011011000001011100011111111111010111010001001100000100110000000001000000000000001110111001010111000111101111010101110101111011111101011101000110110001010111001111111111111101110100000001000001000000111111111111111111010001000100000101110000010001000001001100000100010000010001001111111111111111111101111011100101011101
8192744387716728252,20,lattice,1001001000000001000011010110001110110000111101100011101110000001000000000000000011111111111111111111100101100011101100000001001000000001000011110111011111111101111101111111111111111111011001111111110110010010001100010000100100100001000100001001001000011001000011110110001111111000100100100011101100000001000000000001000011010110001110111000111101100011111111001111011001111111111111110110001111111101
5557292092263364981,20,lattice,1111111111111011111101000000100100000010011000001011100010100111100111111010111101101001111110101011011111111111101011110111101111111010111101100001101110001010000000001001000000100110000111111000101001000000101110000010000000000001000000100000000010011000001011111111111111111111011000011111101010110111111111111011111101000000100100001010011010011111101011110000000000000000001001100001111110001011
2578975243734156048,20,lattice,1100011100000011100001000110000000100000111111111111111111111101011101001011101011011111111111111111000001000000000000000000011000000000000001000111000000111000110101111100111111101100011101001011100011010111111011111110110101111111111111101100011100001011100011010111010011111010000001000000001000000100011000000011000001000110000000111000110101110100111111101100011101001011101011010111111111111111
6107102594492760127,20,lattice,1111100101011101101101010001000000011001011110010101110110110001000000000000000101011001010010011011111111010101110110111111111101011101101100000001000000000001111111111101111110110101000101000001101111111111111111111111010110010101100110110101000101001001101101011001010111011011111111110101111110110001000100000001100100010001000000001001111111111101111111110101000100000001101100000000000000000001
6323401778529184628,20,lattice,1010010000001000000011111101101011010111001001000000000000001011010010101100011110111100101011000111000001000000000000001111111111111111111110111101101011000111101001001000110001101111110111111101011110100100101011000111111111011011110101110010010000001000000010100100000011000000111111011111111111111011110110101101011111111101111111011111101001000000110001101010010000001100001010100100000011000111
6088493345631914448,20,lattice,1001000110101000010111010011101010000101111111111111111111110001000010000000010111011111111111111111110101111011111101110001001110101000010100000001100000000101000000001000000000001101011111111111111100010001101000000101110100111011110101110001000110101000010111010011101011010111110100111011111101111101001110101001011111010111101111111111000000001000000001011101001110101000011100000000100000000001
3589117782103594626,20,lattice,1011110111111110111111111101111111101111001000010011001010010011010101110010100100111101011100101001000001010011001010001111111111111111111100000001001000000000001111011111111011010000010101110010100100000000001000000000000000010011000000000011110101111110110100111101011101101001000000010011001000001111110111111111111100000001001100101000001111010111011011010011110111111110111100000001001100101001
6838160662886550924,20,lattice,1000001000000000000011010010000000000100111111100100000111011001001000000000010011011110000000000101110101100000000001010000001000000000000011111111110100111111111111101100000111111101111001000001010111111111111100111111111111101101001111111111111111111011111111111111111111111111111111101100001111111101111000000001010111011110010000011101100000100000000001001111111001000001111111010010000000000101
8669314659502922917,20,lattice,1000000010000000001011011101101100010111111111111111111111111001010110100000011110011101101000000111100001011010000000101101111110110111011110000001101000000010000000001000000000001101111111110111011110000000101000000010100111011011000001111101111111111111111111011101101101010111110111011011011101111001110110110001011111011111111101111111100001011010000001110000000010000000001010000101101000000011
858171936370952973,20,lattice,1111111111111111011101110010101010000100001100100010100001000001001000100000000001111111111111110111011101101010100001010000001000100000000001110111111111010111000100101010100001000111011011101001011100000000001000000000011101101111100101110001001000101000010001110110111111010111011101101111111101110111011010101001010111111111111111111111000100100010000001000111011010101001011100010010101010000101
-8877190122370170663,20,lattice,1111111110011011111001010111100000000100011111111001101111100001000110000000010001011111100000110110000101111000000001000001001110000000010000000001100000000100000000001000000001001111111111111111111011111111101111111110010111111001001101100101111110011011111011111111100111111110010101111000001001000101011110000011010001011111100100111110000000000000000001000101011110000011011011111111111111111111
-306972872245395581,20,lattice,1000001010000000100011111011111100111010101000101000000010001011001010000011101010111010101100111010111111111111011110110000001000000000000010110011101100111010000000101000000000001011101111110011101010110010101100111010101000101001001110101111111111111111111111111011111101111010101000101000001010001010001010000011100000000010100000001000111111111111011111111010001010000011101011111011111100111011
7711731931481310504,20,lattice,1001100111010110100011111111111111111110101110111111111111100001000010000000000000011001100001101000101111111111111111101001101111111111111000010001100000001000000000001000000000000001100111000110100010011001111111111110000110011101011010001001100111011111111000010000100001001000000100011000011010001001100111010111111000010000100000001000100110011101011011001001100111010110111011111111111111111111
1913909297849173568,20,lattice,1000101110111111101011011011101111111111111111111111111111111001101110111111111100001011101111011010110111111011111111110000001000111001101000000011101110011010000000101011100110101101111111111111111100000000001000000000000000000011100110100000000000101000000000000011101111011010000010111011111110100000000000101001101000000000001010001010100010111011111111110000000000101000001010001011101111111011
-4437264144980531724,20,lattice,1111011111011111111101110000000110010000001100000000000000000001000000000000000011111111110111111111011101001101111111000111011011011111110001110101110111111100011100001001101100000111000011011011000011111111111111111111001100000001000000000011000000001000000001110000110111110100011100000001101100000011000000011001000001110000110111111100011100001101101101000111011011011111111001110111110111111101
2742320963027143231,20,lattice,1111111111111111111101110111111101111101001100110111011011010001001101000100100100111111111101111111001101110111011111010000001000000000000000000011000001000000001101111111011111010000001101000100000000010011011101101001000100110101011010010111111111111111111100000010000001000000000100110100011010010011001101110111110100000011010001001000000100110111011011010011011101110111111100000011010001001001
5020125050745484251,20,lattice,1101100001101000111101000000010000000001111110101110100011110101000001100000011101011000011010000111111111111111111111111101101011101000111111111011111010001111110110001110100011110000000001000000000001000000011000000101111110111111111111110101000001101000011111111011111011011111111110101110101111111111101011101001111101010000011010001111000000000100000001010100000001100000011100000000010000000001
7339724744099990886,20,lattice,1001101010100000011011011010101000000110111111101010010111100001000000000000000000011000000000000000110111101010010111100001101010100000001011111111101001011110000110001010000000101111111111100111111000011000001000000010111111111111111111111111111110101111111011011010101001000110111111111010011111101101101010100101111011011010101001001110000110101010000001100001100000000000001011111111111011111111
-8380931344714281386,20,lattice,1111111111111111111101111111110111111111001000000000000000000011111101011011111000101111010010110100001001000000000100000010011101001001010000100101000000010100001111111101111111100010010101001001010001111111111111111111001011110101101101000010010100001001010000111111010111111110001001110100101101000010000000000001000000101111010110111100001001000000000101000010111101011011011000111111110111111111
6209739437398759758,20,lattice,1001000000000000000111111111010011111101101100110000011000010001000000000000000010111111010011110101101101110100111101011001001100000110000110010001000001100001111111111100111111011011001101001110010111111111111111111111111111111101111111111001001100001110000110010000000001100001100100000000001000011011001101001111010110111111010011111101101100110000111001011111111111001111111100010000000000000001
-5986646781622579457,20,lattice,1010001000100001010011101111011010110110001000100010000101001011111101101011010010101011011010110100101011110110101101000000001000100001010010100011001000010100111111111111101111111010001101101011010000000000001000010100101111110111101101101010001100101011010011111111111111111111101000110010001101000000000000000001000011111111011110111110000000000000000101001010111101101011011011111111011110111111
-5278940554475644525,20,lattice,1000010000011100010111010100000111000101111111000111111111011001010000011100010111011100011111111101000001000001110001011111111001111111110111111111011111111101111111111111111111011101010001111111110111010100001111100101000000000001010001000000000000011100010000000000000001000000100101000001111001011101010000111111010111010100001111111101000000000000010001001111111111111111111100000000000111000101
-2805401065640970646,20,lattice,1011110110110011111111111111111111111111001100000000000100000001000000000000000000111101100100011111001101001001000101101011111111111111111100110101100100010111001100001000000100001011110111110011111100111101101100111111001100001001000101101011110111111011111110111101111111111111001111011001001111110001000000000001000000110101100100011111001100001000000101000011000010000001011000110100100100010111
-3548252119961197328,20,lattice,1010000111111111011111101011111111111111001000000100000100001111101111111111111110101001111111111111111111111111111111111010101111111111111100000001010000010000001000011101111101110000000001000001000000100001111111110111001000010101100100010010000101001001000100100001010111010101001000010101111101110000000000000001000010100001111111111111001000010101100101010010000101011101011100100001010000010001
3836214955365325560,20,lattice,1100000100010101011101000000000000000000111111111111111111111101010111010101011111011101111101010111110001011101010101111101111111111111111101000001000101010111110000011101010101111100000101010101011111010101111101010111010000000001000100111101010111111101011101000000000101010111110111011111111111110100000000000001000011011101111111011111010000000001000101110100000000000000001001000000000000010011
-3522584445031451674,20,lattice,1011001111101001101011111011111110111110001000000000000010100011000000000000101010111011111110011010111111111111111111100011001100001001101000110001000010011010001100111100100110100011001101001001101000110011111010011010101100111111100110100011000000001001101011111011111111111110101100111111101110100011000000000001101000000000000000001010101110111111101111100000000000000000001011111111111111111111
7238792948250572755,20,lattice,1111111111110011101101111110111100111011001110101111001110110001000001000000000000011010111000111011001111101111001110110001001011100011101101111111111100111011000100001100001010000000000001000000000000010000111000111000000100101111001110111111111111111111111111111111111101111011000100000100001000000001000011000011100000010000010000101000111111111111011111110001000011100011101000010000111000111011
-3953715670136454330,20,lattice,1100101000100101011001001010001001010110111111111010010101111101111010100101011000001010001001010110010011100010010101100000001000000101001011001111101001010111110011101010010101101111111111110111111100000010001001010110111111111011011111111111111111111111111100000000000001000010111111111010011101110000000000000101001011111111101001111111000000100000010101100000000000000000001011001010001001010111
-4930858139849239378,20,lattice,1100000100000000111001000000000000001110111011110111111011111111111111111110111111001001000100001110110011110011111011111100101100011110111101000001000000001110111011111111111011111100111101111110111111001011001111101111010000010001000011101100100100011110111111001001000101001110110010010001011011111111111111111111111100000000000000001010000000000000000011100000000000000000001011001001000101001111
-2196813789976228646,20,lattice,1001000100010011010111111011111101111111101110110011001101110001000000000000000010011011001100110111111111111111011111111001001100110011010100010001000100100001101110111011011101111011101111110111111110010001001100110101000100000001001000011111111111111111111110111011001101110111000100000000001000000001000100010011000110111011101101111111000100010001001101011001001100110011011100010000000000100001
3782578254470559614,20,lattice,1111111111110111110101111111010101110101001111100001011101010001111000010111000100001000000000100000000011000000001000000000111000010111000100111111000101110101011111111101011111010011111101010111010101111111111101111101000011000001011000011111111111111111111100001100000001100000000000000000001000000000110000010111000101111111010101111101000011100001011101011111111111110111111100001100000001100001
-1103187471616777750,20,lattice,1000000000010010000011111111111111111111101000000001101111001011000101011011110010111111111111111111101101111111111111011011001101011011110010100001000110111100101100011101101111001010000001011011110010110011111110111101000000000001001000001000000000011011110010110011111111111101000000000000001000001000000000010011000010000000000100111000100000000001001111001011001111111111111110110011110110111101
-3598579166460750706,20,lattice,1011011111100001010111110111111000011101001001111110000101010011011111100001010111111111111000011101000001111100000001000000001110000000010000000001000000000000000000011000000000000000001111000000010000000111111000010101111111111111011111111111111111111111111111111111111001011101111111111110011111110000011111000001010110110111111000011101000000011000000001001111111111100101111100000111110000000101
1924708540860946426,20,lattice,1111010101011111110101100000000010000100001000000000100000000111010000001101010001111101010111111101011001000000110101001111111101011111110101110101010011010100111111111101111111110111010001001101010011111111111111111111011101010101110101000000000000001000000001100000000011010100011101010101111101010110000000001001010001110101010111111101001000000000100001001111111101011111111101110101010111010101
6318729819012597271,20,lattice,1000000000000000000011111011110101110110101010010000000000001011100100000000000010001001000000000000111111111111011111101011101110000110010010000001000000000000101110011000000000001011101111000110011011111011111101110110101110111101011101101111111111111111111010111001100001000000101110011000011000001011101110000111011011111011111101111110101110011000011001001011101110000110011011111111111111111111
787208864755142495,20,lattice,1000000000000000001011111101101100011111101100011000000110111001000000000001001010111001100000011011101111011010000110111111111111110101111110010001100000011011100100001000000100101111110111110101111110110001101000011011101111011011000110111111111111111111111111111101101101011111111111111111011111111000000000000001001010010000100000011011101111011011000111110000000000000000001010010000000000010011
6758373257151576081,20,lattice,1000000000000000000011010100100001000100111101011000010101011001010000000100000011111101100011010101100001000000010000001111111111101101111111010101100001000100100101001000010000001111110111001101010111111101111011010101111111111111111111111111010110001101010110000000000001000000111111111110111111111101010110000101010111111101111011011101100101001000010001001111110111101101111111010101100001000101
-8182036087747220302,20,lattice,1111110101111111011101111101011111110101001010010010001001010011110100100010010100001001001000100101001011010010001001010111111101111111011100000001001000000001111111111111111111110011110101100110010100000000001000000000001111010111011101010011110101111111010100111101001001100101000000010010001001010011110101100111010111111111011111111111000000010010000001010111110101111111011100000000001000000001
3950072362396423865,20,lattice,1000100010010100000111111111111111111111101011111101111111111011111111011111111100001000100101000001100011111101110110111000101010010100100110001011100101001001000000001001010000011000101111011100101110111111111111111111000000000001000000001000101110011100101100000000000101000000100011111101111111111000101111011101101110001000100101001001100011111101110111111000101110010100101100000000000101000001
6322661142442572968,20,lattice,1111111111101111101101001110100011001001011011101000110010010111111111101111100100001000100001000001000011001000010010010000111010001100100101101111101011001001000000001000010000010110111111101100100101101110101011001001011111111111111110110000100010001100100100000000000001000000011011111110111010010110111111101111100100001000100001001001111111111111111111110111111111101111101100000000000001000001
-6318880053024965638,20,lattice,1000001010100010100111000011101010111001111111111111111110111101001110111011100111011111111111111011110101111011101110110000001000000000000010000011101000101001000000101000000010011101011111111111101100000010101000101001110000111011101110011000001110101010100111010111101111111011000000101000001010011000001110101011100100000010000000001000111111111111111111111101001110111011101100000010000000001001
976927054878467197,20,lattice,1111011111111100111101000011100101001110011000111011010011110111001110110100111111111111111111001111011101111111010011110000001010010100100000000011100101001110000000001000010000000111001111110100111101000011101101001110000000001001010000000111011111111100111100000000000001000000111111111111111111111111111111111101111100000000100101001000000000101001010011100000001010010100101001000011101101001111
2449381895529485203,20,lattice,1110101011011011111101100010000000000011001000100000000000111111101111111011111101101010110110111111111111111111101111110000001000000000000011101011110110111111011000101000000100110110001011010001111111101011111110111111011000101001000101110110001011011011111111111111111111111111011000101101001111110010001000000001001101100010100000011111011000101000000101110000001000000000001000000010000000000011
-9109346130314762524,20,lattice,1100001100100110000001000001001000000000111111111111111110001101101110101110000011001011101001100000110111111111111100000100001100100110000000000001001000000000110000111010011000001101101111111110000000000000001000000000110110111011111000001100101110101110000001000001001001100000010000010010001000001101101111111111000011011011111111111000111111111111111111111111111111111111101011111111111111111011
3461851048590629000,20,lattice,1100001100001000000001000000000000000000111101110111110110101101001100101101000011111111111111111111110101110110110100000100001100001000000001000001000000000000111101111111110111111101001101101101000011000011001010000000110101110111110110100100000100001000000011000011001011010000111101111111111111111100001100101001000011010111011011011010111101110111110111111101011101101101001011110111011111011011
-8323154420581102258,20,lattice,1011000000000000001011111111011111110110001100000000000000100001000000000000001000111000000000000010101111110111111101101011101101111111011010111001001001000010111111111111111101101011100101100100001010111000001001000010101110010111010100101011100101111111011010111000000001000010101110010111011100101011100101100101001011111111111111111110101110010111011101100000000000000000001011111111111111111111
8482201164991383273,20,lattice,1011101101010010111111111011010100101111001110110100000001000001001000000000000000011011010000000100111111110101001011110000001000000000000000010011000000000000111111111101011011110001001001000000000011111111111101111111001110110101000001001111111111111111111111111111010101101111001110110101001001001111111111010111111100111011010100101100000100110100000001000011101101010010111100111011010100101101
-6733806205320154952,20,lattice,1111111111111111111101101111010001111101001000110000011001010111111101000111110100101011000001100101001011110100011111010000001100000000000100000001000000000000011111111111111111010010101101000111110101111111011001111101011111110111011111010111111101111111110100000011000001100101000000110000001001010010101100000111010100101011000001111101000000110000000001010111111111111111111100000001000000000001
-5325590732413295584,20,lattice,1100000000100000011001000000000000000010111010010110001111111111111111111111111111001001011000101111111011011111111111111110111111111111111111000001001000000110111010011111111111111100000101100000011001000000001000000110111010010111111111111110100101101111111111001001011001111111110000010110001011111100100101100011111111000001011000001111010000000000000001100000000000000000001011000001011000000111
-2610076876459691925,20,lattice,1001011000101100001011111111111111111010101111101110110110100001011000101100001010011110001011010010000001100000000000100000001000000000000010111111111011011010100111101110110110101001111001101101101000000110001000000010101111111111111110100000011000101000001000000110001011000010101111111110111110101001011000101101001010011110001011011010111111111111111111110000001000000000001011111111111111111011
-6261904351289866814,20,lattice,1000100001000000100111111111111011111011101110100100011010111001100001000100100100001000000000001000101111110100111110111001101001000100100110111011010001101011101111111110111110110000100001000000100110111011011011111011111111111111111110111011101101001110101110001000010001001001100110100100011010111011101101001111101100000000000000001000111111111111111111111001100001000100101100001000000000001001
-7030587216849628176,20,lattice,1011000100000000101011111001000010011010001100000000000010000001000000000000100010111001000000011010111111110100100110111011101100001001101000110001000000001010111111111110100110111111101101001001101111111111011010011011111111111111110111111011100100001001101011111111111011011111111111111111111111111011000100000001101000000000000000001000111111111110100111110011000000000000101011111011000010011011
-4398849397035297243,20,lattice,1011011101100111001011110111011001111010001101110100011100100001010101000010001011111111111011111011000001010100000000000001011101000010001000000001000000000000111101111110011110100000000101000000000000110111011001110010111111111111111111111111011111101111101000010111010001110010000001010100001000000001011101000011001010110111011001111010111111111110111111110000010101000010001011110111111011111011
-3874079219840294324,20,lattice,1000000000000000000011000000000000000000111111111111111011111101011101111100000011011111011111000000110001100011000000001100001000100000000011000111011101000000110111111111110000001100011001110100000010000000001000000000110000100011000000001100011101111100000011000010001101000000110111111111111000001111111111111111111111011111111111101000110111111111111011111101111111111110101111011111111111101001
2428252058869933412,20,lattice,1001011110001011100101010111100010111001111101111000101110010001000000000010000011111111111111111001000101111000101010010001001010001010100100010011100010101001000100001000001010001111011111111111100111110111101111111001111101111001101110010001000010001010100011110111100111111001000000000000001000000001011110001011100100010000000000101000111111111111111111111111111111111111101100010000100000101001
-7699915407881038884,20,lattice,1100101100111001011001000000001000000000111111111111100111111101111111111001111001001000001000000000110011110011100101100100001000100000000001001011001100010100110011111011100101101100111111111001011000000000001000000000010010100011000100000100101100111001011011111111111111011111111111111111111111110100101000100001000011001111111110011110010010100011000101000100101100110001011011011111111110011111
3776810777241176534,20,lattice,1111111101111111011101110111011001100101001101000000011000000001010000000110000001111111011001100101000001000000011000000011011101100110010100110101010001100001111111111111111101110011010001000110000100110101011001100101011111110111111001110111111101101110011100000000000001000000000000000000011000000111111101101111011111111111111111111111001101010100011001010111111101100110011100110100000001100001
-7417907457079342547,20,lattice,1000001000101100000011011111111111101111111111111111111011111001001000101100000010011111111111101111100101101110110001000000001000000000000010010111111011001100100100101110110000001000001001101100000000000010001010000000100101101111110011000000001000001000000000000010000011000000100101111111111011011111111111111111111110010110111011001100100100101110110001001001011111111110111110010111111111001101
7461047047015350969,20,lattice,1011111011111111001111111110111111111011001011101111010100110011111011110111001100001110110100010010000001101101000100100000001010000000000011111111111111111111000000001000000000000000001011010000000000001110111101010011000000101001000000000011111011111111001100001110110101010010001011101111011100110000001011010001001010111110111111111011111111101111111111110000001011010000001000001110110101010011
6359622210269610766,20,lattice,1111111110010101100101110011100101011001001100111001010010010001000000000000000001111011100101011001011101111001010110010001001000000100100000010011000101001001000100111001010010011111111111010101100111111111111111011111000100100001010010001111111111011101101100010000000001001000111111111111111111110011001110010101100100010000000000001000111111111101110111111111111111010101101100010010000101001001
6119768224642219486,20,lattice,1110110111010101000001101101010101010000001000010001010000001111110111110111010000101101010101010000001001010101010000001111111111111111110100000001000001000000011011011101010100000010000101010100000011101101111101110000000000010001010000001111110111111111110100000000000001000000111011011101011100000010010101010101000011111101111101111100111011011111011101001111111111111111111111111101111101111101
-3603717830864540349,20,lattice,1111101111100110001001101000110001100010001000000000010000100111101111100110001000101000110001000010111111111110011101100110101111100110001001101001110001100010001000001100010000100000000001000100001001101001111001100010111111111111111111111111111111101111111000000000000001000000001010001100011000101111101111100111001011111111111001111110111110111110011101100000000000000100001011111111111001111111
-532988932599544524,20,lattice,1110010001111111110101100100011000101001001001000010000010001111111111111111111111101100111111111101000001000000000000001110111111111111111111101101111111111111111001001111111111010010010001100010100100000100001000000000011001000111001010010110010001111011110101100100011111111101001001000010001010010110010001110011100100000100001000001000011001000111001111011110110011111111111100100100001000001001
4329167806001196538,20,lattice,1111011111111111111101110111111111111111001101110110010111110001011000000001000011111111111111111111000001000000000000000000011000000000000000010111011001011101001101111110010111110001011001000001010100010110011000010101001101111111111111110011011111101111111100010110011001011101001101111110011111110000011000000001000000010110010000011101000101100000000101000001011101100101111100010110000000010001
-967148830852801505,20,lattice,1111111111111111111101000011110100100000011000111111011001000111011111110111110101111111111111111101011001111111011001010000001000000000000000000011000000000000000000111000000000000000001111000000000001000011111100100100000000111101000000000111011111111111110101000011110101100100000000111100001000000110011111110111110101100111111101101101010000111101001001000111111111111111111101100011111101100101
-4164888737535428921,20,lattice,1000000000000010011011100000000100100110101000000001001001101111000000010010011111111100101110100111111101001011001001111111111010111011111111111111111110111111111100001001001001111111111011111011111111110000101100100111100000000001001001101111000010111010011111111111111111111111000000000000001000001111110010111011111111110100101100101111000000000000001001000000000000000010011010100000000100100111
-6421162562532182762,20,lattice,1101000000000000001101000000000000000010111110111001110011110101000000000000001111011011100111001111111111111001110011111101001110011100111111010001000011000111110100011001110001111111111111111111111111111111101111001111110100010001110001111101000000001000001111010000000011000111111111111001111011111111111110111111111111010001100111001111110100000000100001110000000000000000001001000000000000000011
7769962678411912784,20,lattice,1010111011001111000111101110111111111111001000101000111100011111111011111111111100101010100011110001001011101100111100010000001010001111000111111111111111111111000000001000111100010010001011001111000110101110111011110001101011101111111111010000000000001111000000000000000001110000000000000000001000000000000000000011000010101110111011111001101011101110111111011010111011111111111100000000000011110001
4937358742329211772,20,lattice,1001111001011001111111011110011110011111111111100111110111110001011000011001011100011110010110010111000001000000000000000000011000000000000010011111011111011111111111111111110111110000011001011001011110011110011110011111000001100001000101000000011000011001011110011110011111011111111111111111111111110000011000000001010000011110010110011111000001100000000001000000011000010001011100000110000100010101
4747659552833321842,20,lattice,1001010000000000001001010100000000000010111101000000000000100001010000000000001011111111111010101111000001000000000000101111011001100010101011110111111010101110111101101110101010101111010001000000001011110100011000100010111111111111101011111111011001101010101011111111111111101111111101000100001000101111111111111111111111110100011000101010111101101110101011100000000000000000001011110111111010101111
4999072028491431501,20,lattice,1000100001000010101011011011111111101011111111111111111111111001101101111010101100001000000000001000110111111111111111111000101101101010101110001001011000101011100110111111101010110000100001000010101010001000011000101010100010110111101010111000100101101010101110011011111111101011000010000000001010001101101111111111101100000000000000001000110110111111111111110000100000000010101010001000011000101011
-3585034089297514503,20,lattice,1111111110111111111101111111101111111111001010111001100000010011111110111111111100001000000000000000001011111001100001110000101100001000000100001001000010000001000010011000100000011111111111111111111100101111101110000111000010111001100000010000100000001000000100101111101111110111001011111011101101110010111110011001011100101111101110111111001010111001100001110010101110011000001100001000000000000001
-2939050455928989435,20,lattice,1101001110001111101101000001100011110001111101111000111110110101001110001111101111111111111111111111110101111000111110110100001110001111101100000001100001000000000000001000000000001111011111111111111111110111101111111111111101111001111110110000000110001111000100000000100001000000000000011000011000000000000110000111000101000001100011111011111101111001111111110100000110001111001100000001100001100001
2746177124218657322,20,lattice,1100100000001000011001000000000000000100111010000110110001101111111111111111111101001000000000000110111011010110110001101110111111101110111111101001011011000110111011011110110001101100100001001000011011001000011010000110111011111111111111110100100000001000011011001000011011000110111011011110111011111110110111101111111111101101011011001110000000000000000001000100000000000000011011101101111011001111
525478263119037626,20,lattice,1100100101111111111101001000000000001011111011111111111111111111111111111111111100001000000000001011110011110111111111111100101101111111111101001001001111111111110011111111111111110100100101111111111101001000001100111011010010000001000010110100100000111011101101001000001111111111010010000001001110110100100000010001101100000000000000001000010010000011101111110000000000000000101100000000000000001001
4501065236189129846,20,lattice,1001000011010101100111111111110101111101101111101101011110010001000011010100100110011110110101111001100101001101011110011001011011010111100110111111110101111001000000001001000000000000000011010000100111111111111111111111000000000001000000001111111111011111111100000000110101001001100100001101011110010001000011010101100100000000100100001000101111111101011111011011111111010111111100000000100100001001
6199466220668476120,20,lattice,1111101111011111111001000000100101001100011110111001110111100101001010011100111001011011100111011110111111111101111111110100001010010100110001010011100111001110000000001001010011000111101111011101111011111111111111111111000000000001010010000100001010011100110000000000000001001000011110111101111111100101001010011101111000000000000000001000000000000000010011000100001010011100111011111011110111111111
8445054486742867811,20,lattice,1000000010000000000011000000100000000000111111111111111011111101000010000000000011011000101011001010110111111111111011111101101010111110101011011011101111101011000000001000000000001101101111111110111111010000101010000000110110001011111010101101000010001000000011010000101011000000110110001010111010101111111111111111111111010000101011001010110110101011111011101101000010101100001011011000101111101011
6755392228254268651,20,lattice,1000000000000000000011000001010000000000111000010100000000001111000101110110001111111001011101100011111111010111111000111111111111111110011110000001010000000000111111011111111000111000000001000000000011100001011101100011111000010101011000011111000101111110001111100001010001100001111000010100001000011111111111111111111111111111111111101111111111010111111001111110000101010110001111100001010000000001
4801796304152361535,20,lattice,1111101101000101001001111011010001010010001000000000000000000011001000000101000000111011010001010010111111111100010110110010001000000000000000110011000001010010111110111100010100100011001101000101001011111111111001011011111111111111011110111111111111111111111100100000000001000000111111111110011110110010001000000101000011111011110001011011111111111111011111110011001000000101001011111011110001010011
-3806758789888611722,20,lattice,1010100111110010100111111111111111111111001010011111001010001011111111111111111100001001010000000000101011111111101111111010101111111011111100000001010000000000000010011100000010000000000001000000000000001001111100101000000010011101000010001010100111111010100110101111111111111111000010011101001010001010100111111011111100001001010000001000101010011111101011111010100111111010101100101001111100101001
-1714965117626658098,20,lattice,1111111111111111111101101110011001100011001010000000000000010111111111111111011100001000000000000000001011000110011000110010111001100110001101101111111111110111011011101111111100110010100001000110000100101000011001100011011011100111111100110110111001101110001100101000000001100001001010000000001000010110111001101111001101101111111111111111011011101111111101110010100001000110001100001000000000000001
-7342193290377686547,20,lattice,1011111111011011101111111111111111111111001101010000100010110001010100001000001100111111110110111011000001010000100000110001011100001000001100000001000000000000001101111101101010110011011101011010101110111111111111111111001101110001101010110000000100001000000110111111110111111111000101110000101010110011011111011011101100010101000010001011101111111101101111110000000100001000001100000001000000000001
8260324224832930040,20,lattice,1010100100000010011111101111011100111111001010010000000001011111111111111011111100001001000000000001101011010001001111111010111100010011111100000001000000000000111011111111101111111010111101110011111110101101001100111111101010010001001001111110111101111011111111111111111111111111001010010000001001011010100100010011011110101001000100111111000010010000000001010010100100000010011100000001000000000001
-3083365771238532982,20,lattice,1000000000000000000011001101111100100001111011011111011101011111110111110111111110001101111100100001100001000001000000011111111111110111111110000101001100100001100001011011001000011000010111110010000110000000001100000001100000000001000000001111111111111111111111001101111101110001100001000011001000011000110111110011000111101101111101111111110011011111011101011110110111110111011110000000000100000001
8378826598823647026,20,lattice,1000110000110010000111001100001101101101111011100111011011011111111001110110110100001000001000100000000001000010001000001100111001110110110111111111111111111111111111101111111111011100110001110110110100000000001000000000000011000011001000001111111001111110110110001100001101101101000000000010001000001111111001111111110110001100001100101001100011000011001011011111111011111111111100001100001100100001
-8527445525959685629,20,lattice,1111111111111111111101011000010000000011011110011100000001110001000001000000001100011000010000000011011111111110100001110111101111101000011101011001010000000111010110011100000001110000000001000000000001111001111010000111011111111111101101110111100111001000011101111111111111110111011111111110101001110111111111101011011101111111111111111111000110000100000001110000000001000000001100000000010000000001
-4850674879725331228,20,lattice,1000000000010000000011001011011100000110111110110111000001101101101101110000011010001010011100000010111111110111111111111000001000110000001010001011011100000110111111111111111111111000001001110000001010000000001100000010000000000001000000001111101101111000011011111011011111111110111110110111101101101111101101111001011011111011011110111110100010100111000001101000000000010000001011111011011111111111
5183365419433218868,20,lattice,1110111101001001110101000010000000000001011011100000100111011111111101001011111101001110000010011101010001100000000010010000001000000000000001101111010010011101111111111100101111110100111001001001110111111111111110111111111111111101101111110100011000001001110111111111111111111111111011110100101111010100011000000001100101000010000000001001010001100000000111011110111101001011111100000010000000000001
7779300567550531812,20,lattice,1010101110110010100111101111101100101001001010111011001010011111111110110010100100001011000100001001101011111011001010010000001000000000100000000011000100001001000010111001000010011111111111111011101100001011101100001001000000100001000010011111111110111010101111111111111111111011000010111011001010011111111110111011101100000000000000001000111111111111111111111111111110110010101100000000000000001001
-3050304053516555123,20,lattice,1010101010101010000011101011101010100000001010101010101000001111101110101010000000001010101010000000111111111010101001010000001010101000000000101011101010100000000000001010000000001111111111111111111100000000001000000000111111111011101001110000000010101000000011111111101111110111000010101010101000001111111110111011011111111111101111111111111110111010101001011111101110101010011111111011101010100001
-1008950139579241866,20,lattice,1100000000100000001001000000001000000000111000000010000000101111000000100000001011111101111000100010111101010010001000101111111111100010011011110001001000000010111101011010001000101111010111100010001000000000001000000000111111111111101111111111111111101010011011111111111111111111111100010010001000101111111111101011011011111111111010111110111111011110001001100100000000100000001011111111111010111111
179414326914689567,20,lattice,1011000000001000000011110001000010100000001100000000100000000001000000001000000011111001000010100100111111110010111111111111101100001010010010110001000010000000111111111010111111111111111111111111111111111011001011111111111111111011111111110000000000001000000011111011000011111111101100010000101000001111101100001011010011111011000010111100111100010000101001001111101100001011111111111011000010111101
-3957136706349044231,20,lattice,1111111111101111111101000000000010010000011000100010100101000111111101101111111101101010001010011100011011100110110111000100001000001001010001101111011011111110011111111110111111110110101001101001110001000010001010010100111111111111111111110000000000001001000001101010011011011100011011100110111111100000000000000001000001100010001010011100010000000000100101000110111001101101111001101111011011111111
9061393180685204768,20,lattice,1111111111011111111101010111100011000010011101111000111000110001000000000000000001111111100011101011000101011000110000000001011110001100000000010001000000000000000100011000110000000111111111001110101111111111111111111111011111111101111010110001000100001100000000010001000001000000010101111000111000100111111111011111101101110111100011101011011111111101111011110001010110001100001001010111100011100011
4838229072872856948,20,lattice,1101011010101110011001000000001001000000111101101111111001100101001000100100010011111111111111111111010101100010111001100100001000100100000011110111111111111111010101101010111001101101011011111110011000000000001001000000010101101011111001100101001000101100010000000000000001000000010100100010111001001111011011111111111111110110111111101110010000100010010001000101001000101110011011110110111111101111
908078214933067817,20,lattice,1101011100011010010001000000000010000000111101110001111001110101010100011010010011111111101111101111010001000000100000000101011100011010010001000101000110000000111101111001111001111111111111111111111111110111101111100111010001000001100000000000000000001000000011010111000111100111010001010001101001001111011110111111111111110111101111101111010001010001100001001101011100011010011011010111000110100111
-1524420182656365884,20,lattice,1000110101111001110111111111011110011111101011110111100111111011111101111001111100001100011110000000000001000010000000001000111101111001110100001101011110011001111111111111111111110000010001101000000000000000001000000000000001000111100000000000010000101000000011111111011111011111111111110111111111110000110001111001000000001100011110011000000011010111100111011000111101111001111100001100011110011001
-5262642081659076311,20,lattice,1111101111010111110101000010000100000000011000101001001010000111101111010110110101101010100100101001111111111111111111110000001000010000000001101011100100101101000000101001001000000110101111010110110111111011111101111101000000000001000000001111101111111111110101101011100101101101000000000001001000000110101111010111110101000010100100101000011010101001001011011111101111110111111101100010100100101001
-7014335100740949826,20,lattice,1110111011001010101101000000000000000001011000001100000010111111111011001010101101101000110000001011011001101100000010110100001011000000101111111111111011101011010000001100000010110100000001000000000111111110111010101011111111111111111010110110111011001010101111111110111011101011011011101100001010111111111111111111111101000000010000001011111111111111111011110100000001000000001100000000000000000001
6336463226297184228,20,lattice,1011000000110101101011110000001101011010001000000011010110100011000000110101101011111000101111011010111111001011110110101111111010111101101011111111111111111111111100001011110110101111111011111111101100000000001101011010000000000001010100101111000000111101101000000000000001000010111111101011111110100000000000000001001000000000000101011010111111101011111111110000000000000000001011111110101111111011
2952901982680506415,20,lattice,1000000100000000000011000011000100000010111001110011111010111111111111111111111111101111111111111011110001110011101010111000001100000000001000000001000000000000111001111111111110111110011101111110101111000011001100001011100000110001000000101100001100111000101111000111001111101011110000110011101010111110011101111111101111000011000100001010111011111111111111111000000100000000001011000011000100001011
-4784852625004411010,20,lattice,1111111111111111111101110111101011011110001100000000000000100001000000000000001001111111111011111111001101001000000011100011011110101101111000110101100000011110001100001000000000100011011111101101111000110101101000011110011111111111111111110011010110001101111000110100100001011110011101111110111111110011010010000001111000110000100000001110001100001000000001100000000000000000001001110111111011011111
-4238596961376371812,20,lattice,1111101011101101001101000010000000000010011110101100100000110101101000001000001001001010000010000010111111111110111110110000001000000000001011111011111011011011010110101000100000110101101011001000001101111010111010010011111111111111111110110100001000001000001001111010111011010011111110111110111110110111101011001001001111111010111011011011111111111111111111110000000000000000001001011010000010000011
-9197188406192108552,20,lattice,1010000100010110001111111001110111101111001000010001010000011011000111010110011110111001110101101111111111011111111011111111111111111110111100000001000101000001101000011001011000111010000111010110001111111001111111101111000000000001010000001011100111011110111100000000000001000000001000010001011000111111111111111111111110110001110101101111101000011101011001110010000100010100001100000000000101000001
-8942322008199057765,20,lattice,1000100010100001001111011000101000010011111111101010000100111001100010100001001100001000000000000000110111101010000100111101101010100001001111111111111111111111000010001000000000001111111011111111111100001000101000010010111111101011001100111111111010111111001111111110101101110011111111101010001100110000100000000001000011111110101101111011111111101011111111110000100010000001001000001000101000010011
-4187766154777345795,20,lattice,1100010000000000000001000000000000000000111111010111110111011101010101000000110111011101011100011101010001000000000000001111111111111111111111000101010000001100111111011111110111011100010001000000000011010101011100001101110101010101000011011101110101111101110111010101011101011101111111011111111111011101010101110001110111000100010000001000110001000100000011001111110111111101111111000101010000001101
-4844003636953031076,20,lattice,1000001000000000000011010011111111011101111110111111111111111001001111100100010011011011111111011101111111111111111111110000001000000000000010000011101000000100100000101010000001001000001111100000010010000010001000000100100100111111110111011001001111101100010010000011111001000100110110111111111111011001001111101101010110010011111011001101100000100000000001001101101111111111111110010011111011000101
-2559437092838168481,20,lattice,1110001011001010101101000010100000101001011000101100101010111111001111011111101111111111111111111111111101111111111111110000001010000000100111100011110010101011000000001000000010010100001011001010101111110011111111111111111000111101111110110100001010001010101111100011110011111011000000001000001010011110001111001011101100000000000000001000111100111101111111110100001010000010101100000000000000001001
-6183115802306382255,20,lattice,1011111011111111111101111110111111111111001100000001100100100001000000011001001000111010100110110011001111101001101100110011001010011001001111111111111111111111001100001001100100110011111011011011001100111110111110111011000000000001000100000000000000011001001000111110111111111011001100001001101100110000000000000001000000111110110110111011001111101111111111110000000000010001001000010000000110010011
-2739766833405387749,20,lattice,1110011011101110111001100010111011101010001000000000101010101111111111111111111111101110111011101110011001101110111010100010001011101110101011101111111011111110001000001000101010100010000011001110101000100000111011101010111011101111111111100000000000001000000000100000000011101010000000000000101010101110111011101111111000000000000010001000011000101110111011100000000000001000101011101111111111111111
-3499496712920166988,20,lattice,1000001000100000100011111011111011111111101000111110010111111011101111101111111110101011111001011111111111111111111111110000001000100000100010000011111001001101100000101010010010001000001011100100100000000000001000001000111110111111111111111010101111101101111110000010001001001000101010111110111111111000001111100101110100000000000000001000100000101110010011001000001111100101111110000010111001001101
5340693178619340845,20,lattice,1000110000010000010111001100000100000101111011010001100001011111111111111111111100001000000000000000000011000001000000001110111111111101110111001101000100000101111011011101110001011110110101011000010111101101111111001101000010000001000000001100110100011000010111101101000111000101111011111111111111011110110111111101110111101101110111001101000011000001000001011110111111111111111100001100000100000001
5639164976619099957,20,lattice,1001111100100000001011111111001111111111101111110011010000100001111100100000001000001111001000000010000001000000000000100000011100100000001000000101000000000010101111111011111011111111111111111111111100000101001000000010100111110011010000101011111100111110101010011111001001000010101111110011011010101011111100111111101010111111001101001010101111110011111011110000000000000000001010111111001101101011
6718262230322001121,20,lattice,1110111111011101011101101111010101010111001011110101010101111111111111111111011100001001000101000011000011110001010100110000101100010101001100000001000001000000011011111101010101110000111101010101001111101111111111110111000000010001010000000110111111011101011100000000000001000000011011111101111101110000000100010101001111111111111111111111000011110101010101110000000100010100001000000001000101000011
7834957251744774570,20,lattice,1000000000100000001011010111001101100010111111110111011111111001010000100100001011011111011101101111100001000010010000101001011100110100001010010101001001000010111111111111011111111101011101110110001000000000001000000000100101010011010000101111111111111111111100000000001001000010100101110011011000101101111101110111111111010111011101101111110101110111011001110000000000100000001011010111011101100011
-6170894323651342831,20,lattice,1101010000101011001001000000000010000000111101110010111100100101000000101011001011111111111111111111010101000010101100101101011100101011001011010101001010110010111101111111111111111111011101101111011101000000001010010010111101110111111101110000000000001000000011010111001011110010010000000010101100100100000000001001001011110111011111111111111101110010111101100100000000001000001011110111001011110111
4451458945740472471,20,lattice,1100001010000100100001000010000000000000111110101111111010111101001010100110100011011010111101101011111111101111111011110000001000000000000011111111111111111111010000101000010000001101001011110110100011000010101001001000110000101011011010001101101011111110101101000010000001000000110000101010011010001111111011111111111101000010100001001000111110101111111011111101001011110110101011010010111101101001
8539962766477824131,20,lattice,1010101110000101001011111111111011111010001010111000010100001011101111101111101000001011000001010000101111111110111110100000001000000000000000000011000001000000000010111000010100001010101111001101101010101011111011011010111111111111111111101010101110001101101000000010000001000000101010111100111110100000001000000101000010101011100001011010111111111110111111100000101110000101001011111111111111111111
5015265458266864957,20,lattice,1000000000000000000011000000000000000000111111001110101000111101110001000000001111001000010000000001110011000100000000111111111111111110111111111101111010101011110111001100100000111100000001000000000111011100111010100011111111011111101010111101110001001000001111111101111111101111110111001100101000111111111111111111111111111100111010101011111111011111101011111100100001000000001111000000000000000001
6702541088778172062,20,lattice,1001001100110010101011010111011100101111111111111111101111110001000100010010100011011111111110111111100101110111001011100001001100010010100000000001000100101000110101111111001011110001001101110010101000010011001100101000000000000001001010001101011111111010111111111111111111111111000000000000001010001101011111111011111100000000000000001000100100110111001011100001001100110010101010010111011100101111
8159624052444376125,20,lattice,1111111111111111111101000010110000000000011011111101110111110111111111011101111101001110110111000010010001101101110000100000001011000000000001001111110111011111000000001000000000000000000011000000000001111111111111111111010000101101000000100100001011011100001001000010110101000010011111111101111111110100111011011101101101001110110111001011010011101101110111110100001011000000001001001110110111000011
-8786334629980753764,20,lattice,1001110000000010000111011101011111111011111111111111111111110001000000000000000000011100000000100000000101000000000000001101111111111111111110011101011111111011110111011111111110111001110001111011101110011100001110100011100111000001001000011001110000011010000110011100011111111011000100000000001000001001110000111011001110011100001110111011110111011111111111111001110000011010001100011100000000100001
-2802161166114642269,20,lattice,1010011100111101101011101111111111111011001000000000100010001111111111111111111110101111011111011011000001000001100010000010011000111101100000100111001111011010101011111111110110111010011101111101101000100000001110001000000000000001100010000000000000001000100000100100001111011000101011111111111110110010010000111001100000000000000000001000111011111111111111110010011000111101101010100111011111011011
9005321442272880115,20,lattice,1000000000000000000011000000000000000000111101010111111100111101000000000000000011111111111111111111110101010111111100111111011111111111001111010001001001000001111101011111111100111101000001100100000111010000001001000001110100010111111100111101000101101111001111010000000001000000110100010110011100011101000101100101000111110111111111111111111101011111111101111101000101100111001111010000000001000001
-837167645743407320,20,lattice,1111011111111111011101000000001010000001011000000010100000010111001011111101011111111111111111110111011101111111111101110110001011111101011101110011111111110111011000001010100000010110000011111101000100000000001000000000011000001011110100010000000000101000000001100000101011010001011000101111111101110110000010101001000111111111111111111111011000001111110101010110000011111101011100000000001000000001
6774913286077213796,20,lattice,1111101111111000110101011000000000001000011110000100000010000001000000000000000000011000000000001000111111111111111011110111101001110000100001111011111110001000011110101111000010000101100001000000100001111000011100001000011110000101000010000111101011111000100011111011111111001101111110111111111011111111111111111111111100010000000000001000011110111111100011001111101111111100111101111011111110001101
-378998156967098950,20,lattice,1000000000000000000011110011100000000000101100111000000000001001000000000000000011111011100000000000111111111111111100111001001010000000000010010011100000000000100100001000000000001111101111111111001111111011101000010001111110111011000100011111101110111111001111111011101101110001111110111011001100011111101110000001000111111111111111111111111111111111111101111111101110110111001111110011100000000001
-5473976138220037438,20,lattice,1111111111111111011101010010101011100110011100101010111001100001001010001110000001111111111111110111011101101010111101110000001000000000000001110111111111110111000000101000100000000111011011111111011100010010101011100100011101101011111101110000001000001000000000000010100011000000000000101000111000000111001010101111011111111111111111111111000100101000111001000001001010101110011001110010101011100111
1217658182667675371,20,lattice,1010111111010011000011101111110110111101001011000000000100001111111111111111111100001100000000010000000001000000000000000010111001010001000000101111110100110000001011001101000100000010110001010001000011101111111110111101001011000001000100001010111111011011110111101111111111111101001011101101001100000000010000000001000010101111110100111101101011111101001101011110111111111111111110101111110100110001
8131282452460979455,20,lattice,1100011000011100100101000010000111000001111111110101111111011101011101011111100111011111010111111101010001100001110010010000001000001100000111000111010111001001111111111111111111011100011001011100100111011111011111111101000000100001110000010000000000001000000000000000000011000000110001110101111110011100011101011101100101000010000111001001110101110101111111011111111111111111111100000000000011000001
7121047539549699130,20,lattice,1011101010101110111111111111111111111111001110101010111010100001101010001110001000001010100011100010101111101111111111110000001000000110000010111111111111111111000000101000111000101011101011101111111100011010101011100010101110101111111111110000001000001110001000000000000001000000000000000000011000001011101010101111111100011010101011101010001110101010111011100000000000000110001000111010101011101111
-577915783578984924,20,lattice,1000000100010000000011001001000100010010111111110101011100101101100100010001001010001001000100010010110111010001000100101101111100010001001000000001000100000000111111111101111100101101111101010111001011111111111111111111000000000001000000001101111101011111001011011111000101010010110111110001011100101000000100010001001011111111110111111110111111111101111101101000000100010000001011111111110111110111
6613268361540335302,20,lattice,1101111000011110101101011110000010101011111111111111111111110001000000001000000100011110000010101011000101100000100000010001001000001000000111011111111111111111110111101011111011111101111011111111111111011110001111101111010111100001111010110000000000001000000100011110000011101011000101100000101010011101111010111111111100010110000010001001110111100001111011110001011000001010101100000000000000000001
-5425138995525529088,20,lattice,1000000000000000010011010000010001101100111111111111111111111001000001000000010011011110110001111100110101000100011011001101011011000111110011011111110001111101110101001100011011001000000001000000010011011111111011111101110111111111111111111101111111001111110110010000010001101100100000000100001001001101010011000111110010010000010000101100000000000000000001001101111111101111111111011110110001111101
6727529777934603650,20,lattice,1001010101011110111111110111111111101111101101010101111011110001000101011010111111111111111111111111000101010101111011111011011111011110111100000001000100101111101101011101111011110000000101010010111110110101111111101111000000000001000001000000000100011010111100010001010111101111000000000001001011111011011111011111111100000000000100001111000000000000000001000000000000000000011000000000000100000111
4434897088364018343,20,lattice,1001000000110000100011010000001100011000111111111111011111110001000000110000000011011011101100111111110111111111011111111101001110110011111111010001001100011000110100011011000110011101101111110011111100000000001000000000000000000011000000001111111111111111111111011011101101111111110100011011001110010001000000110001100000010000001100001000110100011011001111011101000110110011111111010001001100011001
6198147310464327330,20,lattice,1101110111011011111101011101110110111111111111111111111111110001110111011011111000001001110000110100000011011100101101001101111111011111111100000001000000000000000000011000000000000000000111000011010011011111111111111111000011011101101101000000100111001011010011011101110111111111000000011000001000000000000110000011010000001101110110111110000000011000001001000000110111011011011000011101110110111111
-8214698224363751268,20,lattice,1111111011111111110101101010010000110100001000100100000000000111101001000011010000101010010000000000011111100100001111000000001001000000000011111111111111111111011111101100001111000000000001000000000001111110111110111101011111101101101111000111111011001011110001111110111111111101001010100100001001000010101001000011010001111010010000111100001010100100000001000111111011111111111101111110110110111101
-3167094009289730071,20,lattice,1000001000001100000011000110001011101010111011101110111010101111111111101110111011001110111011101010100001100000110010100000001000000000000011001111111011101010110001101010111010101100011011101110101010000110001011001010111111111111111111100000001000001000000000000010000011000000100001100000111010101111111111101111111010000010000011001000111011111110111011101000001000001100001011111111111111111111
247601551733998866,20,lattice,1011100010010000001111111111111110101111001000001000000000000011000010010000001000111000100100000011101111001001000000111011111010010000001110111111100110000011000000001000000000001011111111011010011110111111111110100111001000001001000000001011111010011000001111111111111111111111101111111001101001111111111111111011111110111111111110101111101111111001100001110010000010010000001000110000100100000011
-4964431167003729194,20,lattice,1111100011000011111101000000000000001110011100000100001011100101000000000000111001111000110000101111111111011110111111111111111111111111111111111001111011111111011100001100001011110101000001000010111011111000111000111111111111011111111111111111100011101011111111111000111001111111010100000000001011100111000011000011111100000000000000001010000000000000000011100000000000000000001001010000010000101111
-3164337577888428847,20,lattice,1000000100100000000111000001001000000001111101110011111000011101010100111110000111111111111111101111110001010010000000011100011100111110000100000001000000000001111101111111111000111111011101111110000100000001001000000001110001010011010000011100010100111100000111000001001001000001110001010011111000011111111111111111111111110111111111101111111101111111111001111111011101111110001100000000000000000001
-2145280279406009268,20,lattice,1000000000000000000011010110111000011010111101101110000110101001000010000000100011111111111111111111100101001000000010001001011011100001100011110111111010011010100000001000000010001001000011000000100010010100111000011000111101111111110111101111011011101001101011110111111011011110111101111111111111111001010011000001100010000000000000001000111101111110100111101001011011100001101011110111111111011111
-7594086745898952005,20,lattice,1111110001000111001101101000010001100001001000000000000000000111110001000110001100101000000000000000011011000100011000111111111001010111001111111111011101110011111111111111011110110010100001000010000111111110011101110011111111000101011100111111111111111111101100101000010001100001001010000000001000000111110001000111001111111111011101111011111111111111111111110010100001000110001100101000000000000001
6728893977565703283,20,lattice,1100010010100000001001000100001000000000111111111111111111111101111111110101011011001101101001000010000001000010000000001100111111100101011011000101101000000010010001001010000000001100110111100100001000000000001000000000110011111111010101101101111111111101011011000101101001000010110111111111111101111100110111100101001011011111111111111111110011011110010101100100010010100000001011011111111111010111
5300033712712143587,20,lattice,1001010110011100000011110101100111111010101101011001110000000001000000001000000011111101111111111111000101010000110000001111111111111111111100010001000010000000000100011000110000001111010111111111101111110101101111111011000101011001110000000000000000001000000000010001000011000000101101011001111100101011010110011101001010110101100111011010111101011111111111111011010110011100001011110101100111111011
-4032821342980649533,20,lattice,1110001111011101111001100000000000000000001000000000000000001111011111011101111011111111111111111110011001111101110111100110001111001100111001100001000000000100011000011100010011100110000101000000010011110111111111111110011000111101110011100110000101001100111001100001010001000110111101111101111111100110001111011101111001100001010001001110011000000000000001000110000101000000011011111111111111111111
2490540891738289585,20,lattice,1111111111111111111101111110111101110010001111101111011100100001111001110101000000001000000000010000000011000111000100000000111001110101000001111111111101110110000111101111011100100000100001000001000000001000011000010000000010000111000100000111111111111111111100001100011101010000000111100111011100000000000000000001000001111111111101111110011111101111011101100001111001110111001001111111111101110111
3581197748499609097,20,lattice,1011111111111111111111111111111111111111001111001110001000110001110011100000001100001000001000000000000011001110000000100011111111111011001100111101111110110011000010001110000000100000000001100000000000000000001000000000001111001111001100110011110011111011001100111111111111110111000111001110001000110011110011100011001100111111111111111111001111111111101101110000100001100000001000001100111000000011
-6531547358446772910,20,lattice,1110101100111010010101101011001110100001001000110011101000001111111111111111111100101011001110100000111011110011101101010000001000010010000000000011001110100000111011111011101101011110111111111111011100000010001100100000000000000001001000000000001000111010000011101111101111110101000000000000001000001110101100111011010111101111111111111111011010110011101001011110111110111111011100101011001110100001
7079694150324274053,20,lattice,1000001000000000010011110111111111111111101000100011000111001011001001110001110011111111111111111111101101100111011111100000001000000000010010110111111111111111101101101111011111101010001001110001110010000010001100001100100000100001000001001011011011111111111110110010011101011100101100100111001111001000001000010001110010000010000100001100000000000000000001001011001001110111111010110110111101111111
7268460613381799576,20,lattice,1001010111011011110011011101110110111110111111011101101111100001000101000001010010011101110110111110000101010100100101001111111111011011111000000001010000010100000101011100101111000000000001000000010011111111111110111111000101011101101111000001000101001001010011111111111111111111000101010100101111000000000001000001010000010101010010011100000000000000000001000001010111011011111011111111110110111111
5031220829949849094,20,lattice,1101100111101011011101000000001000110000111111111110111111110101000001100011000001011000011010110000110111111110101111111101101111101011011101011001111010110111010110001110101100100100000001100011000000000000001000010000111111111111111111110101000001101011000011011111111011111111000000000010001100000000000000000001000011011011111010111111010110001110101101110101000001101011001001011000111010110011
-977896296169403991,20,lattice,1001011010001111100111010110110011111001111101101100111110010001000000000100000011111110110011111101000101101000111110010001001010001101000111111111111011111111000100001000110100011001011011001111100111111110111011111111111111111111111111110001000000001100000000000000000001000000000100101000111110010001000000001101000100010010100011011001111101101100111111011111111011001111111100010000000011000001
-8510674991296834077,20,lattice,1000001110100010011011111111111111111111101000111011011011101011111110110111111010001111101101101110100001111011011011100000001000000000011000000011100000000110000000101000000001101011111111111111111100000011101000100110100000111011011011101011111110111111111010000011101001100110000000101000001001101010011110110111111010000011101001101110000000000000000001000000000000000000011010111111101111111111
-6181997294889333218,20,lattice,1111011111111111111101110111111111101111001001101000000011110011011111111110111111111111111111111111000001000000000000000000011000000000000000100111111010101111000001101000000010100000011011000000111100100110111010101111001001111111101011110010011011001010111100100111111111101111001001101100001011110111011111111111111100000110000000001000000001101000000011100000011000000000101000000110100000001111
-4226340492262182610,20,lattice,1000000001000000011001000000010000000110111110111111111111101101101101111011111011001010010010100110110111111111111111101100001001000010011011001011010110100110110110111111111111100000000001000000001011001011011110101110110010100101101001101100001001001010011011011011011111111110110000000100001001101100101101111011111011001011010110101110000000000100000001100000000000000000001011111111111111111111
524363859938222086,20,lattice,1000000000000000000011010000010001000111111111111111111011111001000001000100011110011000010001000111110111000101110011111101111011111110111111011111111111101111110111001111110011111000000001000100000011011100011111001111110110000101110001111101100001001100011110000000000001000000110111001111111011111111111111111111111111011000010111001111100000000100010001011000000001000100011110000000010001000001
4472992580462753905,20,lattice,1111111111111111101101001100111110111011011111111111111110110101111111111111101100001100110110011011000001000000000000010100111011111011101101001111111110111011000001001101100100110000010001011001001100001100111110111011000000000001000000010000010000011000000101001111111111111011000011001101101110110000010000011001001100000100110110011011111111111111111111110000010000011000001100000000000000000001
9075232678733326600,20,lattice,1110101000001110011101001010000011000110011010100000111001101111101011011111111100001000000000000000111111111101111111110000101000000000011011111011110111111111111010101001111111111110101011011111111111111111111111111111111010100001111001110000100000001000011000001010000011000110010010100000111001101110101000011111111111101010000111101111000010000000000001100000100000000000001001101010000011100111
8924579854723128901,20,lattice,1000000001000001010111000110010001110101111101100100111101011001011001000111010111111111111111111111100001100100000101011000001001000001010111110111010011110101111101111111111101110000000001000001010111110111011011110111111101110111111101111101011001001111010110000110010001110101100000100100001101010000000000000001000111110111111111111111000000000000000101011111011001001111011100000000000000000001
2156529779864081650,20,lattice,1101111100110010110101000000000000000000111111111011001111010101110100100010010001001101001000100100010001000000000000000101111100100010110101000101001000100000110111111011001011011111111111111111111101000100001000100000010111110011001011011111111110111011110111111111101111111111010001000000001000001101111110110011110101011101001000101101010001010010001001001111111110111011111101001101001000100101
-1561258846792805154,20,lattice,1111011100111110111101110111001011001101001100000010000000000001000000000000000011111111001111101111001101000010010011000011011000101100110000110111001011001100111111111011111111111111111111111111111100010000001000000000011101110011111011110011010000101100110000110000001001001000011101110010111011111111011100111111111100110000001000001000001100000010010011000111011100101100111100110110001011001101
353826673269997278,20,lattice,1111110111011101111101000000000000000000011100000000010000100101000000000100001001111001000101000010011111010001010000101111111111111111111101110001000101000010011111011101110100100111110101010101001011111101111111011111011100000001010000100111110101011101001001000000000001000000111111011101111111110111110100010101001001111101110111011010011111011101110111110100000000000100001001111101110111011011
405778672953817628,20,lattice,1000000000000100000011101000111111111011101010001101111110111111101011111111111110001000010111000010111011101111111111111110101011111111111111111111111111111111100010001101111100111000000001001100001010101000111111111011100000000101110000101000000000001100001000000000000001000000100010000101111000101000100001011111001110001000110111111011111010001111111111110000000000000100001010001000010111100011
2594099781911963946,20,lattice,1000010100010000000011011111110110010111111111111111111111111001110111011001011110001101000100000010000001010001000000001001111111011001011100000001000100000000100011011101100101111000110101010000011110011101111110010111000000000001000000001000110101011000011111011111111111011111110111111111111111111000110101011001011110011111111110011111100011010001000001110000010100010000001010001101000100000011
-6277269751063364330,20,lattice,1000100000011100101011101101010111111111101011010001111111111111110101111111111100001000000110001010100011000001110110101111111101111111111110001101000111111111111111111111111111111010110101011111111111101101011111111111000000000001100000000000000000001000000000001000000111001010100011000001111110101000100000011101101000000000000110001000100011000001111111100000000000011000101010001100000111111011
-984675330463169280,20,lattice,1000000000000000000011000100000011000000111111111111111111111101111101101111101011001110000011000000100001000000000000001100011000001100000011001111010011001000110111111110111111111100111001001100000011001111011011111010110111111111111111111000010000001000000010000100000011000000110011110100111010001100111101001111101011001110010011001000110111110110111111101100111101001110101011011111011011111111
8402578729961717239,20,lattice,1000100101010010000111111111111111101111101110110101001001011001101101010010000100001000000100000001101111110101001001011000101101010010000100001001010100000001101111111111001011110000100001010000000110111111011100101111000000000001000000011011111111111110111110111111111101101111000010000101001000011111111111111111111110111111010100101111100110110101001001011011111101010010011100000000000000000001
3489480521464743056,20,lattice,1100111010011110111101001110100011101110011011101001111011111111111111111111111100001110100011101110000001000000000000100000011000001000001011101111100111101111000001101000111011101110111111011110111111101111101111101111010011101001111011100000010000001000001000000110000011000110000001100000111011101110111111111111111100000110000011001110000001100000100001100000000000000000001001001110100111101111
2493374039724579302,20,lattice,1110100000000011000001101000000000110000001000000000001000001111111110001011111000101000000000110000111011011000001111101110101110000011101011101001100000111000111010001000001110001111111111001111111111111111111011111111111111111111111111111110111110001011111011111111100011111110000000000000001000000010000000000011000011101000000000111000111010011000001111001110100110000011101011111111100011111111
6264084261160069671,20,lattice,1011001111010110100111110111110101111001001100010100000000000001000101000000000011111111111101111111101101111101011010010011001111000110000000000001000000000000001100011100001000000000000101000000000011110111111101111001001100111101011000001111111111111111111100110001110001100000001100010100001000001011001111010111100100110011110101101001111101111111011111111111011111110111101100110011110101100001
4812523430381103646,20,lattice,1101000111011111110001010001110110100100111100111111111111110001000010001000000011111011111111111111111111111111111111110101001111011111110000010001100110000000000000001000000000000001000111011000000011010011111111111111000100001001100000000000000010001000000001010001110111111100000100011101101001000101000111011011110000010001110110101100000100011101100001001101001111011111111111010011110111111101
1323208364847007391,20,lattice,1111001111111101001001110011111111010010001000111100000100000011001111000001000011111111111111011111111101111111110100110000001000000001000000000011010000010000000000111100000100000000001001000001000000110011111101010010001100111101000100000011001111111101001000110011110101010010111111111111111111110000000000000001000011110111111111011011111101111111110111110011001111010001001011110011111111010011
-3240195368389525278,20,lattice,1011111111111111111111111111111111111111001000000000000000000011011110100001000000111111101001110001001001000000000000000010011000100000000000100111101000010000001001101010000100000011111111110111011100100100001000000000001111111011011100010011111111111111111100110111101001110001001101111010001100010010011000100001000000111111111101111111001111111011011101010011111110110111011100110111101000010001
-655753840468586924,20,lattice,1000000001001000100011110001010011011110101100010100110111101001000101001100100011111111011011111111111101110100111111111111001101001101111010000001010010001000111111111111111111110000000001000000000011110111011011111111111111110111111111110000000001001000100010000001010011001000111100110100111111111001000101001101111000000000010000001000100100010100110011101000000101001100101011110011010011011111
-8243653894895665121,20,lattice,1000100100000100000011111111111111110011101010111001010100001011111111111101001100001000000000000000101011111001010100101000101110010101000000001001000000000000100010011001010000001010111111111101001110101111101101010011100010010001010000001010111110111101001100001001000001000000101111111111111100111000100110010101000011111111111111111011111111111111111111111010101110010101001010101111100101010011
-3549654555288113751,20,lattice,1000000000000000000011110111000000000000101001000000000000001011011100000000000011111111100101010010100001000000000000001010011000000000000010100111000000000000111101111001000000101111111111111111111011111111101111010010111101110001000000001111111110011101001011110111100101000010111111111011111100101111011110010101001011111111101111111110111111111011111101101111011100010000001011111111111111111111
6980332957195853242,20,lattice,1011101111010001010011111011110101110100001010100001000100000011101100010001000000001010000100010000111111111111111111110000001000010000000000101011000100010000001110111001000101000011101111010001010011111011111101111111000000000001000000001111101111111111111100111011110101110100001110111001001101000000001000010001000011111011110101111100001110110001000101001111101111010111011011111011110101111111
5795360810185021246,20,lattice,1111000110111111000101000000000001000000011000000011110100010111000110111101000111111001101111110001111111111011111111111111001110111111000101100001001111010001011000011011110100011111111111111111111101000000001001000000010000000011110100010100000000101101000100000000000001000000011100011011111100010100000000100101000111111011101111111011111110111011111111111111101110111111001101000000001001000001
1303941268048728801,20,lattice,1111111011011111111101101000010000001110001000000000000010100111111001011100111000101000010000001010011011000100000011100110111001000100111011111111111111111111011111101101110111110010000001000000101011111110111111111111011011100101110011100110111001001100111001101100010001001110011111101101111111110110111001011101111000000000000000001010001010000100000011100000000000000000001001111110010111011111
838931092635741930,20,lattice,1000001010000000000011111111110111111111101001101101011010101011011011010110101010111111110101101111100001101101011000100000001000000000000010110111110101101011000000101000000000001000001011000000000011111111111111111111100000101101011000101011111111011110111110000010110001000000100000101100011000101011111111011111111110000110110101101010101101111101011011111000001011000100001010110110110101101011
8607276495647033705,20,lattice,1000000000000000000011001001010000000000111110010110000101101101100101100001011010001000010000000000111111111111001101101111101111100011011010001001010000000000110110011110000101101000000001000000000011001001011000010000111110011111001101101111111111111011111011111111111111111111111110011110001101101100100101000001000011111111111100111110110010010110000101101100100101100001001011111111111110111111
8802111734504511245,20,lattice,1100011110111111110101000111000101100100111111111111111111111101111111111111110111001111101111111101000001100001011000000000001000000000000000000111000101100000010001111001111011001100111111111111110101000111101111111101000000100001010000000100011100011110110000000010000001000000000000100000011000000100011110011111110101000111000101101100000001110001011001001101111111111111111101000111100111101101
-1325354261364862058,20,lattice,1000010010000000001011011100101100010010111111101011101111101001010010000001001010011100101100010010000001001000000000001101111010111001001011111111101111111110000000001000000000001111111111111111111010010100101000010010100101001011000100101101110010111001001011111110101111111110110111101011101100101000010010000001001011011110101110111110110111101011101101100000010010000000001011111111111111111111
4499622783707547814,20,lattice,1000000010010101001011111000111101111010101110001111011100101001100011110111001010001000100101110010111111001111011111101111111011111111111111111111111111111111000000001001000100001000100011110111001010001000101101110010000000000001000000001111110011111111111100000000100101010010100000001001011100100000000000010001000010111000111101111010111110001111011111100000000010010001001011111100111101111111
-1205037198914991499,20,lattice,1111111111111111111101000000010000010000011111111111111111110101111111100111111101001010010000010011010011111100011111110100001001000001001101001011010000010011010010111100011111110000000001000001000001001111111001111111010111111111111111110101111111101111111101001011010001011111010010110100011111110000000000000001000001001011010000011011010010110100000111110100000001000001001101000000010000010001
1045347803195892251,20,lattice,1101101011100011011101000000100000010000111111111111111111110101000010100001010001011010111000110111110111111111011101110101001011100011011111011011111001110111000000001000000100000100000011100001010001000000101000010000110110101111011101111101111111111111011111011010111001110111010100001110001101000000000000000001000011011111111111111111010000001010000101000101000011100011011101010000111000110101
5564269908156434073,20,lattice,1001000000001011000111010001000010110001111111111011111111110001000000000001000111011111000111111111110101010000101100011101011100001011011110010001000010110001110111111001111111111111111111111111111111011111101111111111110101110001111101110001000000001001000111010111000011110111000100000000101100010000000000000001000111010111000011111111110100010000101101011101010100001011011100000000000000000001
-6936161812129271271,20,lattice,1000000000000000000011111111111110111111101110111110001101111001000010000000000010011001111000110011101111111111001101111001101111100011011110010001100000000001100000001000000000001001000111000011001110010001111000110011101110111111001101111011111111111011111111111111111111111111100100011000001100011001000110000001000110111111111100111111100110011110001101111001000110000001001110010000100000000001
5054792612121692061,20,lattice,1000100000000001000111111111111111011111101111111100110111111001111110000101000100001000000000000001100011111000010100011000101110000001000110001001100000010001100010001000000100011001111111001101111110111111111011011111101111111111110111111001111110001101011110001011100001010001111111111111111111110000100000000001000110011111100001011111100111111000010101011001111110000101011100000000000000000001
6111837197306099761,20,lattice,1100000000000101010001000000000000010100111010000011010101001111100001111101110011001000000101010100111111001111110111111111111111111111111111111101111111111111111110001111110111101110100001111101010011001000001101010100110000000001010101001110100000111101010001000000000001010100111111001111111111110000000000000001000011101000011111011100000000000000000101001111100001111101111011111000111111011111
3986867679397638846,20,lattice,1011110111110111010011111101111111110110001000000000000000000011000100000000000000111001101000000000001111011011011101001111111111111111011000100001000000000000001100011000000000000011110111110111010000110001101000000000001110011011000101000011110111111111010000111001101101010100001110011011011101000011100110100001010011111111111111111111001110011010000001001011110111111111011011111111111111110111
-5491566543073597096,20,lattice,1000001000000000000011110110011111111111101001100011001111111011011001111111111111111110111111111111100001100010001001100000001000000000000011111111111111111111101101101111111111111010011001111111111110000010001000000010100001100011001001111010011000111011111110100110001111111111100000100010001001101000011000110011011110000110001100101111100000100010000001101000001000000000001010000110001000100111
7917556787786879014,20,lattice,1011011111001000000011110111110110100000001100001100100000000001000001000000000011111111111111100001001101011100100000000011011111001000000000110001110010000000000100001100100000000000000001000000000011110111111110100001101101111101100000000000000001001000000011110111111111100001101101111101101000001111111111111111000111111111111111111001111111111111111111011111111111111111111111110111110110100001
3764860790238188420,20,lattice,1000000000000000001011011100111101110111111111001111111101111001000000000100001010011000000001010010100111001000011100101111111011111111011111111111111111111111100110001000011100101001110011000111001010011100111101110011100111001101011100101101110011111111011110000000000001000010100100000000011100101001000000000101001011111110111111111111100111001111011101110000000000000000001010011100110101110011
6290237823455977354,20,lattice,1010100000000100010111101111110011010111001010000000010000011111111111111111111100001000000001000001101011000000010001011010111111001101010110101101110001000101101011001100010001011010110001000100010111101111111111111111111011111101111111111010110111001100010100000000000001000000111011111100111101111010110111001101010111101111110011111111000010000000010001011010111111001101011100000000000001000001
-3908079921352096589,20,lattice,1111111111111111000001100001010110010000001000010101100100000111000111111111000001111101111111110000011101011111111100000111111111111111000000000001000110000000011000011111111100000000000101011000000000100001011110010000000000000001000000000000000000011000000001100001011111110000011000010111101100000000000101011001000011111111111111111101111111111111111101011111111111111111111111111111111111110001
-8073622687718902932,20,lattice,1111111011111111111101000000000000000000011111101111000011110101100000100000111101001000001000001111010111100011000011110101101000100000111111111111111111111111010111101011000011110101111011110000111101000000001000001111010110100011000011110111111011111001111101111110111111111111011111101111101111110111111011110001111101000000000000001111010000000000000001100100000000000000001001000000000000000111
1890947725217797326,20,lattice,1000000010000010010011000000110000100100111000001100001001001111111111111111011111101111111011110111111001011100111101111110011111001111011111100001110000110101000000001000000000000000000011000010010011100111111011110111111001111111111101111110000111001111011111100001110001110111000000001000001001001110000011000011010111111111111111111111000000001000000001001110000111000011011111100000110000100101
-2569864516225446618,20,lattice,1111111111111111111101111111111111111111001110000100000001010001100000000000010000001000000000000000001111111111110111010011101111101101010100111001010000010101001110011100000101010001100001000000010000111001111011010101001110111111110101010011100111001001010100111001110011010101001111111111111111110011100001000001010100111011111111011101000010000000000001000011111111111101111100011000010000000101
-3239605610891163109,20,lattice,1111111111111111011101000100010000000000011111111111111101110101011111111111000001011111111111110110000001000000000000000100011111101111000001000101110010110000010001001100101000000000010001000000000001000101111010110000010001111111111100000100010001001000000001000101110011110000010001000100101000000100010001001011000011111111111111111111010101111111111101100101011111111111001001010111111111110111
2855065273804986991,20,lattice,1111110111011001011101101100010010000011001011000100100000110111110101011001011100001100000010000001000001000000000000011111111111111111111100101101010010000011011011011101100101110000110001001000000111111101111110110111011011010101100101110000000000001000000111111101111111110111111111011101101101110110110101001001001111111101111110111111011011010100100101110000110001001000001100000000000000000001
2047718351180430648,20,lattice,1000010101011100011011111101110111111111101101010101110001100001010101011100011010111101010111111110000001010101110001101111111111111111111100000001010111000110101111011101111111110000000001010100010010111101111111111111000000000001010001000000000001011100011000000000000001000000101101010101111101101011010101011101011010110101010111111110000000000000010001000000000001010100011010111101010111111111
1462520974091186452,20,lattice,1001000001110111101011111110011111111111101100000111111110100001000001010000000010111110011111111110101101000111111111101011011001111111111011111111011111111111111111111111111111110000000001000000000000010000011100000000000000000101000000001001000001111111101000010000011101101000000100000111001000000001000001110111101000010000011100101000100100000111111111100001000001110110101010111110011111111111
7364335706712738848,20,lattice,1000000000000000001011111111111111111111101100000111101000111001000001010000001010111100111111100111101101000111101000111011111111111111111110111101111111100111101101001111111001111000000001010000001010010000011100100010100000000001000000101001000001111010001010110100011111100011100100000101001000101011110111111111011110111101111111111111101101000111111001110000000000000000001010010000011110100011
5822886045473048514,20,lattice,1010000000000101000011101001101111010000001000000000000000001111100111111111000010101001101111010000111111111111111110101111101111111111101010100001101111010000101000001010010100001110100111111111000000100000001001010000101000001011110100001010000010101101000000100000000001010000111010011011111100000010000000000001000011111001111111111010111111111111111111111111100111111111001011111111111111111011
-8903410108480403161,20,lattice,1111011111111111111101110111111110111110001000101000000000100011001010000000101011111111111111111111001101101000000010100000001000000000000000110111100000001010000000101000000000100011011111111011111000110111101010001110001101111011100011100011011110001000111001110111111111111110001101111011101111100011011110111001111000100010100000001010001101111000000011100000001000000000001001110111111111111111
-4849168196617033733,20,lattice,1101011110000000110101010101100000001000111111111011101011110001000000000000000011011111100110101111000101001000000000000101011110000000100000010101100000000000000100001000000000001111111111111110111111010111101110101111110101111001101011111101011110001010110111111111101111101111110101111000001011011111111111111111111100010101100000001000010101111000000011001101011110001010111101010111100000001101
-1104551753532497123,20,lattice,1111111010101111101101111110101011111011001000000000000000000011111010100011101100101100101000000001001001000000000000000010111010100001000111111111111011111111001001001010000000001111111011101111111100100100001000000000111111111111111111110010111010101001101100101110101011111011001011101010001110110010010010100001000100101110101000011001111111101010111111110010111010100001101100100100101000000001
-1708119998758730589,20,lattice,1000100000010010000111001001001100100001111110111111111010111101100100110010000100001000000100000001111111111111111110111101101111111110101110001001001100100001110110011011011010011101100111111110101100001000001100100001000000000001000000011101100100111110100111011001001101100001000010000001001000011111101111111111101111011001001101101001111111111111111111111101100110111110101100000000000000000001
-1631111815844845064,20,lattice,1111110111110111111001111101111101101100001110010000010010000001000000000100000000011000000001000000000111010000010010001111111111111111111000011001000001001000001111011000010010000011110111110100110000111101101001001100001111011011010011001111110111111111111000000000000001000000001111011111011011000111110111110111111000010000000001001000001111011000010011000011110111110110111011111111111111111111
7874640078514968336,20,lattice,1111101111000110001001000000000000000000011000000000000000000111000110000110001001111011110001100010111111111111111101110111001111000110001001100001000000000010011000011000010000100110000111000110001011111011111011110111111110111111111101111111101111001111011101100001000001000010011000011000011000101111101111000111011111111111111111111111111110111100011001100110000000000000001011111011110001100111
-5798528505540840698,20,lattice,1111111111111111111101111000101001111101001000000000011100010011000010100111100100111000101001111001011111011111111111010111111111111111111101111001101111111101001000001010011110010111100111111111110100100000001001111001011110001011111111010111100010101111110100000000000001110001000000000000001000010000000000000011000100000000000001111001001110001010011111010111110111111111111100000000000000000001
-3149153882374124046,20,lattice,1111111111111111111101001000000000010100011011001101000111010111110111010111111100001000000000010100010011001101000111010111111111111111111101101101110100011101010010001101000111000100100001000001110001111101111101111111010010000101000111000111110111111111111101101101110101011101011011011101011111110000000000000001010001001000000000011100000000000000000001000110110111010001111101001000110100011101
-7435456860336042585,20,lattice,1001000000100010100111011111001001111101111111111111011111110001000000100010100110011000001000111001100111010010011110011001111100100111110110011001001001111001110111111110011111111101111101100111111100000000001000001000110111111111011111111111111111111111111110011000001001111001000000000010001010010001000000100011100100000000000000001000100110010010011111011101111100100111111100000000001000001001
-4506004013552231687,20,lattice,1000000100100010010111011111111100100111111111111111011011111001111110110010010110001111101100100101100001010010001001011000011110110010010100000001001000100000100001011011001001011001111111110010010100000000001000100000100001010011001001011111111111111110111110011111101101100111000000000000001000001111111111111111111111011111111101101111000000010010001001001001111110110010011100000001001000100101
1998632111919788951,20,lattice,1000000000000000000011000000000001000000111111111110110110011101101010000100000011001000000001000000110111101000010000001100101010000100000011011111111001001000110010001000010000001101111011100100100011011110101001000000111111111111111111111101111111101100100010000000000001000000111111111110111111011101111111100101100011011110101001001000110111111110110111011111111111101111111111011111111011011001
-5392504507976841236,20,lattice,1100000101001011000001000000010000000000111001111100101110001111111111111111111111001111110010111000110001010100101100001100011111001011100001000001010000000000110001011100101100000000000001000000000011101111111110111011111011111101101110010100000101001011000011101111111111111111010000010100001000000100000101000011000011000101110010111000111011111111101111111110111111011011101111101111110010111001
1623472687765071702,20,lattice,1011011010001111001111111111111111111111001000101000111100010011011010001111001110111111111111110011001001101000111100110000001000000000000010110111100011110011000000101000100000001011011111101111001110110111101011110011101101111011111100110000001000001000000000000010100011000000000000101000111100010000001010001101000110111111111111111111101111111111111101110010001010001111001100000010100011000001
-3515523471770399224,20,lattice,1000000000000000000011100001001011001110101000000010000010001111111111111111111111101001001011001110111011010010110011101110111111111111111110100001001010001010111011011110111011111110110101101100111010000000001000000000111011011111111011111010000000101000100010100001001011001110111011010110111011101110110111111111111110000000001000001000101000010010100011101010000000101000101011101101011011101111
-3270981786348408646,20,lattice,1000010000000000001011111100000000010110101111000000000100101001010000000000001010011100000000000010000001000000000000101111111100110011011011111101000100110110111111111111011111111111111101110011011011111101001100110110111111000001000101101111111111111111111111111111011101110111111111000001001101101001110000000001001011111111011100111111101111000000000101100000000000000000001011111111011100110111
2455207485393579639,20,lattice,1010011000011001101011111111111111011111001001000000100000001011111010011101111110101110000110011011000001000000100000000010011000001000000010111111110111011111101001101001110110111011111011011101111110111111111111011111001001100001100100100000000000001000000010100110000111011011111111111111111111110010011000001001001000100110000010011010101011100001110111110010011000001000001010100110000110011011
5001823092532323030,20,lattice,1011000001000101100011111011111111111110001000000000000000000011000001000101100010111000010001011000111111111111111111111011101101111101100010111001011111011000101110111111111111100010000001000101100010111000011001011000101110000111110110001011100001101101100000100000000001011000101110110111111110000010000000000001000000100000000000011000101110110111111111001011101101111111111011111011111111111111
4874819155850924468,20,lattice,1100000010011000010001000000000100000000111111111111111111111101000011011000010011011111111110111101110101111111101111011101001011011001110011010011110110011100010000001001100001000100000011011000010011010011111110011101000000000001000000000100000000011000000011011111111111111111110100111111101111011101000011011001010011010000110110011100010000000001100001001101111111111011111111010011110110011101
8521753980716777721,20,lattice,1110011111110110101101000101000101100000011001111001011000111111111111111111101111101111111111101011000001000000000000000100011110010110001000000101000101100000010001011001011000000110011111110110101101100111101101100011000001000001010000001110011111111110101100000100000001000000000001000001011000001110111111111111101101100111101101101011111111111111111111110100010110010110001001000101100101100011
2462842720873115883,20,lattice,1110010000010101001101000000000000000000011001000001010100111111111001111111111111101100000111111011010001000001000100001110111000011111111111111111111111111111111111101111111111111110111001111111111111101110001111111111010000000001000100001110010000011101101101000100000101010011111001000001011100110100000000000001000001100100000101011011111011000001111111110100000000010001001001000100000100010011
1541772774871845618,20,lattice,1011111111111111111011111111111111111111001101000001111111100001000000001000111000111111010111111110000101000001111111100011011101011111111000110101000111111110001111111101111111100011010101011111111000111111111111111110000100000001100111100000000000001000011000010000000111111110000100000001101111100000000000001001111000000000000010001110000000000000000001100000000000000000001010111111111111111111
-6105282960734371604,20,lattice,1011101111111011100111111011111110111001001110111111101010010001101111111000100000001001011110001000111111111111111111110000101101111000100000000001000000000000000010111111100010000000000101111000100000000001001100000000000000010001000000000000000100111000100011111011111111111011000110111111101010010011101111111011100100000001001100001000111110111111111111111111101111111011101100011011111110001001
